ISO-10303-21;
HEADER;
/* Generated by software containing ST-Developer
 * from STEP Tools, Inc. (www.steptools.com) 
 */

FILE_DESCRIPTION(
/* description */ (''),
/* implementation_level */ '2;1');

FILE_NAME(
/* name */ 'Circular_Support.step',
/* time_stamp */ '2026-09-05T21:04:02-03:00',
/* author */ (''),
/* organization */ (''),
/* preprocessor_version */ 'ST-DEVELOPER v20.2',
/* originating_system */ 'Autodesk Translation Framework v15.15.0.0',
/* authorisation */ '');

FILE_SCHEMA (('AUTOMOTIVE_DESIGN { 1 0 10303 214 3 1 1 }'));
ENDSEC;

DATA;
#10=MECHANICAL_DESIGN_GEOMETRIC_PRESENTATION_REPRESENTATION('',(#17),#3647);
#11=ITEM_DEFINED_TRANSFORMATION($,$,#2144,#2411);
#12=(
REPRESENTATION_RELATIONSHIP($,$,#3657,#3656)
REPRESENTATION_RELATIONSHIP_WITH_TRANSFORMATION(#11)
SHAPE_REPRESENTATION_RELATIONSHIP()
);
#13=CONTEXT_DEPENDENT_SHAPE_REPRESENTATION(#12,#3655);
#14=NEXT_ASSEMBLY_USAGE_OCCURRENCE('MainSupport_v2:1',
'MainSupport_v2:1','MainSupport_v2:1',#3659,#3660,'MainSupport_v2:1');
#15=SHAPE_REPRESENTATION_RELATIONSHIP('SRR','None',#3657,#16);
#16=ADVANCED_BREP_SHAPE_REPRESENTATION('',(#18),#3646);
#17=STYLED_ITEM('',(#3670),#18);
#18=MANIFOLD_SOLID_BREP('Corpo1',#2142);
#19=CONICAL_SURFACE('',#2172,14.8531396204243,0.75262003704602);
#20=FACE_BOUND('',#287,.T.);
#21=FACE_BOUND('',#299,.T.);
#22=FACE_BOUND('',#300,.T.);
#23=FACE_BOUND('',#301,.T.);
#24=FACE_BOUND('',#302,.T.);
#25=FACE_BOUND('',#303,.T.);
#26=FACE_BOUND('',#318,.T.);
#27=FACE_BOUND('',#319,.T.);
#28=FACE_BOUND('',#320,.T.);
#29=FACE_BOUND('',#321,.T.);
#30=FACE_BOUND('',#322,.T.);
#31=FACE_BOUND('',#323,.T.);
#32=FACE_BOUND('',#324,.T.);
#33=FACE_BOUND('',#325,.T.);
#34=FACE_BOUND('',#326,.T.);
#35=FACE_BOUND('',#327,.T.);
#36=FACE_BOUND('',#328,.T.);
#37=FACE_BOUND('',#329,.T.);
#38=FACE_BOUND('',#330,.T.);
#39=FACE_BOUND('',#331,.T.);
#40=FACE_BOUND('',#332,.T.);
#41=FACE_BOUND('',#333,.T.);
#42=FACE_BOUND('',#334,.T.);
#43=FACE_BOUND('',#335,.T.);
#44=FACE_BOUND('',#336,.T.);
#45=FACE_BOUND('',#337,.T.);
#46=FACE_BOUND('',#338,.T.);
#47=FACE_BOUND('',#339,.T.);
#48=FACE_BOUND('',#340,.T.);
#49=FACE_BOUND('',#341,.T.);
#50=FACE_BOUND('',#342,.T.);
#51=FACE_BOUND('',#343,.T.);
#52=FACE_BOUND('',#344,.T.);
#53=FACE_BOUND('',#345,.T.);
#54=FACE_BOUND('',#346,.T.);
#55=FACE_BOUND('',#347,.T.);
#56=FACE_BOUND('',#348,.T.);
#57=FACE_BOUND('',#349,.T.);
#58=FACE_BOUND('',#350,.T.);
#59=FACE_BOUND('',#351,.T.);
#60=FACE_BOUND('',#352,.T.);
#61=FACE_BOUND('',#353,.T.);
#62=FACE_BOUND('',#354,.T.);
#63=FACE_BOUND('',#355,.T.);
#64=FACE_BOUND('',#356,.T.);
#65=FACE_BOUND('',#357,.T.);
#66=FACE_BOUND('',#358,.T.);
#67=FACE_BOUND('',#359,.T.);
#68=FACE_BOUND('',#360,.T.);
#69=FACE_BOUND('',#361,.T.);
#70=FACE_BOUND('',#362,.T.);
#71=FACE_BOUND('',#363,.T.);
#72=FACE_BOUND('',#364,.T.);
#73=FACE_BOUND('',#365,.T.);
#74=FACE_BOUND('',#366,.T.);
#75=FACE_BOUND('',#367,.T.);
#76=FACE_BOUND('',#368,.T.);
#77=FACE_BOUND('',#369,.T.);
#78=FACE_BOUND('',#370,.T.);
#79=FACE_BOUND('',#371,.T.);
#80=FACE_BOUND('',#372,.T.);
#81=FACE_BOUND('',#373,.T.);
#82=FACE_BOUND('',#374,.T.);
#83=FACE_BOUND('',#375,.T.);
#84=FACE_BOUND('',#376,.T.);
#85=FACE_BOUND('',#377,.T.);
#86=FACE_BOUND('',#378,.T.);
#87=FACE_BOUND('',#379,.T.);
#88=FACE_BOUND('',#380,.T.);
#89=FACE_BOUND('',#381,.T.);
#90=FACE_BOUND('',#382,.T.);
#91=FACE_BOUND('',#383,.T.);
#92=FACE_BOUND('',#384,.T.);
#93=FACE_BOUND('',#420,.T.);
#94=FACE_BOUND('',#421,.T.);
#95=FACE_BOUND('',#422,.T.);
#96=FACE_BOUND('',#423,.T.);
#97=FACE_BOUND('',#424,.T.);
#98=FACE_BOUND('',#425,.T.);
#99=FACE_BOUND('',#426,.T.);
#100=FACE_BOUND('',#427,.T.);
#101=FACE_BOUND('',#428,.T.);
#102=FACE_BOUND('',#429,.T.);
#103=FACE_BOUND('',#430,.T.);
#104=FACE_BOUND('',#431,.T.);
#105=FACE_BOUND('',#432,.T.);
#106=FACE_BOUND('',#433,.T.);
#107=FACE_BOUND('',#434,.T.);
#108=FACE_BOUND('',#435,.T.);
#109=FACE_BOUND('',#436,.T.);
#110=FACE_BOUND('',#437,.T.);
#111=FACE_BOUND('',#438,.T.);
#112=FACE_BOUND('',#439,.T.);
#113=FACE_BOUND('',#440,.T.);
#114=FACE_BOUND('',#441,.T.);
#115=FACE_BOUND('',#442,.T.);
#116=FACE_BOUND('',#443,.T.);
#117=FACE_BOUND('',#444,.T.);
#118=FACE_BOUND('',#445,.T.);
#119=FACE_BOUND('',#446,.T.);
#120=FACE_BOUND('',#447,.T.);
#121=FACE_BOUND('',#448,.T.);
#122=FACE_BOUND('',#449,.T.);
#123=FACE_BOUND('',#450,.T.);
#124=FACE_BOUND('',#451,.T.);
#125=FACE_BOUND('',#452,.T.);
#126=FACE_BOUND('',#453,.T.);
#127=FACE_BOUND('',#454,.T.);
#128=FACE_BOUND('',#455,.T.);
#129=FACE_BOUND('',#456,.T.);
#130=FACE_BOUND('',#457,.T.);
#131=FACE_BOUND('',#458,.T.);
#132=FACE_BOUND('',#459,.T.);
#133=FACE_BOUND('',#460,.T.);
#134=FACE_BOUND('',#461,.T.);
#135=FACE_BOUND('',#462,.T.);
#136=FACE_BOUND('',#463,.T.);
#137=FACE_BOUND('',#464,.T.);
#138=FACE_BOUND('',#465,.T.);
#139=FACE_BOUND('',#466,.T.);
#140=FACE_BOUND('',#467,.T.);
#141=FACE_BOUND('',#468,.T.);
#142=FACE_BOUND('',#469,.T.);
#143=FACE_BOUND('',#470,.T.);
#144=FACE_BOUND('',#471,.T.);
#145=FACE_BOUND('',#472,.T.);
#146=FACE_BOUND('',#473,.T.);
#147=FACE_BOUND('',#474,.T.);
#148=FACE_BOUND('',#475,.T.);
#149=FACE_BOUND('',#476,.T.);
#150=FACE_BOUND('',#477,.T.);
#151=FACE_BOUND('',#478,.T.);
#152=FACE_BOUND('',#479,.T.);
#153=FACE_BOUND('',#480,.T.);
#154=FACE_BOUND('',#481,.T.);
#155=FACE_BOUND('',#482,.T.);
#156=FACE_BOUND('',#483,.T.);
#157=FACE_BOUND('',#484,.T.);
#158=FACE_BOUND('',#485,.T.);
#159=FACE_BOUND('',#486,.T.);
#160=FACE_BOUND('',#498,.T.);
#161=PLANE('',#2148);
#162=PLANE('',#2155);
#163=PLANE('',#2159);
#164=PLANE('',#2163);
#165=PLANE('',#2167);
#166=PLANE('',#2171);
#167=PLANE('',#2193);
#168=PLANE('',#2194);
#169=PLANE('',#2195);
#170=PLANE('',#2196);
#171=PLANE('',#2197);
#172=PLANE('',#2198);
#173=PLANE('',#2199);
#174=PLANE('',#2329);
#175=PLANE('',#2334);
#176=PLANE('',#2371);
#177=PLANE('',#2372);
#178=PLANE('',#2374);
#179=PLANE('',#2377);
#180=PLANE('',#2378);
#181=PLANE('',#2380);
#182=FACE_OUTER_BOUND('',#285,.T.);
#183=FACE_OUTER_BOUND('',#286,.T.);
#184=FACE_OUTER_BOUND('',#288,.T.);
#185=FACE_OUTER_BOUND('',#289,.T.);
#186=FACE_OUTER_BOUND('',#290,.T.);
#187=FACE_OUTER_BOUND('',#291,.T.);
#188=FACE_OUTER_BOUND('',#292,.T.);
#189=FACE_OUTER_BOUND('',#293,.T.);
#190=FACE_OUTER_BOUND('',#294,.T.);
#191=FACE_OUTER_BOUND('',#295,.T.);
#192=FACE_OUTER_BOUND('',#296,.T.);
#193=FACE_OUTER_BOUND('',#297,.T.);
#194=FACE_OUTER_BOUND('',#298,.T.);
#195=FACE_OUTER_BOUND('',#304,.T.);
#196=FACE_OUTER_BOUND('',#305,.T.);
#197=FACE_OUTER_BOUND('',#306,.T.);
#198=FACE_OUTER_BOUND('',#307,.T.);
#199=FACE_OUTER_BOUND('',#308,.T.);
#200=FACE_OUTER_BOUND('',#309,.T.);
#201=FACE_OUTER_BOUND('',#310,.T.);
#202=FACE_OUTER_BOUND('',#311,.T.);
#203=FACE_OUTER_BOUND('',#312,.T.);
#204=FACE_OUTER_BOUND('',#313,.T.);
#205=FACE_OUTER_BOUND('',#314,.T.);
#206=FACE_OUTER_BOUND('',#315,.T.);
#207=FACE_OUTER_BOUND('',#316,.T.);
#208=FACE_OUTER_BOUND('',#317,.T.);
#209=FACE_OUTER_BOUND('',#385,.T.);
#210=FACE_OUTER_BOUND('',#386,.T.);
#211=FACE_OUTER_BOUND('',#387,.T.);
#212=FACE_OUTER_BOUND('',#388,.T.);
#213=FACE_OUTER_BOUND('',#389,.T.);
#214=FACE_OUTER_BOUND('',#390,.T.);
#215=FACE_OUTER_BOUND('',#391,.T.);
#216=FACE_OUTER_BOUND('',#392,.T.);
#217=FACE_OUTER_BOUND('',#393,.T.);
#218=FACE_OUTER_BOUND('',#394,.T.);
#219=FACE_OUTER_BOUND('',#395,.T.);
#220=FACE_OUTER_BOUND('',#396,.T.);
#221=FACE_OUTER_BOUND('',#397,.T.);
#222=FACE_OUTER_BOUND('',#398,.T.);
#223=FACE_OUTER_BOUND('',#399,.T.);
#224=FACE_OUTER_BOUND('',#400,.T.);
#225=FACE_OUTER_BOUND('',#401,.T.);
#226=FACE_OUTER_BOUND('',#402,.T.);
#227=FACE_OUTER_BOUND('',#403,.T.);
#228=FACE_OUTER_BOUND('',#404,.T.);
#229=FACE_OUTER_BOUND('',#405,.T.);
#230=FACE_OUTER_BOUND('',#406,.T.);
#231=FACE_OUTER_BOUND('',#407,.T.);
#232=FACE_OUTER_BOUND('',#408,.T.);
#233=FACE_OUTER_BOUND('',#409,.T.);
#234=FACE_OUTER_BOUND('',#410,.T.);
#235=FACE_OUTER_BOUND('',#411,.T.);
#236=FACE_OUTER_BOUND('',#412,.T.);
#237=FACE_OUTER_BOUND('',#413,.T.);
#238=FACE_OUTER_BOUND('',#414,.T.);
#239=FACE_OUTER_BOUND('',#415,.T.);
#240=FACE_OUTER_BOUND('',#416,.T.);
#241=FACE_OUTER_BOUND('',#417,.T.);
#242=FACE_OUTER_BOUND('',#418,.T.);
#243=FACE_OUTER_BOUND('',#419,.T.);
#244=FACE_OUTER_BOUND('',#487,.T.);
#245=FACE_OUTER_BOUND('',#488,.T.);
#246=FACE_OUTER_BOUND('',#489,.T.);
#247=FACE_OUTER_BOUND('',#490,.T.);
#248=FACE_OUTER_BOUND('',#491,.T.);
#249=FACE_OUTER_BOUND('',#492,.T.);
#250=FACE_OUTER_BOUND('',#493,.T.);
#251=FACE_OUTER_BOUND('',#494,.T.);
#252=FACE_OUTER_BOUND('',#495,.T.);
#253=FACE_OUTER_BOUND('',#496,.T.);
#254=FACE_OUTER_BOUND('',#497,.T.);
#255=FACE_OUTER_BOUND('',#499,.T.);
#256=FACE_OUTER_BOUND('',#500,.T.);
#257=FACE_OUTER_BOUND('',#501,.T.);
#258=FACE_OUTER_BOUND('',#502,.T.);
#259=FACE_OUTER_BOUND('',#503,.T.);
#260=FACE_OUTER_BOUND('',#504,.T.);
#261=FACE_OUTER_BOUND('',#505,.T.);
#262=FACE_OUTER_BOUND('',#506,.T.);
#263=FACE_OUTER_BOUND('',#507,.T.);
#264=FACE_OUTER_BOUND('',#508,.T.);
#265=FACE_OUTER_BOUND('',#509,.T.);
#266=FACE_OUTER_BOUND('',#510,.T.);
#267=FACE_OUTER_BOUND('',#511,.T.);
#268=FACE_OUTER_BOUND('',#512,.T.);
#269=FACE_OUTER_BOUND('',#513,.T.);
#270=FACE_OUTER_BOUND('',#514,.T.);
#271=FACE_OUTER_BOUND('',#515,.T.);
#272=FACE_OUTER_BOUND('',#516,.T.);
#273=FACE_OUTER_BOUND('',#517,.T.);
#274=FACE_OUTER_BOUND('',#518,.T.);
#275=FACE_OUTER_BOUND('',#519,.T.);
#276=FACE_OUTER_BOUND('',#520,.T.);
#277=FACE_OUTER_BOUND('',#521,.T.);
#278=FACE_OUTER_BOUND('',#522,.T.);
#279=FACE_OUTER_BOUND('',#523,.T.);
#280=FACE_OUTER_BOUND('',#524,.T.);
#281=FACE_OUTER_BOUND('',#525,.T.);
#282=FACE_OUTER_BOUND('',#526,.T.);
#283=FACE_OUTER_BOUND('',#527,.T.);
#284=FACE_OUTER_BOUND('',#528,.T.);
#285=EDGE_LOOP('',(#1396,#1397,#1398,#1399));
#286=EDGE_LOOP('',(#1400));
#287=EDGE_LOOP('',(#1401));
#288=EDGE_LOOP('',(#1402,#1403,#1404,#1405));
#289=EDGE_LOOP('',(#1406,#1407,#1408,#1409));
#290=EDGE_LOOP('',(#1410));
#291=EDGE_LOOP('',(#1411,#1412,#1413,#1414));
#292=EDGE_LOOP('',(#1415));
#293=EDGE_LOOP('',(#1416,#1417,#1418,#1419));
#294=EDGE_LOOP('',(#1420));
#295=EDGE_LOOP('',(#1421,#1422,#1423,#1424));
#296=EDGE_LOOP('',(#1425));
#297=EDGE_LOOP('',(#1426,#1427,#1428,#1429));
#298=EDGE_LOOP('',(#1430));
#299=EDGE_LOOP('',(#1431));
#300=EDGE_LOOP('',(#1432));
#301=EDGE_LOOP('',(#1433));
#302=EDGE_LOOP('',(#1434));
#303=EDGE_LOOP('',(#1435));
#304=EDGE_LOOP('',(#1436,#1437,#1438,#1439));
#305=EDGE_LOOP('',(#1440,#1441,#1442,#1443));
#306=EDGE_LOOP('',(#1444,#1445,#1446,#1447));
#307=EDGE_LOOP('',(#1448,#1449,#1450,#1451));
#308=EDGE_LOOP('',(#1452,#1453,#1454,#1455));
#309=EDGE_LOOP('',(#1456,#1457,#1458,#1459));
#310=EDGE_LOOP('',(#1460,#1461,#1462,#1463));
#311=EDGE_LOOP('',(#1464,#1465,#1466,#1467));
#312=EDGE_LOOP('',(#1468,#1469,#1470,#1471));
#313=EDGE_LOOP('',(#1472,#1473,#1474,#1475));
#314=EDGE_LOOP('',(#1476,#1477,#1478,#1479));
#315=EDGE_LOOP('',(#1480,#1481,#1482,#1483));
#316=EDGE_LOOP('',(#1484,#1485,#1486,#1487));
#317=EDGE_LOOP('',(#1488));
#318=EDGE_LOOP('',(#1489));
#319=EDGE_LOOP('',(#1490,#1491,#1492,#1493));
#320=EDGE_LOOP('',(#1494,#1495,#1496,#1497));
#321=EDGE_LOOP('',(#1498,#1499,#1500,#1501));
#322=EDGE_LOOP('',(#1502,#1503,#1504,#1505));
#323=EDGE_LOOP('',(#1506,#1507,#1508,#1509));
#324=EDGE_LOOP('',(#1510));
#325=EDGE_LOOP('',(#1511));
#326=EDGE_LOOP('',(#1512));
#327=EDGE_LOOP('',(#1513));
#328=EDGE_LOOP('',(#1514));
#329=EDGE_LOOP('',(#1515));
#330=EDGE_LOOP('',(#1516));
#331=EDGE_LOOP('',(#1517));
#332=EDGE_LOOP('',(#1518));
#333=EDGE_LOOP('',(#1519));
#334=EDGE_LOOP('',(#1520));
#335=EDGE_LOOP('',(#1521));
#336=EDGE_LOOP('',(#1522));
#337=EDGE_LOOP('',(#1523));
#338=EDGE_LOOP('',(#1524));
#339=EDGE_LOOP('',(#1525));
#340=EDGE_LOOP('',(#1526));
#341=EDGE_LOOP('',(#1527));
#342=EDGE_LOOP('',(#1528));
#343=EDGE_LOOP('',(#1529));
#344=EDGE_LOOP('',(#1530));
#345=EDGE_LOOP('',(#1531));
#346=EDGE_LOOP('',(#1532));
#347=EDGE_LOOP('',(#1533));
#348=EDGE_LOOP('',(#1534));
#349=EDGE_LOOP('',(#1535));
#350=EDGE_LOOP('',(#1536));
#351=EDGE_LOOP('',(#1537));
#352=EDGE_LOOP('',(#1538));
#353=EDGE_LOOP('',(#1539));
#354=EDGE_LOOP('',(#1540));
#355=EDGE_LOOP('',(#1541));
#356=EDGE_LOOP('',(#1542));
#357=EDGE_LOOP('',(#1543));
#358=EDGE_LOOP('',(#1544));
#359=EDGE_LOOP('',(#1545));
#360=EDGE_LOOP('',(#1546));
#361=EDGE_LOOP('',(#1547));
#362=EDGE_LOOP('',(#1548));
#363=EDGE_LOOP('',(#1549));
#364=EDGE_LOOP('',(#1550));
#365=EDGE_LOOP('',(#1551));
#366=EDGE_LOOP('',(#1552));
#367=EDGE_LOOP('',(#1553));
#368=EDGE_LOOP('',(#1554));
#369=EDGE_LOOP('',(#1555));
#370=EDGE_LOOP('',(#1556));
#371=EDGE_LOOP('',(#1557));
#372=EDGE_LOOP('',(#1558));
#373=EDGE_LOOP('',(#1559));
#374=EDGE_LOOP('',(#1560));
#375=EDGE_LOOP('',(#1561));
#376=EDGE_LOOP('',(#1562));
#377=EDGE_LOOP('',(#1563));
#378=EDGE_LOOP('',(#1564));
#379=EDGE_LOOP('',(#1565));
#380=EDGE_LOOP('',(#1566));
#381=EDGE_LOOP('',(#1567));
#382=EDGE_LOOP('',(#1568));
#383=EDGE_LOOP('',(#1569));
#384=EDGE_LOOP('',(#1570,#1571,#1572,#1573));
#385=EDGE_LOOP('',(#1574,#1575,#1576,#1577));
#386=EDGE_LOOP('',(#1578,#1579,#1580,#1581));
#387=EDGE_LOOP('',(#1582,#1583,#1584,#1585));
#388=EDGE_LOOP('',(#1586,#1587,#1588,#1589));
#389=EDGE_LOOP('',(#1590,#1591,#1592,#1593));
#390=EDGE_LOOP('',(#1594,#1595,#1596,#1597));
#391=EDGE_LOOP('',(#1598,#1599,#1600,#1601));
#392=EDGE_LOOP('',(#1602,#1603,#1604,#1605));
#393=EDGE_LOOP('',(#1606,#1607,#1608,#1609));
#394=EDGE_LOOP('',(#1610,#1611,#1612,#1613));
#395=EDGE_LOOP('',(#1614,#1615,#1616,#1617));
#396=EDGE_LOOP('',(#1618,#1619,#1620,#1621));
#397=EDGE_LOOP('',(#1622,#1623,#1624,#1625));
#398=EDGE_LOOP('',(#1626,#1627,#1628,#1629));
#399=EDGE_LOOP('',(#1630,#1631,#1632,#1633));
#400=EDGE_LOOP('',(#1634,#1635,#1636,#1637));
#401=EDGE_LOOP('',(#1638,#1639,#1640,#1641));
#402=EDGE_LOOP('',(#1642,#1643,#1644,#1645));
#403=EDGE_LOOP('',(#1646,#1647,#1648,#1649));
#404=EDGE_LOOP('',(#1650,#1651,#1652,#1653));
#405=EDGE_LOOP('',(#1654,#1655,#1656,#1657));
#406=EDGE_LOOP('',(#1658,#1659,#1660,#1661));
#407=EDGE_LOOP('',(#1662,#1663,#1664,#1665));
#408=EDGE_LOOP('',(#1666,#1667,#1668,#1669));
#409=EDGE_LOOP('',(#1670,#1671,#1672,#1673));
#410=EDGE_LOOP('',(#1674,#1675,#1676,#1677));
#411=EDGE_LOOP('',(#1678,#1679,#1680,#1681));
#412=EDGE_LOOP('',(#1682,#1683,#1684,#1685));
#413=EDGE_LOOP('',(#1686,#1687,#1688,#1689));
#414=EDGE_LOOP('',(#1690,#1691,#1692,#1693));
#415=EDGE_LOOP('',(#1694,#1695,#1696,#1697));
#416=EDGE_LOOP('',(#1698,#1699,#1700,#1701));
#417=EDGE_LOOP('',(#1702,#1703,#1704,#1705));
#418=EDGE_LOOP('',(#1706,#1707,#1708,#1709));
#419=EDGE_LOOP('',(#1710));
#420=EDGE_LOOP('',(#1711));
#421=EDGE_LOOP('',(#1712,#1713,#1714,#1715));
#422=EDGE_LOOP('',(#1716,#1717,#1718,#1719));
#423=EDGE_LOOP('',(#1720,#1721,#1722,#1723));
#424=EDGE_LOOP('',(#1724,#1725,#1726,#1727));
#425=EDGE_LOOP('',(#1728,#1729,#1730,#1731));
#426=EDGE_LOOP('',(#1732,#1733,#1734,#1735));
#427=EDGE_LOOP('',(#1736));
#428=EDGE_LOOP('',(#1737));
#429=EDGE_LOOP('',(#1738));
#430=EDGE_LOOP('',(#1739));
#431=EDGE_LOOP('',(#1740));
#432=EDGE_LOOP('',(#1741));
#433=EDGE_LOOP('',(#1742));
#434=EDGE_LOOP('',(#1743));
#435=EDGE_LOOP('',(#1744));
#436=EDGE_LOOP('',(#1745));
#437=EDGE_LOOP('',(#1746));
#438=EDGE_LOOP('',(#1747));
#439=EDGE_LOOP('',(#1748));
#440=EDGE_LOOP('',(#1749));
#441=EDGE_LOOP('',(#1750));
#442=EDGE_LOOP('',(#1751));
#443=EDGE_LOOP('',(#1752));
#444=EDGE_LOOP('',(#1753));
#445=EDGE_LOOP('',(#1754));
#446=EDGE_LOOP('',(#1755));
#447=EDGE_LOOP('',(#1756));
#448=EDGE_LOOP('',(#1757));
#449=EDGE_LOOP('',(#1758));
#450=EDGE_LOOP('',(#1759));
#451=EDGE_LOOP('',(#1760));
#452=EDGE_LOOP('',(#1761));
#453=EDGE_LOOP('',(#1762));
#454=EDGE_LOOP('',(#1763));
#455=EDGE_LOOP('',(#1764));
#456=EDGE_LOOP('',(#1765));
#457=EDGE_LOOP('',(#1766));
#458=EDGE_LOOP('',(#1767));
#459=EDGE_LOOP('',(#1768));
#460=EDGE_LOOP('',(#1769));
#461=EDGE_LOOP('',(#1770));
#462=EDGE_LOOP('',(#1771));
#463=EDGE_LOOP('',(#1772));
#464=EDGE_LOOP('',(#1773));
#465=EDGE_LOOP('',(#1774));
#466=EDGE_LOOP('',(#1775));
#467=EDGE_LOOP('',(#1776));
#468=EDGE_LOOP('',(#1777));
#469=EDGE_LOOP('',(#1778));
#470=EDGE_LOOP('',(#1779));
#471=EDGE_LOOP('',(#1780));
#472=EDGE_LOOP('',(#1781));
#473=EDGE_LOOP('',(#1782));
#474=EDGE_LOOP('',(#1783));
#475=EDGE_LOOP('',(#1784));
#476=EDGE_LOOP('',(#1785));
#477=EDGE_LOOP('',(#1786));
#478=EDGE_LOOP('',(#1787));
#479=EDGE_LOOP('',(#1788));
#480=EDGE_LOOP('',(#1789));
#481=EDGE_LOOP('',(#1790));
#482=EDGE_LOOP('',(#1791));
#483=EDGE_LOOP('',(#1792));
#484=EDGE_LOOP('',(#1793));
#485=EDGE_LOOP('',(#1794));
#486=EDGE_LOOP('',(#1795));
#487=EDGE_LOOP('',(#1796,#1797,#1798,#1799));
#488=EDGE_LOOP('',(#1800,#1801,#1802,#1803));
#489=EDGE_LOOP('',(#1804,#1805,#1806,#1807));
#490=EDGE_LOOP('',(#1808,#1809,#1810,#1811));
#491=EDGE_LOOP('',(#1812,#1813,#1814,#1815));
#492=EDGE_LOOP('',(#1816,#1817,#1818,#1819));
#493=EDGE_LOOP('',(#1820,#1821,#1822,#1823));
#494=EDGE_LOOP('',(#1824,#1825,#1826,#1827));
#495=EDGE_LOOP('',(#1828,#1829,#1830,#1831));
#496=EDGE_LOOP('',(#1832,#1833,#1834,#1835));
#497=EDGE_LOOP('',(#1836));
#498=EDGE_LOOP('',(#1837));
#499=EDGE_LOOP('',(#1838,#1839,#1840,#1841));
#500=EDGE_LOOP('',(#1842,#1843,#1844,#1845));
#501=EDGE_LOOP('',(#1846,#1847,#1848,#1849));
#502=EDGE_LOOP('',(#1850,#1851,#1852,#1853));
#503=EDGE_LOOP('',(#1854,#1855,#1856,#1857));
#504=EDGE_LOOP('',(#1858,#1859,#1860,#1861));
#505=EDGE_LOOP('',(#1862,#1863,#1864,#1865));
#506=EDGE_LOOP('',(#1866,#1867,#1868,#1869));
#507=EDGE_LOOP('',(#1870,#1871,#1872,#1873));
#508=EDGE_LOOP('',(#1874,#1875,#1876,#1877));
#509=EDGE_LOOP('',(#1878,#1879,#1880,#1881));
#510=EDGE_LOOP('',(#1882,#1883,#1884,#1885));
#511=EDGE_LOOP('',(#1886,#1887,#1888,#1889));
#512=EDGE_LOOP('',(#1890,#1891,#1892,#1893));
#513=EDGE_LOOP('',(#1894,#1895,#1896,#1897));
#514=EDGE_LOOP('',(#1898,#1899,#1900,#1901));
#515=EDGE_LOOP('',(#1902,#1903,#1904,#1905));
#516=EDGE_LOOP('',(#1906,#1907,#1908,#1909));
#517=EDGE_LOOP('',(#1910,#1911,#1912,#1913));
#518=EDGE_LOOP('',(#1914,#1915,#1916,#1917));
#519=EDGE_LOOP('',(#1918,#1919,#1920,#1921));
#520=EDGE_LOOP('',(#1922,#1923,#1924,#1925));
#521=EDGE_LOOP('',(#1926,#1927,#1928,#1929));
#522=EDGE_LOOP('',(#1930,#1931,#1932,#1933));
#523=EDGE_LOOP('',(#1934,#1935,#1936,#1937));
#524=EDGE_LOOP('',(#1938,#1939,#1940,#1941));
#525=EDGE_LOOP('',(#1942,#1943,#1944,#1945));
#526=EDGE_LOOP('',(#1946,#1947,#1948,#1949));
#527=EDGE_LOOP('',(#1950,#1951,#1952,#1953));
#528=EDGE_LOOP('',(#1954,#1955,#1956,#1957));
#529=LINE('',#3074,#647);
#530=LINE('',#3081,#648);
#531=LINE('',#3087,#649);
#532=LINE('',#3094,#650);
#533=LINE('',#3101,#651);
#534=LINE('',#3108,#652);
#535=LINE('',#3115,#653);
#536=LINE('',#3122,#654);
#537=LINE('',#3127,#655);
#538=LINE('',#3131,#656);
#539=LINE('',#3136,#657);
#540=LINE('',#3140,#658);
#541=LINE('',#3145,#659);
#542=LINE('',#3149,#660);
#543=LINE('',#3154,#661);
#544=LINE('',#3158,#662);
#545=LINE('',#3163,#663);
#546=LINE('',#3167,#664);
#547=LINE('',#3172,#665);
#548=LINE('',#3176,#666);
#549=LINE('',#3180,#667);
#550=LINE('',#3182,#668);
#551=LINE('',#3183,#669);
#552=LINE('',#3186,#670);
#553=LINE('',#3188,#671);
#554=LINE('',#3189,#672);
#555=LINE('',#3192,#673);
#556=LINE('',#3194,#674);
#557=LINE('',#3195,#675);
#558=LINE('',#3198,#676);
#559=LINE('',#3200,#677);
#560=LINE('',#3201,#678);
#561=LINE('',#3204,#679);
#562=LINE('',#3206,#680);
#563=LINE('',#3207,#681);
#564=LINE('',#3210,#682);
#565=LINE('',#3212,#683);
#566=LINE('',#3213,#684);
#567=LINE('',#3218,#685);
#568=LINE('',#3221,#686);
#569=LINE('',#3224,#687);
#570=LINE('',#3227,#688);
#571=LINE('',#3230,#689);
#572=LINE('',#3353,#690);
#573=LINE('',#3358,#691);
#574=LINE('',#3361,#692);
#575=LINE('',#3365,#693);
#576=LINE('',#3369,#694);
#577=LINE('',#3373,#695);
#578=LINE('',#3377,#696);
#579=LINE('',#3381,#697);
#580=LINE('',#3385,#698);
#581=LINE('',#3389,#699);
#582=LINE('',#3393,#700);
#583=LINE('',#3397,#701);
#584=LINE('',#3401,#702);
#585=LINE('',#3405,#703);
#586=LINE('',#3409,#704);
#587=LINE('',#3413,#705);
#588=LINE('',#3417,#706);
#589=LINE('',#3421,#707);
#590=LINE('',#3425,#708);
#591=LINE('',#3429,#709);
#592=LINE('',#3433,#710);
#593=LINE('',#3437,#711);
#594=LINE('',#3441,#712);
#595=LINE('',#3445,#713);
#596=LINE('',#3449,#714);
#597=LINE('',#3453,#715);
#598=LINE('',#3457,#716);
#599=LINE('',#3461,#717);
#600=LINE('',#3465,#718);
#601=LINE('',#3469,#719);
#602=LINE('',#3473,#720);
#603=LINE('',#3477,#721);
#604=LINE('',#3481,#722);
#605=LINE('',#3482,#723);
#606=LINE('',#3487,#724);
#607=LINE('',#3494,#725);
#608=LINE('',#3497,#726);
#609=LINE('',#3500,#727);
#610=LINE('',#3501,#728);
#611=LINE('',#3504,#729);
#612=LINE('',#3566,#730);
#613=LINE('',#3568,#731);
#614=LINE('',#3570,#732);
#615=LINE('',#3573,#733);
#616=LINE('',#3577,#734);
#617=LINE('',#3582,#735);
#618=LINE('',#3584,#736);
#619=LINE('',#3586,#737);
#620=LINE('',#3588,#738);
#621=LINE('',#3590,#739);
#622=LINE('',#3592,#740);
#623=LINE('',#3594,#741);
#624=LINE('',#3596,#742);
#625=LINE('',#3598,#743);
#626=LINE('',#3600,#744);
#627=LINE('',#3602,#745);
#628=LINE('',#3604,#746);
#629=LINE('',#3606,#747);
#630=LINE('',#3608,#748);
#631=LINE('',#3610,#749);
#632=LINE('',#3612,#750);
#633=LINE('',#3614,#751);
#634=LINE('',#3616,#752);
#635=LINE('',#3618,#753);
#636=LINE('',#3620,#754);
#637=LINE('',#3622,#755);
#638=LINE('',#3624,#756);
#639=LINE('',#3626,#757);
#640=LINE('',#3628,#758);
#641=LINE('',#3630,#759);
#642=LINE('',#3632,#760);
#643=LINE('',#3634,#761);
#644=LINE('',#3636,#762);
#645=LINE('',#3638,#763);
#646=LINE('',#3640,#764);
#647=VECTOR('',#2420,8.05);
#648=VECTOR('',#2429,2.575);
#649=VECTOR('',#2436,1.75);
#650=VECTOR('',#2445,1.75);
#651=VECTOR('',#2454,1.75);
#652=VECTOR('',#2463,1.75);
#653=VECTOR('',#2472,16.075);
#654=VECTOR('',#2481,14.8531396204243);
#655=VECTOR('',#2486,10.);
#656=VECTOR('',#2489,10.);
#657=VECTOR('',#2494,10.);
#658=VECTOR('',#2497,10.);
#659=VECTOR('',#2502,10.);
#660=VECTOR('',#2505,10.);
#661=VECTOR('',#2510,10.);
#662=VECTOR('',#2513,10.);
#663=VECTOR('',#2518,10.);
#664=VECTOR('',#2521,10.);
#665=VECTOR('',#2526,10.);
#666=VECTOR('',#2529,10.);
#667=VECTOR('',#2534,10.);
#668=VECTOR('',#2535,10.);
#669=VECTOR('',#2536,10.);
#670=VECTOR('',#2539,10.);
#671=VECTOR('',#2540,10.);
#672=VECTOR('',#2541,10.);
#673=VECTOR('',#2544,10.);
#674=VECTOR('',#2545,10.);
#675=VECTOR('',#2546,10.);
#676=VECTOR('',#2549,10.);
#677=VECTOR('',#2550,10.);
#678=VECTOR('',#2551,10.);
#679=VECTOR('',#2554,10.);
#680=VECTOR('',#2555,10.);
#681=VECTOR('',#2556,10.);
#682=VECTOR('',#2559,10.);
#683=VECTOR('',#2560,10.);
#684=VECTOR('',#2561,10.);
#685=VECTOR('',#2566,10.);
#686=VECTOR('',#2569,10.);
#687=VECTOR('',#2572,10.);
#688=VECTOR('',#2575,10.);
#689=VECTOR('',#2578,10.);
#690=VECTOR('',#2701,10.);
#691=VECTOR('',#2708,9.);
#692=VECTOR('',#2711,1.75);
#693=VECTOR('',#2716,1.75);
#694=VECTOR('',#2721,1.75);
#695=VECTOR('',#2726,1.75);
#696=VECTOR('',#2731,1.75);
#697=VECTOR('',#2736,1.75);
#698=VECTOR('',#2741,1.75);
#699=VECTOR('',#2746,1.75);
#700=VECTOR('',#2751,1.75);
#701=VECTOR('',#2756,1.75);
#702=VECTOR('',#2761,1.75);
#703=VECTOR('',#2766,1.75);
#704=VECTOR('',#2771,1.75);
#705=VECTOR('',#2776,1.75);
#706=VECTOR('',#2781,1.75);
#707=VECTOR('',#2786,1.75);
#708=VECTOR('',#2791,1.75);
#709=VECTOR('',#2796,1.75);
#710=VECTOR('',#2801,1.75);
#711=VECTOR('',#2806,1.75);
#712=VECTOR('',#2811,1.75);
#713=VECTOR('',#2816,1.75);
#714=VECTOR('',#2821,1.75);
#715=VECTOR('',#2826,1.75);
#716=VECTOR('',#2831,1.75);
#717=VECTOR('',#2836,1.75);
#718=VECTOR('',#2841,1.75);
#719=VECTOR('',#2846,1.75);
#720=VECTOR('',#2851,1.75);
#721=VECTOR('',#2856,1.75);
#722=VECTOR('',#2861,10.);
#723=VECTOR('',#2862,10.);
#724=VECTOR('',#2869,10.);
#725=VECTOR('',#2878,10.);
#726=VECTOR('',#2881,10.);
#727=VECTOR('',#2884,10.);
#728=VECTOR('',#2885,10.);
#729=VECTOR('',#2888,10.);
#730=VECTOR('',#2951,82.5);
#731=VECTOR('',#2954,10.);
#732=VECTOR('',#2957,10.);
#733=VECTOR('',#2962,10.);
#734=VECTOR('',#2969,10.);
#735=VECTOR('',#2978,1.75);
#736=VECTOR('',#2981,1.75);
#737=VECTOR('',#2984,1.75);
#738=VECTOR('',#2987,1.75);
#739=VECTOR('',#2990,1.75);
#740=VECTOR('',#2993,1.75);
#741=VECTOR('',#2996,1.75);
#742=VECTOR('',#2999,1.75);
#743=VECTOR('',#3002,1.75);
#744=VECTOR('',#3005,1.75);
#745=VECTOR('',#3008,1.75);
#746=VECTOR('',#3011,1.75);
#747=VECTOR('',#3014,1.75);
#748=VECTOR('',#3017,1.75);
#749=VECTOR('',#3020,1.75);
#750=VECTOR('',#3023,1.75);
#751=VECTOR('',#3026,1.75);
#752=VECTOR('',#3029,1.75);
#753=VECTOR('',#3032,1.75);
#754=VECTOR('',#3035,1.75);
#755=VECTOR('',#3038,1.75);
#756=VECTOR('',#3041,1.75);
#757=VECTOR('',#3044,1.75);
#758=VECTOR('',#3047,1.75);
#759=VECTOR('',#3050,1.75);
#760=VECTOR('',#3053,1.75);
#761=VECTOR('',#3056,1.75);
#762=VECTOR('',#3059,1.75);
#763=VECTOR('',#3062,1.75);
#764=VECTOR('',#3065,1.75);
#765=CIRCLE('',#2146,8.05);
#766=CIRCLE('',#2147,8.05);
#767=CIRCLE('',#2149,2.575);
#768=CIRCLE('',#2151,2.575);
#769=CIRCLE('',#2153,1.75);
#770=CIRCLE('',#2154,1.75);
#771=CIRCLE('',#2157,1.75);
#772=CIRCLE('',#2158,1.75);
#773=CIRCLE('',#2161,1.75);
#774=CIRCLE('',#2162,1.75);
#775=CIRCLE('',#2165,1.75);
#776=CIRCLE('',#2166,1.75);
#777=CIRCLE('',#2169,16.075);
#778=CIRCLE('',#2170,16.075);
#779=CIRCLE('',#2173,20.7062792408487);
#780=CIRCLE('',#2174,9.);
#781=CIRCLE('',#2176,21.);
#782=CIRCLE('',#2177,21.);
#783=CIRCLE('',#2179,21.);
#784=CIRCLE('',#2180,21.);
#785=CIRCLE('',#2182,21.);
#786=CIRCLE('',#2183,21.);
#787=CIRCLE('',#2185,21.);
#788=CIRCLE('',#2186,21.);
#789=CIRCLE('',#2188,21.);
#790=CIRCLE('',#2189,21.);
#791=CIRCLE('',#2191,21.);
#792=CIRCLE('',#2192,21.);
#793=CIRCLE('',#2200,82.5);
#794=CIRCLE('',#2201,75.);
#795=CIRCLE('',#2202,75.);
#796=CIRCLE('',#2203,75.);
#797=CIRCLE('',#2204,75.);
#798=CIRCLE('',#2205,75.);
#799=CIRCLE('',#2206,1.75);
#800=CIRCLE('',#2207,1.75);
#801=CIRCLE('',#2208,1.75);
#802=CIRCLE('',#2209,1.75);
#803=CIRCLE('',#2210,1.75);
#804=CIRCLE('',#2211,1.75);
#805=CIRCLE('',#2212,1.75);
#806=CIRCLE('',#2213,1.75);
#807=CIRCLE('',#2214,1.75);
#808=CIRCLE('',#2215,1.75);
#809=CIRCLE('',#2216,1.75);
#810=CIRCLE('',#2217,1.75);
#811=CIRCLE('',#2218,1.75);
#812=CIRCLE('',#2219,1.75);
#813=CIRCLE('',#2220,1.75);
#814=CIRCLE('',#2221,1.75);
#815=CIRCLE('',#2222,1.75);
#816=CIRCLE('',#2223,1.75);
#817=CIRCLE('',#2224,1.75);
#818=CIRCLE('',#2225,1.75);
#819=CIRCLE('',#2226,1.75);
#820=CIRCLE('',#2227,1.75);
#821=CIRCLE('',#2228,1.75);
#822=CIRCLE('',#2229,1.75);
#823=CIRCLE('',#2230,1.75);
#824=CIRCLE('',#2231,1.75);
#825=CIRCLE('',#2232,1.75);
#826=CIRCLE('',#2233,1.75);
#827=CIRCLE('',#2234,1.75);
#828=CIRCLE('',#2235,1.75);
#829=CIRCLE('',#2236,1.75);
#830=CIRCLE('',#2237,1.75);
#831=CIRCLE('',#2238,1.75);
#832=CIRCLE('',#2239,1.75);
#833=CIRCLE('',#2240,1.75);
#834=CIRCLE('',#2241,1.75);
#835=CIRCLE('',#2242,1.75);
#836=CIRCLE('',#2243,1.75);
#837=CIRCLE('',#2244,1.75);
#838=CIRCLE('',#2245,1.75);
#839=CIRCLE('',#2246,1.75);
#840=CIRCLE('',#2247,1.75);
#841=CIRCLE('',#2248,1.75);
#842=CIRCLE('',#2249,1.75);
#843=CIRCLE('',#2250,1.75);
#844=CIRCLE('',#2251,1.75);
#845=CIRCLE('',#2252,1.75);
#846=CIRCLE('',#2253,1.75);
#847=CIRCLE('',#2254,1.75);
#848=CIRCLE('',#2255,1.75);
#849=CIRCLE('',#2256,1.75);
#850=CIRCLE('',#2257,1.75);
#851=CIRCLE('',#2258,1.75);
#852=CIRCLE('',#2259,1.75);
#853=CIRCLE('',#2260,1.75);
#854=CIRCLE('',#2261,1.75);
#855=CIRCLE('',#2262,1.75);
#856=CIRCLE('',#2263,1.75);
#857=CIRCLE('',#2264,1.75);
#858=CIRCLE('',#2265,1.75);
#859=CIRCLE('',#2266,75.);
#860=CIRCLE('',#2268,9.);
#861=CIRCLE('',#2270,1.75);
#862=CIRCLE('',#2272,1.75);
#863=CIRCLE('',#2274,1.75);
#864=CIRCLE('',#2276,1.75);
#865=CIRCLE('',#2278,1.75);
#866=CIRCLE('',#2280,1.75);
#867=CIRCLE('',#2282,1.75);
#868=CIRCLE('',#2284,1.75);
#869=CIRCLE('',#2286,1.75);
#870=CIRCLE('',#2288,1.75);
#871=CIRCLE('',#2290,1.75);
#872=CIRCLE('',#2292,1.75);
#873=CIRCLE('',#2294,1.75);
#874=CIRCLE('',#2296,1.75);
#875=CIRCLE('',#2298,1.75);
#876=CIRCLE('',#2300,1.75);
#877=CIRCLE('',#2302,1.75);
#878=CIRCLE('',#2304,1.75);
#879=CIRCLE('',#2306,1.75);
#880=CIRCLE('',#2308,1.75);
#881=CIRCLE('',#2310,1.75);
#882=CIRCLE('',#2312,1.75);
#883=CIRCLE('',#2314,1.75);
#884=CIRCLE('',#2316,1.75);
#885=CIRCLE('',#2318,1.75);
#886=CIRCLE('',#2320,1.75);
#887=CIRCLE('',#2322,1.75);
#888=CIRCLE('',#2324,1.75);
#889=CIRCLE('',#2326,1.75);
#890=CIRCLE('',#2328,1.75);
#891=CIRCLE('',#2331,75.);
#892=CIRCLE('',#2333,75.);
#893=CIRCLE('',#2335,82.5);
#894=CIRCLE('',#2336,75.);
#895=CIRCLE('',#2337,75.);
#896=CIRCLE('',#2338,75.);
#897=CIRCLE('',#2339,75.);
#898=CIRCLE('',#2340,1.75);
#899=CIRCLE('',#2341,1.75);
#900=CIRCLE('',#2342,1.75);
#901=CIRCLE('',#2343,1.75);
#902=CIRCLE('',#2344,1.75);
#903=CIRCLE('',#2345,1.75);
#904=CIRCLE('',#2346,1.75);
#905=CIRCLE('',#2347,1.75);
#906=CIRCLE('',#2348,1.75);
#907=CIRCLE('',#2349,1.75);
#908=CIRCLE('',#2350,1.75);
#909=CIRCLE('',#2351,1.75);
#910=CIRCLE('',#2352,1.75);
#911=CIRCLE('',#2353,1.75);
#912=CIRCLE('',#2354,1.75);
#913=CIRCLE('',#2355,1.75);
#914=CIRCLE('',#2356,1.75);
#915=CIRCLE('',#2357,1.75);
#916=CIRCLE('',#2358,1.75);
#917=CIRCLE('',#2359,1.75);
#918=CIRCLE('',#2360,1.75);
#919=CIRCLE('',#2361,1.75);
#920=CIRCLE('',#2362,1.75);
#921=CIRCLE('',#2363,1.75);
#922=CIRCLE('',#2364,1.75);
#923=CIRCLE('',#2365,1.75);
#924=CIRCLE('',#2366,1.75);
#925=CIRCLE('',#2367,1.75);
#926=CIRCLE('',#2368,1.75);
#927=CIRCLE('',#2369,1.75);
#928=VERTEX_POINT('',#3071);
#929=VERTEX_POINT('',#3073);
#930=VERTEX_POINT('',#3077);
#931=VERTEX_POINT('',#3080);
#932=VERTEX_POINT('',#3084);
#933=VERTEX_POINT('',#3086);
#934=VERTEX_POINT('',#3091);
#935=VERTEX_POINT('',#3093);
#936=VERTEX_POINT('',#3098);
#937=VERTEX_POINT('',#3100);
#938=VERTEX_POINT('',#3105);
#939=VERTEX_POINT('',#3107);
#940=VERTEX_POINT('',#3112);
#941=VERTEX_POINT('',#3114);
#942=VERTEX_POINT('',#3119);
#943=VERTEX_POINT('',#3121);
#944=VERTEX_POINT('',#3125);
#945=VERTEX_POINT('',#3126);
#946=VERTEX_POINT('',#3128);
#947=VERTEX_POINT('',#3130);
#948=VERTEX_POINT('',#3134);
#949=VERTEX_POINT('',#3135);
#950=VERTEX_POINT('',#3137);
#951=VERTEX_POINT('',#3139);
#952=VERTEX_POINT('',#3143);
#953=VERTEX_POINT('',#3144);
#954=VERTEX_POINT('',#3146);
#955=VERTEX_POINT('',#3148);
#956=VERTEX_POINT('',#3152);
#957=VERTEX_POINT('',#3153);
#958=VERTEX_POINT('',#3155);
#959=VERTEX_POINT('',#3157);
#960=VERTEX_POINT('',#3161);
#961=VERTEX_POINT('',#3162);
#962=VERTEX_POINT('',#3164);
#963=VERTEX_POINT('',#3166);
#964=VERTEX_POINT('',#3170);
#965=VERTEX_POINT('',#3171);
#966=VERTEX_POINT('',#3173);
#967=VERTEX_POINT('',#3175);
#968=VERTEX_POINT('',#3179);
#969=VERTEX_POINT('',#3181);
#970=VERTEX_POINT('',#3185);
#971=VERTEX_POINT('',#3187);
#972=VERTEX_POINT('',#3191);
#973=VERTEX_POINT('',#3193);
#974=VERTEX_POINT('',#3197);
#975=VERTEX_POINT('',#3199);
#976=VERTEX_POINT('',#3203);
#977=VERTEX_POINT('',#3205);
#978=VERTEX_POINT('',#3209);
#979=VERTEX_POINT('',#3211);
#980=VERTEX_POINT('',#3215);
#981=VERTEX_POINT('',#3217);
#982=VERTEX_POINT('',#3220);
#983=VERTEX_POINT('',#3223);
#984=VERTEX_POINT('',#3226);
#985=VERTEX_POINT('',#3229);
#986=VERTEX_POINT('',#3232);
#987=VERTEX_POINT('',#3234);
#988=VERTEX_POINT('',#3236);
#989=VERTEX_POINT('',#3238);
#990=VERTEX_POINT('',#3240);
#991=VERTEX_POINT('',#3242);
#992=VERTEX_POINT('',#3244);
#993=VERTEX_POINT('',#3246);
#994=VERTEX_POINT('',#3248);
#995=VERTEX_POINT('',#3250);
#996=VERTEX_POINT('',#3252);
#997=VERTEX_POINT('',#3254);
#998=VERTEX_POINT('',#3256);
#999=VERTEX_POINT('',#3258);
#1000=VERTEX_POINT('',#3260);
#1001=VERTEX_POINT('',#3262);
#1002=VERTEX_POINT('',#3264);
#1003=VERTEX_POINT('',#3266);
#1004=VERTEX_POINT('',#3268);
#1005=VERTEX_POINT('',#3270);
#1006=VERTEX_POINT('',#3272);
#1007=VERTEX_POINT('',#3274);
#1008=VERTEX_POINT('',#3276);
#1009=VERTEX_POINT('',#3278);
#1010=VERTEX_POINT('',#3280);
#1011=VERTEX_POINT('',#3282);
#1012=VERTEX_POINT('',#3284);
#1013=VERTEX_POINT('',#3286);
#1014=VERTEX_POINT('',#3288);
#1015=VERTEX_POINT('',#3290);
#1016=VERTEX_POINT('',#3292);
#1017=VERTEX_POINT('',#3294);
#1018=VERTEX_POINT('',#3296);
#1019=VERTEX_POINT('',#3298);
#1020=VERTEX_POINT('',#3300);
#1021=VERTEX_POINT('',#3302);
#1022=VERTEX_POINT('',#3304);
#1023=VERTEX_POINT('',#3306);
#1024=VERTEX_POINT('',#3308);
#1025=VERTEX_POINT('',#3310);
#1026=VERTEX_POINT('',#3312);
#1027=VERTEX_POINT('',#3314);
#1028=VERTEX_POINT('',#3316);
#1029=VERTEX_POINT('',#3318);
#1030=VERTEX_POINT('',#3320);
#1031=VERTEX_POINT('',#3322);
#1032=VERTEX_POINT('',#3324);
#1033=VERTEX_POINT('',#3326);
#1034=VERTEX_POINT('',#3328);
#1035=VERTEX_POINT('',#3330);
#1036=VERTEX_POINT('',#3332);
#1037=VERTEX_POINT('',#3334);
#1038=VERTEX_POINT('',#3336);
#1039=VERTEX_POINT('',#3338);
#1040=VERTEX_POINT('',#3340);
#1041=VERTEX_POINT('',#3342);
#1042=VERTEX_POINT('',#3344);
#1043=VERTEX_POINT('',#3346);
#1044=VERTEX_POINT('',#3348);
#1045=VERTEX_POINT('',#3350);
#1046=VERTEX_POINT('',#3352);
#1047=VERTEX_POINT('',#3356);
#1048=VERTEX_POINT('',#3360);
#1049=VERTEX_POINT('',#3364);
#1050=VERTEX_POINT('',#3368);
#1051=VERTEX_POINT('',#3372);
#1052=VERTEX_POINT('',#3376);
#1053=VERTEX_POINT('',#3380);
#1054=VERTEX_POINT('',#3384);
#1055=VERTEX_POINT('',#3388);
#1056=VERTEX_POINT('',#3392);
#1057=VERTEX_POINT('',#3396);
#1058=VERTEX_POINT('',#3400);
#1059=VERTEX_POINT('',#3404);
#1060=VERTEX_POINT('',#3408);
#1061=VERTEX_POINT('',#3412);
#1062=VERTEX_POINT('',#3416);
#1063=VERTEX_POINT('',#3420);
#1064=VERTEX_POINT('',#3424);
#1065=VERTEX_POINT('',#3428);
#1066=VERTEX_POINT('',#3432);
#1067=VERTEX_POINT('',#3436);
#1068=VERTEX_POINT('',#3440);
#1069=VERTEX_POINT('',#3444);
#1070=VERTEX_POINT('',#3448);
#1071=VERTEX_POINT('',#3452);
#1072=VERTEX_POINT('',#3456);
#1073=VERTEX_POINT('',#3460);
#1074=VERTEX_POINT('',#3464);
#1075=VERTEX_POINT('',#3468);
#1076=VERTEX_POINT('',#3472);
#1077=VERTEX_POINT('',#3476);
#1078=VERTEX_POINT('',#3480);
#1079=VERTEX_POINT('',#3486);
#1080=VERTEX_POINT('',#3490);
#1081=VERTEX_POINT('',#3492);
#1082=VERTEX_POINT('',#3495);
#1083=VERTEX_POINT('',#3498);
#1084=VERTEX_POINT('',#3502);
#1085=VERTEX_POINT('',#3505);
#1086=VERTEX_POINT('',#3507);
#1087=VERTEX_POINT('',#3509);
#1088=VERTEX_POINT('',#3511);
#1089=VERTEX_POINT('',#3513);
#1090=VERTEX_POINT('',#3515);
#1091=VERTEX_POINT('',#3517);
#1092=VERTEX_POINT('',#3519);
#1093=VERTEX_POINT('',#3521);
#1094=VERTEX_POINT('',#3523);
#1095=VERTEX_POINT('',#3525);
#1096=VERTEX_POINT('',#3527);
#1097=VERTEX_POINT('',#3529);
#1098=VERTEX_POINT('',#3531);
#1099=VERTEX_POINT('',#3533);
#1100=VERTEX_POINT('',#3535);
#1101=VERTEX_POINT('',#3537);
#1102=VERTEX_POINT('',#3539);
#1103=VERTEX_POINT('',#3541);
#1104=VERTEX_POINT('',#3543);
#1105=VERTEX_POINT('',#3545);
#1106=VERTEX_POINT('',#3547);
#1107=VERTEX_POINT('',#3549);
#1108=VERTEX_POINT('',#3551);
#1109=VERTEX_POINT('',#3553);
#1110=VERTEX_POINT('',#3555);
#1111=VERTEX_POINT('',#3557);
#1112=VERTEX_POINT('',#3559);
#1113=VERTEX_POINT('',#3561);
#1114=VERTEX_POINT('',#3563);
#1115=EDGE_CURVE('',#928,#928,#765,.T.);
#1116=EDGE_CURVE('',#928,#929,#529,.T.);
#1117=EDGE_CURVE('',#929,#929,#766,.T.);
#1118=EDGE_CURVE('',#930,#930,#767,.T.);
#1119=EDGE_CURVE('',#930,#931,#530,.T.);
#1120=EDGE_CURVE('',#931,#931,#768,.T.);
#1121=EDGE_CURVE('',#932,#932,#769,.T.);
#1122=EDGE_CURVE('',#932,#933,#531,.T.);
#1123=EDGE_CURVE('',#933,#933,#770,.T.);
#1124=EDGE_CURVE('',#934,#934,#771,.T.);
#1125=EDGE_CURVE('',#934,#935,#532,.T.);
#1126=EDGE_CURVE('',#935,#935,#772,.T.);
#1127=EDGE_CURVE('',#936,#936,#773,.T.);
#1128=EDGE_CURVE('',#936,#937,#533,.T.);
#1129=EDGE_CURVE('',#937,#937,#774,.T.);
#1130=EDGE_CURVE('',#938,#938,#775,.T.);
#1131=EDGE_CURVE('',#938,#939,#534,.T.);
#1132=EDGE_CURVE('',#939,#939,#776,.T.);
#1133=EDGE_CURVE('',#940,#940,#777,.T.);
#1134=EDGE_CURVE('',#940,#941,#535,.T.);
#1135=EDGE_CURVE('',#941,#941,#778,.T.);
#1136=EDGE_CURVE('',#942,#942,#779,.T.);
#1137=EDGE_CURVE('',#942,#943,#536,.T.);
#1138=EDGE_CURVE('',#943,#943,#780,.T.);
#1139=EDGE_CURVE('',#944,#945,#537,.T.);
#1140=EDGE_CURVE('',#946,#944,#781,.T.);
#1141=EDGE_CURVE('',#947,#946,#538,.T.);
#1142=EDGE_CURVE('',#945,#947,#782,.T.);
#1143=EDGE_CURVE('',#948,#949,#539,.T.);
#1144=EDGE_CURVE('',#950,#948,#783,.T.);
#1145=EDGE_CURVE('',#951,#950,#540,.T.);
#1146=EDGE_CURVE('',#949,#951,#784,.T.);
#1147=EDGE_CURVE('',#952,#953,#541,.T.);
#1148=EDGE_CURVE('',#954,#952,#785,.T.);
#1149=EDGE_CURVE('',#955,#954,#542,.T.);
#1150=EDGE_CURVE('',#953,#955,#786,.T.);
#1151=EDGE_CURVE('',#956,#957,#543,.T.);
#1152=EDGE_CURVE('',#958,#956,#787,.T.);
#1153=EDGE_CURVE('',#959,#958,#544,.T.);
#1154=EDGE_CURVE('',#957,#959,#788,.T.);
#1155=EDGE_CURVE('',#960,#961,#545,.T.);
#1156=EDGE_CURVE('',#962,#960,#789,.T.);
#1157=EDGE_CURVE('',#963,#962,#546,.T.);
#1158=EDGE_CURVE('',#961,#963,#790,.T.);
#1159=EDGE_CURVE('',#964,#965,#547,.T.);
#1160=EDGE_CURVE('',#966,#964,#791,.T.);
#1161=EDGE_CURVE('',#967,#966,#548,.T.);
#1162=EDGE_CURVE('',#965,#967,#792,.T.);
#1163=EDGE_CURVE('',#968,#965,#549,.T.);
#1164=EDGE_CURVE('',#969,#968,#550,.T.);
#1165=EDGE_CURVE('',#964,#969,#551,.T.);
#1166=EDGE_CURVE('',#970,#961,#552,.T.);
#1167=EDGE_CURVE('',#971,#970,#553,.T.);
#1168=EDGE_CURVE('',#960,#971,#554,.T.);
#1169=EDGE_CURVE('',#972,#958,#555,.T.);
#1170=EDGE_CURVE('',#973,#972,#556,.T.);
#1171=EDGE_CURVE('',#959,#973,#557,.T.);
#1172=EDGE_CURVE('',#974,#953,#558,.T.);
#1173=EDGE_CURVE('',#975,#974,#559,.T.);
#1174=EDGE_CURVE('',#952,#975,#560,.T.);
#1175=EDGE_CURVE('',#976,#950,#561,.T.);
#1176=EDGE_CURVE('',#977,#976,#562,.T.);
#1177=EDGE_CURVE('',#951,#977,#563,.T.);
#1178=EDGE_CURVE('',#978,#945,#564,.T.);
#1179=EDGE_CURVE('',#979,#978,#565,.T.);
#1180=EDGE_CURVE('',#944,#979,#566,.T.);
#1181=EDGE_CURVE('',#980,#980,#793,.T.);
#1182=EDGE_CURVE('',#956,#981,#567,.T.);
#1183=EDGE_CURVE('',#981,#972,#794,.T.);
#1184=EDGE_CURVE('',#967,#982,#568,.T.);
#1185=EDGE_CURVE('',#982,#968,#795,.T.);
#1186=EDGE_CURVE('',#948,#983,#569,.T.);
#1187=EDGE_CURVE('',#983,#976,#796,.T.);
#1188=EDGE_CURVE('',#963,#984,#570,.T.);
#1189=EDGE_CURVE('',#984,#970,#797,.T.);
#1190=EDGE_CURVE('',#947,#985,#571,.T.);
#1191=EDGE_CURVE('',#985,#978,#798,.T.);
#1192=EDGE_CURVE('',#986,#986,#799,.T.);
#1193=EDGE_CURVE('',#987,#987,#800,.T.);
#1194=EDGE_CURVE('',#988,#988,#801,.T.);
#1195=EDGE_CURVE('',#989,#989,#802,.T.);
#1196=EDGE_CURVE('',#990,#990,#803,.T.);
#1197=EDGE_CURVE('',#991,#991,#804,.T.);
#1198=EDGE_CURVE('',#992,#992,#805,.T.);
#1199=EDGE_CURVE('',#993,#993,#806,.T.);
#1200=EDGE_CURVE('',#994,#994,#807,.T.);
#1201=EDGE_CURVE('',#995,#995,#808,.T.);
#1202=EDGE_CURVE('',#996,#996,#809,.T.);
#1203=EDGE_CURVE('',#997,#997,#810,.T.);
#1204=EDGE_CURVE('',#998,#998,#811,.T.);
#1205=EDGE_CURVE('',#999,#999,#812,.T.);
#1206=EDGE_CURVE('',#1000,#1000,#813,.T.);
#1207=EDGE_CURVE('',#1001,#1001,#814,.T.);
#1208=EDGE_CURVE('',#1002,#1002,#815,.T.);
#1209=EDGE_CURVE('',#1003,#1003,#816,.T.);
#1210=EDGE_CURVE('',#1004,#1004,#817,.T.);
#1211=EDGE_CURVE('',#1005,#1005,#818,.T.);
#1212=EDGE_CURVE('',#1006,#1006,#819,.T.);
#1213=EDGE_CURVE('',#1007,#1007,#820,.T.);
#1214=EDGE_CURVE('',#1008,#1008,#821,.T.);
#1215=EDGE_CURVE('',#1009,#1009,#822,.T.);
#1216=EDGE_CURVE('',#1010,#1010,#823,.T.);
#1217=EDGE_CURVE('',#1011,#1011,#824,.T.);
#1218=EDGE_CURVE('',#1012,#1012,#825,.T.);
#1219=EDGE_CURVE('',#1013,#1013,#826,.T.);
#1220=EDGE_CURVE('',#1014,#1014,#827,.T.);
#1221=EDGE_CURVE('',#1015,#1015,#828,.T.);
#1222=EDGE_CURVE('',#1016,#1016,#829,.T.);
#1223=EDGE_CURVE('',#1017,#1017,#830,.T.);
#1224=EDGE_CURVE('',#1018,#1018,#831,.T.);
#1225=EDGE_CURVE('',#1019,#1019,#832,.T.);
#1226=EDGE_CURVE('',#1020,#1020,#833,.T.);
#1227=EDGE_CURVE('',#1021,#1021,#834,.T.);
#1228=EDGE_CURVE('',#1022,#1022,#835,.T.);
#1229=EDGE_CURVE('',#1023,#1023,#836,.T.);
#1230=EDGE_CURVE('',#1024,#1024,#837,.T.);
#1231=EDGE_CURVE('',#1025,#1025,#838,.T.);
#1232=EDGE_CURVE('',#1026,#1026,#839,.T.);
#1233=EDGE_CURVE('',#1027,#1027,#840,.T.);
#1234=EDGE_CURVE('',#1028,#1028,#841,.T.);
#1235=EDGE_CURVE('',#1029,#1029,#842,.T.);
#1236=EDGE_CURVE('',#1030,#1030,#843,.T.);
#1237=EDGE_CURVE('',#1031,#1031,#844,.T.);
#1238=EDGE_CURVE('',#1032,#1032,#845,.T.);
#1239=EDGE_CURVE('',#1033,#1033,#846,.T.);
#1240=EDGE_CURVE('',#1034,#1034,#847,.T.);
#1241=EDGE_CURVE('',#1035,#1035,#848,.T.);
#1242=EDGE_CURVE('',#1036,#1036,#849,.T.);
#1243=EDGE_CURVE('',#1037,#1037,#850,.T.);
#1244=EDGE_CURVE('',#1038,#1038,#851,.T.);
#1245=EDGE_CURVE('',#1039,#1039,#852,.T.);
#1246=EDGE_CURVE('',#1040,#1040,#853,.T.);
#1247=EDGE_CURVE('',#1041,#1041,#854,.T.);
#1248=EDGE_CURVE('',#1042,#1042,#855,.T.);
#1249=EDGE_CURVE('',#1043,#1043,#856,.T.);
#1250=EDGE_CURVE('',#1044,#1044,#857,.T.);
#1251=EDGE_CURVE('',#1045,#1045,#858,.T.);
#1252=EDGE_CURVE('',#955,#1046,#572,.T.);
#1253=EDGE_CURVE('',#1046,#974,#859,.T.);
#1254=EDGE_CURVE('',#1047,#1047,#860,.T.);
#1255=EDGE_CURVE('',#1047,#943,#573,.T.);
#1256=EDGE_CURVE('',#1015,#1048,#574,.T.);
#1257=EDGE_CURVE('',#1048,#1048,#861,.T.);
#1258=EDGE_CURVE('',#1014,#1049,#575,.T.);
#1259=EDGE_CURVE('',#1049,#1049,#862,.T.);
#1260=EDGE_CURVE('',#1013,#1050,#576,.T.);
#1261=EDGE_CURVE('',#1050,#1050,#863,.T.);
#1262=EDGE_CURVE('',#1012,#1051,#577,.T.);
#1263=EDGE_CURVE('',#1051,#1051,#864,.T.);
#1264=EDGE_CURVE('',#1011,#1052,#578,.T.);
#1265=EDGE_CURVE('',#1052,#1052,#865,.T.);
#1266=EDGE_CURVE('',#1010,#1053,#579,.T.);
#1267=EDGE_CURVE('',#1053,#1053,#866,.T.);
#1268=EDGE_CURVE('',#1009,#1054,#580,.T.);
#1269=EDGE_CURVE('',#1054,#1054,#867,.T.);
#1270=EDGE_CURVE('',#1008,#1055,#581,.T.);
#1271=EDGE_CURVE('',#1055,#1055,#868,.T.);
#1272=EDGE_CURVE('',#1007,#1056,#582,.T.);
#1273=EDGE_CURVE('',#1056,#1056,#869,.T.);
#1274=EDGE_CURVE('',#1006,#1057,#583,.T.);
#1275=EDGE_CURVE('',#1057,#1057,#870,.T.);
#1276=EDGE_CURVE('',#1005,#1058,#584,.T.);
#1277=EDGE_CURVE('',#1058,#1058,#871,.T.);
#1278=EDGE_CURVE('',#1004,#1059,#585,.T.);
#1279=EDGE_CURVE('',#1059,#1059,#872,.T.);
#1280=EDGE_CURVE('',#1003,#1060,#586,.T.);
#1281=EDGE_CURVE('',#1060,#1060,#873,.T.);
#1282=EDGE_CURVE('',#1002,#1061,#587,.T.);
#1283=EDGE_CURVE('',#1061,#1061,#874,.T.);
#1284=EDGE_CURVE('',#1001,#1062,#588,.T.);
#1285=EDGE_CURVE('',#1062,#1062,#875,.T.);
#1286=EDGE_CURVE('',#1000,#1063,#589,.T.);
#1287=EDGE_CURVE('',#1063,#1063,#876,.T.);
#1288=EDGE_CURVE('',#999,#1064,#590,.T.);
#1289=EDGE_CURVE('',#1064,#1064,#877,.T.);
#1290=EDGE_CURVE('',#998,#1065,#591,.T.);
#1291=EDGE_CURVE('',#1065,#1065,#878,.T.);
#1292=EDGE_CURVE('',#997,#1066,#592,.T.);
#1293=EDGE_CURVE('',#1066,#1066,#879,.T.);
#1294=EDGE_CURVE('',#996,#1067,#593,.T.);
#1295=EDGE_CURVE('',#1067,#1067,#880,.T.);
#1296=EDGE_CURVE('',#995,#1068,#594,.T.);
#1297=EDGE_CURVE('',#1068,#1068,#881,.T.);
#1298=EDGE_CURVE('',#994,#1069,#595,.T.);
#1299=EDGE_CURVE('',#1069,#1069,#882,.T.);
#1300=EDGE_CURVE('',#993,#1070,#596,.T.);
#1301=EDGE_CURVE('',#1070,#1070,#883,.T.);
#1302=EDGE_CURVE('',#992,#1071,#597,.T.);
#1303=EDGE_CURVE('',#1071,#1071,#884,.T.);
#1304=EDGE_CURVE('',#991,#1072,#598,.T.);
#1305=EDGE_CURVE('',#1072,#1072,#885,.T.);
#1306=EDGE_CURVE('',#990,#1073,#599,.T.);
#1307=EDGE_CURVE('',#1073,#1073,#886,.T.);
#1308=EDGE_CURVE('',#989,#1074,#600,.T.);
#1309=EDGE_CURVE('',#1074,#1074,#887,.T.);
#1310=EDGE_CURVE('',#988,#1075,#601,.T.);
#1311=EDGE_CURVE('',#1075,#1075,#888,.T.);
#1312=EDGE_CURVE('',#987,#1076,#602,.T.);
#1313=EDGE_CURVE('',#1076,#1076,#889,.T.);
#1314=EDGE_CURVE('',#986,#1077,#603,.T.);
#1315=EDGE_CURVE('',#1077,#1077,#890,.T.);
#1316=EDGE_CURVE('',#949,#1078,#604,.T.);
#1317=EDGE_CURVE('',#983,#1078,#605,.T.);
#1318=EDGE_CURVE('',#1078,#977,#891,.T.);
#1319=EDGE_CURVE('',#981,#1079,#606,.T.);
#1320=EDGE_CURVE('',#1079,#973,#892,.T.);
#1321=EDGE_CURVE('',#1080,#1080,#893,.T.);
#1322=EDGE_CURVE('',#1081,#969,#894,.T.);
#1323=EDGE_CURVE('',#966,#1081,#607,.T.);
#1324=EDGE_CURVE('',#1082,#979,#895,.T.);
#1325=EDGE_CURVE('',#946,#1082,#608,.T.);
#1326=EDGE_CURVE('',#1083,#971,#896,.T.);
#1327=EDGE_CURVE('',#962,#1083,#609,.T.);
#1328=EDGE_CURVE('',#957,#1079,#610,.T.);
#1329=EDGE_CURVE('',#1084,#975,#897,.T.);
#1330=EDGE_CURVE('',#954,#1084,#611,.T.);
#1331=EDGE_CURVE('',#1085,#1085,#898,.T.);
#1332=EDGE_CURVE('',#1086,#1086,#899,.T.);
#1333=EDGE_CURVE('',#1087,#1087,#900,.T.);
#1334=EDGE_CURVE('',#1088,#1088,#901,.T.);
#1335=EDGE_CURVE('',#1089,#1089,#902,.T.);
#1336=EDGE_CURVE('',#1090,#1090,#903,.T.);
#1337=EDGE_CURVE('',#1091,#1091,#904,.T.);
#1338=EDGE_CURVE('',#1092,#1092,#905,.T.);
#1339=EDGE_CURVE('',#1093,#1093,#906,.T.);
#1340=EDGE_CURVE('',#1094,#1094,#907,.T.);
#1341=EDGE_CURVE('',#1095,#1095,#908,.T.);
#1342=EDGE_CURVE('',#1096,#1096,#909,.T.);
#1343=EDGE_CURVE('',#1097,#1097,#910,.T.);
#1344=EDGE_CURVE('',#1098,#1098,#911,.T.);
#1345=EDGE_CURVE('',#1099,#1099,#912,.T.);
#1346=EDGE_CURVE('',#1100,#1100,#913,.T.);
#1347=EDGE_CURVE('',#1101,#1101,#914,.T.);
#1348=EDGE_CURVE('',#1102,#1102,#915,.T.);
#1349=EDGE_CURVE('',#1103,#1103,#916,.T.);
#1350=EDGE_CURVE('',#1104,#1104,#917,.T.);
#1351=EDGE_CURVE('',#1105,#1105,#918,.T.);
#1352=EDGE_CURVE('',#1106,#1106,#919,.T.);
#1353=EDGE_CURVE('',#1107,#1107,#920,.T.);
#1354=EDGE_CURVE('',#1108,#1108,#921,.T.);
#1355=EDGE_CURVE('',#1109,#1109,#922,.T.);
#1356=EDGE_CURVE('',#1110,#1110,#923,.T.);
#1357=EDGE_CURVE('',#1111,#1111,#924,.T.);
#1358=EDGE_CURVE('',#1112,#1112,#925,.T.);
#1359=EDGE_CURVE('',#1113,#1113,#926,.T.);
#1360=EDGE_CURVE('',#1114,#1114,#927,.T.);
#1361=EDGE_CURVE('',#980,#1080,#612,.T.);
#1362=EDGE_CURVE('',#985,#1082,#613,.T.);
#1363=EDGE_CURVE('',#1046,#1084,#614,.T.);
#1364=EDGE_CURVE('',#984,#1083,#615,.T.);
#1365=EDGE_CURVE('',#982,#1081,#616,.T.);
#1366=EDGE_CURVE('',#1016,#1114,#617,.T.);
#1367=EDGE_CURVE('',#1017,#1113,#618,.T.);
#1368=EDGE_CURVE('',#1018,#1112,#619,.T.);
#1369=EDGE_CURVE('',#1019,#1111,#620,.T.);
#1370=EDGE_CURVE('',#1020,#1110,#621,.T.);
#1371=EDGE_CURVE('',#1021,#1109,#622,.T.);
#1372=EDGE_CURVE('',#1022,#1108,#623,.T.);
#1373=EDGE_CURVE('',#1023,#1107,#624,.T.);
#1374=EDGE_CURVE('',#1024,#1106,#625,.T.);
#1375=EDGE_CURVE('',#1025,#1105,#626,.T.);
#1376=EDGE_CURVE('',#1026,#1104,#627,.T.);
#1377=EDGE_CURVE('',#1027,#1103,#628,.T.);
#1378=EDGE_CURVE('',#1028,#1102,#629,.T.);
#1379=EDGE_CURVE('',#1029,#1101,#630,.T.);
#1380=EDGE_CURVE('',#1030,#1100,#631,.T.);
#1381=EDGE_CURVE('',#1031,#1099,#632,.T.);
#1382=EDGE_CURVE('',#1032,#1098,#633,.T.);
#1383=EDGE_CURVE('',#1033,#1097,#634,.T.);
#1384=EDGE_CURVE('',#1034,#1096,#635,.T.);
#1385=EDGE_CURVE('',#1035,#1095,#636,.T.);
#1386=EDGE_CURVE('',#1036,#1094,#637,.T.);
#1387=EDGE_CURVE('',#1037,#1093,#638,.T.);
#1388=EDGE_CURVE('',#1038,#1092,#639,.T.);
#1389=EDGE_CURVE('',#1039,#1091,#640,.T.);
#1390=EDGE_CURVE('',#1040,#1090,#641,.T.);
#1391=EDGE_CURVE('',#1041,#1089,#642,.T.);
#1392=EDGE_CURVE('',#1042,#1088,#643,.T.);
#1393=EDGE_CURVE('',#1043,#1087,#644,.T.);
#1394=EDGE_CURVE('',#1044,#1086,#645,.T.);
#1395=EDGE_CURVE('',#1045,#1085,#646,.T.);
#1396=ORIENTED_EDGE('',*,*,#1115,.F.);
#1397=ORIENTED_EDGE('',*,*,#1116,.T.);
#1398=ORIENTED_EDGE('',*,*,#1117,.T.);
#1399=ORIENTED_EDGE('',*,*,#1116,.F.);
#1400=ORIENTED_EDGE('',*,*,#1117,.F.);
#1401=ORIENTED_EDGE('',*,*,#1118,.T.);
#1402=ORIENTED_EDGE('',*,*,#1118,.F.);
#1403=ORIENTED_EDGE('',*,*,#1119,.T.);
#1404=ORIENTED_EDGE('',*,*,#1120,.F.);
#1405=ORIENTED_EDGE('',*,*,#1119,.F.);
#1406=ORIENTED_EDGE('',*,*,#1121,.F.);
#1407=ORIENTED_EDGE('',*,*,#1122,.T.);
#1408=ORIENTED_EDGE('',*,*,#1123,.T.);
#1409=ORIENTED_EDGE('',*,*,#1122,.F.);
#1410=ORIENTED_EDGE('',*,*,#1123,.F.);
#1411=ORIENTED_EDGE('',*,*,#1124,.F.);
#1412=ORIENTED_EDGE('',*,*,#1125,.T.);
#1413=ORIENTED_EDGE('',*,*,#1126,.T.);
#1414=ORIENTED_EDGE('',*,*,#1125,.F.);
#1415=ORIENTED_EDGE('',*,*,#1126,.F.);
#1416=ORIENTED_EDGE('',*,*,#1127,.F.);
#1417=ORIENTED_EDGE('',*,*,#1128,.T.);
#1418=ORIENTED_EDGE('',*,*,#1129,.T.);
#1419=ORIENTED_EDGE('',*,*,#1128,.F.);
#1420=ORIENTED_EDGE('',*,*,#1129,.F.);
#1421=ORIENTED_EDGE('',*,*,#1130,.F.);
#1422=ORIENTED_EDGE('',*,*,#1131,.T.);
#1423=ORIENTED_EDGE('',*,*,#1132,.T.);
#1424=ORIENTED_EDGE('',*,*,#1131,.F.);
#1425=ORIENTED_EDGE('',*,*,#1132,.F.);
#1426=ORIENTED_EDGE('',*,*,#1133,.F.);
#1427=ORIENTED_EDGE('',*,*,#1134,.T.);
#1428=ORIENTED_EDGE('',*,*,#1135,.T.);
#1429=ORIENTED_EDGE('',*,*,#1134,.F.);
#1430=ORIENTED_EDGE('',*,*,#1135,.F.);
#1431=ORIENTED_EDGE('',*,*,#1115,.T.);
#1432=ORIENTED_EDGE('',*,*,#1121,.T.);
#1433=ORIENTED_EDGE('',*,*,#1124,.T.);
#1434=ORIENTED_EDGE('',*,*,#1127,.T.);
#1435=ORIENTED_EDGE('',*,*,#1130,.T.);
#1436=ORIENTED_EDGE('',*,*,#1136,.F.);
#1437=ORIENTED_EDGE('',*,*,#1137,.T.);
#1438=ORIENTED_EDGE('',*,*,#1138,.F.);
#1439=ORIENTED_EDGE('',*,*,#1137,.F.);
#1440=ORIENTED_EDGE('',*,*,#1139,.F.);
#1441=ORIENTED_EDGE('',*,*,#1140,.F.);
#1442=ORIENTED_EDGE('',*,*,#1141,.F.);
#1443=ORIENTED_EDGE('',*,*,#1142,.F.);
#1444=ORIENTED_EDGE('',*,*,#1143,.F.);
#1445=ORIENTED_EDGE('',*,*,#1144,.F.);
#1446=ORIENTED_EDGE('',*,*,#1145,.F.);
#1447=ORIENTED_EDGE('',*,*,#1146,.F.);
#1448=ORIENTED_EDGE('',*,*,#1147,.F.);
#1449=ORIENTED_EDGE('',*,*,#1148,.F.);
#1450=ORIENTED_EDGE('',*,*,#1149,.F.);
#1451=ORIENTED_EDGE('',*,*,#1150,.F.);
#1452=ORIENTED_EDGE('',*,*,#1151,.F.);
#1453=ORIENTED_EDGE('',*,*,#1152,.F.);
#1454=ORIENTED_EDGE('',*,*,#1153,.F.);
#1455=ORIENTED_EDGE('',*,*,#1154,.F.);
#1456=ORIENTED_EDGE('',*,*,#1155,.F.);
#1457=ORIENTED_EDGE('',*,*,#1156,.F.);
#1458=ORIENTED_EDGE('',*,*,#1157,.F.);
#1459=ORIENTED_EDGE('',*,*,#1158,.F.);
#1460=ORIENTED_EDGE('',*,*,#1159,.F.);
#1461=ORIENTED_EDGE('',*,*,#1160,.F.);
#1462=ORIENTED_EDGE('',*,*,#1161,.F.);
#1463=ORIENTED_EDGE('',*,*,#1162,.F.);
#1464=ORIENTED_EDGE('',*,*,#1159,.T.);
#1465=ORIENTED_EDGE('',*,*,#1163,.F.);
#1466=ORIENTED_EDGE('',*,*,#1164,.F.);
#1467=ORIENTED_EDGE('',*,*,#1165,.F.);
#1468=ORIENTED_EDGE('',*,*,#1155,.T.);
#1469=ORIENTED_EDGE('',*,*,#1166,.F.);
#1470=ORIENTED_EDGE('',*,*,#1167,.F.);
#1471=ORIENTED_EDGE('',*,*,#1168,.F.);
#1472=ORIENTED_EDGE('',*,*,#1153,.T.);
#1473=ORIENTED_EDGE('',*,*,#1169,.F.);
#1474=ORIENTED_EDGE('',*,*,#1170,.F.);
#1475=ORIENTED_EDGE('',*,*,#1171,.F.);
#1476=ORIENTED_EDGE('',*,*,#1147,.T.);
#1477=ORIENTED_EDGE('',*,*,#1172,.F.);
#1478=ORIENTED_EDGE('',*,*,#1173,.F.);
#1479=ORIENTED_EDGE('',*,*,#1174,.F.);
#1480=ORIENTED_EDGE('',*,*,#1145,.T.);
#1481=ORIENTED_EDGE('',*,*,#1175,.F.);
#1482=ORIENTED_EDGE('',*,*,#1176,.F.);
#1483=ORIENTED_EDGE('',*,*,#1177,.F.);
#1484=ORIENTED_EDGE('',*,*,#1139,.T.);
#1485=ORIENTED_EDGE('',*,*,#1178,.F.);
#1486=ORIENTED_EDGE('',*,*,#1179,.F.);
#1487=ORIENTED_EDGE('',*,*,#1180,.F.);
#1488=ORIENTED_EDGE('',*,*,#1181,.T.);
#1489=ORIENTED_EDGE('',*,*,#1136,.T.);
#1490=ORIENTED_EDGE('',*,*,#1182,.T.);
#1491=ORIENTED_EDGE('',*,*,#1183,.T.);
#1492=ORIENTED_EDGE('',*,*,#1169,.T.);
#1493=ORIENTED_EDGE('',*,*,#1152,.T.);
#1494=ORIENTED_EDGE('',*,*,#1162,.T.);
#1495=ORIENTED_EDGE('',*,*,#1184,.T.);
#1496=ORIENTED_EDGE('',*,*,#1185,.T.);
#1497=ORIENTED_EDGE('',*,*,#1163,.T.);
#1498=ORIENTED_EDGE('',*,*,#1186,.T.);
#1499=ORIENTED_EDGE('',*,*,#1187,.T.);
#1500=ORIENTED_EDGE('',*,*,#1175,.T.);
#1501=ORIENTED_EDGE('',*,*,#1144,.T.);
#1502=ORIENTED_EDGE('',*,*,#1158,.T.);
#1503=ORIENTED_EDGE('',*,*,#1188,.T.);
#1504=ORIENTED_EDGE('',*,*,#1189,.T.);
#1505=ORIENTED_EDGE('',*,*,#1166,.T.);
#1506=ORIENTED_EDGE('',*,*,#1190,.T.);
#1507=ORIENTED_EDGE('',*,*,#1191,.T.);
#1508=ORIENTED_EDGE('',*,*,#1178,.T.);
#1509=ORIENTED_EDGE('',*,*,#1142,.T.);
#1510=ORIENTED_EDGE('',*,*,#1192,.T.);
#1511=ORIENTED_EDGE('',*,*,#1193,.T.);
#1512=ORIENTED_EDGE('',*,*,#1194,.T.);
#1513=ORIENTED_EDGE('',*,*,#1195,.T.);
#1514=ORIENTED_EDGE('',*,*,#1196,.T.);
#1515=ORIENTED_EDGE('',*,*,#1197,.T.);
#1516=ORIENTED_EDGE('',*,*,#1198,.T.);
#1517=ORIENTED_EDGE('',*,*,#1199,.T.);
#1518=ORIENTED_EDGE('',*,*,#1200,.T.);
#1519=ORIENTED_EDGE('',*,*,#1201,.T.);
#1520=ORIENTED_EDGE('',*,*,#1202,.T.);
#1521=ORIENTED_EDGE('',*,*,#1203,.T.);
#1522=ORIENTED_EDGE('',*,*,#1204,.T.);
#1523=ORIENTED_EDGE('',*,*,#1205,.T.);
#1524=ORIENTED_EDGE('',*,*,#1206,.T.);
#1525=ORIENTED_EDGE('',*,*,#1207,.T.);
#1526=ORIENTED_EDGE('',*,*,#1208,.T.);
#1527=ORIENTED_EDGE('',*,*,#1209,.T.);
#1528=ORIENTED_EDGE('',*,*,#1210,.T.);
#1529=ORIENTED_EDGE('',*,*,#1211,.T.);
#1530=ORIENTED_EDGE('',*,*,#1212,.T.);
#1531=ORIENTED_EDGE('',*,*,#1213,.T.);
#1532=ORIENTED_EDGE('',*,*,#1214,.T.);
#1533=ORIENTED_EDGE('',*,*,#1215,.T.);
#1534=ORIENTED_EDGE('',*,*,#1216,.T.);
#1535=ORIENTED_EDGE('',*,*,#1217,.T.);
#1536=ORIENTED_EDGE('',*,*,#1218,.T.);
#1537=ORIENTED_EDGE('',*,*,#1219,.T.);
#1538=ORIENTED_EDGE('',*,*,#1220,.T.);
#1539=ORIENTED_EDGE('',*,*,#1221,.T.);
#1540=ORIENTED_EDGE('',*,*,#1222,.T.);
#1541=ORIENTED_EDGE('',*,*,#1223,.T.);
#1542=ORIENTED_EDGE('',*,*,#1224,.T.);
#1543=ORIENTED_EDGE('',*,*,#1225,.T.);
#1544=ORIENTED_EDGE('',*,*,#1226,.T.);
#1545=ORIENTED_EDGE('',*,*,#1227,.T.);
#1546=ORIENTED_EDGE('',*,*,#1228,.T.);
#1547=ORIENTED_EDGE('',*,*,#1229,.T.);
#1548=ORIENTED_EDGE('',*,*,#1230,.T.);
#1549=ORIENTED_EDGE('',*,*,#1231,.T.);
#1550=ORIENTED_EDGE('',*,*,#1232,.T.);
#1551=ORIENTED_EDGE('',*,*,#1233,.T.);
#1552=ORIENTED_EDGE('',*,*,#1234,.T.);
#1553=ORIENTED_EDGE('',*,*,#1235,.T.);
#1554=ORIENTED_EDGE('',*,*,#1236,.T.);
#1555=ORIENTED_EDGE('',*,*,#1237,.T.);
#1556=ORIENTED_EDGE('',*,*,#1238,.T.);
#1557=ORIENTED_EDGE('',*,*,#1239,.T.);
#1558=ORIENTED_EDGE('',*,*,#1240,.T.);
#1559=ORIENTED_EDGE('',*,*,#1241,.T.);
#1560=ORIENTED_EDGE('',*,*,#1242,.T.);
#1561=ORIENTED_EDGE('',*,*,#1243,.T.);
#1562=ORIENTED_EDGE('',*,*,#1244,.T.);
#1563=ORIENTED_EDGE('',*,*,#1245,.T.);
#1564=ORIENTED_EDGE('',*,*,#1246,.T.);
#1565=ORIENTED_EDGE('',*,*,#1247,.T.);
#1566=ORIENTED_EDGE('',*,*,#1248,.T.);
#1567=ORIENTED_EDGE('',*,*,#1249,.T.);
#1568=ORIENTED_EDGE('',*,*,#1250,.T.);
#1569=ORIENTED_EDGE('',*,*,#1251,.T.);
#1570=ORIENTED_EDGE('',*,*,#1150,.T.);
#1571=ORIENTED_EDGE('',*,*,#1252,.T.);
#1572=ORIENTED_EDGE('',*,*,#1253,.T.);
#1573=ORIENTED_EDGE('',*,*,#1172,.T.);
#1574=ORIENTED_EDGE('',*,*,#1254,.F.);
#1575=ORIENTED_EDGE('',*,*,#1255,.T.);
#1576=ORIENTED_EDGE('',*,*,#1138,.T.);
#1577=ORIENTED_EDGE('',*,*,#1255,.F.);
#1578=ORIENTED_EDGE('',*,*,#1221,.F.);
#1579=ORIENTED_EDGE('',*,*,#1256,.T.);
#1580=ORIENTED_EDGE('',*,*,#1257,.F.);
#1581=ORIENTED_EDGE('',*,*,#1256,.F.);
#1582=ORIENTED_EDGE('',*,*,#1220,.F.);
#1583=ORIENTED_EDGE('',*,*,#1258,.T.);
#1584=ORIENTED_EDGE('',*,*,#1259,.F.);
#1585=ORIENTED_EDGE('',*,*,#1258,.F.);
#1586=ORIENTED_EDGE('',*,*,#1219,.F.);
#1587=ORIENTED_EDGE('',*,*,#1260,.T.);
#1588=ORIENTED_EDGE('',*,*,#1261,.F.);
#1589=ORIENTED_EDGE('',*,*,#1260,.F.);
#1590=ORIENTED_EDGE('',*,*,#1218,.F.);
#1591=ORIENTED_EDGE('',*,*,#1262,.T.);
#1592=ORIENTED_EDGE('',*,*,#1263,.F.);
#1593=ORIENTED_EDGE('',*,*,#1262,.F.);
#1594=ORIENTED_EDGE('',*,*,#1217,.F.);
#1595=ORIENTED_EDGE('',*,*,#1264,.T.);
#1596=ORIENTED_EDGE('',*,*,#1265,.F.);
#1597=ORIENTED_EDGE('',*,*,#1264,.F.);
#1598=ORIENTED_EDGE('',*,*,#1216,.F.);
#1599=ORIENTED_EDGE('',*,*,#1266,.T.);
#1600=ORIENTED_EDGE('',*,*,#1267,.F.);
#1601=ORIENTED_EDGE('',*,*,#1266,.F.);
#1602=ORIENTED_EDGE('',*,*,#1215,.F.);
#1603=ORIENTED_EDGE('',*,*,#1268,.T.);
#1604=ORIENTED_EDGE('',*,*,#1269,.F.);
#1605=ORIENTED_EDGE('',*,*,#1268,.F.);
#1606=ORIENTED_EDGE('',*,*,#1214,.F.);
#1607=ORIENTED_EDGE('',*,*,#1270,.T.);
#1608=ORIENTED_EDGE('',*,*,#1271,.F.);
#1609=ORIENTED_EDGE('',*,*,#1270,.F.);
#1610=ORIENTED_EDGE('',*,*,#1213,.F.);
#1611=ORIENTED_EDGE('',*,*,#1272,.T.);
#1612=ORIENTED_EDGE('',*,*,#1273,.F.);
#1613=ORIENTED_EDGE('',*,*,#1272,.F.);
#1614=ORIENTED_EDGE('',*,*,#1212,.F.);
#1615=ORIENTED_EDGE('',*,*,#1274,.T.);
#1616=ORIENTED_EDGE('',*,*,#1275,.F.);
#1617=ORIENTED_EDGE('',*,*,#1274,.F.);
#1618=ORIENTED_EDGE('',*,*,#1211,.F.);
#1619=ORIENTED_EDGE('',*,*,#1276,.T.);
#1620=ORIENTED_EDGE('',*,*,#1277,.F.);
#1621=ORIENTED_EDGE('',*,*,#1276,.F.);
#1622=ORIENTED_EDGE('',*,*,#1210,.F.);
#1623=ORIENTED_EDGE('',*,*,#1278,.T.);
#1624=ORIENTED_EDGE('',*,*,#1279,.F.);
#1625=ORIENTED_EDGE('',*,*,#1278,.F.);
#1626=ORIENTED_EDGE('',*,*,#1209,.F.);
#1627=ORIENTED_EDGE('',*,*,#1280,.T.);
#1628=ORIENTED_EDGE('',*,*,#1281,.F.);
#1629=ORIENTED_EDGE('',*,*,#1280,.F.);
#1630=ORIENTED_EDGE('',*,*,#1208,.F.);
#1631=ORIENTED_EDGE('',*,*,#1282,.T.);
#1632=ORIENTED_EDGE('',*,*,#1283,.F.);
#1633=ORIENTED_EDGE('',*,*,#1282,.F.);
#1634=ORIENTED_EDGE('',*,*,#1207,.F.);
#1635=ORIENTED_EDGE('',*,*,#1284,.T.);
#1636=ORIENTED_EDGE('',*,*,#1285,.F.);
#1637=ORIENTED_EDGE('',*,*,#1284,.F.);
#1638=ORIENTED_EDGE('',*,*,#1206,.F.);
#1639=ORIENTED_EDGE('',*,*,#1286,.T.);
#1640=ORIENTED_EDGE('',*,*,#1287,.F.);
#1641=ORIENTED_EDGE('',*,*,#1286,.F.);
#1642=ORIENTED_EDGE('',*,*,#1205,.F.);
#1643=ORIENTED_EDGE('',*,*,#1288,.T.);
#1644=ORIENTED_EDGE('',*,*,#1289,.F.);
#1645=ORIENTED_EDGE('',*,*,#1288,.F.);
#1646=ORIENTED_EDGE('',*,*,#1204,.F.);
#1647=ORIENTED_EDGE('',*,*,#1290,.T.);
#1648=ORIENTED_EDGE('',*,*,#1291,.F.);
#1649=ORIENTED_EDGE('',*,*,#1290,.F.);
#1650=ORIENTED_EDGE('',*,*,#1203,.F.);
#1651=ORIENTED_EDGE('',*,*,#1292,.T.);
#1652=ORIENTED_EDGE('',*,*,#1293,.F.);
#1653=ORIENTED_EDGE('',*,*,#1292,.F.);
#1654=ORIENTED_EDGE('',*,*,#1202,.F.);
#1655=ORIENTED_EDGE('',*,*,#1294,.T.);
#1656=ORIENTED_EDGE('',*,*,#1295,.F.);
#1657=ORIENTED_EDGE('',*,*,#1294,.F.);
#1658=ORIENTED_EDGE('',*,*,#1201,.F.);
#1659=ORIENTED_EDGE('',*,*,#1296,.T.);
#1660=ORIENTED_EDGE('',*,*,#1297,.F.);
#1661=ORIENTED_EDGE('',*,*,#1296,.F.);
#1662=ORIENTED_EDGE('',*,*,#1200,.F.);
#1663=ORIENTED_EDGE('',*,*,#1298,.T.);
#1664=ORIENTED_EDGE('',*,*,#1299,.F.);
#1665=ORIENTED_EDGE('',*,*,#1298,.F.);
#1666=ORIENTED_EDGE('',*,*,#1199,.F.);
#1667=ORIENTED_EDGE('',*,*,#1300,.T.);
#1668=ORIENTED_EDGE('',*,*,#1301,.F.);
#1669=ORIENTED_EDGE('',*,*,#1300,.F.);
#1670=ORIENTED_EDGE('',*,*,#1198,.F.);
#1671=ORIENTED_EDGE('',*,*,#1302,.T.);
#1672=ORIENTED_EDGE('',*,*,#1303,.F.);
#1673=ORIENTED_EDGE('',*,*,#1302,.F.);
#1674=ORIENTED_EDGE('',*,*,#1197,.F.);
#1675=ORIENTED_EDGE('',*,*,#1304,.T.);
#1676=ORIENTED_EDGE('',*,*,#1305,.F.);
#1677=ORIENTED_EDGE('',*,*,#1304,.F.);
#1678=ORIENTED_EDGE('',*,*,#1196,.F.);
#1679=ORIENTED_EDGE('',*,*,#1306,.T.);
#1680=ORIENTED_EDGE('',*,*,#1307,.F.);
#1681=ORIENTED_EDGE('',*,*,#1306,.F.);
#1682=ORIENTED_EDGE('',*,*,#1195,.F.);
#1683=ORIENTED_EDGE('',*,*,#1308,.T.);
#1684=ORIENTED_EDGE('',*,*,#1309,.F.);
#1685=ORIENTED_EDGE('',*,*,#1308,.F.);
#1686=ORIENTED_EDGE('',*,*,#1194,.F.);
#1687=ORIENTED_EDGE('',*,*,#1310,.T.);
#1688=ORIENTED_EDGE('',*,*,#1311,.F.);
#1689=ORIENTED_EDGE('',*,*,#1310,.F.);
#1690=ORIENTED_EDGE('',*,*,#1193,.F.);
#1691=ORIENTED_EDGE('',*,*,#1312,.T.);
#1692=ORIENTED_EDGE('',*,*,#1313,.F.);
#1693=ORIENTED_EDGE('',*,*,#1312,.F.);
#1694=ORIENTED_EDGE('',*,*,#1192,.F.);
#1695=ORIENTED_EDGE('',*,*,#1314,.T.);
#1696=ORIENTED_EDGE('',*,*,#1315,.F.);
#1697=ORIENTED_EDGE('',*,*,#1314,.F.);
#1698=ORIENTED_EDGE('',*,*,#1143,.T.);
#1699=ORIENTED_EDGE('',*,*,#1316,.T.);
#1700=ORIENTED_EDGE('',*,*,#1317,.F.);
#1701=ORIENTED_EDGE('',*,*,#1186,.F.);
#1702=ORIENTED_EDGE('',*,*,#1317,.T.);
#1703=ORIENTED_EDGE('',*,*,#1318,.T.);
#1704=ORIENTED_EDGE('',*,*,#1176,.T.);
#1705=ORIENTED_EDGE('',*,*,#1187,.F.);
#1706=ORIENTED_EDGE('',*,*,#1170,.T.);
#1707=ORIENTED_EDGE('',*,*,#1183,.F.);
#1708=ORIENTED_EDGE('',*,*,#1319,.T.);
#1709=ORIENTED_EDGE('',*,*,#1320,.T.);
#1710=ORIENTED_EDGE('',*,*,#1321,.F.);
#1711=ORIENTED_EDGE('',*,*,#1133,.T.);
#1712=ORIENTED_EDGE('',*,*,#1165,.T.);
#1713=ORIENTED_EDGE('',*,*,#1322,.F.);
#1714=ORIENTED_EDGE('',*,*,#1323,.F.);
#1715=ORIENTED_EDGE('',*,*,#1160,.T.);
#1716=ORIENTED_EDGE('',*,*,#1180,.T.);
#1717=ORIENTED_EDGE('',*,*,#1324,.F.);
#1718=ORIENTED_EDGE('',*,*,#1325,.F.);
#1719=ORIENTED_EDGE('',*,*,#1140,.T.);
#1720=ORIENTED_EDGE('',*,*,#1168,.T.);
#1721=ORIENTED_EDGE('',*,*,#1326,.F.);
#1722=ORIENTED_EDGE('',*,*,#1327,.F.);
#1723=ORIENTED_EDGE('',*,*,#1156,.T.);
#1724=ORIENTED_EDGE('',*,*,#1154,.T.);
#1725=ORIENTED_EDGE('',*,*,#1171,.T.);
#1726=ORIENTED_EDGE('',*,*,#1320,.F.);
#1727=ORIENTED_EDGE('',*,*,#1328,.F.);
#1728=ORIENTED_EDGE('',*,*,#1174,.T.);
#1729=ORIENTED_EDGE('',*,*,#1329,.F.);
#1730=ORIENTED_EDGE('',*,*,#1330,.F.);
#1731=ORIENTED_EDGE('',*,*,#1148,.T.);
#1732=ORIENTED_EDGE('',*,*,#1146,.T.);
#1733=ORIENTED_EDGE('',*,*,#1177,.T.);
#1734=ORIENTED_EDGE('',*,*,#1318,.F.);
#1735=ORIENTED_EDGE('',*,*,#1316,.F.);
#1736=ORIENTED_EDGE('',*,*,#1331,.T.);
#1737=ORIENTED_EDGE('',*,*,#1332,.T.);
#1738=ORIENTED_EDGE('',*,*,#1333,.T.);
#1739=ORIENTED_EDGE('',*,*,#1334,.T.);
#1740=ORIENTED_EDGE('',*,*,#1335,.T.);
#1741=ORIENTED_EDGE('',*,*,#1336,.T.);
#1742=ORIENTED_EDGE('',*,*,#1337,.T.);
#1743=ORIENTED_EDGE('',*,*,#1338,.T.);
#1744=ORIENTED_EDGE('',*,*,#1339,.T.);
#1745=ORIENTED_EDGE('',*,*,#1340,.T.);
#1746=ORIENTED_EDGE('',*,*,#1341,.T.);
#1747=ORIENTED_EDGE('',*,*,#1342,.T.);
#1748=ORIENTED_EDGE('',*,*,#1343,.T.);
#1749=ORIENTED_EDGE('',*,*,#1344,.T.);
#1750=ORIENTED_EDGE('',*,*,#1345,.T.);
#1751=ORIENTED_EDGE('',*,*,#1346,.T.);
#1752=ORIENTED_EDGE('',*,*,#1347,.T.);
#1753=ORIENTED_EDGE('',*,*,#1348,.T.);
#1754=ORIENTED_EDGE('',*,*,#1349,.T.);
#1755=ORIENTED_EDGE('',*,*,#1350,.T.);
#1756=ORIENTED_EDGE('',*,*,#1351,.T.);
#1757=ORIENTED_EDGE('',*,*,#1352,.T.);
#1758=ORIENTED_EDGE('',*,*,#1353,.T.);
#1759=ORIENTED_EDGE('',*,*,#1354,.T.);
#1760=ORIENTED_EDGE('',*,*,#1355,.T.);
#1761=ORIENTED_EDGE('',*,*,#1356,.T.);
#1762=ORIENTED_EDGE('',*,*,#1357,.T.);
#1763=ORIENTED_EDGE('',*,*,#1358,.T.);
#1764=ORIENTED_EDGE('',*,*,#1359,.T.);
#1765=ORIENTED_EDGE('',*,*,#1360,.T.);
#1766=ORIENTED_EDGE('',*,*,#1257,.T.);
#1767=ORIENTED_EDGE('',*,*,#1259,.T.);
#1768=ORIENTED_EDGE('',*,*,#1261,.T.);
#1769=ORIENTED_EDGE('',*,*,#1263,.T.);
#1770=ORIENTED_EDGE('',*,*,#1265,.T.);
#1771=ORIENTED_EDGE('',*,*,#1267,.T.);
#1772=ORIENTED_EDGE('',*,*,#1269,.T.);
#1773=ORIENTED_EDGE('',*,*,#1271,.T.);
#1774=ORIENTED_EDGE('',*,*,#1273,.T.);
#1775=ORIENTED_EDGE('',*,*,#1275,.T.);
#1776=ORIENTED_EDGE('',*,*,#1277,.T.);
#1777=ORIENTED_EDGE('',*,*,#1279,.T.);
#1778=ORIENTED_EDGE('',*,*,#1281,.T.);
#1779=ORIENTED_EDGE('',*,*,#1283,.T.);
#1780=ORIENTED_EDGE('',*,*,#1285,.T.);
#1781=ORIENTED_EDGE('',*,*,#1287,.T.);
#1782=ORIENTED_EDGE('',*,*,#1289,.T.);
#1783=ORIENTED_EDGE('',*,*,#1291,.T.);
#1784=ORIENTED_EDGE('',*,*,#1293,.T.);
#1785=ORIENTED_EDGE('',*,*,#1295,.T.);
#1786=ORIENTED_EDGE('',*,*,#1297,.T.);
#1787=ORIENTED_EDGE('',*,*,#1299,.T.);
#1788=ORIENTED_EDGE('',*,*,#1301,.T.);
#1789=ORIENTED_EDGE('',*,*,#1303,.T.);
#1790=ORIENTED_EDGE('',*,*,#1305,.T.);
#1791=ORIENTED_EDGE('',*,*,#1307,.T.);
#1792=ORIENTED_EDGE('',*,*,#1309,.T.);
#1793=ORIENTED_EDGE('',*,*,#1311,.T.);
#1794=ORIENTED_EDGE('',*,*,#1313,.T.);
#1795=ORIENTED_EDGE('',*,*,#1315,.T.);
#1796=ORIENTED_EDGE('',*,*,#1181,.F.);
#1797=ORIENTED_EDGE('',*,*,#1361,.T.);
#1798=ORIENTED_EDGE('',*,*,#1321,.T.);
#1799=ORIENTED_EDGE('',*,*,#1361,.F.);
#1800=ORIENTED_EDGE('',*,*,#1141,.T.);
#1801=ORIENTED_EDGE('',*,*,#1325,.T.);
#1802=ORIENTED_EDGE('',*,*,#1362,.F.);
#1803=ORIENTED_EDGE('',*,*,#1190,.F.);
#1804=ORIENTED_EDGE('',*,*,#1149,.T.);
#1805=ORIENTED_EDGE('',*,*,#1330,.T.);
#1806=ORIENTED_EDGE('',*,*,#1363,.F.);
#1807=ORIENTED_EDGE('',*,*,#1252,.F.);
#1808=ORIENTED_EDGE('',*,*,#1363,.T.);
#1809=ORIENTED_EDGE('',*,*,#1329,.T.);
#1810=ORIENTED_EDGE('',*,*,#1173,.T.);
#1811=ORIENTED_EDGE('',*,*,#1253,.F.);
#1812=ORIENTED_EDGE('',*,*,#1157,.T.);
#1813=ORIENTED_EDGE('',*,*,#1327,.T.);
#1814=ORIENTED_EDGE('',*,*,#1364,.F.);
#1815=ORIENTED_EDGE('',*,*,#1188,.F.);
#1816=ORIENTED_EDGE('',*,*,#1364,.T.);
#1817=ORIENTED_EDGE('',*,*,#1326,.T.);
#1818=ORIENTED_EDGE('',*,*,#1167,.T.);
#1819=ORIENTED_EDGE('',*,*,#1189,.F.);
#1820=ORIENTED_EDGE('',*,*,#1362,.T.);
#1821=ORIENTED_EDGE('',*,*,#1324,.T.);
#1822=ORIENTED_EDGE('',*,*,#1179,.T.);
#1823=ORIENTED_EDGE('',*,*,#1191,.F.);
#1824=ORIENTED_EDGE('',*,*,#1161,.T.);
#1825=ORIENTED_EDGE('',*,*,#1323,.T.);
#1826=ORIENTED_EDGE('',*,*,#1365,.F.);
#1827=ORIENTED_EDGE('',*,*,#1184,.F.);
#1828=ORIENTED_EDGE('',*,*,#1151,.T.);
#1829=ORIENTED_EDGE('',*,*,#1328,.T.);
#1830=ORIENTED_EDGE('',*,*,#1319,.F.);
#1831=ORIENTED_EDGE('',*,*,#1182,.F.);
#1832=ORIENTED_EDGE('',*,*,#1365,.T.);
#1833=ORIENTED_EDGE('',*,*,#1322,.T.);
#1834=ORIENTED_EDGE('',*,*,#1164,.T.);
#1835=ORIENTED_EDGE('',*,*,#1185,.F.);
#1836=ORIENTED_EDGE('',*,*,#1254,.T.);
#1837=ORIENTED_EDGE('',*,*,#1120,.T.);
#1838=ORIENTED_EDGE('',*,*,#1222,.F.);
#1839=ORIENTED_EDGE('',*,*,#1366,.T.);
#1840=ORIENTED_EDGE('',*,*,#1360,.F.);
#1841=ORIENTED_EDGE('',*,*,#1366,.F.);
#1842=ORIENTED_EDGE('',*,*,#1223,.F.);
#1843=ORIENTED_EDGE('',*,*,#1367,.T.);
#1844=ORIENTED_EDGE('',*,*,#1359,.F.);
#1845=ORIENTED_EDGE('',*,*,#1367,.F.);
#1846=ORIENTED_EDGE('',*,*,#1224,.F.);
#1847=ORIENTED_EDGE('',*,*,#1368,.T.);
#1848=ORIENTED_EDGE('',*,*,#1358,.F.);
#1849=ORIENTED_EDGE('',*,*,#1368,.F.);
#1850=ORIENTED_EDGE('',*,*,#1225,.F.);
#1851=ORIENTED_EDGE('',*,*,#1369,.T.);
#1852=ORIENTED_EDGE('',*,*,#1357,.F.);
#1853=ORIENTED_EDGE('',*,*,#1369,.F.);
#1854=ORIENTED_EDGE('',*,*,#1226,.F.);
#1855=ORIENTED_EDGE('',*,*,#1370,.T.);
#1856=ORIENTED_EDGE('',*,*,#1356,.F.);
#1857=ORIENTED_EDGE('',*,*,#1370,.F.);
#1858=ORIENTED_EDGE('',*,*,#1227,.F.);
#1859=ORIENTED_EDGE('',*,*,#1371,.T.);
#1860=ORIENTED_EDGE('',*,*,#1355,.F.);
#1861=ORIENTED_EDGE('',*,*,#1371,.F.);
#1862=ORIENTED_EDGE('',*,*,#1228,.F.);
#1863=ORIENTED_EDGE('',*,*,#1372,.T.);
#1864=ORIENTED_EDGE('',*,*,#1354,.F.);
#1865=ORIENTED_EDGE('',*,*,#1372,.F.);
#1866=ORIENTED_EDGE('',*,*,#1229,.F.);
#1867=ORIENTED_EDGE('',*,*,#1373,.T.);
#1868=ORIENTED_EDGE('',*,*,#1353,.F.);
#1869=ORIENTED_EDGE('',*,*,#1373,.F.);
#1870=ORIENTED_EDGE('',*,*,#1230,.F.);
#1871=ORIENTED_EDGE('',*,*,#1374,.T.);
#1872=ORIENTED_EDGE('',*,*,#1352,.F.);
#1873=ORIENTED_EDGE('',*,*,#1374,.F.);
#1874=ORIENTED_EDGE('',*,*,#1231,.F.);
#1875=ORIENTED_EDGE('',*,*,#1375,.T.);
#1876=ORIENTED_EDGE('',*,*,#1351,.F.);
#1877=ORIENTED_EDGE('',*,*,#1375,.F.);
#1878=ORIENTED_EDGE('',*,*,#1232,.F.);
#1879=ORIENTED_EDGE('',*,*,#1376,.T.);
#1880=ORIENTED_EDGE('',*,*,#1350,.F.);
#1881=ORIENTED_EDGE('',*,*,#1376,.F.);
#1882=ORIENTED_EDGE('',*,*,#1233,.F.);
#1883=ORIENTED_EDGE('',*,*,#1377,.T.);
#1884=ORIENTED_EDGE('',*,*,#1349,.F.);
#1885=ORIENTED_EDGE('',*,*,#1377,.F.);
#1886=ORIENTED_EDGE('',*,*,#1234,.F.);
#1887=ORIENTED_EDGE('',*,*,#1378,.T.);
#1888=ORIENTED_EDGE('',*,*,#1348,.F.);
#1889=ORIENTED_EDGE('',*,*,#1378,.F.);
#1890=ORIENTED_EDGE('',*,*,#1235,.F.);
#1891=ORIENTED_EDGE('',*,*,#1379,.T.);
#1892=ORIENTED_EDGE('',*,*,#1347,.F.);
#1893=ORIENTED_EDGE('',*,*,#1379,.F.);
#1894=ORIENTED_EDGE('',*,*,#1236,.F.);
#1895=ORIENTED_EDGE('',*,*,#1380,.T.);
#1896=ORIENTED_EDGE('',*,*,#1346,.F.);
#1897=ORIENTED_EDGE('',*,*,#1380,.F.);
#1898=ORIENTED_EDGE('',*,*,#1237,.F.);
#1899=ORIENTED_EDGE('',*,*,#1381,.T.);
#1900=ORIENTED_EDGE('',*,*,#1345,.F.);
#1901=ORIENTED_EDGE('',*,*,#1381,.F.);
#1902=ORIENTED_EDGE('',*,*,#1238,.F.);
#1903=ORIENTED_EDGE('',*,*,#1382,.T.);
#1904=ORIENTED_EDGE('',*,*,#1344,.F.);
#1905=ORIENTED_EDGE('',*,*,#1382,.F.);
#1906=ORIENTED_EDGE('',*,*,#1239,.F.);
#1907=ORIENTED_EDGE('',*,*,#1383,.T.);
#1908=ORIENTED_EDGE('',*,*,#1343,.F.);
#1909=ORIENTED_EDGE('',*,*,#1383,.F.);
#1910=ORIENTED_EDGE('',*,*,#1240,.F.);
#1911=ORIENTED_EDGE('',*,*,#1384,.T.);
#1912=ORIENTED_EDGE('',*,*,#1342,.F.);
#1913=ORIENTED_EDGE('',*,*,#1384,.F.);
#1914=ORIENTED_EDGE('',*,*,#1241,.F.);
#1915=ORIENTED_EDGE('',*,*,#1385,.T.);
#1916=ORIENTED_EDGE('',*,*,#1341,.F.);
#1917=ORIENTED_EDGE('',*,*,#1385,.F.);
#1918=ORIENTED_EDGE('',*,*,#1242,.F.);
#1919=ORIENTED_EDGE('',*,*,#1386,.T.);
#1920=ORIENTED_EDGE('',*,*,#1340,.F.);
#1921=ORIENTED_EDGE('',*,*,#1386,.F.);
#1922=ORIENTED_EDGE('',*,*,#1243,.F.);
#1923=ORIENTED_EDGE('',*,*,#1387,.T.);
#1924=ORIENTED_EDGE('',*,*,#1339,.F.);
#1925=ORIENTED_EDGE('',*,*,#1387,.F.);
#1926=ORIENTED_EDGE('',*,*,#1244,.F.);
#1927=ORIENTED_EDGE('',*,*,#1388,.T.);
#1928=ORIENTED_EDGE('',*,*,#1338,.F.);
#1929=ORIENTED_EDGE('',*,*,#1388,.F.);
#1930=ORIENTED_EDGE('',*,*,#1245,.F.);
#1931=ORIENTED_EDGE('',*,*,#1389,.T.);
#1932=ORIENTED_EDGE('',*,*,#1337,.F.);
#1933=ORIENTED_EDGE('',*,*,#1389,.F.);
#1934=ORIENTED_EDGE('',*,*,#1246,.F.);
#1935=ORIENTED_EDGE('',*,*,#1390,.T.);
#1936=ORIENTED_EDGE('',*,*,#1336,.F.);
#1937=ORIENTED_EDGE('',*,*,#1390,.F.);
#1938=ORIENTED_EDGE('',*,*,#1247,.F.);
#1939=ORIENTED_EDGE('',*,*,#1391,.T.);
#1940=ORIENTED_EDGE('',*,*,#1335,.F.);
#1941=ORIENTED_EDGE('',*,*,#1391,.F.);
#1942=ORIENTED_EDGE('',*,*,#1248,.F.);
#1943=ORIENTED_EDGE('',*,*,#1392,.T.);
#1944=ORIENTED_EDGE('',*,*,#1334,.F.);
#1945=ORIENTED_EDGE('',*,*,#1392,.F.);
#1946=ORIENTED_EDGE('',*,*,#1249,.F.);
#1947=ORIENTED_EDGE('',*,*,#1393,.T.);
#1948=ORIENTED_EDGE('',*,*,#1333,.F.);
#1949=ORIENTED_EDGE('',*,*,#1393,.F.);
#1950=ORIENTED_EDGE('',*,*,#1250,.F.);
#1951=ORIENTED_EDGE('',*,*,#1394,.T.);
#1952=ORIENTED_EDGE('',*,*,#1332,.F.);
#1953=ORIENTED_EDGE('',*,*,#1394,.F.);
#1954=ORIENTED_EDGE('',*,*,#1251,.F.);
#1955=ORIENTED_EDGE('',*,*,#1395,.T.);
#1956=ORIENTED_EDGE('',*,*,#1331,.F.);
#1957=ORIENTED_EDGE('',*,*,#1395,.F.);
#1958=CYLINDRICAL_SURFACE('',#2145,8.05);
#1959=CYLINDRICAL_SURFACE('',#2150,2.575);
#1960=CYLINDRICAL_SURFACE('',#2152,1.75);
#1961=CYLINDRICAL_SURFACE('',#2156,1.75);
#1962=CYLINDRICAL_SURFACE('',#2160,1.75);
#1963=CYLINDRICAL_SURFACE('',#2164,1.75);
#1964=CYLINDRICAL_SURFACE('',#2168,16.075);
#1965=CYLINDRICAL_SURFACE('',#2175,21.);
#1966=CYLINDRICAL_SURFACE('',#2178,21.);
#1967=CYLINDRICAL_SURFACE('',#2181,21.);
#1968=CYLINDRICAL_SURFACE('',#2184,21.);
#1969=CYLINDRICAL_SURFACE('',#2187,21.);
#1970=CYLINDRICAL_SURFACE('',#2190,21.);
#1971=CYLINDRICAL_SURFACE('',#2267,9.);
#1972=CYLINDRICAL_SURFACE('',#2269,1.75);
#1973=CYLINDRICAL_SURFACE('',#2271,1.75);
#1974=CYLINDRICAL_SURFACE('',#2273,1.75);
#1975=CYLINDRICAL_SURFACE('',#2275,1.75);
#1976=CYLINDRICAL_SURFACE('',#2277,1.75);
#1977=CYLINDRICAL_SURFACE('',#2279,1.75);
#1978=CYLINDRICAL_SURFACE('',#2281,1.75);
#1979=CYLINDRICAL_SURFACE('',#2283,1.75);
#1980=CYLINDRICAL_SURFACE('',#2285,1.75);
#1981=CYLINDRICAL_SURFACE('',#2287,1.75);
#1982=CYLINDRICAL_SURFACE('',#2289,1.75);
#1983=CYLINDRICAL_SURFACE('',#2291,1.75);
#1984=CYLINDRICAL_SURFACE('',#2293,1.75);
#1985=CYLINDRICAL_SURFACE('',#2295,1.75);
#1986=CYLINDRICAL_SURFACE('',#2297,1.75);
#1987=CYLINDRICAL_SURFACE('',#2299,1.75);
#1988=CYLINDRICAL_SURFACE('',#2301,1.75);
#1989=CYLINDRICAL_SURFACE('',#2303,1.75);
#1990=CYLINDRICAL_SURFACE('',#2305,1.75);
#1991=CYLINDRICAL_SURFACE('',#2307,1.75);
#1992=CYLINDRICAL_SURFACE('',#2309,1.75);
#1993=CYLINDRICAL_SURFACE('',#2311,1.75);
#1994=CYLINDRICAL_SURFACE('',#2313,1.75);
#1995=CYLINDRICAL_SURFACE('',#2315,1.75);
#1996=CYLINDRICAL_SURFACE('',#2317,1.75);
#1997=CYLINDRICAL_SURFACE('',#2319,1.75);
#1998=CYLINDRICAL_SURFACE('',#2321,1.75);
#1999=CYLINDRICAL_SURFACE('',#2323,1.75);
#2000=CYLINDRICAL_SURFACE('',#2325,1.75);
#2001=CYLINDRICAL_SURFACE('',#2327,1.75);
#2002=CYLINDRICAL_SURFACE('',#2330,75.);
#2003=CYLINDRICAL_SURFACE('',#2332,75.);
#2004=CYLINDRICAL_SURFACE('',#2370,82.5);
#2005=CYLINDRICAL_SURFACE('',#2373,75.);
#2006=CYLINDRICAL_SURFACE('',#2375,75.);
#2007=CYLINDRICAL_SURFACE('',#2376,75.);
#2008=CYLINDRICAL_SURFACE('',#2379,75.);
#2009=CYLINDRICAL_SURFACE('',#2381,1.75);
#2010=CYLINDRICAL_SURFACE('',#2382,1.75);
#2011=CYLINDRICAL_SURFACE('',#2383,1.75);
#2012=CYLINDRICAL_SURFACE('',#2384,1.75);
#2013=CYLINDRICAL_SURFACE('',#2385,1.75);
#2014=CYLINDRICAL_SURFACE('',#2386,1.75);
#2015=CYLINDRICAL_SURFACE('',#2387,1.75);
#2016=CYLINDRICAL_SURFACE('',#2388,1.75);
#2017=CYLINDRICAL_SURFACE('',#2389,1.75);
#2018=CYLINDRICAL_SURFACE('',#2390,1.75);
#2019=CYLINDRICAL_SURFACE('',#2391,1.75);
#2020=CYLINDRICAL_SURFACE('',#2392,1.75);
#2021=CYLINDRICAL_SURFACE('',#2393,1.75);
#2022=CYLINDRICAL_SURFACE('',#2394,1.75);
#2023=CYLINDRICAL_SURFACE('',#2395,1.75);
#2024=CYLINDRICAL_SURFACE('',#2396,1.75);
#2025=CYLINDRICAL_SURFACE('',#2397,1.75);
#2026=CYLINDRICAL_SURFACE('',#2398,1.75);
#2027=CYLINDRICAL_SURFACE('',#2399,1.75);
#2028=CYLINDRICAL_SURFACE('',#2400,1.75);
#2029=CYLINDRICAL_SURFACE('',#2401,1.75);
#2030=CYLINDRICAL_SURFACE('',#2402,1.75);
#2031=CYLINDRICAL_SURFACE('',#2403,1.75);
#2032=CYLINDRICAL_SURFACE('',#2404,1.75);
#2033=CYLINDRICAL_SURFACE('',#2405,1.75);
#2034=CYLINDRICAL_SURFACE('',#2406,1.75);
#2035=CYLINDRICAL_SURFACE('',#2407,1.75);
#2036=CYLINDRICAL_SURFACE('',#2408,1.75);
#2037=CYLINDRICAL_SURFACE('',#2409,1.75);
#2038=CYLINDRICAL_SURFACE('',#2410,1.75);
#2039=ADVANCED_FACE('',(#182),#1958,.F.);
#2040=ADVANCED_FACE('',(#183,#20),#161,.F.);
#2041=ADVANCED_FACE('',(#184),#1959,.F.);
#2042=ADVANCED_FACE('',(#185),#1960,.F.);
#2043=ADVANCED_FACE('',(#186),#162,.T.);
#2044=ADVANCED_FACE('',(#187),#1961,.F.);
#2045=ADVANCED_FACE('',(#188),#163,.T.);
#2046=ADVANCED_FACE('',(#189),#1962,.F.);
#2047=ADVANCED_FACE('',(#190),#164,.T.);
#2048=ADVANCED_FACE('',(#191),#1963,.F.);
#2049=ADVANCED_FACE('',(#192),#165,.T.);
#2050=ADVANCED_FACE('',(#193),#1964,.F.);
#2051=ADVANCED_FACE('',(#194,#21,#22,#23,#24,#25),#166,.T.);
#2052=ADVANCED_FACE('',(#195),#19,.T.);
#2053=ADVANCED_FACE('',(#196),#1965,.T.);
#2054=ADVANCED_FACE('',(#197),#1966,.T.);
#2055=ADVANCED_FACE('',(#198),#1967,.T.);
#2056=ADVANCED_FACE('',(#199),#1968,.T.);
#2057=ADVANCED_FACE('',(#200),#1969,.T.);
#2058=ADVANCED_FACE('',(#201),#1970,.T.);
#2059=ADVANCED_FACE('',(#202),#167,.T.);
#2060=ADVANCED_FACE('',(#203),#168,.T.);
#2061=ADVANCED_FACE('',(#204),#169,.T.);
#2062=ADVANCED_FACE('',(#205),#170,.T.);
#2063=ADVANCED_FACE('',(#206),#171,.T.);
#2064=ADVANCED_FACE('',(#207),#172,.T.);
#2065=ADVANCED_FACE('',(#208,#26,#27,#28,#29,#30,#31,#32,#33,#34,#35,#36,
#37,#38,#39,#40,#41,#42,#43,#44,#45,#46,#47,#48,#49,#50,#51,#52,#53,#54,
#55,#56,#57,#58,#59,#60,#61,#62,#63,#64,#65,#66,#67,#68,#69,#70,#71,#72,
#73,#74,#75,#76,#77,#78,#79,#80,#81,#82,#83,#84,#85,#86,#87,#88,#89,#90,
#91,#92),#173,.T.);
#2066=ADVANCED_FACE('',(#209),#1971,.T.);
#2067=ADVANCED_FACE('',(#210),#1972,.F.);
#2068=ADVANCED_FACE('',(#211),#1973,.F.);
#2069=ADVANCED_FACE('',(#212),#1974,.F.);
#2070=ADVANCED_FACE('',(#213),#1975,.F.);
#2071=ADVANCED_FACE('',(#214),#1976,.F.);
#2072=ADVANCED_FACE('',(#215),#1977,.F.);
#2073=ADVANCED_FACE('',(#216),#1978,.F.);
#2074=ADVANCED_FACE('',(#217),#1979,.F.);
#2075=ADVANCED_FACE('',(#218),#1980,.F.);
#2076=ADVANCED_FACE('',(#219),#1981,.F.);
#2077=ADVANCED_FACE('',(#220),#1982,.F.);
#2078=ADVANCED_FACE('',(#221),#1983,.F.);
#2079=ADVANCED_FACE('',(#222),#1984,.F.);
#2080=ADVANCED_FACE('',(#223),#1985,.F.);
#2081=ADVANCED_FACE('',(#224),#1986,.F.);
#2082=ADVANCED_FACE('',(#225),#1987,.F.);
#2083=ADVANCED_FACE('',(#226),#1988,.F.);
#2084=ADVANCED_FACE('',(#227),#1989,.F.);
#2085=ADVANCED_FACE('',(#228),#1990,.F.);
#2086=ADVANCED_FACE('',(#229),#1991,.F.);
#2087=ADVANCED_FACE('',(#230),#1992,.F.);
#2088=ADVANCED_FACE('',(#231),#1993,.F.);
#2089=ADVANCED_FACE('',(#232),#1994,.F.);
#2090=ADVANCED_FACE('',(#233),#1995,.F.);
#2091=ADVANCED_FACE('',(#234),#1996,.F.);
#2092=ADVANCED_FACE('',(#235),#1997,.F.);
#2093=ADVANCED_FACE('',(#236),#1998,.F.);
#2094=ADVANCED_FACE('',(#237),#1999,.F.);
#2095=ADVANCED_FACE('',(#238),#2000,.F.);
#2096=ADVANCED_FACE('',(#239),#2001,.F.);
#2097=ADVANCED_FACE('',(#240),#174,.T.);
#2098=ADVANCED_FACE('',(#241),#2002,.F.);
#2099=ADVANCED_FACE('',(#242),#2003,.F.);
#2100=ADVANCED_FACE('',(#243,#93,#94,#95,#96,#97,#98,#99,#100,#101,#102,
#103,#104,#105,#106,#107,#108,#109,#110,#111,#112,#113,#114,#115,#116,#117,
#118,#119,#120,#121,#122,#123,#124,#125,#126,#127,#128,#129,#130,#131,#132,
#133,#134,#135,#136,#137,#138,#139,#140,#141,#142,#143,#144,#145,#146,#147,
#148,#149,#150,#151,#152,#153,#154,#155,#156,#157,#158,#159),#175,.F.);
#2101=ADVANCED_FACE('',(#244),#2004,.T.);
#2102=ADVANCED_FACE('',(#245),#176,.T.);
#2103=ADVANCED_FACE('',(#246),#177,.T.);
#2104=ADVANCED_FACE('',(#247),#2005,.F.);
#2105=ADVANCED_FACE('',(#248),#178,.T.);
#2106=ADVANCED_FACE('',(#249),#2006,.F.);
#2107=ADVANCED_FACE('',(#250),#2007,.F.);
#2108=ADVANCED_FACE('',(#251),#179,.T.);
#2109=ADVANCED_FACE('',(#252),#180,.T.);
#2110=ADVANCED_FACE('',(#253),#2008,.F.);
#2111=ADVANCED_FACE('',(#254,#160),#181,.T.);
#2112=ADVANCED_FACE('',(#255),#2009,.F.);
#2113=ADVANCED_FACE('',(#256),#2010,.F.);
#2114=ADVANCED_FACE('',(#257),#2011,.F.);
#2115=ADVANCED_FACE('',(#258),#2012,.F.);
#2116=ADVANCED_FACE('',(#259),#2013,.F.);
#2117=ADVANCED_FACE('',(#260),#2014,.F.);
#2118=ADVANCED_FACE('',(#261),#2015,.F.);
#2119=ADVANCED_FACE('',(#262),#2016,.F.);
#2120=ADVANCED_FACE('',(#263),#2017,.F.);
#2121=ADVANCED_FACE('',(#264),#2018,.F.);
#2122=ADVANCED_FACE('',(#265),#2019,.F.);
#2123=ADVANCED_FACE('',(#266),#2020,.F.);
#2124=ADVANCED_FACE('',(#267),#2021,.F.);
#2125=ADVANCED_FACE('',(#268),#2022,.F.);
#2126=ADVANCED_FACE('',(#269),#2023,.F.);
#2127=ADVANCED_FACE('',(#270),#2024,.F.);
#2128=ADVANCED_FACE('',(#271),#2025,.F.);
#2129=ADVANCED_FACE('',(#272),#2026,.F.);
#2130=ADVANCED_FACE('',(#273),#2027,.F.);
#2131=ADVANCED_FACE('',(#274),#2028,.F.);
#2132=ADVANCED_FACE('',(#275),#2029,.F.);
#2133=ADVANCED_FACE('',(#276),#2030,.F.);
#2134=ADVANCED_FACE('',(#277),#2031,.F.);
#2135=ADVANCED_FACE('',(#278),#2032,.F.);
#2136=ADVANCED_FACE('',(#279),#2033,.F.);
#2137=ADVANCED_FACE('',(#280),#2034,.F.);
#2138=ADVANCED_FACE('',(#281),#2035,.F.);
#2139=ADVANCED_FACE('',(#282),#2036,.F.);
#2140=ADVANCED_FACE('',(#283),#2037,.F.);
#2141=ADVANCED_FACE('',(#284),#2038,.F.);
#2142=CLOSED_SHELL('',(#2039,#2040,#2041,#2042,#2043,#2044,#2045,#2046,
#2047,#2048,#2049,#2050,#2051,#2052,#2053,#2054,#2055,#2056,#2057,#2058,
#2059,#2060,#2061,#2062,#2063,#2064,#2065,#2066,#2067,#2068,#2069,#2070,
#2071,#2072,#2073,#2074,#2075,#2076,#2077,#2078,#2079,#2080,#2081,#2082,
#2083,#2084,#2085,#2086,#2087,#2088,#2089,#2090,#2091,#2092,#2093,#2094,
#2095,#2096,#2097,#2098,#2099,#2100,#2101,#2102,#2103,#2104,#2105,#2106,
#2107,#2108,#2109,#2110,#2111,#2112,#2113,#2114,#2115,#2116,#2117,#2118,
#2119,#2120,#2121,#2122,#2123,#2124,#2125,#2126,#2127,#2128,#2129,#2130,
#2131,#2132,#2133,#2134,#2135,#2136,#2137,#2138,#2139,#2140,#2141));
#2143=AXIS2_PLACEMENT_3D('',#3068,#2412,#2413);
#2144=AXIS2_PLACEMENT_3D('',#3069,#2414,#2415);
#2145=AXIS2_PLACEMENT_3D('',#3070,#2416,#2417);
#2146=AXIS2_PLACEMENT_3D('',#3072,#2418,#2419);
#2147=AXIS2_PLACEMENT_3D('',#3075,#2421,#2422);
#2148=AXIS2_PLACEMENT_3D('',#3076,#2423,#2424);
#2149=AXIS2_PLACEMENT_3D('',#3078,#2425,#2426);
#2150=AXIS2_PLACEMENT_3D('',#3079,#2427,#2428);
#2151=AXIS2_PLACEMENT_3D('',#3082,#2430,#2431);
#2152=AXIS2_PLACEMENT_3D('',#3083,#2432,#2433);
#2153=AXIS2_PLACEMENT_3D('',#3085,#2434,#2435);
#2154=AXIS2_PLACEMENT_3D('',#3088,#2437,#2438);
#2155=AXIS2_PLACEMENT_3D('',#3089,#2439,#2440);
#2156=AXIS2_PLACEMENT_3D('',#3090,#2441,#2442);
#2157=AXIS2_PLACEMENT_3D('',#3092,#2443,#2444);
#2158=AXIS2_PLACEMENT_3D('',#3095,#2446,#2447);
#2159=AXIS2_PLACEMENT_3D('',#3096,#2448,#2449);
#2160=AXIS2_PLACEMENT_3D('',#3097,#2450,#2451);
#2161=AXIS2_PLACEMENT_3D('',#3099,#2452,#2453);
#2162=AXIS2_PLACEMENT_3D('',#3102,#2455,#2456);
#2163=AXIS2_PLACEMENT_3D('',#3103,#2457,#2458);
#2164=AXIS2_PLACEMENT_3D('',#3104,#2459,#2460);
#2165=AXIS2_PLACEMENT_3D('',#3106,#2461,#2462);
#2166=AXIS2_PLACEMENT_3D('',#3109,#2464,#2465);
#2167=AXIS2_PLACEMENT_3D('',#3110,#2466,#2467);
#2168=AXIS2_PLACEMENT_3D('',#3111,#2468,#2469);
#2169=AXIS2_PLACEMENT_3D('',#3113,#2470,#2471);
#2170=AXIS2_PLACEMENT_3D('',#3116,#2473,#2474);
#2171=AXIS2_PLACEMENT_3D('',#3117,#2475,#2476);
#2172=AXIS2_PLACEMENT_3D('',#3118,#2477,#2478);
#2173=AXIS2_PLACEMENT_3D('',#3120,#2479,#2480);
#2174=AXIS2_PLACEMENT_3D('',#3123,#2482,#2483);
#2175=AXIS2_PLACEMENT_3D('',#3124,#2484,#2485);
#2176=AXIS2_PLACEMENT_3D('',#3129,#2487,#2488);
#2177=AXIS2_PLACEMENT_3D('',#3132,#2490,#2491);
#2178=AXIS2_PLACEMENT_3D('',#3133,#2492,#2493);
#2179=AXIS2_PLACEMENT_3D('',#3138,#2495,#2496);
#2180=AXIS2_PLACEMENT_3D('',#3141,#2498,#2499);
#2181=AXIS2_PLACEMENT_3D('',#3142,#2500,#2501);
#2182=AXIS2_PLACEMENT_3D('',#3147,#2503,#2504);
#2183=AXIS2_PLACEMENT_3D('',#3150,#2506,#2507);
#2184=AXIS2_PLACEMENT_3D('',#3151,#2508,#2509);
#2185=AXIS2_PLACEMENT_3D('',#3156,#2511,#2512);
#2186=AXIS2_PLACEMENT_3D('',#3159,#2514,#2515);
#2187=AXIS2_PLACEMENT_3D('',#3160,#2516,#2517);
#2188=AXIS2_PLACEMENT_3D('',#3165,#2519,#2520);
#2189=AXIS2_PLACEMENT_3D('',#3168,#2522,#2523);
#2190=AXIS2_PLACEMENT_3D('',#3169,#2524,#2525);
#2191=AXIS2_PLACEMENT_3D('',#3174,#2527,#2528);
#2192=AXIS2_PLACEMENT_3D('',#3177,#2530,#2531);
#2193=AXIS2_PLACEMENT_3D('',#3178,#2532,#2533);
#2194=AXIS2_PLACEMENT_3D('',#3184,#2537,#2538);
#2195=AXIS2_PLACEMENT_3D('',#3190,#2542,#2543);
#2196=AXIS2_PLACEMENT_3D('',#3196,#2547,#2548);
#2197=AXIS2_PLACEMENT_3D('',#3202,#2552,#2553);
#2198=AXIS2_PLACEMENT_3D('',#3208,#2557,#2558);
#2199=AXIS2_PLACEMENT_3D('',#3214,#2562,#2563);
#2200=AXIS2_PLACEMENT_3D('',#3216,#2564,#2565);
#2201=AXIS2_PLACEMENT_3D('',#3219,#2567,#2568);
#2202=AXIS2_PLACEMENT_3D('',#3222,#2570,#2571);
#2203=AXIS2_PLACEMENT_3D('',#3225,#2573,#2574);
#2204=AXIS2_PLACEMENT_3D('',#3228,#2576,#2577);
#2205=AXIS2_PLACEMENT_3D('',#3231,#2579,#2580);
#2206=AXIS2_PLACEMENT_3D('',#3233,#2581,#2582);
#2207=AXIS2_PLACEMENT_3D('',#3235,#2583,#2584);
#2208=AXIS2_PLACEMENT_3D('',#3237,#2585,#2586);
#2209=AXIS2_PLACEMENT_3D('',#3239,#2587,#2588);
#2210=AXIS2_PLACEMENT_3D('',#3241,#2589,#2590);
#2211=AXIS2_PLACEMENT_3D('',#3243,#2591,#2592);
#2212=AXIS2_PLACEMENT_3D('',#3245,#2593,#2594);
#2213=AXIS2_PLACEMENT_3D('',#3247,#2595,#2596);
#2214=AXIS2_PLACEMENT_3D('',#3249,#2597,#2598);
#2215=AXIS2_PLACEMENT_3D('',#3251,#2599,#2600);
#2216=AXIS2_PLACEMENT_3D('',#3253,#2601,#2602);
#2217=AXIS2_PLACEMENT_3D('',#3255,#2603,#2604);
#2218=AXIS2_PLACEMENT_3D('',#3257,#2605,#2606);
#2219=AXIS2_PLACEMENT_3D('',#3259,#2607,#2608);
#2220=AXIS2_PLACEMENT_3D('',#3261,#2609,#2610);
#2221=AXIS2_PLACEMENT_3D('',#3263,#2611,#2612);
#2222=AXIS2_PLACEMENT_3D('',#3265,#2613,#2614);
#2223=AXIS2_PLACEMENT_3D('',#3267,#2615,#2616);
#2224=AXIS2_PLACEMENT_3D('',#3269,#2617,#2618);
#2225=AXIS2_PLACEMENT_3D('',#3271,#2619,#2620);
#2226=AXIS2_PLACEMENT_3D('',#3273,#2621,#2622);
#2227=AXIS2_PLACEMENT_3D('',#3275,#2623,#2624);
#2228=AXIS2_PLACEMENT_3D('',#3277,#2625,#2626);
#2229=AXIS2_PLACEMENT_3D('',#3279,#2627,#2628);
#2230=AXIS2_PLACEMENT_3D('',#3281,#2629,#2630);
#2231=AXIS2_PLACEMENT_3D('',#3283,#2631,#2632);
#2232=AXIS2_PLACEMENT_3D('',#3285,#2633,#2634);
#2233=AXIS2_PLACEMENT_3D('',#3287,#2635,#2636);
#2234=AXIS2_PLACEMENT_3D('',#3289,#2637,#2638);
#2235=AXIS2_PLACEMENT_3D('',#3291,#2639,#2640);
#2236=AXIS2_PLACEMENT_3D('',#3293,#2641,#2642);
#2237=AXIS2_PLACEMENT_3D('',#3295,#2643,#2644);
#2238=AXIS2_PLACEMENT_3D('',#3297,#2645,#2646);
#2239=AXIS2_PLACEMENT_3D('',#3299,#2647,#2648);
#2240=AXIS2_PLACEMENT_3D('',#3301,#2649,#2650);
#2241=AXIS2_PLACEMENT_3D('',#3303,#2651,#2652);
#2242=AXIS2_PLACEMENT_3D('',#3305,#2653,#2654);
#2243=AXIS2_PLACEMENT_3D('',#3307,#2655,#2656);
#2244=AXIS2_PLACEMENT_3D('',#3309,#2657,#2658);
#2245=AXIS2_PLACEMENT_3D('',#3311,#2659,#2660);
#2246=AXIS2_PLACEMENT_3D('',#3313,#2661,#2662);
#2247=AXIS2_PLACEMENT_3D('',#3315,#2663,#2664);
#2248=AXIS2_PLACEMENT_3D('',#3317,#2665,#2666);
#2249=AXIS2_PLACEMENT_3D('',#3319,#2667,#2668);
#2250=AXIS2_PLACEMENT_3D('',#3321,#2669,#2670);
#2251=AXIS2_PLACEMENT_3D('',#3323,#2671,#2672);
#2252=AXIS2_PLACEMENT_3D('',#3325,#2673,#2674);
#2253=AXIS2_PLACEMENT_3D('',#3327,#2675,#2676);
#2254=AXIS2_PLACEMENT_3D('',#3329,#2677,#2678);
#2255=AXIS2_PLACEMENT_3D('',#3331,#2679,#2680);
#2256=AXIS2_PLACEMENT_3D('',#3333,#2681,#2682);
#2257=AXIS2_PLACEMENT_3D('',#3335,#2683,#2684);
#2258=AXIS2_PLACEMENT_3D('',#3337,#2685,#2686);
#2259=AXIS2_PLACEMENT_3D('',#3339,#2687,#2688);
#2260=AXIS2_PLACEMENT_3D('',#3341,#2689,#2690);
#2261=AXIS2_PLACEMENT_3D('',#3343,#2691,#2692);
#2262=AXIS2_PLACEMENT_3D('',#3345,#2693,#2694);
#2263=AXIS2_PLACEMENT_3D('',#3347,#2695,#2696);
#2264=AXIS2_PLACEMENT_3D('',#3349,#2697,#2698);
#2265=AXIS2_PLACEMENT_3D('',#3351,#2699,#2700);
#2266=AXIS2_PLACEMENT_3D('',#3354,#2702,#2703);
#2267=AXIS2_PLACEMENT_3D('',#3355,#2704,#2705);
#2268=AXIS2_PLACEMENT_3D('',#3357,#2706,#2707);
#2269=AXIS2_PLACEMENT_3D('',#3359,#2709,#2710);
#2270=AXIS2_PLACEMENT_3D('',#3362,#2712,#2713);
#2271=AXIS2_PLACEMENT_3D('',#3363,#2714,#2715);
#2272=AXIS2_PLACEMENT_3D('',#3366,#2717,#2718);
#2273=AXIS2_PLACEMENT_3D('',#3367,#2719,#2720);
#2274=AXIS2_PLACEMENT_3D('',#3370,#2722,#2723);
#2275=AXIS2_PLACEMENT_3D('',#3371,#2724,#2725);
#2276=AXIS2_PLACEMENT_3D('',#3374,#2727,#2728);
#2277=AXIS2_PLACEMENT_3D('',#3375,#2729,#2730);
#2278=AXIS2_PLACEMENT_3D('',#3378,#2732,#2733);
#2279=AXIS2_PLACEMENT_3D('',#3379,#2734,#2735);
#2280=AXIS2_PLACEMENT_3D('',#3382,#2737,#2738);
#2281=AXIS2_PLACEMENT_3D('',#3383,#2739,#2740);
#2282=AXIS2_PLACEMENT_3D('',#3386,#2742,#2743);
#2283=AXIS2_PLACEMENT_3D('',#3387,#2744,#2745);
#2284=AXIS2_PLACEMENT_3D('',#3390,#2747,#2748);
#2285=AXIS2_PLACEMENT_3D('',#3391,#2749,#2750);
#2286=AXIS2_PLACEMENT_3D('',#3394,#2752,#2753);
#2287=AXIS2_PLACEMENT_3D('',#3395,#2754,#2755);
#2288=AXIS2_PLACEMENT_3D('',#3398,#2757,#2758);
#2289=AXIS2_PLACEMENT_3D('',#3399,#2759,#2760);
#2290=AXIS2_PLACEMENT_3D('',#3402,#2762,#2763);
#2291=AXIS2_PLACEMENT_3D('',#3403,#2764,#2765);
#2292=AXIS2_PLACEMENT_3D('',#3406,#2767,#2768);
#2293=AXIS2_PLACEMENT_3D('',#3407,#2769,#2770);
#2294=AXIS2_PLACEMENT_3D('',#3410,#2772,#2773);
#2295=AXIS2_PLACEMENT_3D('',#3411,#2774,#2775);
#2296=AXIS2_PLACEMENT_3D('',#3414,#2777,#2778);
#2297=AXIS2_PLACEMENT_3D('',#3415,#2779,#2780);
#2298=AXIS2_PLACEMENT_3D('',#3418,#2782,#2783);
#2299=AXIS2_PLACEMENT_3D('',#3419,#2784,#2785);
#2300=AXIS2_PLACEMENT_3D('',#3422,#2787,#2788);
#2301=AXIS2_PLACEMENT_3D('',#3423,#2789,#2790);
#2302=AXIS2_PLACEMENT_3D('',#3426,#2792,#2793);
#2303=AXIS2_PLACEMENT_3D('',#3427,#2794,#2795);
#2304=AXIS2_PLACEMENT_3D('',#3430,#2797,#2798);
#2305=AXIS2_PLACEMENT_3D('',#3431,#2799,#2800);
#2306=AXIS2_PLACEMENT_3D('',#3434,#2802,#2803);
#2307=AXIS2_PLACEMENT_3D('',#3435,#2804,#2805);
#2308=AXIS2_PLACEMENT_3D('',#3438,#2807,#2808);
#2309=AXIS2_PLACEMENT_3D('',#3439,#2809,#2810);
#2310=AXIS2_PLACEMENT_3D('',#3442,#2812,#2813);
#2311=AXIS2_PLACEMENT_3D('',#3443,#2814,#2815);
#2312=AXIS2_PLACEMENT_3D('',#3446,#2817,#2818);
#2313=AXIS2_PLACEMENT_3D('',#3447,#2819,#2820);
#2314=AXIS2_PLACEMENT_3D('',#3450,#2822,#2823);
#2315=AXIS2_PLACEMENT_3D('',#3451,#2824,#2825);
#2316=AXIS2_PLACEMENT_3D('',#3454,#2827,#2828);
#2317=AXIS2_PLACEMENT_3D('',#3455,#2829,#2830);
#2318=AXIS2_PLACEMENT_3D('',#3458,#2832,#2833);
#2319=AXIS2_PLACEMENT_3D('',#3459,#2834,#2835);
#2320=AXIS2_PLACEMENT_3D('',#3462,#2837,#2838);
#2321=AXIS2_PLACEMENT_3D('',#3463,#2839,#2840);
#2322=AXIS2_PLACEMENT_3D('',#3466,#2842,#2843);
#2323=AXIS2_PLACEMENT_3D('',#3467,#2844,#2845);
#2324=AXIS2_PLACEMENT_3D('',#3470,#2847,#2848);
#2325=AXIS2_PLACEMENT_3D('',#3471,#2849,#2850);
#2326=AXIS2_PLACEMENT_3D('',#3474,#2852,#2853);
#2327=AXIS2_PLACEMENT_3D('',#3475,#2854,#2855);
#2328=AXIS2_PLACEMENT_3D('',#3478,#2857,#2858);
#2329=AXIS2_PLACEMENT_3D('',#3479,#2859,#2860);
#2330=AXIS2_PLACEMENT_3D('',#3483,#2863,#2864);
#2331=AXIS2_PLACEMENT_3D('',#3484,#2865,#2866);
#2332=AXIS2_PLACEMENT_3D('',#3485,#2867,#2868);
#2333=AXIS2_PLACEMENT_3D('',#3488,#2870,#2871);
#2334=AXIS2_PLACEMENT_3D('',#3489,#2872,#2873);
#2335=AXIS2_PLACEMENT_3D('',#3491,#2874,#2875);
#2336=AXIS2_PLACEMENT_3D('',#3493,#2876,#2877);
#2337=AXIS2_PLACEMENT_3D('',#3496,#2879,#2880);
#2338=AXIS2_PLACEMENT_3D('',#3499,#2882,#2883);
#2339=AXIS2_PLACEMENT_3D('',#3503,#2886,#2887);
#2340=AXIS2_PLACEMENT_3D('',#3506,#2889,#2890);
#2341=AXIS2_PLACEMENT_3D('',#3508,#2891,#2892);
#2342=AXIS2_PLACEMENT_3D('',#3510,#2893,#2894);
#2343=AXIS2_PLACEMENT_3D('',#3512,#2895,#2896);
#2344=AXIS2_PLACEMENT_3D('',#3514,#2897,#2898);
#2345=AXIS2_PLACEMENT_3D('',#3516,#2899,#2900);
#2346=AXIS2_PLACEMENT_3D('',#3518,#2901,#2902);
#2347=AXIS2_PLACEMENT_3D('',#3520,#2903,#2904);
#2348=AXIS2_PLACEMENT_3D('',#3522,#2905,#2906);
#2349=AXIS2_PLACEMENT_3D('',#3524,#2907,#2908);
#2350=AXIS2_PLACEMENT_3D('',#3526,#2909,#2910);
#2351=AXIS2_PLACEMENT_3D('',#3528,#2911,#2912);
#2352=AXIS2_PLACEMENT_3D('',#3530,#2913,#2914);
#2353=AXIS2_PLACEMENT_3D('',#3532,#2915,#2916);
#2354=AXIS2_PLACEMENT_3D('',#3534,#2917,#2918);
#2355=AXIS2_PLACEMENT_3D('',#3536,#2919,#2920);
#2356=AXIS2_PLACEMENT_3D('',#3538,#2921,#2922);
#2357=AXIS2_PLACEMENT_3D('',#3540,#2923,#2924);
#2358=AXIS2_PLACEMENT_3D('',#3542,#2925,#2926);
#2359=AXIS2_PLACEMENT_3D('',#3544,#2927,#2928);
#2360=AXIS2_PLACEMENT_3D('',#3546,#2929,#2930);
#2361=AXIS2_PLACEMENT_3D('',#3548,#2931,#2932);
#2362=AXIS2_PLACEMENT_3D('',#3550,#2933,#2934);
#2363=AXIS2_PLACEMENT_3D('',#3552,#2935,#2936);
#2364=AXIS2_PLACEMENT_3D('',#3554,#2937,#2938);
#2365=AXIS2_PLACEMENT_3D('',#3556,#2939,#2940);
#2366=AXIS2_PLACEMENT_3D('',#3558,#2941,#2942);
#2367=AXIS2_PLACEMENT_3D('',#3560,#2943,#2944);
#2368=AXIS2_PLACEMENT_3D('',#3562,#2945,#2946);
#2369=AXIS2_PLACEMENT_3D('',#3564,#2947,#2948);
#2370=AXIS2_PLACEMENT_3D('',#3565,#2949,#2950);
#2371=AXIS2_PLACEMENT_3D('',#3567,#2952,#2953);
#2372=AXIS2_PLACEMENT_3D('',#3569,#2955,#2956);
#2373=AXIS2_PLACEMENT_3D('',#3571,#2958,#2959);
#2374=AXIS2_PLACEMENT_3D('',#3572,#2960,#2961);
#2375=AXIS2_PLACEMENT_3D('',#3574,#2963,#2964);
#2376=AXIS2_PLACEMENT_3D('',#3575,#2965,#2966);
#2377=AXIS2_PLACEMENT_3D('',#3576,#2967,#2968);
#2378=AXIS2_PLACEMENT_3D('',#3578,#2970,#2971);
#2379=AXIS2_PLACEMENT_3D('',#3579,#2972,#2973);
#2380=AXIS2_PLACEMENT_3D('',#3580,#2974,#2975);
#2381=AXIS2_PLACEMENT_3D('',#3581,#2976,#2977);
#2382=AXIS2_PLACEMENT_3D('',#3583,#2979,#2980);
#2383=AXIS2_PLACEMENT_3D('',#3585,#2982,#2983);
#2384=AXIS2_PLACEMENT_3D('',#3587,#2985,#2986);
#2385=AXIS2_PLACEMENT_3D('',#3589,#2988,#2989);
#2386=AXIS2_PLACEMENT_3D('',#3591,#2991,#2992);
#2387=AXIS2_PLACEMENT_3D('',#3593,#2994,#2995);
#2388=AXIS2_PLACEMENT_3D('',#3595,#2997,#2998);
#2389=AXIS2_PLACEMENT_3D('',#3597,#3000,#3001);
#2390=AXIS2_PLACEMENT_3D('',#3599,#3003,#3004);
#2391=AXIS2_PLACEMENT_3D('',#3601,#3006,#3007);
#2392=AXIS2_PLACEMENT_3D('',#3603,#3009,#3010);
#2393=AXIS2_PLACEMENT_3D('',#3605,#3012,#3013);
#2394=AXIS2_PLACEMENT_3D('',#3607,#3015,#3016);
#2395=AXIS2_PLACEMENT_3D('',#3609,#3018,#3019);
#2396=AXIS2_PLACEMENT_3D('',#3611,#3021,#3022);
#2397=AXIS2_PLACEMENT_3D('',#3613,#3024,#3025);
#2398=AXIS2_PLACEMENT_3D('',#3615,#3027,#3028);
#2399=AXIS2_PLACEMENT_3D('',#3617,#3030,#3031);
#2400=AXIS2_PLACEMENT_3D('',#3619,#3033,#3034);
#2401=AXIS2_PLACEMENT_3D('',#3621,#3036,#3037);
#2402=AXIS2_PLACEMENT_3D('',#3623,#3039,#3040);
#2403=AXIS2_PLACEMENT_3D('',#3625,#3042,#3043);
#2404=AXIS2_PLACEMENT_3D('',#3627,#3045,#3046);
#2405=AXIS2_PLACEMENT_3D('',#3629,#3048,#3049);
#2406=AXIS2_PLACEMENT_3D('',#3631,#3051,#3052);
#2407=AXIS2_PLACEMENT_3D('',#3633,#3054,#3055);
#2408=AXIS2_PLACEMENT_3D('',#3635,#3057,#3058);
#2409=AXIS2_PLACEMENT_3D('',#3637,#3060,#3061);
#2410=AXIS2_PLACEMENT_3D('',#3639,#3063,#3064);
#2411=AXIS2_PLACEMENT_3D('',#3641,#3066,#3067);
#2412=DIRECTION('axis',(0.,0.,1.));
#2413=DIRECTION('refdir',(1.,0.,0.));
#2414=DIRECTION('axis',(0.,0.,1.));
#2415=DIRECTION('refdir',(1.,0.,0.));
#2416=DIRECTION('center_axis',(0.,1.,0.));
#2417=DIRECTION('ref_axis',(1.,0.,0.));
#2418=DIRECTION('center_axis',(0.,1.,0.));
#2419=DIRECTION('ref_axis',(1.,0.,0.));
#2420=DIRECTION('',(0.,1.,0.));
#2421=DIRECTION('center_axis',(0.,1.,0.));
#2422=DIRECTION('ref_axis',(1.,0.,0.));
#2423=DIRECTION('center_axis',(0.,1.,0.));
#2424=DIRECTION('ref_axis',(-1.,0.,0.));
#2425=DIRECTION('center_axis',(0.,1.,0.));
#2426=DIRECTION('ref_axis',(-1.,0.,0.));
#2427=DIRECTION('center_axis',(0.,-1.,0.));
#2428=DIRECTION('ref_axis',(-1.,0.,0.));
#2429=DIRECTION('',(0.,1.,0.));
#2430=DIRECTION('center_axis',(0.,-1.,0.));
#2431=DIRECTION('ref_axis',(-1.,0.,0.));
#2432=DIRECTION('center_axis',(0.,1.,0.));
#2433=DIRECTION('ref_axis',(1.,0.,0.));
#2434=DIRECTION('center_axis',(0.,1.,0.));
#2435=DIRECTION('ref_axis',(1.,0.,0.));
#2436=DIRECTION('',(0.,1.,0.));
#2437=DIRECTION('center_axis',(0.,1.,0.));
#2438=DIRECTION('ref_axis',(1.,0.,0.));
#2439=DIRECTION('center_axis',(0.,-1.,0.));
#2440=DIRECTION('ref_axis',(1.,0.,0.));
#2441=DIRECTION('center_axis',(0.,1.,0.));
#2442=DIRECTION('ref_axis',(1.,0.,0.));
#2443=DIRECTION('center_axis',(0.,1.,0.));
#2444=DIRECTION('ref_axis',(1.,0.,0.));
#2445=DIRECTION('',(0.,1.,0.));
#2446=DIRECTION('center_axis',(0.,1.,0.));
#2447=DIRECTION('ref_axis',(1.,0.,0.));
#2448=DIRECTION('center_axis',(0.,-1.,0.));
#2449=DIRECTION('ref_axis',(1.,0.,0.));
#2450=DIRECTION('center_axis',(0.,1.,0.));
#2451=DIRECTION('ref_axis',(1.,0.,0.));
#2452=DIRECTION('center_axis',(0.,1.,0.));
#2453=DIRECTION('ref_axis',(1.,0.,0.));
#2454=DIRECTION('',(0.,1.,0.));
#2455=DIRECTION('center_axis',(0.,1.,0.));
#2456=DIRECTION('ref_axis',(1.,0.,0.));
#2457=DIRECTION('center_axis',(0.,-1.,0.));
#2458=DIRECTION('ref_axis',(1.,0.,0.));
#2459=DIRECTION('center_axis',(0.,1.,0.));
#2460=DIRECTION('ref_axis',(1.,0.,0.));
#2461=DIRECTION('center_axis',(0.,1.,0.));
#2462=DIRECTION('ref_axis',(1.,0.,0.));
#2463=DIRECTION('',(0.,1.,0.));
#2464=DIRECTION('center_axis',(0.,1.,0.));
#2465=DIRECTION('ref_axis',(1.,0.,0.));
#2466=DIRECTION('center_axis',(0.,-1.,0.));
#2467=DIRECTION('ref_axis',(1.,0.,0.));
#2468=DIRECTION('center_axis',(0.,1.,0.));
#2469=DIRECTION('ref_axis',(1.,0.,0.));
#2470=DIRECTION('center_axis',(0.,1.,0.));
#2471=DIRECTION('ref_axis',(1.,0.,0.));
#2472=DIRECTION('',(0.,1.,0.));
#2473=DIRECTION('center_axis',(0.,1.,0.));
#2474=DIRECTION('ref_axis',(1.,0.,0.));
#2475=DIRECTION('center_axis',(0.,-1.,0.));
#2476=DIRECTION('ref_axis',(1.,0.,0.));
#2477=DIRECTION('center_axis',(0.,-1.,0.));
#2478=DIRECTION('ref_axis',(1.,0.,0.));
#2479=DIRECTION('center_axis',(0.,-1.,0.));
#2480=DIRECTION('ref_axis',(1.,0.,0.));
#2481=DIRECTION('',(0.683553470187273,0.729900440741706,8.3711156931091E-17));
#2482=DIRECTION('center_axis',(0.,1.,0.));
#2483=DIRECTION('ref_axis',(1.,0.,0.));
#2484=DIRECTION('center_axis',(0.,1.,0.));
#2485=DIRECTION('ref_axis',(1.,0.,0.));
#2486=DIRECTION('',(0.,1.,0.));
#2487=DIRECTION('center_axis',(0.,-1.,0.));
#2488=DIRECTION('ref_axis',(1.,0.,0.));
#2489=DIRECTION('',(0.,-1.,0.));
#2490=DIRECTION('center_axis',(0.,1.,0.));
#2491=DIRECTION('ref_axis',(1.,0.,0.));
#2492=DIRECTION('center_axis',(0.,1.,0.));
#2493=DIRECTION('ref_axis',(1.,0.,0.));
#2494=DIRECTION('',(0.,-1.,0.));
#2495=DIRECTION('center_axis',(0.,1.,0.));
#2496=DIRECTION('ref_axis',(1.,0.,0.));
#2497=DIRECTION('',(0.,1.,0.));
#2498=DIRECTION('center_axis',(0.,-1.,0.));
#2499=DIRECTION('ref_axis',(1.,0.,0.));
#2500=DIRECTION('center_axis',(0.,1.,0.));
#2501=DIRECTION('ref_axis',(1.,0.,0.));
#2502=DIRECTION('',(0.,1.,0.));
#2503=DIRECTION('center_axis',(0.,-1.,0.));
#2504=DIRECTION('ref_axis',(1.,0.,0.));
#2505=DIRECTION('',(0.,-1.,0.));
#2506=DIRECTION('center_axis',(0.,1.,0.));
#2507=DIRECTION('ref_axis',(1.,0.,0.));
#2508=DIRECTION('center_axis',(0.,1.,0.));
#2509=DIRECTION('ref_axis',(1.,0.,0.));
#2510=DIRECTION('',(0.,-1.,0.));
#2511=DIRECTION('center_axis',(0.,1.,0.));
#2512=DIRECTION('ref_axis',(1.,0.,0.));
#2513=DIRECTION('',(0.,1.,0.));
#2514=DIRECTION('center_axis',(0.,-1.,0.));
#2515=DIRECTION('ref_axis',(1.,0.,0.));
#2516=DIRECTION('center_axis',(0.,1.,0.));
#2517=DIRECTION('ref_axis',(1.,0.,0.));
#2518=DIRECTION('',(0.,1.,0.));
#2519=DIRECTION('center_axis',(0.,-1.,0.));
#2520=DIRECTION('ref_axis',(1.,0.,0.));
#2521=DIRECTION('',(0.,-1.,0.));
#2522=DIRECTION('center_axis',(0.,1.,0.));
#2523=DIRECTION('ref_axis',(1.,0.,0.));
#2524=DIRECTION('center_axis',(0.,1.,0.));
#2525=DIRECTION('ref_axis',(1.,0.,0.));
#2526=DIRECTION('',(0.,1.,0.));
#2527=DIRECTION('center_axis',(0.,-1.,0.));
#2528=DIRECTION('ref_axis',(1.,0.,0.));
#2529=DIRECTION('',(0.,-1.,0.));
#2530=DIRECTION('center_axis',(0.,1.,0.));
#2531=DIRECTION('ref_axis',(1.,0.,0.));
#2532=DIRECTION('center_axis',(7.48793128711533E-18,0.,-1.));
#2533=DIRECTION('ref_axis',(-1.,0.,-7.48793128711533E-18));
#2534=DIRECTION('',(-1.,0.,-7.48793128711533E-18));
#2535=DIRECTION('',(0.,1.,0.));
#2536=DIRECTION('',(1.,0.,7.48793128711533E-18));
#2537=DIRECTION('center_axis',(-0.866025403784439,0.,-0.5));
#2538=DIRECTION('ref_axis',(-0.5,0.,0.866025403784439));
#2539=DIRECTION('',(-0.5,0.,0.866025403784439));
#2540=DIRECTION('',(0.,1.,0.));
#2541=DIRECTION('',(0.5,0.,-0.866025403784439));
#2542=DIRECTION('center_axis',(0.866025403784439,0.,-0.499999999999999));
#2543=DIRECTION('ref_axis',(-0.499999999999999,0.,-0.866025403784439));
#2544=DIRECTION('',(-0.499999999999999,0.,-0.866025403784439));
#2545=DIRECTION('',(0.,1.,0.));
#2546=DIRECTION('',(0.499999999999999,0.,0.866025403784439));
#2547=DIRECTION('center_axis',(-0.866025403784439,0.,0.5));
#2548=DIRECTION('ref_axis',(0.5,0.,0.866025403784439));
#2549=DIRECTION('',(0.5,0.,0.866025403784439));
#2550=DIRECTION('',(0.,1.,0.));
#2551=DIRECTION('',(-0.5,0.,-0.866025403784439));
#2552=DIRECTION('center_axis',(0.866025403784438,0.,0.5));
#2553=DIRECTION('ref_axis',(0.5,0.,-0.866025403784438));
#2554=DIRECTION('',(0.5,0.,-0.866025403784438));
#2555=DIRECTION('',(0.,1.,0.));
#2556=DIRECTION('',(-0.5,0.,0.866025403784438));
#2557=DIRECTION('center_axis',(-1.29952611201851E-16,0.,1.));
#2558=DIRECTION('ref_axis',(1.,0.,1.29952611201851E-16));
#2559=DIRECTION('',(1.,0.,1.29952611201851E-16));
#2560=DIRECTION('',(0.,1.,0.));
#2561=DIRECTION('',(-1.,0.,-1.29952611201851E-16));
#2562=DIRECTION('center_axis',(0.,1.,0.));
#2563=DIRECTION('ref_axis',(1.,0.,0.));
#2564=DIRECTION('center_axis',(0.,1.,0.));
#2565=DIRECTION('ref_axis',(1.,0.,0.));
#2566=DIRECTION('',(1.,0.,-7.48793128711533E-18));
#2567=DIRECTION('center_axis',(0.,-1.,0.));
#2568=DIRECTION('ref_axis',(1.,0.,0.));
#2569=DIRECTION('',(0.5,0.,-0.866025403784439));
#2570=DIRECTION('center_axis',(0.,-1.,0.));
#2571=DIRECTION('ref_axis',(1.,0.,0.));
#2572=DIRECTION('',(0.499999999999999,0.,0.866025403784439));
#2573=DIRECTION('center_axis',(0.,-1.,0.));
#2574=DIRECTION('ref_axis',(1.,0.,0.));
#2575=DIRECTION('',(-0.5,0.,-0.866025403784439));
#2576=DIRECTION('center_axis',(0.,-1.,0.));
#2577=DIRECTION('ref_axis',(1.,0.,0.));
#2578=DIRECTION('',(-0.5,0.,0.866025403784438));
#2579=DIRECTION('center_axis',(0.,-1.,0.));
#2580=DIRECTION('ref_axis',(1.,0.,0.));
#2581=DIRECTION('center_axis',(0.,-1.,0.));
#2582=DIRECTION('ref_axis',(-1.,0.,0.));
#2583=DIRECTION('center_axis',(0.,-1.,0.));
#2584=DIRECTION('ref_axis',(-1.,0.,0.));
#2585=DIRECTION('center_axis',(0.,-1.,0.));
#2586=DIRECTION('ref_axis',(-1.,0.,0.));
#2587=DIRECTION('center_axis',(0.,-1.,0.));
#2588=DIRECTION('ref_axis',(-1.,0.,0.));
#2589=DIRECTION('center_axis',(0.,-1.,0.));
#2590=DIRECTION('ref_axis',(-1.,0.,0.));
#2591=DIRECTION('center_axis',(0.,-1.,0.));
#2592=DIRECTION('ref_axis',(-0.5,0.,0.866025403784439));
#2593=DIRECTION('center_axis',(0.,-1.,0.));
#2594=DIRECTION('ref_axis',(-0.5,0.,0.866025403784439));
#2595=DIRECTION('center_axis',(0.,-1.,0.));
#2596=DIRECTION('ref_axis',(-0.5,0.,0.866025403784439));
#2597=DIRECTION('center_axis',(0.,-1.,0.));
#2598=DIRECTION('ref_axis',(-0.5,0.,0.866025403784439));
#2599=DIRECTION('center_axis',(0.,-1.,0.));
#2600=DIRECTION('ref_axis',(-0.5,0.,0.866025403784439));
#2601=DIRECTION('center_axis',(0.,-1.,0.));
#2602=DIRECTION('ref_axis',(0.5,0.,0.866025403784439));
#2603=DIRECTION('center_axis',(0.,-1.,0.));
#2604=DIRECTION('ref_axis',(0.5,0.,0.866025403784439));
#2605=DIRECTION('center_axis',(0.,-1.,0.));
#2606=DIRECTION('ref_axis',(0.5,0.,0.866025403784439));
#2607=DIRECTION('center_axis',(0.,-1.,0.));
#2608=DIRECTION('ref_axis',(0.5,0.,0.866025403784439));
#2609=DIRECTION('center_axis',(0.,-1.,0.));
#2610=DIRECTION('ref_axis',(0.5,0.,0.866025403784439));
#2611=DIRECTION('center_axis',(0.,-1.,0.));
#2612=DIRECTION('ref_axis',(1.,0.,1.22464679914735E-16));
#2613=DIRECTION('center_axis',(0.,-1.,0.));
#2614=DIRECTION('ref_axis',(1.,0.,1.22464679914735E-16));
#2615=DIRECTION('center_axis',(0.,-1.,0.));
#2616=DIRECTION('ref_axis',(1.,0.,1.22464679914735E-16));
#2617=DIRECTION('center_axis',(0.,-1.,0.));
#2618=DIRECTION('ref_axis',(1.,0.,1.22464679914735E-16));
#2619=DIRECTION('center_axis',(0.,-1.,0.));
#2620=DIRECTION('ref_axis',(1.,0.,1.22464679914735E-16));
#2621=DIRECTION('center_axis',(0.,-1.,0.));
#2622=DIRECTION('ref_axis',(0.500000000000001,0.,-0.866025403784438));
#2623=DIRECTION('center_axis',(0.,-1.,0.));
#2624=DIRECTION('ref_axis',(0.500000000000001,0.,-0.866025403784438));
#2625=DIRECTION('center_axis',(0.,-1.,0.));
#2626=DIRECTION('ref_axis',(0.500000000000001,0.,-0.866025403784438));
#2627=DIRECTION('center_axis',(0.,-1.,0.));
#2628=DIRECTION('ref_axis',(0.500000000000001,0.,-0.866025403784438));
#2629=DIRECTION('center_axis',(0.,-1.,0.));
#2630=DIRECTION('ref_axis',(0.500000000000001,0.,-0.866025403784438));
#2631=DIRECTION('center_axis',(0.,-1.,0.));
#2632=DIRECTION('ref_axis',(-0.499999999999999,0.,-0.866025403784439));
#2633=DIRECTION('center_axis',(0.,-1.,0.));
#2634=DIRECTION('ref_axis',(-0.499999999999999,0.,-0.866025403784439));
#2635=DIRECTION('center_axis',(0.,-1.,0.));
#2636=DIRECTION('ref_axis',(-0.499999999999999,0.,-0.866025403784439));
#2637=DIRECTION('center_axis',(0.,-1.,0.));
#2638=DIRECTION('ref_axis',(-0.499999999999999,0.,-0.866025403784439));
#2639=DIRECTION('center_axis',(0.,-1.,0.));
#2640=DIRECTION('ref_axis',(-0.499999999999999,0.,-0.866025403784439));
#2641=DIRECTION('center_axis',(0.,-1.,0.));
#2642=DIRECTION('ref_axis',(-0.984807753012208,0.,0.17364817766693));
#2643=DIRECTION('center_axis',(0.,-1.,0.));
#2644=DIRECTION('ref_axis',(-0.939692620785908,0.,0.342020143325669));
#2645=DIRECTION('center_axis',(0.,-1.,0.));
#2646=DIRECTION('ref_axis',(-0.866025403784439,0.,0.5));
#2647=DIRECTION('center_axis',(0.,-1.,0.));
#2648=DIRECTION('ref_axis',(-0.766044443118978,0.,0.642787609686539));
#2649=DIRECTION('center_axis',(0.,-1.,0.));
#2650=DIRECTION('ref_axis',(-0.642787609686539,0.,0.766044443118978));
#2651=DIRECTION('center_axis',(0.,-1.,0.));
#2652=DIRECTION('ref_axis',(-0.342020143325669,0.,0.939692620785908));
#2653=DIRECTION('center_axis',(0.,-1.,0.));
#2654=DIRECTION('ref_axis',(-0.17364817766693,0.,0.984807753012208));
#2655=DIRECTION('center_axis',(0.,-1.,0.));
#2656=DIRECTION('ref_axis',(-6.12323399573677E-17,0.,1.));
#2657=DIRECTION('center_axis',(0.,-1.,0.));
#2658=DIRECTION('ref_axis',(0.17364817766693,0.,0.984807753012208));
#2659=DIRECTION('center_axis',(0.,-1.,0.));
#2660=DIRECTION('ref_axis',(0.342020143325669,0.,0.939692620785908));
#2661=DIRECTION('center_axis',(0.,-1.,0.));
#2662=DIRECTION('ref_axis',(0.642787609686539,0.,0.766044443118978));
#2663=DIRECTION('center_axis',(0.,-1.,0.));
#2664=DIRECTION('ref_axis',(0.766044443118978,0.,0.64278760968654));
#2665=DIRECTION('center_axis',(0.,-1.,0.));
#2666=DIRECTION('ref_axis',(0.866025403784439,0.,0.5));
#2667=DIRECTION('center_axis',(0.,-1.,0.));
#2668=DIRECTION('ref_axis',(0.939692620785908,0.,0.342020143325669));
#2669=DIRECTION('center_axis',(0.,-1.,0.));
#2670=DIRECTION('ref_axis',(0.984807753012208,0.,0.173648177666931));
#2671=DIRECTION('center_axis',(0.,-1.,0.));
#2672=DIRECTION('ref_axis',(0.984807753012208,0.,-0.17364817766693));
#2673=DIRECTION('center_axis',(0.,-1.,0.));
#2674=DIRECTION('ref_axis',(0.939692620785908,0.,-0.342020143325669));
#2675=DIRECTION('center_axis',(0.,-1.,0.));
#2676=DIRECTION('ref_axis',(0.866025403784439,0.,-0.5));
#2677=DIRECTION('center_axis',(0.,-1.,0.));
#2678=DIRECTION('ref_axis',(0.766044443118978,0.,-0.642787609686539));
#2679=DIRECTION('center_axis',(0.,-1.,0.));
#2680=DIRECTION('ref_axis',(0.64278760968654,0.,-0.766044443118978));
#2681=DIRECTION('center_axis',(0.,-1.,0.));
#2682=DIRECTION('ref_axis',(0.342020143325669,0.,-0.939692620785908));
#2683=DIRECTION('center_axis',(0.,-1.,0.));
#2684=DIRECTION('ref_axis',(0.17364817766693,0.,-0.984807753012208));
#2685=DIRECTION('center_axis',(0.,-1.,0.));
#2686=DIRECTION('ref_axis',(1.83697019872103E-16,0.,-1.));
#2687=DIRECTION('center_axis',(0.,-1.,0.));
#2688=DIRECTION('ref_axis',(-0.17364817766693,0.,-0.984807753012208));
#2689=DIRECTION('center_axis',(0.,-1.,0.));
#2690=DIRECTION('ref_axis',(-0.342020143325668,0.,-0.939692620785909));
#2691=DIRECTION('center_axis',(0.,-1.,0.));
#2692=DIRECTION('ref_axis',(-0.642787609686539,0.,-0.766044443118978));
#2693=DIRECTION('center_axis',(0.,-1.,0.));
#2694=DIRECTION('ref_axis',(-0.766044443118978,0.,-0.64278760968654));
#2695=DIRECTION('center_axis',(0.,-1.,0.));
#2696=DIRECTION('ref_axis',(-0.866025403784438,0.,-0.500000000000001));
#2697=DIRECTION('center_axis',(0.,-1.,0.));
#2698=DIRECTION('ref_axis',(-0.939692620785908,0.,-0.342020143325669));
#2699=DIRECTION('center_axis',(0.,-1.,0.));
#2700=DIRECTION('ref_axis',(-0.984807753012208,0.,-0.17364817766693));
#2701=DIRECTION('',(-1.,0.,-1.1497674862762E-16));
#2702=DIRECTION('center_axis',(0.,-1.,0.));
#2703=DIRECTION('ref_axis',(1.,0.,0.));
#2704=DIRECTION('center_axis',(0.,1.,0.));
#2705=DIRECTION('ref_axis',(1.,0.,0.));
#2706=DIRECTION('center_axis',(0.,1.,0.));
#2707=DIRECTION('ref_axis',(1.,0.,0.));
#2708=DIRECTION('',(0.,-1.,0.));
#2709=DIRECTION('center_axis',(0.,-1.,0.));
#2710=DIRECTION('ref_axis',(-0.499999999999999,0.,-0.866025403784439));
#2711=DIRECTION('',(0.,-1.,0.));
#2712=DIRECTION('center_axis',(0.,1.,0.));
#2713=DIRECTION('ref_axis',(-0.499999999999999,0.,-0.866025403784439));
#2714=DIRECTION('center_axis',(0.,-1.,0.));
#2715=DIRECTION('ref_axis',(-0.499999999999999,0.,-0.866025403784439));
#2716=DIRECTION('',(0.,-1.,0.));
#2717=DIRECTION('center_axis',(0.,1.,0.));
#2718=DIRECTION('ref_axis',(-0.499999999999999,0.,-0.866025403784439));
#2719=DIRECTION('center_axis',(0.,-1.,0.));
#2720=DIRECTION('ref_axis',(-0.499999999999999,0.,-0.866025403784439));
#2721=DIRECTION('',(0.,-1.,0.));
#2722=DIRECTION('center_axis',(0.,1.,0.));
#2723=DIRECTION('ref_axis',(-0.499999999999999,0.,-0.866025403784439));
#2724=DIRECTION('center_axis',(0.,-1.,0.));
#2725=DIRECTION('ref_axis',(-0.499999999999999,0.,-0.866025403784439));
#2726=DIRECTION('',(0.,-1.,0.));
#2727=DIRECTION('center_axis',(0.,1.,0.));
#2728=DIRECTION('ref_axis',(-0.499999999999999,0.,-0.866025403784439));
#2729=DIRECTION('center_axis',(0.,-1.,0.));
#2730=DIRECTION('ref_axis',(-0.499999999999999,0.,-0.866025403784439));
#2731=DIRECTION('',(0.,-1.,0.));
#2732=DIRECTION('center_axis',(0.,1.,0.));
#2733=DIRECTION('ref_axis',(-0.499999999999999,0.,-0.866025403784439));
#2734=DIRECTION('center_axis',(0.,-1.,0.));
#2735=DIRECTION('ref_axis',(0.500000000000001,0.,-0.866025403784438));
#2736=DIRECTION('',(0.,-1.,0.));
#2737=DIRECTION('center_axis',(0.,1.,0.));
#2738=DIRECTION('ref_axis',(0.500000000000001,0.,-0.866025403784438));
#2739=DIRECTION('center_axis',(0.,-1.,0.));
#2740=DIRECTION('ref_axis',(0.500000000000001,0.,-0.866025403784438));
#2741=DIRECTION('',(0.,-1.,0.));
#2742=DIRECTION('center_axis',(0.,1.,0.));
#2743=DIRECTION('ref_axis',(0.500000000000001,0.,-0.866025403784438));
#2744=DIRECTION('center_axis',(0.,-1.,0.));
#2745=DIRECTION('ref_axis',(0.500000000000001,0.,-0.866025403784438));
#2746=DIRECTION('',(0.,-1.,0.));
#2747=DIRECTION('center_axis',(0.,1.,0.));
#2748=DIRECTION('ref_axis',(0.500000000000001,0.,-0.866025403784438));
#2749=DIRECTION('center_axis',(0.,-1.,0.));
#2750=DIRECTION('ref_axis',(0.500000000000001,0.,-0.866025403784438));
#2751=DIRECTION('',(0.,-1.,0.));
#2752=DIRECTION('center_axis',(0.,1.,0.));
#2753=DIRECTION('ref_axis',(0.500000000000001,0.,-0.866025403784438));
#2754=DIRECTION('center_axis',(0.,-1.,0.));
#2755=DIRECTION('ref_axis',(0.500000000000001,0.,-0.866025403784438));
#2756=DIRECTION('',(0.,-1.,0.));
#2757=DIRECTION('center_axis',(0.,1.,0.));
#2758=DIRECTION('ref_axis',(0.500000000000001,0.,-0.866025403784438));
#2759=DIRECTION('center_axis',(0.,-1.,0.));
#2760=DIRECTION('ref_axis',(1.,0.,1.22464679914735E-16));
#2761=DIRECTION('',(0.,-1.,0.));
#2762=DIRECTION('center_axis',(0.,1.,0.));
#2763=DIRECTION('ref_axis',(1.,0.,1.22464679914735E-16));
#2764=DIRECTION('center_axis',(0.,-1.,0.));
#2765=DIRECTION('ref_axis',(1.,0.,1.22464679914735E-16));
#2766=DIRECTION('',(0.,-1.,0.));
#2767=DIRECTION('center_axis',(0.,1.,0.));
#2768=DIRECTION('ref_axis',(1.,0.,1.22464679914735E-16));
#2769=DIRECTION('center_axis',(0.,-1.,0.));
#2770=DIRECTION('ref_axis',(1.,0.,1.22464679914735E-16));
#2771=DIRECTION('',(0.,-1.,0.));
#2772=DIRECTION('center_axis',(0.,1.,0.));
#2773=DIRECTION('ref_axis',(1.,0.,1.22464679914735E-16));
#2774=DIRECTION('center_axis',(0.,-1.,0.));
#2775=DIRECTION('ref_axis',(1.,0.,1.22464679914735E-16));
#2776=DIRECTION('',(0.,-1.,0.));
#2777=DIRECTION('center_axis',(0.,1.,0.));
#2778=DIRECTION('ref_axis',(1.,0.,1.22464679914735E-16));
#2779=DIRECTION('center_axis',(0.,-1.,0.));
#2780=DIRECTION('ref_axis',(1.,0.,1.22464679914735E-16));
#2781=DIRECTION('',(0.,-1.,0.));
#2782=DIRECTION('center_axis',(0.,1.,0.));
#2783=DIRECTION('ref_axis',(1.,0.,1.22464679914735E-16));
#2784=DIRECTION('center_axis',(0.,-1.,0.));
#2785=DIRECTION('ref_axis',(0.5,0.,0.866025403784439));
#2786=DIRECTION('',(0.,-1.,0.));
#2787=DIRECTION('center_axis',(0.,1.,0.));
#2788=DIRECTION('ref_axis',(0.5,0.,0.866025403784439));
#2789=DIRECTION('center_axis',(0.,-1.,0.));
#2790=DIRECTION('ref_axis',(0.5,0.,0.866025403784439));
#2791=DIRECTION('',(0.,-1.,0.));
#2792=DIRECTION('center_axis',(0.,1.,0.));
#2793=DIRECTION('ref_axis',(0.5,0.,0.866025403784439));
#2794=DIRECTION('center_axis',(0.,-1.,0.));
#2795=DIRECTION('ref_axis',(0.5,0.,0.866025403784439));
#2796=DIRECTION('',(0.,-1.,0.));
#2797=DIRECTION('center_axis',(0.,1.,0.));
#2798=DIRECTION('ref_axis',(0.5,0.,0.866025403784439));
#2799=DIRECTION('center_axis',(0.,-1.,0.));
#2800=DIRECTION('ref_axis',(0.5,0.,0.866025403784439));
#2801=DIRECTION('',(0.,-1.,0.));
#2802=DIRECTION('center_axis',(0.,1.,0.));
#2803=DIRECTION('ref_axis',(0.5,0.,0.866025403784439));
#2804=DIRECTION('center_axis',(0.,-1.,0.));
#2805=DIRECTION('ref_axis',(0.5,0.,0.866025403784439));
#2806=DIRECTION('',(0.,-1.,0.));
#2807=DIRECTION('center_axis',(0.,1.,0.));
#2808=DIRECTION('ref_axis',(0.5,0.,0.866025403784439));
#2809=DIRECTION('center_axis',(0.,-1.,0.));
#2810=DIRECTION('ref_axis',(-0.5,0.,0.866025403784439));
#2811=DIRECTION('',(0.,-1.,0.));
#2812=DIRECTION('center_axis',(0.,1.,0.));
#2813=DIRECTION('ref_axis',(-0.5,0.,0.866025403784439));
#2814=DIRECTION('center_axis',(0.,-1.,0.));
#2815=DIRECTION('ref_axis',(-0.5,0.,0.866025403784439));
#2816=DIRECTION('',(0.,-1.,0.));
#2817=DIRECTION('center_axis',(0.,1.,0.));
#2818=DIRECTION('ref_axis',(-0.5,0.,0.866025403784439));
#2819=DIRECTION('center_axis',(0.,-1.,0.));
#2820=DIRECTION('ref_axis',(-0.5,0.,0.866025403784439));
#2821=DIRECTION('',(0.,-1.,0.));
#2822=DIRECTION('center_axis',(0.,1.,0.));
#2823=DIRECTION('ref_axis',(-0.5,0.,0.866025403784439));
#2824=DIRECTION('center_axis',(0.,-1.,0.));
#2825=DIRECTION('ref_axis',(-0.5,0.,0.866025403784439));
#2826=DIRECTION('',(0.,-1.,0.));
#2827=DIRECTION('center_axis',(0.,1.,0.));
#2828=DIRECTION('ref_axis',(-0.5,0.,0.866025403784439));
#2829=DIRECTION('center_axis',(0.,-1.,0.));
#2830=DIRECTION('ref_axis',(-0.5,0.,0.866025403784439));
#2831=DIRECTION('',(0.,-1.,0.));
#2832=DIRECTION('center_axis',(0.,1.,0.));
#2833=DIRECTION('ref_axis',(-0.5,0.,0.866025403784439));
#2834=DIRECTION('center_axis',(0.,-1.,0.));
#2835=DIRECTION('ref_axis',(-1.,0.,0.));
#2836=DIRECTION('',(0.,-1.,0.));
#2837=DIRECTION('center_axis',(0.,1.,0.));
#2838=DIRECTION('ref_axis',(-1.,0.,0.));
#2839=DIRECTION('center_axis',(0.,-1.,0.));
#2840=DIRECTION('ref_axis',(-1.,0.,0.));
#2841=DIRECTION('',(0.,-1.,0.));
#2842=DIRECTION('center_axis',(0.,1.,0.));
#2843=DIRECTION('ref_axis',(-1.,0.,0.));
#2844=DIRECTION('center_axis',(0.,-1.,0.));
#2845=DIRECTION('ref_axis',(-1.,0.,0.));
#2846=DIRECTION('',(0.,-1.,0.));
#2847=DIRECTION('center_axis',(0.,1.,0.));
#2848=DIRECTION('ref_axis',(-1.,0.,0.));
#2849=DIRECTION('center_axis',(0.,-1.,0.));
#2850=DIRECTION('ref_axis',(-1.,0.,0.));
#2851=DIRECTION('',(0.,-1.,0.));
#2852=DIRECTION('center_axis',(0.,1.,0.));
#2853=DIRECTION('ref_axis',(-1.,0.,0.));
#2854=DIRECTION('center_axis',(0.,-1.,0.));
#2855=DIRECTION('ref_axis',(-1.,0.,0.));
#2856=DIRECTION('',(0.,-1.,0.));
#2857=DIRECTION('center_axis',(0.,1.,0.));
#2858=DIRECTION('ref_axis',(-1.,0.,0.));
#2859=DIRECTION('center_axis',(-0.866025403784439,0.,0.499999999999999));
#2860=DIRECTION('ref_axis',(0.499999999999999,0.,0.866025403784439));
#2861=DIRECTION('',(0.499999999999999,0.,0.866025403784439));
#2862=DIRECTION('',(0.,-1.,0.));
#2863=DIRECTION('center_axis',(0.,1.,0.));
#2864=DIRECTION('ref_axis',(1.,0.,0.));
#2865=DIRECTION('center_axis',(0.,-1.,0.));
#2866=DIRECTION('ref_axis',(1.,0.,0.));
#2867=DIRECTION('center_axis',(0.,1.,0.));
#2868=DIRECTION('ref_axis',(1.,0.,0.));
#2869=DIRECTION('',(0.,-1.,0.));
#2870=DIRECTION('center_axis',(0.,-1.,0.));
#2871=DIRECTION('ref_axis',(1.,0.,0.));
#2872=DIRECTION('center_axis',(0.,1.,0.));
#2873=DIRECTION('ref_axis',(1.,0.,0.));
#2874=DIRECTION('center_axis',(0.,1.,0.));
#2875=DIRECTION('ref_axis',(1.,0.,0.));
#2876=DIRECTION('center_axis',(0.,-1.,0.));
#2877=DIRECTION('ref_axis',(1.,0.,0.));
#2878=DIRECTION('',(0.5,0.,-0.866025403784439));
#2879=DIRECTION('center_axis',(0.,-1.,0.));
#2880=DIRECTION('ref_axis',(1.,0.,0.));
#2881=DIRECTION('',(-0.5,0.,0.866025403784438));
#2882=DIRECTION('center_axis',(0.,-1.,0.));
#2883=DIRECTION('ref_axis',(1.,0.,0.));
#2884=DIRECTION('',(-0.5,0.,-0.866025403784439));
#2885=DIRECTION('',(1.,0.,-7.48793128711533E-18));
#2886=DIRECTION('center_axis',(0.,-1.,0.));
#2887=DIRECTION('ref_axis',(1.,0.,0.));
#2888=DIRECTION('',(-1.,0.,-1.1497674862762E-16));
#2889=DIRECTION('center_axis',(0.,1.,0.));
#2890=DIRECTION('ref_axis',(-0.984807753012208,0.,-0.17364817766693));
#2891=DIRECTION('center_axis',(0.,1.,0.));
#2892=DIRECTION('ref_axis',(-0.939692620785908,0.,-0.342020143325669));
#2893=DIRECTION('center_axis',(0.,1.,0.));
#2894=DIRECTION('ref_axis',(-0.866025403784438,0.,-0.500000000000001));
#2895=DIRECTION('center_axis',(0.,1.,0.));
#2896=DIRECTION('ref_axis',(-0.766044443118978,0.,-0.64278760968654));
#2897=DIRECTION('center_axis',(0.,1.,0.));
#2898=DIRECTION('ref_axis',(-0.642787609686539,0.,-0.766044443118978));
#2899=DIRECTION('center_axis',(0.,1.,0.));
#2900=DIRECTION('ref_axis',(-0.342020143325668,0.,-0.939692620785909));
#2901=DIRECTION('center_axis',(0.,1.,0.));
#2902=DIRECTION('ref_axis',(-0.17364817766693,0.,-0.984807753012208));
#2903=DIRECTION('center_axis',(0.,1.,0.));
#2904=DIRECTION('ref_axis',(1.83697019872103E-16,0.,-1.));
#2905=DIRECTION('center_axis',(0.,1.,0.));
#2906=DIRECTION('ref_axis',(0.17364817766693,0.,-0.984807753012208));
#2907=DIRECTION('center_axis',(0.,1.,0.));
#2908=DIRECTION('ref_axis',(0.342020143325669,0.,-0.939692620785908));
#2909=DIRECTION('center_axis',(0.,1.,0.));
#2910=DIRECTION('ref_axis',(0.64278760968654,0.,-0.766044443118978));
#2911=DIRECTION('center_axis',(0.,1.,0.));
#2912=DIRECTION('ref_axis',(0.766044443118978,0.,-0.642787609686539));
#2913=DIRECTION('center_axis',(0.,1.,0.));
#2914=DIRECTION('ref_axis',(0.866025403784439,0.,-0.5));
#2915=DIRECTION('center_axis',(0.,1.,0.));
#2916=DIRECTION('ref_axis',(0.939692620785908,0.,-0.342020143325669));
#2917=DIRECTION('center_axis',(0.,1.,0.));
#2918=DIRECTION('ref_axis',(0.984807753012208,0.,-0.17364817766693));
#2919=DIRECTION('center_axis',(0.,1.,0.));
#2920=DIRECTION('ref_axis',(0.984807753012208,0.,0.173648177666931));
#2921=DIRECTION('center_axis',(0.,1.,0.));
#2922=DIRECTION('ref_axis',(0.939692620785908,0.,0.342020143325669));
#2923=DIRECTION('center_axis',(0.,1.,0.));
#2924=DIRECTION('ref_axis',(0.866025403784439,0.,0.5));
#2925=DIRECTION('center_axis',(0.,1.,0.));
#2926=DIRECTION('ref_axis',(0.766044443118978,0.,0.64278760968654));
#2927=DIRECTION('center_axis',(0.,1.,0.));
#2928=DIRECTION('ref_axis',(0.642787609686539,0.,0.766044443118978));
#2929=DIRECTION('center_axis',(0.,1.,0.));
#2930=DIRECTION('ref_axis',(0.342020143325669,0.,0.939692620785908));
#2931=DIRECTION('center_axis',(0.,1.,0.));
#2932=DIRECTION('ref_axis',(0.17364817766693,0.,0.984807753012208));
#2933=DIRECTION('center_axis',(0.,1.,0.));
#2934=DIRECTION('ref_axis',(-6.12323399573677E-17,0.,1.));
#2935=DIRECTION('center_axis',(0.,1.,0.));
#2936=DIRECTION('ref_axis',(-0.17364817766693,0.,0.984807753012208));
#2937=DIRECTION('center_axis',(0.,1.,0.));
#2938=DIRECTION('ref_axis',(-0.342020143325669,0.,0.939692620785908));
#2939=DIRECTION('center_axis',(0.,1.,0.));
#2940=DIRECTION('ref_axis',(-0.642787609686539,0.,0.766044443118978));
#2941=DIRECTION('center_axis',(0.,1.,0.));
#2942=DIRECTION('ref_axis',(-0.766044443118978,0.,0.642787609686539));
#2943=DIRECTION('center_axis',(0.,1.,0.));
#2944=DIRECTION('ref_axis',(-0.866025403784439,0.,0.5));
#2945=DIRECTION('center_axis',(0.,1.,0.));
#2946=DIRECTION('ref_axis',(-0.939692620785908,0.,0.342020143325669));
#2947=DIRECTION('center_axis',(0.,1.,0.));
#2948=DIRECTION('ref_axis',(-0.984807753012208,0.,0.17364817766693));
#2949=DIRECTION('center_axis',(0.,1.,0.));
#2950=DIRECTION('ref_axis',(1.,0.,0.));
#2951=DIRECTION('',(0.,-1.,0.));
#2952=DIRECTION('center_axis',(-0.866025403784438,0.,-0.5));
#2953=DIRECTION('ref_axis',(-0.5,0.,0.866025403784438));
#2954=DIRECTION('',(0.,-1.,0.));
#2955=DIRECTION('center_axis',(1.1497674862762E-16,0.,-1.));
#2956=DIRECTION('ref_axis',(-1.,0.,-1.1497674862762E-16));
#2957=DIRECTION('',(0.,-1.,0.));
#2958=DIRECTION('center_axis',(0.,1.,0.));
#2959=DIRECTION('ref_axis',(1.,0.,0.));
#2960=DIRECTION('center_axis',(0.866025403784439,0.,-0.5));
#2961=DIRECTION('ref_axis',(-0.5,0.,-0.866025403784439));
#2962=DIRECTION('',(0.,-1.,0.));
#2963=DIRECTION('center_axis',(0.,1.,0.));
#2964=DIRECTION('ref_axis',(1.,0.,0.));
#2965=DIRECTION('center_axis',(0.,1.,0.));
#2966=DIRECTION('ref_axis',(1.,0.,0.));
#2967=DIRECTION('center_axis',(0.866025403784439,0.,0.5));
#2968=DIRECTION('ref_axis',(0.5,0.,-0.866025403784439));
#2969=DIRECTION('',(0.,-1.,0.));
#2970=DIRECTION('center_axis',(7.48793128711533E-18,0.,1.));
#2971=DIRECTION('ref_axis',(1.,0.,-7.48793128711533E-18));
#2972=DIRECTION('center_axis',(0.,1.,0.));
#2973=DIRECTION('ref_axis',(1.,0.,0.));
#2974=DIRECTION('center_axis',(0.,1.,0.));
#2975=DIRECTION('ref_axis',(1.,0.,0.));
#2976=DIRECTION('center_axis',(0.,-1.,0.));
#2977=DIRECTION('ref_axis',(-0.984807753012208,0.,0.17364817766693));
#2978=DIRECTION('',(0.,-1.,0.));
#2979=DIRECTION('center_axis',(0.,-1.,0.));
#2980=DIRECTION('ref_axis',(-0.939692620785908,0.,0.342020143325669));
#2981=DIRECTION('',(0.,-1.,0.));
#2982=DIRECTION('center_axis',(0.,-1.,0.));
#2983=DIRECTION('ref_axis',(-0.866025403784439,0.,0.5));
#2984=DIRECTION('',(0.,-1.,0.));
#2985=DIRECTION('center_axis',(0.,-1.,0.));
#2986=DIRECTION('ref_axis',(-0.766044443118978,0.,0.642787609686539));
#2987=DIRECTION('',(0.,-1.,0.));
#2988=DIRECTION('center_axis',(0.,-1.,0.));
#2989=DIRECTION('ref_axis',(-0.642787609686539,0.,0.766044443118978));
#2990=DIRECTION('',(0.,-1.,0.));
#2991=DIRECTION('center_axis',(0.,-1.,0.));
#2992=DIRECTION('ref_axis',(-0.342020143325669,0.,0.939692620785908));
#2993=DIRECTION('',(0.,-1.,0.));
#2994=DIRECTION('center_axis',(0.,-1.,0.));
#2995=DIRECTION('ref_axis',(-0.17364817766693,0.,0.984807753012208));
#2996=DIRECTION('',(0.,-1.,0.));
#2997=DIRECTION('center_axis',(0.,-1.,0.));
#2998=DIRECTION('ref_axis',(-6.12323399573677E-17,0.,1.));
#2999=DIRECTION('',(0.,-1.,0.));
#3000=DIRECTION('center_axis',(0.,-1.,0.));
#3001=DIRECTION('ref_axis',(0.17364817766693,0.,0.984807753012208));
#3002=DIRECTION('',(0.,-1.,0.));
#3003=DIRECTION('center_axis',(0.,-1.,0.));
#3004=DIRECTION('ref_axis',(0.342020143325669,0.,0.939692620785908));
#3005=DIRECTION('',(0.,-1.,0.));
#3006=DIRECTION('center_axis',(0.,-1.,0.));
#3007=DIRECTION('ref_axis',(0.642787609686539,0.,0.766044443118978));
#3008=DIRECTION('',(0.,-1.,0.));
#3009=DIRECTION('center_axis',(0.,-1.,0.));
#3010=DIRECTION('ref_axis',(0.766044443118978,0.,0.64278760968654));
#3011=DIRECTION('',(0.,-1.,0.));
#3012=DIRECTION('center_axis',(0.,-1.,0.));
#3013=DIRECTION('ref_axis',(0.866025403784439,0.,0.5));
#3014=DIRECTION('',(0.,-1.,0.));
#3015=DIRECTION('center_axis',(0.,-1.,0.));
#3016=DIRECTION('ref_axis',(0.939692620785908,0.,0.342020143325669));
#3017=DIRECTION('',(0.,-1.,0.));
#3018=DIRECTION('center_axis',(0.,-1.,0.));
#3019=DIRECTION('ref_axis',(0.984807753012208,0.,0.173648177666931));
#3020=DIRECTION('',(0.,-1.,0.));
#3021=DIRECTION('center_axis',(0.,-1.,0.));
#3022=DIRECTION('ref_axis',(0.984807753012208,0.,-0.17364817766693));
#3023=DIRECTION('',(0.,-1.,0.));
#3024=DIRECTION('center_axis',(0.,-1.,0.));
#3025=DIRECTION('ref_axis',(0.939692620785908,0.,-0.342020143325669));
#3026=DIRECTION('',(0.,-1.,0.));
#3027=DIRECTION('center_axis',(0.,-1.,0.));
#3028=DIRECTION('ref_axis',(0.866025403784439,0.,-0.5));
#3029=DIRECTION('',(0.,-1.,0.));
#3030=DIRECTION('center_axis',(0.,-1.,0.));
#3031=DIRECTION('ref_axis',(0.766044443118978,0.,-0.642787609686539));
#3032=DIRECTION('',(0.,-1.,0.));
#3033=DIRECTION('center_axis',(0.,-1.,0.));
#3034=DIRECTION('ref_axis',(0.64278760968654,0.,-0.766044443118978));
#3035=DIRECTION('',(0.,-1.,0.));
#3036=DIRECTION('center_axis',(0.,-1.,0.));
#3037=DIRECTION('ref_axis',(0.342020143325669,0.,-0.939692620785908));
#3038=DIRECTION('',(0.,-1.,0.));
#3039=DIRECTION('center_axis',(0.,-1.,0.));
#3040=DIRECTION('ref_axis',(0.17364817766693,0.,-0.984807753012208));
#3041=DIRECTION('',(0.,-1.,0.));
#3042=DIRECTION('center_axis',(0.,-1.,0.));
#3043=DIRECTION('ref_axis',(1.83697019872103E-16,0.,-1.));
#3044=DIRECTION('',(0.,-1.,0.));
#3045=DIRECTION('center_axis',(0.,-1.,0.));
#3046=DIRECTION('ref_axis',(-0.17364817766693,0.,-0.984807753012208));
#3047=DIRECTION('',(0.,-1.,0.));
#3048=DIRECTION('center_axis',(0.,-1.,0.));
#3049=DIRECTION('ref_axis',(-0.342020143325668,0.,-0.939692620785909));
#3050=DIRECTION('',(0.,-1.,0.));
#3051=DIRECTION('center_axis',(0.,-1.,0.));
#3052=DIRECTION('ref_axis',(-0.642787609686539,0.,-0.766044443118978));
#3053=DIRECTION('',(0.,-1.,0.));
#3054=DIRECTION('center_axis',(0.,-1.,0.));
#3055=DIRECTION('ref_axis',(-0.766044443118978,0.,-0.64278760968654));
#3056=DIRECTION('',(0.,-1.,0.));
#3057=DIRECTION('center_axis',(0.,-1.,0.));
#3058=DIRECTION('ref_axis',(-0.866025403784438,0.,-0.500000000000001));
#3059=DIRECTION('',(0.,-1.,0.));
#3060=DIRECTION('center_axis',(0.,-1.,0.));
#3061=DIRECTION('ref_axis',(-0.939692620785908,0.,-0.342020143325669));
#3062=DIRECTION('',(0.,-1.,0.));
#3063=DIRECTION('center_axis',(0.,-1.,0.));
#3064=DIRECTION('ref_axis',(-0.984807753012208,0.,-0.17364817766693));
#3065=DIRECTION('',(0.,-1.,0.));
#3066=DIRECTION('',(0.,0.,1.));
#3067=DIRECTION('',(1.,0.,0.));
#3068=CARTESIAN_POINT('',(0.,0.,0.));
#3069=CARTESIAN_POINT('',(0.,0.,0.));
#3070=CARTESIAN_POINT('Origin',(0.,2.2,0.));
#3071=CARTESIAN_POINT('',(-8.05,2.2,-9.85840673313619E-16));
#3072=CARTESIAN_POINT('Origin',(0.,2.2,0.));
#3073=CARTESIAN_POINT('',(-8.05,12.5,9.85840673313619E-16));
#3074=CARTESIAN_POINT('',(-8.05,2.2,9.85840673313619E-16));
#3075=CARTESIAN_POINT('Origin',(0.,12.5,0.));
#3076=CARTESIAN_POINT('Origin',(0.,12.5,0.));
#3077=CARTESIAN_POINT('',(2.575,12.5,-3.15346550780443E-16));
#3078=CARTESIAN_POINT('Origin',(0.,12.5,0.));
#3079=CARTESIAN_POINT('Origin',(0.,30.,0.));
#3080=CARTESIAN_POINT('',(2.575,30.,-3.15346550780443E-16));
#3081=CARTESIAN_POINT('',(2.575,30.,3.15346550780443E-16));
#3082=CARTESIAN_POINT('Origin',(0.,30.,0.));
#3083=CARTESIAN_POINT('Origin',(12.,2.2,-2.33146835171283E-15));
#3084=CARTESIAN_POINT('',(10.25,2.2,-2.54578154156362E-15));
#3085=CARTESIAN_POINT('Origin',(12.,2.2,-2.33146835171283E-15));
#3086=CARTESIAN_POINT('',(10.25,6.2,-2.54578154156362E-15));
#3087=CARTESIAN_POINT('',(10.25,2.2,-2.11715516186204E-15));
#3088=CARTESIAN_POINT('Origin',(12.,6.2,-2.33146835171283E-15));
#3089=CARTESIAN_POINT('Origin',(12.,6.2,-2.22044604925031E-15));
#3090=CARTESIAN_POINT('Origin',(-9.79717439317883E-16,2.2,-12.));
#3091=CARTESIAN_POINT('',(-1.75,2.2,-12.));
#3092=CARTESIAN_POINT('Origin',(-9.79717439317883E-16,2.2,-12.));
#3093=CARTESIAN_POINT('',(-1.75,6.2,-12.));
#3094=CARTESIAN_POINT('',(-1.75,2.2,-12.));
#3095=CARTESIAN_POINT('Origin',(-9.79717439317883E-16,6.2,-12.));
#3096=CARTESIAN_POINT('Origin',(-1.11022302462516E-15,6.2,-12.));
#3097=CARTESIAN_POINT('Origin',(0.,2.2,12.));
#3098=CARTESIAN_POINT('',(-1.75,2.2,12.));
#3099=CARTESIAN_POINT('Origin',(0.,2.2,12.));
#3100=CARTESIAN_POINT('',(-1.75,6.2,12.));
#3101=CARTESIAN_POINT('',(-1.75,2.2,12.));
#3102=CARTESIAN_POINT('Origin',(0.,6.2,12.));
#3103=CARTESIAN_POINT('Origin',(0.,6.2,12.));
#3104=CARTESIAN_POINT('Origin',(-12.,2.2,4.89858719658941E-16));
#3105=CARTESIAN_POINT('',(-13.75,2.2,2.75545529808154E-16));
#3106=CARTESIAN_POINT('Origin',(-12.,2.2,4.89858719658941E-16));
#3107=CARTESIAN_POINT('',(-13.75,6.2,2.75545529808154E-16));
#3108=CARTESIAN_POINT('',(-13.75,2.2,7.04171909509728E-16));
#3109=CARTESIAN_POINT('Origin',(-12.,6.2,4.89858719658941E-16));
#3110=CARTESIAN_POINT('Origin',(-12.,6.2,5.55111512312578E-16));
#3111=CARTESIAN_POINT('Origin',(0.,0.,0.));
#3112=CARTESIAN_POINT('',(-16.075,0.,-1.96861972962937E-15));
#3113=CARTESIAN_POINT('Origin',(0.,0.,0.));
#3114=CARTESIAN_POINT('',(-16.075,2.2,-1.96861972962937E-15));
#3115=CARTESIAN_POINT('',(-16.075,0.,1.96861972962937E-15));
#3116=CARTESIAN_POINT('Origin',(0.,2.2,0.));
#3117=CARTESIAN_POINT('Origin',(0.,2.2,0.));
#3118=CARTESIAN_POINT('Origin',(0.,11.25,0.));
#3119=CARTESIAN_POINT('',(-20.7062792408487,5.,-2.53578785945566E-15));
#3120=CARTESIAN_POINT('Origin',(0.,5.,0.));
#3121=CARTESIAN_POINT('',(-9.,17.5,-1.10218211923262E-15));
#3122=CARTESIAN_POINT('',(-14.8531396204243,11.25,-1.81898498934414E-15));
#3123=CARTESIAN_POINT('Origin',(0.,17.5,0.));
#3124=CARTESIAN_POINT('Origin',(0.,0.,0.));
#3125=CARTESIAN_POINT('',(-20.7062792408487,0.,3.5));
#3126=CARTESIAN_POINT('',(-20.7062792408487,5.,3.5));
#3127=CARTESIAN_POINT('',(-20.7062792408487,0.,3.5));
#3128=CARTESIAN_POINT('',(-13.3842285336699,0.,16.1821638404293));
#3129=CARTESIAN_POINT('Origin',(0.,0.,0.));
#3130=CARTESIAN_POINT('',(-13.3842285336699,5.,16.1821638404293));
#3131=CARTESIAN_POINT('',(-13.3842285336699,0.,16.1821638404293));
#3132=CARTESIAN_POINT('Origin',(0.,5.,0.));
#3133=CARTESIAN_POINT('Origin',(0.,0.,0.));
#3134=CARTESIAN_POINT('',(7.32205070717877,5.,19.6821638404293));
#3135=CARTESIAN_POINT('',(7.32205070717877,0.,19.6821638404293));
#3136=CARTESIAN_POINT('',(7.32205070717877,0.,19.6821638404293));
#3137=CARTESIAN_POINT('',(-7.3220507071788,5.,19.6821638404293));
#3138=CARTESIAN_POINT('Origin',(0.,5.,0.));
#3139=CARTESIAN_POINT('',(-7.3220507071788,0.,19.6821638404293));
#3140=CARTESIAN_POINT('',(-7.3220507071788,0.,19.6821638404293));
#3141=CARTESIAN_POINT('Origin',(0.,0.,0.));
#3142=CARTESIAN_POINT('Origin',(0.,0.,0.));
#3143=CARTESIAN_POINT('',(-13.3842285336699,0.,-16.1821638404293));
#3144=CARTESIAN_POINT('',(-13.3842285336699,5.,-16.1821638404293));
#3145=CARTESIAN_POINT('',(-13.3842285336699,0.,-16.1821638404293));
#3146=CARTESIAN_POINT('',(-20.7062792408487,0.,-3.5));
#3147=CARTESIAN_POINT('Origin',(0.,0.,0.));
#3148=CARTESIAN_POINT('',(-20.7062792408487,5.,-3.5));
#3149=CARTESIAN_POINT('',(-20.7062792408487,0.,-3.5));
#3150=CARTESIAN_POINT('Origin',(0.,5.,0.));
#3151=CARTESIAN_POINT('Origin',(0.,0.,0.));
#3152=CARTESIAN_POINT('',(20.7062792408487,5.,3.5));
#3153=CARTESIAN_POINT('',(20.7062792408487,0.,3.5));
#3154=CARTESIAN_POINT('',(20.7062792408487,0.,3.5));
#3155=CARTESIAN_POINT('',(13.3842285336699,5.,16.1821638404293));
#3156=CARTESIAN_POINT('Origin',(0.,5.,0.));
#3157=CARTESIAN_POINT('',(13.3842285336699,0.,16.1821638404293));
#3158=CARTESIAN_POINT('',(13.3842285336699,0.,16.1821638404293));
#3159=CARTESIAN_POINT('Origin',(0.,0.,0.));
#3160=CARTESIAN_POINT('Origin',(0.,0.,0.));
#3161=CARTESIAN_POINT('',(7.3220507071788,0.,-19.6821638404293));
#3162=CARTESIAN_POINT('',(7.3220507071788,5.,-19.6821638404293));
#3163=CARTESIAN_POINT('',(7.3220507071788,0.,-19.6821638404293));
#3164=CARTESIAN_POINT('',(-7.32205070717879,0.,-19.6821638404293));
#3165=CARTESIAN_POINT('Origin',(0.,0.,0.));
#3166=CARTESIAN_POINT('',(-7.32205070717879,5.,-19.6821638404293));
#3167=CARTESIAN_POINT('',(-7.32205070717879,0.,-19.6821638404293));
#3168=CARTESIAN_POINT('Origin',(0.,5.,0.));
#3169=CARTESIAN_POINT('Origin',(0.,0.,0.));
#3170=CARTESIAN_POINT('',(20.7062792408487,0.,-3.5));
#3171=CARTESIAN_POINT('',(20.7062792408487,5.,-3.5));
#3172=CARTESIAN_POINT('',(20.7062792408487,0.,-3.5));
#3173=CARTESIAN_POINT('',(13.3842285336699,0.,-16.1821638404293));
#3174=CARTESIAN_POINT('Origin',(0.,0.,0.));
#3175=CARTESIAN_POINT('',(13.3842285336699,5.,-16.1821638404293));
#3176=CARTESIAN_POINT('',(13.3842285336699,0.,-16.1821638404293));
#3177=CARTESIAN_POINT('Origin',(0.,5.,0.));
#3178=CARTESIAN_POINT('Origin',(82.4257241399795,0.,-3.5));
#3179=CARTESIAN_POINT('',(74.9182888218891,5.,-3.5));
#3180=CARTESIAN_POINT('',(8.2915619758885,5.,-3.5));
#3181=CARTESIAN_POINT('',(74.9182888218891,0.,-3.5));
#3182=CARTESIAN_POINT('',(74.9182888218891,0.,-3.5));
#3183=CARTESIAN_POINT('',(8.2915619758885,0.,-3.5));
#3184=CARTESIAN_POINT('Origin',(38.1817731567442,0.,-73.1327710305505));
#3185=CARTESIAN_POINT('',(34.428055497699,5.,-66.6311413278157));
#3186=CARTESIAN_POINT('',(1.11469207469872,5.,-8.93070330817254));
#3187=CARTESIAN_POINT('',(34.428055497699,0.,-66.6311413278157));
#3188=CARTESIAN_POINT('',(34.428055497699,0.,-66.6311413278157));
#3189=CARTESIAN_POINT('',(1.11469207469872,0.,-8.93070330817254));
#3190=CARTESIAN_POINT('Origin',(44.2439509832352,0.,69.6327710305505));
#3191=CARTESIAN_POINT('',(40.4902333241901,5.,63.1311413278158));
#3192=CARTESIAN_POINT('',(7.17686990118978,5.,5.43070330817254));
#3193=CARTESIAN_POINT('',(40.4902333241901,0.,63.1311413278158));
#3194=CARTESIAN_POINT('',(40.4902333241901,0.,63.1311413278158));
#3195=CARTESIAN_POINT('',(7.17686990118978,0.,5.43070330817254));
#3196=CARTESIAN_POINT('Origin',(-44.2439509832353,0.,-69.6327710305505));
#3197=CARTESIAN_POINT('',(-40.4902333241901,5.,-63.1311413278157));
#3198=CARTESIAN_POINT('',(-7.17686990118979,5.,-5.43070330817254));
#3199=CARTESIAN_POINT('',(-40.4902333241901,0.,-63.1311413278157));
#3200=CARTESIAN_POINT('',(-40.4902333241901,0.,-63.1311413278157));
#3201=CARTESIAN_POINT('',(-7.17686990118979,0.,-5.43070330817254));
#3202=CARTESIAN_POINT('Origin',(-38.1817731567442,0.,73.1327710305505));
#3203=CARTESIAN_POINT('',(-34.4280554976991,5.,66.6311413278157));
#3204=CARTESIAN_POINT('',(-1.11469207469872,5.,8.93070330817254));
#3205=CARTESIAN_POINT('',(-34.4280554976991,0.,66.6311413278157));
#3206=CARTESIAN_POINT('',(-34.4280554976991,0.,66.6311413278157));
#3207=CARTESIAN_POINT('',(-1.11469207469872,0.,8.93070330817254));
#3208=CARTESIAN_POINT('Origin',(-82.4257241399795,0.,3.49999999999999));
#3209=CARTESIAN_POINT('',(-74.9182888218891,5.,3.49999999999999));
#3210=CARTESIAN_POINT('',(-8.2915619758885,5.,3.5));
#3211=CARTESIAN_POINT('',(-74.9182888218891,0.,3.49999999999999));
#3212=CARTESIAN_POINT('',(-74.9182888218891,0.,3.49999999999999));
#3213=CARTESIAN_POINT('',(-8.2915619758885,0.,3.5));
#3214=CARTESIAN_POINT('Origin',(0.,5.,0.));
#3215=CARTESIAN_POINT('',(-82.5,5.,1.01033360929657E-14));
#3216=CARTESIAN_POINT('Origin',(0.,5.,0.));
#3217=CARTESIAN_POINT('',(74.9182888218891,5.,3.5));
#3218=CARTESIAN_POINT('',(8.2915619758885,5.,3.5));
#3219=CARTESIAN_POINT('Origin',(0.,5.,0.));
#3220=CARTESIAN_POINT('',(40.4902333241901,5.,-63.1311413278157));
#3221=CARTESIAN_POINT('',(7.17686990118979,5.,-5.43070330817254));
#3222=CARTESIAN_POINT('Origin',(0.,5.,0.));
#3223=CARTESIAN_POINT('',(34.428055497699,5.,66.6311413278158));
#3224=CARTESIAN_POINT('',(1.11469207469871,5.,8.93070330817254));
#3225=CARTESIAN_POINT('Origin',(0.,5.,0.));
#3226=CARTESIAN_POINT('',(-34.428055497699,5.,-66.6311413278158));
#3227=CARTESIAN_POINT('',(-1.11469207469871,5.,-8.93070330817254));
#3228=CARTESIAN_POINT('Origin',(0.,5.,0.));
#3229=CARTESIAN_POINT('',(-40.4902333241901,5.,63.1311413278157));
#3230=CARTESIAN_POINT('',(-7.17686990118979,5.,5.43070330817253));
#3231=CARTESIAN_POINT('Origin',(0.,5.,0.));
#3232=CARTESIAN_POINT('',(80.5,5.,-7.69424702163365E-16));
#3233=CARTESIAN_POINT('Origin',(78.75,5.,-5.55111512312578E-16));
#3234=CARTESIAN_POINT('',(68.5,5.,-6.69444732216052E-16));
#3235=CARTESIAN_POINT('Origin',(66.75,5.,-4.55131542365266E-16));
#3236=CARTESIAN_POINT('',(56.5,5.,-5.6946476226874E-16));
#3237=CARTESIAN_POINT('Origin',(54.75,5.,-3.55151572417953E-16));
#3238=CARTESIAN_POINT('',(44.5,5.,-4.69484792321427E-16));
#3239=CARTESIAN_POINT('Origin',(42.75,5.,-2.55171602470641E-16));
#3240=CARTESIAN_POINT('',(32.5,5.,-3.69504822374115E-16));
#3241=CARTESIAN_POINT('Origin',(30.75,5.,-1.55191632523328E-16));
#3242=CARTESIAN_POINT('',(40.25,5.,-69.7150450046473));
#3243=CARTESIAN_POINT('Origin',(39.375,5.,-68.1995005480245));
#3244=CARTESIAN_POINT('',(34.25,5.,-59.322740159234));
#3245=CARTESIAN_POINT('Origin',(33.375,5.,-57.8071957026113));
#3246=CARTESIAN_POINT('',(28.25,5.,-48.9304353138208));
#3247=CARTESIAN_POINT('Origin',(27.375,5.,-47.414890857198));
#3248=CARTESIAN_POINT('',(22.25,5.,-38.5381304684075));
#3249=CARTESIAN_POINT('Origin',(21.375,5.,-37.0225860117847));
#3250=CARTESIAN_POINT('',(16.25,5.,-28.1458256229942));
#3251=CARTESIAN_POINT('Origin',(15.375,5.,-26.6302811663715));
#3252=CARTESIAN_POINT('',(-40.25,5.,-69.7150450046473));
#3253=CARTESIAN_POINT('Origin',(-39.375,5.,-68.1995005480245));
#3254=CARTESIAN_POINT('',(-34.25,5.,-59.322740159234));
#3255=CARTESIAN_POINT('Origin',(-33.375,5.,-57.8071957026113));
#3256=CARTESIAN_POINT('',(-28.25,5.,-48.9304353138208));
#3257=CARTESIAN_POINT('Origin',(-27.375,5.,-47.414890857198));
#3258=CARTESIAN_POINT('',(-22.25,5.,-38.5381304684075));
#3259=CARTESIAN_POINT('Origin',(-21.375,5.,-37.0225860117847));
#3260=CARTESIAN_POINT('',(-16.25,5.,-28.1458256229942));
#3261=CARTESIAN_POINT('Origin',(-15.375,5.,-26.6302811663715));
#3262=CARTESIAN_POINT('',(-80.5,5.,-9.08898203097283E-15));
#3263=CARTESIAN_POINT('Origin',(-78.75,5.,-9.08898203097283E-15));
#3264=CARTESIAN_POINT('',(-68.5,5.,-7.619405871996E-15));
#3265=CARTESIAN_POINT('Origin',(-66.75,5.,-7.619405871996E-15));
#3266=CARTESIAN_POINT('',(-56.5,5.,-6.14982971301918E-15));
#3267=CARTESIAN_POINT('Origin',(-54.75,5.,-6.14982971301918E-15));
#3268=CARTESIAN_POINT('',(-44.5,5.,-4.68025355404235E-15));
#3269=CARTESIAN_POINT('Origin',(-42.75,5.,-4.68025355404235E-15));
#3270=CARTESIAN_POINT('',(-32.5,5.,-3.21067739506553E-15));
#3271=CARTESIAN_POINT('Origin',(-30.75,5.,-3.21067739506553E-15));
#3272=CARTESIAN_POINT('',(-40.25,5.,69.7150450046473));
#3273=CARTESIAN_POINT('Origin',(-39.375,5.,68.1995005480245));
#3274=CARTESIAN_POINT('',(-34.25,5.,59.322740159234));
#3275=CARTESIAN_POINT('Origin',(-33.375,5.,57.8071957026113));
#3276=CARTESIAN_POINT('',(-28.25,5.,48.9304353138207));
#3277=CARTESIAN_POINT('Origin',(-27.375,5.,47.414890857198));
#3278=CARTESIAN_POINT('',(-22.25,5.,38.5381304684075));
#3279=CARTESIAN_POINT('Origin',(-21.375,5.,37.0225860117847));
#3280=CARTESIAN_POINT('',(-16.25,5.,28.1458256229942));
#3281=CARTESIAN_POINT('Origin',(-15.375,5.,26.6302811663715));
#3282=CARTESIAN_POINT('',(40.2499999999999,5.,69.7150450046473));
#3283=CARTESIAN_POINT('Origin',(39.3749999999999,5.,68.1995005480246));
#3284=CARTESIAN_POINT('',(34.2499999999999,5.,59.3227401592341));
#3285=CARTESIAN_POINT('Origin',(33.3749999999999,5.,57.8071957026113));
#3286=CARTESIAN_POINT('',(28.2499999999999,5.,48.9304353138208));
#3287=CARTESIAN_POINT('Origin',(27.375,5.,47.414890857198));
#3288=CARTESIAN_POINT('',(22.2499999999999,5.,38.5381304684075));
#3289=CARTESIAN_POINT('Origin',(21.375,5.,37.0225860117848));
#3290=CARTESIAN_POINT('',(16.25,5.,28.1458256229942));
#3291=CARTESIAN_POINT('Origin',(15.375,5.,26.6302811663715));
#3292=CARTESIAN_POINT('',(79.2770241174827,5.,-13.9786783021879));
#3293=CARTESIAN_POINT('Origin',(77.5536105497114,5.,-13.6747939912708));
#3294=CARTESIAN_POINT('',(75.6452559732656,5.,-27.5326215377163));
#3295=CARTESIAN_POINT('Origin',(74.0007938868903,5.,-26.9340862868964));
#3296=CARTESIAN_POINT('',(69.7150450046473,5.,-40.25));
#3297=CARTESIAN_POINT('Origin',(68.1995005480245,5.,-39.375));
#3298=CARTESIAN_POINT('',(61.6665776710777,5.,-51.7444025797664));
#3299=CARTESIAN_POINT('Origin',(60.3259998956195,5.,-50.619524262815));
#3300=CARTESIAN_POINT('',(51.7444025797664,5.,-61.6665776710777));
#3301=CARTESIAN_POINT('Origin',(50.619524262815,5.,-60.3259998956195));
#3302=CARTESIAN_POINT('',(27.5326215377163,5.,-75.6452559732656));
#3303=CARTESIAN_POINT('Origin',(26.9340862868964,5.,-74.0007938868903));
#3304=CARTESIAN_POINT('',(13.9786783021879,5.,-79.2770241174827));
#3305=CARTESIAN_POINT('Origin',(13.6747939912708,5.,-77.5536105497114));
#3306=CARTESIAN_POINT('',(4.15977866440473E-15,5.,-80.5));
#3307=CARTESIAN_POINT('Origin',(4.26693525933012E-15,5.,-78.75));
#3308=CARTESIAN_POINT('',(-13.9786783021879,5.,-79.2770241174827));
#3309=CARTESIAN_POINT('Origin',(-13.6747939912708,5.,-77.5536105497114));
#3310=CARTESIAN_POINT('',(-27.5326215377163,5.,-75.6452559732656));
#3311=CARTESIAN_POINT('Origin',(-26.9340862868964,5.,-74.0007938868903));
#3312=CARTESIAN_POINT('',(-51.7444025797664,5.,-61.6665776710777));
#3313=CARTESIAN_POINT('Origin',(-50.619524262815,5.,-60.3259998956195));
#3314=CARTESIAN_POINT('',(-61.6665776710777,5.,-51.7444025797664));
#3315=CARTESIAN_POINT('Origin',(-60.3259998956195,5.,-50.619524262815));
#3316=CARTESIAN_POINT('',(-69.7150450046473,5.,-40.25));
#3317=CARTESIAN_POINT('Origin',(-68.1995005480245,5.,-39.375));
#3318=CARTESIAN_POINT('',(-75.6452559732656,5.,-27.5326215377163));
#3319=CARTESIAN_POINT('Origin',(-74.0007938868903,5.,-26.9340862868964));
#3320=CARTESIAN_POINT('',(-79.2770241174827,5.,-13.9786783021879));
#3321=CARTESIAN_POINT('Origin',(-77.5536105497114,5.,-13.6747939912708));
#3322=CARTESIAN_POINT('',(-79.2770241174827,5.,13.9786783021879));
#3323=CARTESIAN_POINT('Origin',(-77.5536105497114,5.,13.6747939912707));
#3324=CARTESIAN_POINT('',(-75.6452559732656,5.,27.5326215377163));
#3325=CARTESIAN_POINT('Origin',(-74.0007938868903,5.,26.9340862868964));
#3326=CARTESIAN_POINT('',(-69.7150450046473,5.,40.25));
#3327=CARTESIAN_POINT('Origin',(-68.1995005480245,5.,39.375));
#3328=CARTESIAN_POINT('',(-61.6665776710777,5.,51.7444025797664));
#3329=CARTESIAN_POINT('Origin',(-60.3259998956195,5.,50.619524262815));
#3330=CARTESIAN_POINT('',(-51.7444025797664,5.,61.6665776710777));
#3331=CARTESIAN_POINT('Origin',(-50.619524262815,5.,60.3259998956195));
#3332=CARTESIAN_POINT('',(-27.5326215377164,5.,75.6452559732656));
#3333=CARTESIAN_POINT('Origin',(-26.9340862868965,5.,74.0007938868902));
#3334=CARTESIAN_POINT('',(-13.9786783021879,5.,79.2770241174827));
#3335=CARTESIAN_POINT('Origin',(-13.6747939912708,5.,77.5536105497114));
#3336=CARTESIAN_POINT('',(-1.40181853975409E-14,5.,80.5));
#3337=CARTESIAN_POINT('Origin',(-1.39110288026155E-14,5.,78.75));
#3338=CARTESIAN_POINT('',(13.9786783021879,5.,79.2770241174827));
#3339=CARTESIAN_POINT('Origin',(13.6747939912707,5.,77.5536105497114));
#3340=CARTESIAN_POINT('',(27.5326215377163,5.,75.6452559732656));
#3341=CARTESIAN_POINT('Origin',(26.9340862868964,5.,74.0007938868903));
#3342=CARTESIAN_POINT('',(51.7444025797664,5.,61.6665776710777));
#3343=CARTESIAN_POINT('Origin',(50.6195242628149,5.,60.3259998956195));
#3344=CARTESIAN_POINT('',(61.6665776710777,5.,51.7444025797664));
#3345=CARTESIAN_POINT('Origin',(60.3259998956195,5.,50.619524262815));
#3346=CARTESIAN_POINT('',(69.7150450046473,5.,40.25));
#3347=CARTESIAN_POINT('Origin',(68.1995005480245,5.,39.375));
#3348=CARTESIAN_POINT('',(75.6452559732656,5.,27.5326215377164));
#3349=CARTESIAN_POINT('Origin',(74.0007938868902,5.,26.9340862868965));
#3350=CARTESIAN_POINT('',(79.2770241174827,5.,13.9786783021879));
#3351=CARTESIAN_POINT('Origin',(77.5536105497114,5.,13.6747939912708));
#3352=CARTESIAN_POINT('',(-74.9182888218891,5.,-3.50000000000001));
#3353=CARTESIAN_POINT('',(-8.2915619758885,5.,-3.5));
#3354=CARTESIAN_POINT('Origin',(0.,5.,0.));
#3355=CARTESIAN_POINT('Origin',(0.,0.,0.));
#3356=CARTESIAN_POINT('',(-9.,30.,1.10218211923262E-15));
#3357=CARTESIAN_POINT('Origin',(0.,30.,0.));
#3358=CARTESIAN_POINT('',(-9.,0.,1.10218211923262E-15));
#3359=CARTESIAN_POINT('Origin',(15.375,5.,26.6302811663715));
#3360=CARTESIAN_POINT('',(16.25,0.,28.1458256229943));
#3361=CARTESIAN_POINT('',(16.25,5.,28.1458256229943));
#3362=CARTESIAN_POINT('Origin',(15.375,0.,26.6302811663715));
#3363=CARTESIAN_POINT('Origin',(21.375,5.,37.0225860117848));
#3364=CARTESIAN_POINT('',(22.25,0.,38.5381304684075));
#3365=CARTESIAN_POINT('',(22.25,5.,38.5381304684075));
#3366=CARTESIAN_POINT('Origin',(21.375,0.,37.0225860117848));
#3367=CARTESIAN_POINT('Origin',(27.375,5.,47.414890857198));
#3368=CARTESIAN_POINT('',(28.25,0.,48.9304353138208));
#3369=CARTESIAN_POINT('',(28.25,5.,48.9304353138208));
#3370=CARTESIAN_POINT('Origin',(27.375,0.,47.414890857198));
#3371=CARTESIAN_POINT('Origin',(33.3749999999999,5.,57.8071957026113));
#3372=CARTESIAN_POINT('',(34.2499999999999,0.,59.3227401592341));
#3373=CARTESIAN_POINT('',(34.2499999999999,5.,59.3227401592341));
#3374=CARTESIAN_POINT('Origin',(33.3749999999999,0.,57.8071957026113));
#3375=CARTESIAN_POINT('Origin',(39.3749999999999,5.,68.1995005480246));
#3376=CARTESIAN_POINT('',(40.2499999999999,0.,69.7150450046473));
#3377=CARTESIAN_POINT('',(40.2499999999999,5.,69.7150450046473));
#3378=CARTESIAN_POINT('Origin',(39.3749999999999,0.,68.1995005480246));
#3379=CARTESIAN_POINT('Origin',(-15.375,5.,26.6302811663715));
#3380=CARTESIAN_POINT('',(-16.25,0.,28.1458256229942));
#3381=CARTESIAN_POINT('',(-16.25,5.,28.1458256229942));
#3382=CARTESIAN_POINT('Origin',(-15.375,0.,26.6302811663715));
#3383=CARTESIAN_POINT('Origin',(-21.375,5.,37.0225860117847));
#3384=CARTESIAN_POINT('',(-22.25,0.,38.5381304684075));
#3385=CARTESIAN_POINT('',(-22.25,5.,38.5381304684075));
#3386=CARTESIAN_POINT('Origin',(-21.375,0.,37.0225860117847));
#3387=CARTESIAN_POINT('Origin',(-27.375,5.,47.414890857198));
#3388=CARTESIAN_POINT('',(-28.25,0.,48.9304353138208));
#3389=CARTESIAN_POINT('',(-28.25,5.,48.9304353138208));
#3390=CARTESIAN_POINT('Origin',(-27.375,0.,47.414890857198));
#3391=CARTESIAN_POINT('Origin',(-33.375,5.,57.8071957026113));
#3392=CARTESIAN_POINT('',(-34.25,0.,59.322740159234));
#3393=CARTESIAN_POINT('',(-34.25,5.,59.322740159234));
#3394=CARTESIAN_POINT('Origin',(-33.375,0.,57.8071957026113));
#3395=CARTESIAN_POINT('Origin',(-39.375,5.,68.1995005480245));
#3396=CARTESIAN_POINT('',(-40.25,0.,69.7150450046473));
#3397=CARTESIAN_POINT('',(-40.25,5.,69.7150450046473));
#3398=CARTESIAN_POINT('Origin',(-39.375,0.,68.1995005480245));
#3399=CARTESIAN_POINT('Origin',(-30.75,5.,-3.21067739506553E-15));
#3400=CARTESIAN_POINT('',(-32.5,0.,-3.21067739506553E-15));
#3401=CARTESIAN_POINT('',(-32.5,5.,-3.6393037747671E-15));
#3402=CARTESIAN_POINT('Origin',(-30.75,0.,-3.21067739506553E-15));
#3403=CARTESIAN_POINT('Origin',(-42.75,5.,-4.68025355404235E-15));
#3404=CARTESIAN_POINT('',(-44.5,0.,-4.68025355404235E-15));
#3405=CARTESIAN_POINT('',(-44.5,5.,-5.10887993374393E-15));
#3406=CARTESIAN_POINT('Origin',(-42.75,0.,-4.68025355404235E-15));
#3407=CARTESIAN_POINT('Origin',(-54.75,5.,-6.14982971301918E-15));
#3408=CARTESIAN_POINT('',(-56.5,0.,-6.14982971301918E-15));
#3409=CARTESIAN_POINT('',(-56.5,5.,-6.57845609272075E-15));
#3410=CARTESIAN_POINT('Origin',(-54.75,0.,-6.14982971301918E-15));
#3411=CARTESIAN_POINT('Origin',(-66.75,5.,-7.619405871996E-15));
#3412=CARTESIAN_POINT('',(-68.5,0.,-7.619405871996E-15));
#3413=CARTESIAN_POINT('',(-68.5,5.,-8.04803225169758E-15));
#3414=CARTESIAN_POINT('Origin',(-66.75,0.,-7.619405871996E-15));
#3415=CARTESIAN_POINT('Origin',(-78.75,5.,-9.08898203097283E-15));
#3416=CARTESIAN_POINT('',(-80.5,0.,-9.08898203097283E-15));
#3417=CARTESIAN_POINT('',(-80.5,5.,-9.5176084106744E-15));
#3418=CARTESIAN_POINT('Origin',(-78.75,0.,-9.08898203097283E-15));
#3419=CARTESIAN_POINT('Origin',(-15.375,5.,-26.6302811663715));
#3420=CARTESIAN_POINT('',(-16.25,0.,-28.1458256229942));
#3421=CARTESIAN_POINT('',(-16.25,5.,-28.1458256229942));
#3422=CARTESIAN_POINT('Origin',(-15.375,0.,-26.6302811663715));
#3423=CARTESIAN_POINT('Origin',(-21.375,5.,-37.0225860117847));
#3424=CARTESIAN_POINT('',(-22.25,0.,-38.5381304684075));
#3425=CARTESIAN_POINT('',(-22.25,5.,-38.5381304684075));
#3426=CARTESIAN_POINT('Origin',(-21.375,0.,-37.0225860117847));
#3427=CARTESIAN_POINT('Origin',(-27.375,5.,-47.414890857198));
#3428=CARTESIAN_POINT('',(-28.25,0.,-48.9304353138208));
#3429=CARTESIAN_POINT('',(-28.25,5.,-48.9304353138208));
#3430=CARTESIAN_POINT('Origin',(-27.375,0.,-47.414890857198));
#3431=CARTESIAN_POINT('Origin',(-33.375,5.,-57.8071957026113));
#3432=CARTESIAN_POINT('',(-34.25,0.,-59.322740159234));
#3433=CARTESIAN_POINT('',(-34.25,5.,-59.322740159234));
#3434=CARTESIAN_POINT('Origin',(-33.375,0.,-57.8071957026113));
#3435=CARTESIAN_POINT('Origin',(-39.375,5.,-68.1995005480245));
#3436=CARTESIAN_POINT('',(-40.25,0.,-69.7150450046473));
#3437=CARTESIAN_POINT('',(-40.25,5.,-69.7150450046473));
#3438=CARTESIAN_POINT('Origin',(-39.375,0.,-68.1995005480245));
#3439=CARTESIAN_POINT('Origin',(15.375,5.,-26.6302811663715));
#3440=CARTESIAN_POINT('',(16.25,0.,-28.1458256229942));
#3441=CARTESIAN_POINT('',(16.25,5.,-28.1458256229942));
#3442=CARTESIAN_POINT('Origin',(15.375,0.,-26.6302811663715));
#3443=CARTESIAN_POINT('Origin',(21.375,5.,-37.0225860117847));
#3444=CARTESIAN_POINT('',(22.25,0.,-38.5381304684075));
#3445=CARTESIAN_POINT('',(22.25,5.,-38.5381304684075));
#3446=CARTESIAN_POINT('Origin',(21.375,0.,-37.0225860117847));
#3447=CARTESIAN_POINT('Origin',(27.375,5.,-47.414890857198));
#3448=CARTESIAN_POINT('',(28.25,0.,-48.9304353138208));
#3449=CARTESIAN_POINT('',(28.25,5.,-48.9304353138208));
#3450=CARTESIAN_POINT('Origin',(27.375,0.,-47.414890857198));
#3451=CARTESIAN_POINT('Origin',(33.375,5.,-57.8071957026113));
#3452=CARTESIAN_POINT('',(34.25,0.,-59.322740159234));
#3453=CARTESIAN_POINT('',(34.25,5.,-59.322740159234));
#3454=CARTESIAN_POINT('Origin',(33.375,0.,-57.8071957026113));
#3455=CARTESIAN_POINT('Origin',(39.375,5.,-68.1995005480245));
#3456=CARTESIAN_POINT('',(40.25,0.,-69.7150450046473));
#3457=CARTESIAN_POINT('',(40.25,5.,-69.7150450046473));
#3458=CARTESIAN_POINT('Origin',(39.375,0.,-68.1995005480245));
#3459=CARTESIAN_POINT('Origin',(30.75,5.,-1.55191632523328E-16));
#3460=CARTESIAN_POINT('',(32.5,0.,-3.69504822374115E-16));
#3461=CARTESIAN_POINT('',(32.5,5.,5.91215573274582E-17));
#3462=CARTESIAN_POINT('Origin',(30.75,0.,-1.55191632523328E-16));
#3463=CARTESIAN_POINT('Origin',(42.75,5.,-2.55171602470641E-16));
#3464=CARTESIAN_POINT('',(44.5,0.,-4.69484792321427E-16));
#3465=CARTESIAN_POINT('',(44.5,5.,-4.08584126198543E-17));
#3466=CARTESIAN_POINT('Origin',(42.75,0.,-2.55171602470641E-16));
#3467=CARTESIAN_POINT('Origin',(54.75,5.,-3.55151572417953E-16));
#3468=CARTESIAN_POINT('',(56.5,0.,-5.6946476226874E-16));
#3469=CARTESIAN_POINT('',(56.5,5.,-1.40838382567167E-16));
#3470=CARTESIAN_POINT('Origin',(54.75,0.,-3.55151572417953E-16));
#3471=CARTESIAN_POINT('Origin',(66.75,5.,-4.55131542365266E-16));
#3472=CARTESIAN_POINT('',(68.5,0.,-6.69444732216052E-16));
#3473=CARTESIAN_POINT('',(68.5,5.,-2.40818352514479E-16));
#3474=CARTESIAN_POINT('Origin',(66.75,0.,-4.55131542365266E-16));
#3475=CARTESIAN_POINT('Origin',(78.75,5.,-5.55111512312578E-16));
#3476=CARTESIAN_POINT('',(80.5,0.,-7.69424702163365E-16));
#3477=CARTESIAN_POINT('',(80.5,5.,-3.40798322461792E-16));
#3478=CARTESIAN_POINT('Origin',(78.75,0.,-5.55111512312578E-16));
#3479=CARTESIAN_POINT('Origin',(1.11469207469871,0.,8.93070330817254));
#3480=CARTESIAN_POINT('',(34.428055497699,0.,66.6311413278158));
#3481=CARTESIAN_POINT('',(1.11469207469871,0.,8.93070330817254));
#3482=CARTESIAN_POINT('',(34.428055497699,0.,66.6311413278158));
#3483=CARTESIAN_POINT('Origin',(0.,0.,0.));
#3484=CARTESIAN_POINT('Origin',(0.,0.,0.));
#3485=CARTESIAN_POINT('Origin',(0.,0.,0.));
#3486=CARTESIAN_POINT('',(74.9182888218891,0.,3.5));
#3487=CARTESIAN_POINT('',(74.9182888218891,0.,3.5));
#3488=CARTESIAN_POINT('Origin',(0.,0.,0.));
#3489=CARTESIAN_POINT('Origin',(0.,0.,0.));
#3490=CARTESIAN_POINT('',(-82.5,0.,1.01033360929657E-14));
#3491=CARTESIAN_POINT('Origin',(0.,0.,0.));
#3492=CARTESIAN_POINT('',(40.4902333241901,0.,-63.1311413278157));
#3493=CARTESIAN_POINT('Origin',(0.,0.,0.));
#3494=CARTESIAN_POINT('',(7.17686990118979,0.,-5.43070330817254));
#3495=CARTESIAN_POINT('',(-40.4902333241901,0.,63.1311413278157));
#3496=CARTESIAN_POINT('Origin',(0.,0.,0.));
#3497=CARTESIAN_POINT('',(-7.17686990118979,0.,5.43070330817253));
#3498=CARTESIAN_POINT('',(-34.428055497699,0.,-66.6311413278158));
#3499=CARTESIAN_POINT('Origin',(0.,0.,0.));
#3500=CARTESIAN_POINT('',(-1.11469207469871,0.,-8.93070330817254));
#3501=CARTESIAN_POINT('',(8.2915619758885,0.,3.5));
#3502=CARTESIAN_POINT('',(-74.9182888218891,0.,-3.50000000000001));
#3503=CARTESIAN_POINT('Origin',(0.,0.,0.));
#3504=CARTESIAN_POINT('',(-8.2915619758885,0.,-3.5));
#3505=CARTESIAN_POINT('',(79.2770241174827,0.,13.9786783021879));
#3506=CARTESIAN_POINT('Origin',(77.5536105497114,0.,13.6747939912708));
#3507=CARTESIAN_POINT('',(75.6452559732656,0.,27.5326215377164));
#3508=CARTESIAN_POINT('Origin',(74.0007938868902,0.,26.9340862868965));
#3509=CARTESIAN_POINT('',(69.7150450046473,0.,40.25));
#3510=CARTESIAN_POINT('Origin',(68.1995005480245,0.,39.375));
#3511=CARTESIAN_POINT('',(61.6665776710777,0.,51.7444025797664));
#3512=CARTESIAN_POINT('Origin',(60.3259998956195,0.,50.619524262815));
#3513=CARTESIAN_POINT('',(51.7444025797664,0.,61.6665776710777));
#3514=CARTESIAN_POINT('Origin',(50.6195242628149,0.,60.3259998956195));
#3515=CARTESIAN_POINT('',(27.5326215377163,0.,75.6452559732656));
#3516=CARTESIAN_POINT('Origin',(26.9340862868964,0.,74.0007938868903));
#3517=CARTESIAN_POINT('',(13.9786783021879,0.,79.2770241174827));
#3518=CARTESIAN_POINT('Origin',(13.6747939912707,0.,77.5536105497114));
#3519=CARTESIAN_POINT('',(-1.40181853975409E-14,0.,80.5));
#3520=CARTESIAN_POINT('Origin',(-1.39110288026155E-14,0.,78.75));
#3521=CARTESIAN_POINT('',(-13.9786783021879,0.,79.2770241174827));
#3522=CARTESIAN_POINT('Origin',(-13.6747939912708,0.,77.5536105497114));
#3523=CARTESIAN_POINT('',(-27.5326215377164,0.,75.6452559732656));
#3524=CARTESIAN_POINT('Origin',(-26.9340862868965,0.,74.0007938868902));
#3525=CARTESIAN_POINT('',(-51.7444025797664,0.,61.6665776710777));
#3526=CARTESIAN_POINT('Origin',(-50.619524262815,0.,60.3259998956195));
#3527=CARTESIAN_POINT('',(-61.6665776710777,0.,51.7444025797664));
#3528=CARTESIAN_POINT('Origin',(-60.3259998956195,0.,50.619524262815));
#3529=CARTESIAN_POINT('',(-69.7150450046473,0.,40.25));
#3530=CARTESIAN_POINT('Origin',(-68.1995005480245,0.,39.375));
#3531=CARTESIAN_POINT('',(-75.6452559732656,0.,27.5326215377163));
#3532=CARTESIAN_POINT('Origin',(-74.0007938868903,0.,26.9340862868964));
#3533=CARTESIAN_POINT('',(-79.2770241174827,0.,13.9786783021879));
#3534=CARTESIAN_POINT('Origin',(-77.5536105497114,0.,13.6747939912707));
#3535=CARTESIAN_POINT('',(-79.2770241174827,0.,-13.9786783021879));
#3536=CARTESIAN_POINT('Origin',(-77.5536105497114,0.,-13.6747939912708));
#3537=CARTESIAN_POINT('',(-75.6452559732656,0.,-27.5326215377163));
#3538=CARTESIAN_POINT('Origin',(-74.0007938868903,0.,-26.9340862868964));
#3539=CARTESIAN_POINT('',(-69.7150450046473,0.,-40.25));
#3540=CARTESIAN_POINT('Origin',(-68.1995005480245,0.,-39.375));
#3541=CARTESIAN_POINT('',(-61.6665776710777,0.,-51.7444025797664));
#3542=CARTESIAN_POINT('Origin',(-60.3259998956195,0.,-50.619524262815));
#3543=CARTESIAN_POINT('',(-51.7444025797664,0.,-61.6665776710777));
#3544=CARTESIAN_POINT('Origin',(-50.619524262815,0.,-60.3259998956195));
#3545=CARTESIAN_POINT('',(-27.5326215377163,0.,-75.6452559732656));
#3546=CARTESIAN_POINT('Origin',(-26.9340862868964,0.,-74.0007938868903));
#3547=CARTESIAN_POINT('',(-13.9786783021879,0.,-79.2770241174827));
#3548=CARTESIAN_POINT('Origin',(-13.6747939912708,0.,-77.5536105497114));
#3549=CARTESIAN_POINT('',(4.15977866440473E-15,0.,-80.5));
#3550=CARTESIAN_POINT('Origin',(4.26693525933012E-15,0.,-78.75));
#3551=CARTESIAN_POINT('',(13.9786783021879,0.,-79.2770241174827));
#3552=CARTESIAN_POINT('Origin',(13.6747939912708,0.,-77.5536105497114));
#3553=CARTESIAN_POINT('',(27.5326215377163,0.,-75.6452559732656));
#3554=CARTESIAN_POINT('Origin',(26.9340862868964,0.,-74.0007938868903));
#3555=CARTESIAN_POINT('',(51.7444025797664,0.,-61.6665776710777));
#3556=CARTESIAN_POINT('Origin',(50.619524262815,0.,-60.3259998956195));
#3557=CARTESIAN_POINT('',(61.6665776710777,0.,-51.7444025797664));
#3558=CARTESIAN_POINT('Origin',(60.3259998956195,0.,-50.619524262815));
#3559=CARTESIAN_POINT('',(69.7150450046473,0.,-40.25));
#3560=CARTESIAN_POINT('Origin',(68.1995005480245,0.,-39.375));
#3561=CARTESIAN_POINT('',(75.6452559732656,0.,-27.5326215377163));
#3562=CARTESIAN_POINT('Origin',(74.0007938868903,0.,-26.9340862868964));
#3563=CARTESIAN_POINT('',(79.2770241174827,0.,-13.9786783021879));
#3564=CARTESIAN_POINT('Origin',(77.5536105497114,0.,-13.6747939912708));
#3565=CARTESIAN_POINT('Origin',(0.,0.,0.));
#3566=CARTESIAN_POINT('',(-82.5,0.,1.01033360929657E-14));
#3567=CARTESIAN_POINT('Origin',(-7.17686990118979,0.,5.43070330817253));
#3568=CARTESIAN_POINT('',(-40.4902333241901,0.,63.1311413278157));
#3569=CARTESIAN_POINT('Origin',(-8.2915619758885,0.,-3.5));
#3570=CARTESIAN_POINT('',(-74.9182888218891,0.,-3.50000000000001));
#3571=CARTESIAN_POINT('Origin',(0.,0.,0.));
#3572=CARTESIAN_POINT('Origin',(-1.11469207469871,0.,-8.93070330817254));
#3573=CARTESIAN_POINT('',(-34.428055497699,0.,-66.6311413278158));
#3574=CARTESIAN_POINT('Origin',(0.,0.,0.));
#3575=CARTESIAN_POINT('Origin',(0.,0.,0.));
#3576=CARTESIAN_POINT('Origin',(7.17686990118979,0.,-5.43070330817254));
#3577=CARTESIAN_POINT('',(40.4902333241901,0.,-63.1311413278157));
#3578=CARTESIAN_POINT('Origin',(8.2915619758885,0.,3.5));
#3579=CARTESIAN_POINT('Origin',(0.,0.,0.));
#3580=CARTESIAN_POINT('Origin',(0.,30.,0.));
#3581=CARTESIAN_POINT('Origin',(77.5536105497114,5.,-13.6747939912708));
#3582=CARTESIAN_POINT('',(79.2770241174827,5.,-13.9786783021879));
#3583=CARTESIAN_POINT('Origin',(74.0007938868903,5.,-26.9340862868964));
#3584=CARTESIAN_POINT('',(75.6452559732656,5.,-27.5326215377163));
#3585=CARTESIAN_POINT('Origin',(68.1995005480245,5.,-39.375));
#3586=CARTESIAN_POINT('',(69.7150450046473,5.,-40.25));
#3587=CARTESIAN_POINT('Origin',(60.3259998956195,5.,-50.619524262815));
#3588=CARTESIAN_POINT('',(61.6665776710777,5.,-51.7444025797664));
#3589=CARTESIAN_POINT('Origin',(50.619524262815,5.,-60.3259998956195));
#3590=CARTESIAN_POINT('',(51.7444025797664,5.,-61.6665776710777));
#3591=CARTESIAN_POINT('Origin',(26.9340862868964,5.,-74.0007938868903));
#3592=CARTESIAN_POINT('',(27.5326215377163,5.,-75.6452559732656));
#3593=CARTESIAN_POINT('Origin',(13.6747939912708,5.,-77.5536105497114));
#3594=CARTESIAN_POINT('',(13.9786783021879,5.,-79.2770241174827));
#3595=CARTESIAN_POINT('Origin',(4.26693525933012E-15,5.,-78.75));
#3596=CARTESIAN_POINT('',(4.5884050441063E-15,5.,-80.5));
#3597=CARTESIAN_POINT('Origin',(-13.6747939912708,5.,-77.5536105497114));
#3598=CARTESIAN_POINT('',(-13.9786783021879,5.,-79.2770241174827));
#3599=CARTESIAN_POINT('Origin',(-26.9340862868964,5.,-74.0007938868903));
#3600=CARTESIAN_POINT('',(-27.5326215377163,5.,-75.6452559732656));
#3601=CARTESIAN_POINT('Origin',(-50.619524262815,5.,-60.3259998956195));
#3602=CARTESIAN_POINT('',(-51.7444025797664,5.,-61.6665776710777));
#3603=CARTESIAN_POINT('Origin',(-60.3259998956195,5.,-50.619524262815));
#3604=CARTESIAN_POINT('',(-61.6665776710777,5.,-51.7444025797664));
#3605=CARTESIAN_POINT('Origin',(-68.1995005480245,5.,-39.375));
#3606=CARTESIAN_POINT('',(-69.7150450046473,5.,-40.25));
#3607=CARTESIAN_POINT('Origin',(-74.0007938868903,5.,-26.9340862868964));
#3608=CARTESIAN_POINT('',(-75.6452559732656,5.,-27.5326215377163));
#3609=CARTESIAN_POINT('Origin',(-77.5536105497114,5.,-13.6747939912708));
#3610=CARTESIAN_POINT('',(-79.2770241174827,5.,-13.9786783021879));
#3611=CARTESIAN_POINT('Origin',(-77.5536105497114,5.,13.6747939912707));
#3612=CARTESIAN_POINT('',(-79.2770241174827,5.,13.9786783021879));
#3613=CARTESIAN_POINT('Origin',(-74.0007938868903,5.,26.9340862868964));
#3614=CARTESIAN_POINT('',(-75.6452559732656,5.,27.5326215377163));
#3615=CARTESIAN_POINT('Origin',(-68.1995005480245,5.,39.375));
#3616=CARTESIAN_POINT('',(-69.7150450046473,5.,40.25));
#3617=CARTESIAN_POINT('Origin',(-60.3259998956195,5.,50.619524262815));
#3618=CARTESIAN_POINT('',(-61.6665776710777,5.,51.7444025797664));
#3619=CARTESIAN_POINT('Origin',(-50.619524262815,5.,60.3259998956195));
#3620=CARTESIAN_POINT('',(-51.7444025797664,5.,61.6665776710777));
#3621=CARTESIAN_POINT('Origin',(-26.9340862868965,5.,74.0007938868902));
#3622=CARTESIAN_POINT('',(-27.5326215377164,5.,75.6452559732656));
#3623=CARTESIAN_POINT('Origin',(-13.6747939912708,5.,77.5536105497114));
#3624=CARTESIAN_POINT('',(-13.9786783021879,5.,79.2770241174827));
#3625=CARTESIAN_POINT('Origin',(-1.39110288026155E-14,5.,78.75));
#3626=CARTESIAN_POINT('',(-1.44468117772425E-14,5.,80.5));
#3627=CARTESIAN_POINT('Origin',(13.6747939912707,5.,77.5536105497114));
#3628=CARTESIAN_POINT('',(13.9786783021879,5.,79.2770241174827));
#3629=CARTESIAN_POINT('Origin',(26.9340862868964,5.,74.0007938868903));
#3630=CARTESIAN_POINT('',(27.5326215377163,5.,75.6452559732656));
#3631=CARTESIAN_POINT('Origin',(50.6195242628149,5.,60.3259998956195));
#3632=CARTESIAN_POINT('',(51.7444025797664,5.,61.6665776710777));
#3633=CARTESIAN_POINT('Origin',(60.3259998956195,5.,50.619524262815));
#3634=CARTESIAN_POINT('',(61.6665776710777,5.,51.7444025797664));
#3635=CARTESIAN_POINT('Origin',(68.1995005480245,5.,39.375));
#3636=CARTESIAN_POINT('',(69.7150450046473,5.,40.25));
#3637=CARTESIAN_POINT('Origin',(74.0007938868902,5.,26.9340862868965));
#3638=CARTESIAN_POINT('',(75.6452559732656,5.,27.5326215377164));
#3639=CARTESIAN_POINT('Origin',(77.5536105497114,5.,13.6747939912708));
#3640=CARTESIAN_POINT('',(79.2770241174827,5.,13.9786783021879));
#3641=CARTESIAN_POINT('',(0.,0.,0.));
#3642=UNCERTAINTY_MEASURE_WITH_UNIT(LENGTH_MEASURE(0.01),#3648,
'DISTANCE_ACCURACY_VALUE',
'Maximum model space distance between geometric entities at asserted c
onnectivities');
#3643=UNCERTAINTY_MEASURE_WITH_UNIT(LENGTH_MEASURE(0.01),#3648,
'DISTANCE_ACCURACY_VALUE',
'Maximum model space distance between geometric entities at asserted c
onnectivities');
#3644=UNCERTAINTY_MEASURE_WITH_UNIT(LENGTH_MEASURE(0.01),#3648,
'DISTANCE_ACCURACY_VALUE',
'Maximum model space distance between geometric entities at asserted c
onnectivities');
#3645=(
GEOMETRIC_REPRESENTATION_CONTEXT(3)
GLOBAL_UNCERTAINTY_ASSIGNED_CONTEXT((#3642))
GLOBAL_UNIT_ASSIGNED_CONTEXT((#3648,#3649,#3650))
REPRESENTATION_CONTEXT('','3D')
);
#3646=(
GEOMETRIC_REPRESENTATION_CONTEXT(3)
GLOBAL_UNCERTAINTY_ASSIGNED_CONTEXT((#3643))
GLOBAL_UNIT_ASSIGNED_CONTEXT((#3648,#3649,#3650))
REPRESENTATION_CONTEXT('','3D')
);
#3647=(
GEOMETRIC_REPRESENTATION_CONTEXT(3)
GLOBAL_UNCERTAINTY_ASSIGNED_CONTEXT((#3644))
GLOBAL_UNIT_ASSIGNED_CONTEXT((#3648,#3649,#3650))
REPRESENTATION_CONTEXT('','3D')
);
#3648=(
LENGTH_UNIT()
NAMED_UNIT(*)
SI_UNIT(.MILLI.,.METRE.)
);
#3649=(
NAMED_UNIT(*)
PLANE_ANGLE_UNIT()
SI_UNIT($,.RADIAN.)
);
#3650=(
NAMED_UNIT(*)
SI_UNIT($,.STERADIAN.)
SOLID_ANGLE_UNIT()
);
#3651=SHAPE_DEFINITION_REPRESENTATION(#3653,#3656);
#3652=SHAPE_DEFINITION_REPRESENTATION(#3654,#3657);
#3653=PRODUCT_DEFINITION_SHAPE('',$,#3659);
#3654=PRODUCT_DEFINITION_SHAPE('',$,#3660);
#3655=PRODUCT_DEFINITION_SHAPE($,$,#14);
#3656=SHAPE_REPRESENTATION('',(#2143,#2411),#3645);
#3657=SHAPE_REPRESENTATION('',(#2144),#3646);
#3658=PRODUCT_DEFINITION_CONTEXT('part definition',#3666,'design');
#3659=PRODUCT_DEFINITION('Main_Heart_Support_FlangeBig',
'Main_Heart_Support_FlangeBig v3',#3661,#3658);
#3660=PRODUCT_DEFINITION('MainSupport_v2','MainSupport_v2',#3662,#3658);
#3661=PRODUCT_DEFINITION_FORMATION('',$,#3668);
#3662=PRODUCT_DEFINITION_FORMATION('',$,#3669);
#3663=PRODUCT_RELATED_PRODUCT_CATEGORY(
'Main_Heart_Support_FlangeBig v3','Main_Heart_Support_FlangeBig v3',(#3668));
#3664=PRODUCT_RELATED_PRODUCT_CATEGORY('MainSupport_v2',
'MainSupport_v2',(#3669));
#3665=APPLICATION_PROTOCOL_DEFINITION('international standard',
'automotive_design',2009,#3666);
#3666=APPLICATION_CONTEXT(
'Core Data for Automotive Mechanical Design Process');
#3667=PRODUCT_CONTEXT('part definition',#3666,'mechanical');
#3668=PRODUCT('Main_Heart_Support_FlangeBig',
'Main_Heart_Support_FlangeBig v3',$,(#3667));
#3669=PRODUCT('MainSupport_v2','MainSupport_v2',$,(#3667));
#3670=PRESENTATION_STYLE_ASSIGNMENT((#3671));
#3671=SURFACE_STYLE_USAGE(.BOTH.,#3672);
#3672=SURFACE_SIDE_STYLE('',(#3673));
#3673=SURFACE_STYLE_FILL_AREA(#3674);
#3674=FILL_AREA_STYLE('A\X\E7o - Acetinado',(#3675));
#3675=FILL_AREA_STYLE_COLOUR('A\X\E7o - Acetinado',#3676);
#3676=COLOUR_RGB('A\X\E7o - Acetinado',0.627450980392157,0.627450980392157,
0.627450980392157);
ENDSEC;
END-ISO-10303-21;
