ISO-10303-21;
HEADER;
/* Generated by software containing ST-Developer
 * from STEP Tools, Inc. (www.steptools.com) 
 */

FILE_DESCRIPTION(
/* description */ (''),
/* implementation_level */ '2;1');

FILE_NAME(
/* name */ 'RatchetHousing.step',
/* time_stamp */ '2026-09-05T21:29:31-03:00',
/* author */ (''),
/* organization */ (''),
/* preprocessor_version */ 'ST-DEVELOPER v20.2',
/* originating_system */ 'Autodesk Translation Framework v15.15.0.0',
/* authorisation */ '');

FILE_SCHEMA (('AUTOMOTIVE_DESIGN { 1 0 10303 214 3 1 1 }'));
ENDSEC;

DATA;
#10=MECHANICAL_DESIGN_GEOMETRIC_PRESENTATION_REPRESENTATION('',(#29,#30,
#31,#32),#7654);
#11=SHAPE_REPRESENTATION_RELATIONSHIP('SRR','None',#7671,#14);
#12=SHAPE_REPRESENTATION_RELATIONSHIP('SRR','None',#7673,#15);
#13=SHAPE_REPRESENTATION_RELATIONSHIP('SRR','None',#7670,#16);
#14=ADVANCED_BREP_SHAPE_REPRESENTATION('',(#33),#7651);
#15=ADVANCED_BREP_SHAPE_REPRESENTATION('',(#34),#7653);
#16=ADVANCED_BREP_SHAPE_REPRESENTATION('',(#35,#36),#7650);
#17=ITEM_DEFINED_TRANSFORMATION($,$,#4356,#4703);
#18=ITEM_DEFINED_TRANSFORMATION($,$,#4355,#4858);
#19=ITEM_DEFINED_TRANSFORMATION($,$,#4704,#4859);
#20=(
REPRESENTATION_RELATIONSHIP($,$,#7672,#7671)
REPRESENTATION_RELATIONSHIP_WITH_TRANSFORMATION(#17)
SHAPE_REPRESENTATION_RELATIONSHIP()
);
#21=(
REPRESENTATION_RELATIONSHIP($,$,#7671,#7670)
REPRESENTATION_RELATIONSHIP_WITH_TRANSFORMATION(#18)
SHAPE_REPRESENTATION_RELATIONSHIP()
);
#22=(
REPRESENTATION_RELATIONSHIP($,$,#7673,#7670)
REPRESENTATION_RELATIONSHIP_WITH_TRANSFORMATION(#19)
SHAPE_REPRESENTATION_RELATIONSHIP()
);
#23=CONTEXT_DEPENDENT_SHAPE_REPRESENTATION(#20,#7666);
#24=CONTEXT_DEPENDENT_SHAPE_REPRESENTATION(#21,#7668);
#25=CONTEXT_DEPENDENT_SHAPE_REPRESENTATION(#22,#7669);
#26=NEXT_ASSEMBLY_USAGE_OCCURRENCE('BoltHead:1','BoltHead:1',
'BoltHead:1',#7676,#7677,'BoltHead:1');
#27=NEXT_ASSEMBLY_USAGE_OCCURRENCE('Ratchet:1','Ratchet:1','Ratchet:1',
#7675,#7676,'Ratchet:1');
#28=NEXT_ASSEMBLY_USAGE_OCCURRENCE('Pawl:1','Pawl:1','Pawl:1',#7675,#7678,
'Pawl:1');
#29=STYLED_ITEM('',(#7694),#33);
#30=STYLED_ITEM('',(#7694),#34);
#31=STYLED_ITEM('',(#7694),#35);
#32=STYLED_ITEM('',(#7694),#36);
#33=MANIFOLD_SOLID_BREP('Corpo1',#4327);
#34=MANIFOLD_SOLID_BREP('Corpo1',#4328);
#35=MANIFOLD_SOLID_BREP('Corpo1',#4329);
#36=MANIFOLD_SOLID_BREP('Corpo2',#4330);
#37=B_SPLINE_CURVE_WITH_KNOTS('',3,(#6882,#6883,#6884,#6885,#6886,#6887,
#6888,#6889,#6890,#6891,#6892,#6893,#6894,#6895,#6896,#6897,#6898,#6899,
#6900,#6901,#6902,#6903,#6904,#6905,#6906,#6907,#6908,#6909,#6910,#6911,
#6912,#6913,#6914,#6915,#6916,#6917,#6918,#6919),.UNSPECIFIED.,.T.,.F.,
(4,2,2,2,2,2,2,2,2,2,2,2,2,2,2,2,2,2,4),(0.,0.027812834593416,0.0556256691868321,
0.0902777187009805,0.124929768215129,0.164165705710669,0.203401643206209,
0.232069333564618,0.246403178743822,0.260737023923026,0.275070869102231,
0.289404714281435,0.318072404639844,0.357308342135384,0.396544279630924,
0.431196329145072,0.465848378659221,0.493661213252637,0.521474047846053),
 .UNSPECIFIED.);
#38=B_SPLINE_CURVE_WITH_KNOTS('',3,(#6923,#6924,#6925,#6926,#6927,#6928,
#6929,#6930,#6931,#6932,#6933,#6934,#6935,#6936,#6937,#6938),
 .UNSPECIFIED.,.F.,.F.,(4,2,2,2,2,2,2,4),(0.,0.0945490214006397,0.14182353210096,
0.189098042801279,0.208303609264756,0.227509175728232,0.241647987464341,
0.255786799200451),.UNSPECIFIED.);
#39=B_SPLINE_CURVE_WITH_KNOTS('',3,(#6940,#6941,#6942,#6943,#6944,#6945,
#6946,#6947,#6948,#6949,#6950,#6951,#6952,#6953,#6954,#6955),
 .UNSPECIFIED.,.F.,.F.,(4,2,2,2,2,2,2,4),(0.767360397601352,0.781499209337461,
0.795638021073571,0.814843587537047,0.834049154000523,0.881323664700843,
0.928598175401163,1.0231471968018),.UNSPECIFIED.);
#40=B_SPLINE_CURVE_WITH_KNOTS('',3,(#6958,#6959,#6960,#6961,#6962,#6963,
#6964,#6965,#6966,#6967,#6968,#6969,#6970,#6971,#6972,#6973,#6974,#6975,
#6976,#6977,#6978,#6979,#6980,#6981,#6982,#6983,#6984,#6985,#6986,#6987,
#6988,#6989,#6990,#6991,#6992,#6993,#6994,#6995),.UNSPECIFIED.,.T.,.F.,
(4,2,2,2,2,2,2,2,2,2,2,2,2,2,2,2,2,2,4),(0.,0.027812834593416,0.0556256691868321,
0.0902777187009805,0.124929768215129,0.164165705710669,0.203401643206209,
0.232069333564618,0.246403178743822,0.260737023923027,0.275070869102231,
0.289404714281435,0.318072404639844,0.357308342135384,0.396544279630924,
0.431196329145073,0.465848378659221,0.493661213252637,0.521474047846053),
 .UNSPECIFIED.);
#41=B_SPLINE_CURVE_WITH_KNOTS('',3,(#6996,#6997,#6998,#6999,#7000,#7001,
#7002,#7003,#7004,#7005,#7006,#7007,#7008,#7009,#7010,#7011,#7012,#7013,
#7014,#7015,#7016,#7017,#7018,#7019,#7020,#7021,#7022,#7023,#7024,#7025),
 .UNSPECIFIED.,.F.,.F.,(4,2,2,2,2,2,2,2,2,2,2,2,2,2,4),(0.255786799200451,
0.26992561093656,0.284064422672669,0.303269989136145,0.322475555599622,
0.369750066299942,0.417024577000262,0.511573598400901,0.606122619801541,
0.653397130501861,0.700671641202181,0.719877207665657,0.739082774129133,
0.753221585865243,0.767360397601352),.UNSPECIFIED.);
#42=LINE('',#6238,#397);
#43=LINE('',#6242,#398);
#44=LINE('',#6447,#399);
#45=LINE('',#6451,#400);
#46=LINE('',#6455,#401);
#47=LINE('',#6459,#402);
#48=LINE('',#6463,#403);
#49=LINE('',#6467,#404);
#50=LINE('',#6471,#405);
#51=LINE('',#6475,#406);
#52=LINE('',#6479,#407);
#53=LINE('',#6483,#408);
#54=LINE('',#6487,#409);
#55=LINE('',#6491,#410);
#56=LINE('',#6495,#411);
#57=LINE('',#6499,#412);
#58=LINE('',#6503,#413);
#59=LINE('',#6507,#414);
#60=LINE('',#6511,#415);
#61=LINE('',#6515,#416);
#62=LINE('',#6519,#417);
#63=LINE('',#6523,#418);
#64=LINE('',#6527,#419);
#65=LINE('',#6531,#420);
#66=LINE('',#6535,#421);
#67=LINE('',#6539,#422);
#68=LINE('',#6543,#423);
#69=LINE('',#6547,#424);
#70=LINE('',#6551,#425);
#71=LINE('',#6555,#426);
#72=LINE('',#6559,#427);
#73=LINE('',#6563,#428);
#74=LINE('',#6567,#429);
#75=LINE('',#6571,#430);
#76=LINE('',#6575,#431);
#77=LINE('',#6579,#432);
#78=LINE('',#6583,#433);
#79=LINE('',#6587,#434);
#80=LINE('',#6591,#435);
#81=LINE('',#6595,#436);
#82=LINE('',#6599,#437);
#83=LINE('',#6603,#438);
#84=LINE('',#6607,#439);
#85=LINE('',#6611,#440);
#86=LINE('',#6615,#441);
#87=LINE('',#6619,#442);
#88=LINE('',#6623,#443);
#89=LINE('',#6627,#444);
#90=LINE('',#6631,#445);
#91=LINE('',#6635,#446);
#92=LINE('',#6639,#447);
#93=LINE('',#6643,#448);
#94=LINE('',#6647,#449);
#95=LINE('',#6651,#450);
#96=LINE('',#6655,#451);
#97=LINE('',#6659,#452);
#98=LINE('',#6663,#453);
#99=LINE('',#6667,#454);
#100=LINE('',#6671,#455);
#101=LINE('',#6675,#456);
#102=LINE('',#6679,#457);
#103=LINE('',#6683,#458);
#104=LINE('',#6687,#459);
#105=LINE('',#6691,#460);
#106=LINE('',#6695,#461);
#107=LINE('',#6699,#462);
#108=LINE('',#6703,#463);
#109=LINE('',#6707,#464);
#110=LINE('',#6711,#465);
#111=LINE('',#6715,#466);
#112=LINE('',#6719,#467);
#113=LINE('',#6723,#468);
#114=LINE('',#6727,#469);
#115=LINE('',#6731,#470);
#116=LINE('',#6735,#471);
#117=LINE('',#6739,#472);
#118=LINE('',#6743,#473);
#119=LINE('',#6747,#474);
#120=LINE('',#6751,#475);
#121=LINE('',#6755,#476);
#122=LINE('',#6759,#477);
#123=LINE('',#6763,#478);
#124=LINE('',#6767,#479);
#125=LINE('',#6771,#480);
#126=LINE('',#6775,#481);
#127=LINE('',#6779,#482);
#128=LINE('',#6783,#483);
#129=LINE('',#6787,#484);
#130=LINE('',#6791,#485);
#131=LINE('',#6795,#486);
#132=LINE('',#6799,#487);
#133=LINE('',#6803,#488);
#134=LINE('',#6807,#489);
#135=LINE('',#6811,#490);
#136=LINE('',#6815,#491);
#137=LINE('',#6819,#492);
#138=LINE('',#6823,#493);
#139=LINE('',#6826,#494);
#140=LINE('',#6836,#495);
#141=LINE('',#6838,#496);
#142=LINE('',#6840,#497);
#143=LINE('',#6842,#498);
#144=LINE('',#6844,#499);
#145=LINE('',#6845,#500);
#146=LINE('',#6847,#501);
#147=LINE('',#6849,#502);
#148=LINE('',#6852,#503);
#149=LINE('',#6854,#504);
#150=LINE('',#6855,#505);
#151=LINE('',#6858,#506);
#152=LINE('',#6859,#507);
#153=LINE('',#6862,#508);
#154=LINE('',#6863,#509);
#155=LINE('',#6866,#510);
#156=LINE('',#6867,#511);
#157=LINE('',#6870,#512);
#158=LINE('',#6871,#513);
#159=LINE('',#6873,#514);
#160=LINE('',#6878,#515);
#161=LINE('',#6921,#516);
#162=LINE('',#6957,#517);
#163=LINE('',#7028,#518);
#164=LINE('',#7033,#519);
#165=LINE('',#7035,#520);
#166=LINE('',#7037,#521);
#167=LINE('',#7038,#522);
#168=LINE('',#7042,#523);
#169=LINE('',#7043,#524);
#170=LINE('',#7044,#525);
#171=LINE('',#7047,#526);
#172=LINE('',#7049,#527);
#173=LINE('',#7051,#528);
#174=LINE('',#7053,#529);
#175=LINE('',#7055,#530);
#176=LINE('',#7057,#531);
#177=LINE('',#7059,#532);
#178=LINE('',#7061,#533);
#179=LINE('',#7063,#534);
#180=LINE('',#7065,#535);
#181=LINE('',#7067,#536);
#182=LINE('',#7069,#537);
#183=LINE('',#7071,#538);
#184=LINE('',#7073,#539);
#185=LINE('',#7075,#540);
#186=LINE('',#7077,#541);
#187=LINE('',#7079,#542);
#188=LINE('',#7081,#543);
#189=LINE('',#7083,#544);
#190=LINE('',#7085,#545);
#191=LINE('',#7087,#546);
#192=LINE('',#7088,#547);
#193=LINE('',#7093,#548);
#194=LINE('',#7095,#549);
#195=LINE('',#7096,#550);
#196=LINE('',#7098,#551);
#197=LINE('',#7101,#552);
#198=LINE('',#7103,#553);
#199=LINE('',#7105,#554);
#200=LINE('',#7107,#555);
#201=LINE('',#7109,#556);
#202=LINE('',#7111,#557);
#203=LINE('',#7113,#558);
#204=LINE('',#7115,#559);
#205=LINE('',#7117,#560);
#206=LINE('',#7119,#561);
#207=LINE('',#7121,#562);
#208=LINE('',#7123,#563);
#209=LINE('',#7125,#564);
#210=LINE('',#7127,#565);
#211=LINE('',#7129,#566);
#212=LINE('',#7131,#567);
#213=LINE('',#7133,#568);
#214=LINE('',#7135,#569);
#215=LINE('',#7137,#570);
#216=LINE('',#7138,#571);
#217=LINE('',#7140,#572);
#218=LINE('',#7141,#573);
#219=LINE('',#7144,#574);
#220=LINE('',#7145,#575);
#221=LINE('',#7148,#576);
#222=LINE('',#7149,#577);
#223=LINE('',#7152,#578);
#224=LINE('',#7153,#579);
#225=LINE('',#7156,#580);
#226=LINE('',#7157,#581);
#227=LINE('',#7160,#582);
#228=LINE('',#7161,#583);
#229=LINE('',#7164,#584);
#230=LINE('',#7165,#585);
#231=LINE('',#7168,#586);
#232=LINE('',#7169,#587);
#233=LINE('',#7172,#588);
#234=LINE('',#7173,#589);
#235=LINE('',#7176,#590);
#236=LINE('',#7179,#591);
#237=LINE('',#7187,#592);
#238=LINE('',#7190,#593);
#239=LINE('',#7193,#594);
#240=LINE('',#7197,#595);
#241=LINE('',#7201,#596);
#242=LINE('',#7205,#597);
#243=LINE('',#7209,#598);
#244=LINE('',#7211,#599);
#245=LINE('',#7212,#600);
#246=LINE('',#7217,#601);
#247=LINE('',#7218,#602);
#248=LINE('',#7222,#603);
#249=LINE('',#7227,#604);
#250=LINE('',#7228,#605);
#251=LINE('',#7231,#606);
#252=LINE('',#7232,#607);
#253=LINE('',#7236,#608);
#254=LINE('',#7242,#609);
#255=LINE('',#7244,#610);
#256=LINE('',#7245,#611);
#257=LINE('',#7250,#612);
#258=LINE('',#7253,#613);
#259=LINE('',#7257,#614);
#260=LINE('',#7260,#615);
#261=LINE('',#7262,#616);
#262=LINE('',#7263,#617);
#263=LINE('',#7265,#618);
#264=LINE('',#7267,#619);
#265=LINE('',#7271,#620);
#266=LINE('',#7274,#621);
#267=LINE('',#7276,#622);
#268=LINE('',#7277,#623);
#269=LINE('',#7279,#624);
#270=LINE('',#7281,#625);
#271=LINE('',#7284,#626);
#272=LINE('',#7285,#627);
#273=LINE('',#7289,#628);
#274=LINE('',#7291,#629);
#275=LINE('',#7298,#630);
#276=LINE('',#7301,#631);
#277=LINE('',#7304,#632);
#278=LINE('',#7308,#633);
#279=LINE('',#7310,#634);
#280=LINE('',#7311,#635);
#281=LINE('',#7316,#636);
#282=LINE('',#7317,#637);
#283=LINE('',#7321,#638);
#284=LINE('',#7325,#639);
#285=LINE('',#7327,#640);
#286=LINE('',#7328,#641);
#287=LINE('',#7331,#642);
#288=LINE('',#7333,#643);
#289=LINE('',#7334,#644);
#290=LINE('',#7337,#645);
#291=LINE('',#7338,#646);
#292=LINE('',#7341,#647);
#293=LINE('',#7343,#648);
#294=LINE('',#7347,#649);
#295=LINE('',#7348,#650);
#296=LINE('',#7354,#651);
#297=LINE('',#7356,#652);
#298=LINE('',#7357,#653);
#299=LINE('',#7360,#654);
#300=LINE('',#7361,#655);
#301=LINE('',#7364,#656);
#302=LINE('',#7368,#657);
#303=LINE('',#7373,#658);
#304=LINE('',#7374,#659);
#305=LINE('',#7376,#660);
#306=LINE('',#7377,#661);
#307=LINE('',#7381,#662);
#308=LINE('',#7382,#663);
#309=LINE('',#7383,#664);
#310=LINE('',#7386,#665);
#311=LINE('',#7390,#666);
#312=LINE('',#7394,#667);
#313=LINE('',#7398,#668);
#314=LINE('',#7402,#669);
#315=LINE('',#7405,#670);
#316=LINE('',#7412,#671);
#317=LINE('',#7414,#672);
#318=LINE('',#7415,#673);
#319=LINE('',#7418,#674);
#320=LINE('',#7422,#675);
#321=LINE('',#7423,#676);
#322=LINE('',#7427,#677);
#323=LINE('',#7428,#678);
#324=LINE('',#7430,#679);
#325=LINE('',#7432,#680);
#326=LINE('',#7436,#681);
#327=LINE('',#7439,#682);
#328=LINE('',#7441,#683);
#329=LINE('',#7446,#684);
#330=LINE('',#7450,#685);
#331=LINE('',#7455,#686);
#332=LINE('',#7459,#687);
#333=LINE('',#7462,#688);
#334=LINE('',#7464,#689);
#335=LINE('',#7466,#690);
#336=LINE('',#7473,#691);
#337=LINE('',#7476,#692);
#338=LINE('',#7479,#693);
#339=LINE('',#7483,#694);
#340=LINE('',#7485,#695);
#341=LINE('',#7486,#696);
#342=LINE('',#7491,#697);
#343=LINE('',#7492,#698);
#344=LINE('',#7496,#699);
#345=LINE('',#7500,#700);
#346=LINE('',#7502,#701);
#347=LINE('',#7503,#702);
#348=LINE('',#7506,#703);
#349=LINE('',#7508,#704);
#350=LINE('',#7509,#705);
#351=LINE('',#7512,#706);
#352=LINE('',#7513,#707);
#353=LINE('',#7516,#708);
#354=LINE('',#7518,#709);
#355=LINE('',#7522,#710);
#356=LINE('',#7523,#711);
#357=LINE('',#7529,#712);
#358=LINE('',#7531,#713);
#359=LINE('',#7532,#714);
#360=LINE('',#7535,#715);
#361=LINE('',#7536,#716);
#362=LINE('',#7539,#717);
#363=LINE('',#7543,#718);
#364=LINE('',#7548,#719);
#365=LINE('',#7549,#720);
#366=LINE('',#7551,#721);
#367=LINE('',#7552,#722);
#368=LINE('',#7556,#723);
#369=LINE('',#7557,#724);
#370=LINE('',#7558,#725);
#371=LINE('',#7561,#726);
#372=LINE('',#7565,#727);
#373=LINE('',#7569,#728);
#374=LINE('',#7573,#729);
#375=LINE('',#7577,#730);
#376=LINE('',#7580,#731);
#377=LINE('',#7587,#732);
#378=LINE('',#7589,#733);
#379=LINE('',#7590,#734);
#380=LINE('',#7593,#735);
#381=LINE('',#7597,#736);
#382=LINE('',#7598,#737);
#383=LINE('',#7602,#738);
#384=LINE('',#7603,#739);
#385=LINE('',#7605,#740);
#386=LINE('',#7607,#741);
#387=LINE('',#7611,#742);
#388=LINE('',#7614,#743);
#389=LINE('',#7616,#744);
#390=LINE('',#7621,#745);
#391=LINE('',#7625,#746);
#392=LINE('',#7630,#747);
#393=LINE('',#7634,#748);
#394=LINE('',#7637,#749);
#395=LINE('',#7639,#750);
#396=LINE('',#7641,#751);
#397=VECTOR('',#4874,7.5);
#398=VECTOR('',#4877,7.5);
#399=VECTOR('',#5086,7.5);
#400=VECTOR('',#5091,7.5);
#401=VECTOR('',#5096,7.5);
#402=VECTOR('',#5101,7.5);
#403=VECTOR('',#5106,7.5);
#404=VECTOR('',#5111,7.5);
#405=VECTOR('',#5116,7.5);
#406=VECTOR('',#5121,7.5);
#407=VECTOR('',#5126,7.5);
#408=VECTOR('',#5131,7.5);
#409=VECTOR('',#5136,7.5);
#410=VECTOR('',#5141,7.5);
#411=VECTOR('',#5146,7.5);
#412=VECTOR('',#5151,7.5);
#413=VECTOR('',#5156,7.5);
#414=VECTOR('',#5161,7.5);
#415=VECTOR('',#5166,7.5);
#416=VECTOR('',#5171,7.5);
#417=VECTOR('',#5176,7.5);
#418=VECTOR('',#5181,7.5);
#419=VECTOR('',#5186,7.5);
#420=VECTOR('',#5191,7.5);
#421=VECTOR('',#5196,7.5);
#422=VECTOR('',#5201,7.5);
#423=VECTOR('',#5206,7.5);
#424=VECTOR('',#5211,7.5);
#425=VECTOR('',#5216,7.5);
#426=VECTOR('',#5221,7.5);
#427=VECTOR('',#5226,7.5);
#428=VECTOR('',#5231,7.5);
#429=VECTOR('',#5236,7.5);
#430=VECTOR('',#5241,7.5);
#431=VECTOR('',#5246,7.5);
#432=VECTOR('',#5251,7.5);
#433=VECTOR('',#5256,7.5);
#434=VECTOR('',#5261,7.5);
#435=VECTOR('',#5266,7.5);
#436=VECTOR('',#5271,7.5);
#437=VECTOR('',#5276,7.5);
#438=VECTOR('',#5281,7.5);
#439=VECTOR('',#5286,7.5);
#440=VECTOR('',#5291,7.5);
#441=VECTOR('',#5296,7.5);
#442=VECTOR('',#5301,7.5);
#443=VECTOR('',#5306,7.5);
#444=VECTOR('',#5311,7.5);
#445=VECTOR('',#5316,7.5);
#446=VECTOR('',#5321,7.5);
#447=VECTOR('',#5326,7.5);
#448=VECTOR('',#5331,7.5);
#449=VECTOR('',#5336,7.5);
#450=VECTOR('',#5341,7.5);
#451=VECTOR('',#5346,7.5);
#452=VECTOR('',#5351,7.5);
#453=VECTOR('',#5356,7.5);
#454=VECTOR('',#5361,7.5);
#455=VECTOR('',#5366,7.5);
#456=VECTOR('',#5371,7.5);
#457=VECTOR('',#5376,7.5);
#458=VECTOR('',#5381,7.5);
#459=VECTOR('',#5386,7.5);
#460=VECTOR('',#5391,7.5);
#461=VECTOR('',#5396,7.5);
#462=VECTOR('',#5401,7.5);
#463=VECTOR('',#5406,7.5);
#464=VECTOR('',#5411,7.5);
#465=VECTOR('',#5416,7.5);
#466=VECTOR('',#5421,7.5);
#467=VECTOR('',#5426,7.5);
#468=VECTOR('',#5431,7.5);
#469=VECTOR('',#5436,7.5);
#470=VECTOR('',#5441,7.5);
#471=VECTOR('',#5446,7.5);
#472=VECTOR('',#5451,7.5);
#473=VECTOR('',#5456,7.5);
#474=VECTOR('',#5461,7.5);
#475=VECTOR('',#5466,7.5);
#476=VECTOR('',#5471,7.5);
#477=VECTOR('',#5476,7.5);
#478=VECTOR('',#5481,7.5);
#479=VECTOR('',#5486,7.5);
#480=VECTOR('',#5491,7.5);
#481=VECTOR('',#5496,7.5);
#482=VECTOR('',#5501,7.5);
#483=VECTOR('',#5506,7.5);
#484=VECTOR('',#5511,7.5);
#485=VECTOR('',#5516,7.5);
#486=VECTOR('',#5521,7.5);
#487=VECTOR('',#5526,7.5);
#488=VECTOR('',#5531,7.5);
#489=VECTOR('',#5536,7.5);
#490=VECTOR('',#5541,7.5);
#491=VECTOR('',#5546,7.5);
#492=VECTOR('',#5551,7.5);
#493=VECTOR('',#5556,7.5);
#494=VECTOR('',#5559,7.5);
#495=VECTOR('',#5570,7.5);
#496=VECTOR('',#5571,7.5);
#497=VECTOR('',#5572,7.5);
#498=VECTOR('',#5573,7.5);
#499=VECTOR('',#5574,7.5);
#500=VECTOR('',#5575,7.5);
#501=VECTOR('',#5578,7.5);
#502=VECTOR('',#5581,7.5);
#503=VECTOR('',#5584,7.5);
#504=VECTOR('',#5585,7.5);
#505=VECTOR('',#5586,7.5);
#506=VECTOR('',#5589,7.5);
#507=VECTOR('',#5590,7.5);
#508=VECTOR('',#5593,7.5);
#509=VECTOR('',#5594,7.5);
#510=VECTOR('',#5597,7.5);
#511=VECTOR('',#5598,7.5);
#512=VECTOR('',#5601,7.5);
#513=VECTOR('',#5602,7.5);
#514=VECTOR('',#5605,7.5);
#515=VECTOR('',#5612,1.3125);
#516=VECTOR('',#5617,0.562500000000001);
#517=VECTOR('',#5618,0.562500000000001);
#518=VECTOR('',#5621,3.75);
#519=VECTOR('',#5626,7.5);
#520=VECTOR('',#5627,7.5);
#521=VECTOR('',#5628,7.5);
#522=VECTOR('',#5629,7.5);
#523=VECTOR('',#5632,7.5);
#524=VECTOR('',#5633,7.5);
#525=VECTOR('',#5634,7.5);
#526=VECTOR('',#5637,7.5);
#527=VECTOR('',#5638,7.5);
#528=VECTOR('',#5639,7.5);
#529=VECTOR('',#5640,7.5);
#530=VECTOR('',#5641,7.5);
#531=VECTOR('',#5642,7.5);
#532=VECTOR('',#5643,7.5);
#533=VECTOR('',#5644,7.5);
#534=VECTOR('',#5645,7.5);
#535=VECTOR('',#5646,7.5);
#536=VECTOR('',#5647,7.5);
#537=VECTOR('',#5648,7.5);
#538=VECTOR('',#5649,7.5);
#539=VECTOR('',#5650,7.5);
#540=VECTOR('',#5651,7.5);
#541=VECTOR('',#5652,7.5);
#542=VECTOR('',#5653,7.5);
#543=VECTOR('',#5654,7.5);
#544=VECTOR('',#5655,7.5);
#545=VECTOR('',#5656,7.5);
#546=VECTOR('',#5657,7.5);
#547=VECTOR('',#5658,7.5);
#548=VECTOR('',#5663,7.5);
#549=VECTOR('',#5664,7.5);
#550=VECTOR('',#5665,7.5);
#551=VECTOR('',#5668,7.5);
#552=VECTOR('',#5671,7.5);
#553=VECTOR('',#5672,7.5);
#554=VECTOR('',#5673,7.5);
#555=VECTOR('',#5674,7.5);
#556=VECTOR('',#5675,7.5);
#557=VECTOR('',#5676,7.5);
#558=VECTOR('',#5677,7.5);
#559=VECTOR('',#5678,7.5);
#560=VECTOR('',#5679,7.5);
#561=VECTOR('',#5680,7.5);
#562=VECTOR('',#5681,7.5);
#563=VECTOR('',#5682,7.5);
#564=VECTOR('',#5683,7.5);
#565=VECTOR('',#5684,7.5);
#566=VECTOR('',#5685,7.5);
#567=VECTOR('',#5686,7.5);
#568=VECTOR('',#5687,7.5);
#569=VECTOR('',#5688,7.5);
#570=VECTOR('',#5689,7.5);
#571=VECTOR('',#5690,7.5);
#572=VECTOR('',#5693,7.5);
#573=VECTOR('',#5694,7.5);
#574=VECTOR('',#5699,7.5);
#575=VECTOR('',#5700,7.5);
#576=VECTOR('',#5705,7.5);
#577=VECTOR('',#5706,7.5);
#578=VECTOR('',#5711,7.5);
#579=VECTOR('',#5712,7.5);
#580=VECTOR('',#5717,7.5);
#581=VECTOR('',#5718,7.5);
#582=VECTOR('',#5723,7.5);
#583=VECTOR('',#5724,7.5);
#584=VECTOR('',#5729,7.5);
#585=VECTOR('',#5730,7.5);
#586=VECTOR('',#5735,7.5);
#587=VECTOR('',#5736,7.5);
#588=VECTOR('',#5741,7.5);
#589=VECTOR('',#5742,7.5);
#590=VECTOR('',#5747,7.5);
#591=VECTOR('',#5752,2.3625);
#592=VECTOR('',#5761,10.);
#593=VECTOR('',#5764,10.);
#594=VECTOR('',#5767,7.5);
#595=VECTOR('',#5770,7.5);
#596=VECTOR('',#5773,7.5);
#597=VECTOR('',#5776,7.5);
#598=VECTOR('',#5779,7.5);
#599=VECTOR('',#5780,7.5);
#600=VECTOR('',#5781,7.5);
#601=VECTOR('',#5786,7.5);
#602=VECTOR('',#5787,7.5);
#603=VECTOR('',#5792,7.5);
#604=VECTOR('',#5797,7.5);
#605=VECTOR('',#5798,7.5);
#606=VECTOR('',#5801,7.5);
#607=VECTOR('',#5802,7.5);
#608=VECTOR('',#5807,7.5);
#609=VECTOR('',#5812,7.5);
#610=VECTOR('',#5813,7.5);
#611=VECTOR('',#5814,7.5);
#612=VECTOR('',#5819,7.5);
#613=VECTOR('',#5822,7.5);
#614=VECTOR('',#5827,0.562499999999998);
#615=VECTOR('',#5830,7.5);
#616=VECTOR('',#5831,7.5);
#617=VECTOR('',#5832,7.5);
#618=VECTOR('',#5835,7.5);
#619=VECTOR('',#5838,7.5);
#620=VECTOR('',#5843,2.3625);
#621=VECTOR('',#5846,7.5);
#622=VECTOR('',#5847,7.5);
#623=VECTOR('',#5848,7.5);
#624=VECTOR('',#5851,7.5);
#625=VECTOR('',#5854,7.5);
#626=VECTOR('',#5857,7.5);
#627=VECTOR('',#5858,7.5);
#628=VECTOR('',#5863,7.5);
#629=VECTOR('',#5866,7.5);
#630=VECTOR('',#5873,7.5);
#631=VECTOR('',#5876,7.5);
#632=VECTOR('',#5879,7.5);
#633=VECTOR('',#5882,7.5);
#634=VECTOR('',#5883,7.5);
#635=VECTOR('',#5884,7.5);
#636=VECTOR('',#5889,7.5);
#637=VECTOR('',#5890,7.5);
#638=VECTOR('',#5895,7.5);
#639=VECTOR('',#5898,7.5);
#640=VECTOR('',#5899,7.5);
#641=VECTOR('',#5900,7.5);
#642=VECTOR('',#5903,7.5);
#643=VECTOR('',#5904,7.5);
#644=VECTOR('',#5905,7.5);
#645=VECTOR('',#5908,7.5);
#646=VECTOR('',#5909,7.5);
#647=VECTOR('',#5912,7.5);
#648=VECTOR('',#5913,7.5);
#649=VECTOR('',#5916,7.5);
#650=VECTOR('',#5917,7.5);
#651=VECTOR('',#5922,7.5);
#652=VECTOR('',#5923,7.5);
#653=VECTOR('',#5924,7.5);
#654=VECTOR('',#5927,7.5);
#655=VECTOR('',#5928,7.5);
#656=VECTOR('',#5929,7.5);
#657=VECTOR('',#5932,7.5);
#658=VECTOR('',#5937,7.5);
#659=VECTOR('',#5938,7.5);
#660=VECTOR('',#5939,7.5);
#661=VECTOR('',#5940,7.5);
#662=VECTOR('',#5943,7.5);
#663=VECTOR('',#5944,7.5);
#664=VECTOR('',#5945,7.5);
#665=VECTOR('',#5946,7.5);
#666=VECTOR('',#5949,7.5);
#667=VECTOR('',#5952,7.5);
#668=VECTOR('',#5955,7.5);
#669=VECTOR('',#5960,7.5);
#670=VECTOR('',#5963,7.5);
#671=VECTOR('',#5970,7.5);
#672=VECTOR('',#5971,7.5);
#673=VECTOR('',#5972,7.5);
#674=VECTOR('',#5975,7.5);
#675=VECTOR('',#5980,7.5);
#676=VECTOR('',#5981,7.5);
#677=VECTOR('',#5988,7.5);
#678=VECTOR('',#5989,7.5);
#679=VECTOR('',#5992,7.5);
#680=VECTOR('',#5995,7.5);
#681=VECTOR('',#6000,0.750000000000001);
#682=VECTOR('',#6005,7.5);
#683=VECTOR('',#6008,7.5);
#684=VECTOR('',#6015,1.3125);
#685=VECTOR('',#6020,2.25);
#686=VECTOR('',#6027,1.3125);
#687=VECTOR('',#6032,2.25);
#688=VECTOR('',#6037,7.5);
#689=VECTOR('',#6040,7.5);
#690=VECTOR('',#6043,7.5);
#691=VECTOR('',#6050,7.5);
#692=VECTOR('',#6053,7.5);
#693=VECTOR('',#6056,7.5);
#694=VECTOR('',#6059,7.5);
#695=VECTOR('',#6060,7.5);
#696=VECTOR('',#6061,7.5);
#697=VECTOR('',#6066,7.5);
#698=VECTOR('',#6067,7.5);
#699=VECTOR('',#6072,7.5);
#700=VECTOR('',#6075,7.5);
#701=VECTOR('',#6076,7.5);
#702=VECTOR('',#6077,7.5);
#703=VECTOR('',#6080,7.5);
#704=VECTOR('',#6081,7.5);
#705=VECTOR('',#6082,7.5);
#706=VECTOR('',#6085,7.5);
#707=VECTOR('',#6086,7.5);
#708=VECTOR('',#6089,7.5);
#709=VECTOR('',#6090,7.5);
#710=VECTOR('',#6093,7.5);
#711=VECTOR('',#6094,7.5);
#712=VECTOR('',#6099,7.5);
#713=VECTOR('',#6100,7.5);
#714=VECTOR('',#6101,7.5);
#715=VECTOR('',#6104,7.5);
#716=VECTOR('',#6105,7.5);
#717=VECTOR('',#6106,7.5);
#718=VECTOR('',#6109,7.5);
#719=VECTOR('',#6114,7.5);
#720=VECTOR('',#6115,7.5);
#721=VECTOR('',#6116,7.5);
#722=VECTOR('',#6117,7.5);
#723=VECTOR('',#6120,7.5);
#724=VECTOR('',#6121,7.5);
#725=VECTOR('',#6122,7.5);
#726=VECTOR('',#6123,7.5);
#727=VECTOR('',#6126,7.5);
#728=VECTOR('',#6129,7.5);
#729=VECTOR('',#6132,7.5);
#730=VECTOR('',#6137,7.5);
#731=VECTOR('',#6140,7.5);
#732=VECTOR('',#6147,7.5);
#733=VECTOR('',#6148,7.5);
#734=VECTOR('',#6149,7.5);
#735=VECTOR('',#6152,7.5);
#736=VECTOR('',#6157,7.5);
#737=VECTOR('',#6158,7.5);
#738=VECTOR('',#6165,7.5);
#739=VECTOR('',#6166,7.5);
#740=VECTOR('',#6169,7.5);
#741=VECTOR('',#6172,7.5);
#742=VECTOR('',#6177,0.750000000000001);
#743=VECTOR('',#6182,7.5);
#744=VECTOR('',#6185,7.5);
#745=VECTOR('',#6192,1.3125);
#746=VECTOR('',#6197,2.25);
#747=VECTOR('',#6204,1.3125);
#748=VECTOR('',#6209,2.25);
#749=VECTOR('',#6214,7.5);
#750=VECTOR('',#6217,7.5);
#751=VECTOR('',#6220,7.5);
#752=CYLINDRICAL_SURFACE('',#4360,0.187499999999999);
#753=CYLINDRICAL_SURFACE('',#4464,5.625);
#754=CYLINDRICAL_SURFACE('',#4466,0.187499999999999);
#755=CYLINDRICAL_SURFACE('',#4468,5.625);
#756=CYLINDRICAL_SURFACE('',#4470,0.187499999999999);
#757=CYLINDRICAL_SURFACE('',#4472,5.625);
#758=CYLINDRICAL_SURFACE('',#4474,0.187499999999999);
#759=CYLINDRICAL_SURFACE('',#4476,5.625);
#760=CYLINDRICAL_SURFACE('',#4478,0.187499999999999);
#761=CYLINDRICAL_SURFACE('',#4480,5.625);
#762=CYLINDRICAL_SURFACE('',#4482,0.187499999999999);
#763=CYLINDRICAL_SURFACE('',#4484,5.625);
#764=CYLINDRICAL_SURFACE('',#4486,0.187499999999999);
#765=CYLINDRICAL_SURFACE('',#4488,5.625);
#766=CYLINDRICAL_SURFACE('',#4490,0.187499999999999);
#767=CYLINDRICAL_SURFACE('',#4492,5.625);
#768=CYLINDRICAL_SURFACE('',#4494,0.187499999999999);
#769=CYLINDRICAL_SURFACE('',#4496,5.625);
#770=CYLINDRICAL_SURFACE('',#4498,0.187499999999999);
#771=CYLINDRICAL_SURFACE('',#4500,5.625);
#772=CYLINDRICAL_SURFACE('',#4502,0.187499999999999);
#773=CYLINDRICAL_SURFACE('',#4504,5.625);
#774=CYLINDRICAL_SURFACE('',#4506,0.187499999999999);
#775=CYLINDRICAL_SURFACE('',#4508,5.625);
#776=CYLINDRICAL_SURFACE('',#4510,0.187499999999999);
#777=CYLINDRICAL_SURFACE('',#4512,5.625);
#778=CYLINDRICAL_SURFACE('',#4514,0.187499999999999);
#779=CYLINDRICAL_SURFACE('',#4516,5.625);
#780=CYLINDRICAL_SURFACE('',#4518,0.187499999999999);
#781=CYLINDRICAL_SURFACE('',#4520,5.625);
#782=CYLINDRICAL_SURFACE('',#4522,0.187499999999999);
#783=CYLINDRICAL_SURFACE('',#4524,5.625);
#784=CYLINDRICAL_SURFACE('',#4526,0.187499999999999);
#785=CYLINDRICAL_SURFACE('',#4528,5.625);
#786=CYLINDRICAL_SURFACE('',#4530,0.187499999999999);
#787=CYLINDRICAL_SURFACE('',#4532,5.625);
#788=CYLINDRICAL_SURFACE('',#4534,0.187499999999999);
#789=CYLINDRICAL_SURFACE('',#4536,5.625);
#790=CYLINDRICAL_SURFACE('',#4538,0.187499999999999);
#791=CYLINDRICAL_SURFACE('',#4540,5.625);
#792=CYLINDRICAL_SURFACE('',#4542,0.187499999999999);
#793=CYLINDRICAL_SURFACE('',#4544,5.625);
#794=CYLINDRICAL_SURFACE('',#4546,0.187499999999999);
#795=CYLINDRICAL_SURFACE('',#4548,5.625);
#796=CYLINDRICAL_SURFACE('',#4550,0.187499999999999);
#797=CYLINDRICAL_SURFACE('',#4552,5.625);
#798=CYLINDRICAL_SURFACE('',#4554,0.187499999999999);
#799=CYLINDRICAL_SURFACE('',#4556,5.625);
#800=CYLINDRICAL_SURFACE('',#4558,0.187499999999999);
#801=CYLINDRICAL_SURFACE('',#4560,5.625);
#802=CYLINDRICAL_SURFACE('',#4562,0.187499999999999);
#803=CYLINDRICAL_SURFACE('',#4564,5.625);
#804=CYLINDRICAL_SURFACE('',#4566,0.187499999999999);
#805=CYLINDRICAL_SURFACE('',#4568,5.625);
#806=CYLINDRICAL_SURFACE('',#4570,0.187499999999999);
#807=CYLINDRICAL_SURFACE('',#4572,5.625);
#808=CYLINDRICAL_SURFACE('',#4574,0.187499999999999);
#809=CYLINDRICAL_SURFACE('',#4576,5.625);
#810=CYLINDRICAL_SURFACE('',#4578,0.187499999999999);
#811=CYLINDRICAL_SURFACE('',#4580,5.625);
#812=CYLINDRICAL_SURFACE('',#4582,0.187499999999999);
#813=CYLINDRICAL_SURFACE('',#4584,5.625);
#814=CYLINDRICAL_SURFACE('',#4586,0.187499999999999);
#815=CYLINDRICAL_SURFACE('',#4588,5.625);
#816=CYLINDRICAL_SURFACE('',#4590,0.187499999999999);
#817=CYLINDRICAL_SURFACE('',#4592,5.625);
#818=CYLINDRICAL_SURFACE('',#4594,0.187499999999999);
#819=CYLINDRICAL_SURFACE('',#4596,5.625);
#820=CYLINDRICAL_SURFACE('',#4598,0.187499999999999);
#821=CYLINDRICAL_SURFACE('',#4600,5.625);
#822=CYLINDRICAL_SURFACE('',#4602,0.187499999999999);
#823=CYLINDRICAL_SURFACE('',#4604,5.625);
#824=CYLINDRICAL_SURFACE('',#4606,0.187499999999999);
#825=CYLINDRICAL_SURFACE('',#4608,5.625);
#826=CYLINDRICAL_SURFACE('',#4610,0.187499999999999);
#827=CYLINDRICAL_SURFACE('',#4612,5.625);
#828=CYLINDRICAL_SURFACE('',#4614,0.187499999999999);
#829=CYLINDRICAL_SURFACE('',#4616,5.625);
#830=CYLINDRICAL_SURFACE('',#4618,0.187499999999999);
#831=CYLINDRICAL_SURFACE('',#4620,5.625);
#832=CYLINDRICAL_SURFACE('',#4622,0.187499999999999);
#833=CYLINDRICAL_SURFACE('',#4624,5.625);
#834=CYLINDRICAL_SURFACE('',#4626,0.187499999999999);
#835=CYLINDRICAL_SURFACE('',#4628,5.625);
#836=CYLINDRICAL_SURFACE('',#4630,0.187499999999999);
#837=CYLINDRICAL_SURFACE('',#4632,5.625);
#838=CYLINDRICAL_SURFACE('',#4634,0.187499999999999);
#839=CYLINDRICAL_SURFACE('',#4636,5.625);
#840=CYLINDRICAL_SURFACE('',#4638,0.187499999999999);
#841=CYLINDRICAL_SURFACE('',#4640,5.625);
#842=CYLINDRICAL_SURFACE('',#4642,0.187499999999999);
#843=CYLINDRICAL_SURFACE('',#4644,5.625);
#844=CYLINDRICAL_SURFACE('',#4646,0.187499999999999);
#845=CYLINDRICAL_SURFACE('',#4648,5.625);
#846=CYLINDRICAL_SURFACE('',#4650,0.187499999999999);
#847=CYLINDRICAL_SURFACE('',#4652,5.625);
#848=CYLINDRICAL_SURFACE('',#4654,0.187499999999999);
#849=CYLINDRICAL_SURFACE('',#4660,5.625);
#850=CYLINDRICAL_SURFACE('',#4661,0.187499999999999);
#851=CYLINDRICAL_SURFACE('',#4670,1.3125);
#852=CYLINDRICAL_SURFACE('',#4671,5.625);
#853=CYLINDRICAL_SURFACE('',#4672,0.562500000000001);
#854=CYLINDRICAL_SURFACE('',#4673,3.75);
#855=CYLINDRICAL_SURFACE('',#4702,2.3625);
#856=CYLINDRICAL_SURFACE('',#4705,2.);
#857=CYLINDRICAL_SURFACE('',#4715,1.5);
#858=CYLINDRICAL_SURFACE('',#4717,0.75);
#859=CYLINDRICAL_SURFACE('',#4720,0.75);
#860=CYLINDRICAL_SURFACE('',#4725,1.125);
#861=CYLINDRICAL_SURFACE('',#4727,0.562499999999998);
#862=CYLINDRICAL_SURFACE('',#4732,2.3625);
#863=CYLINDRICAL_SURFACE('',#4738,3.75);
#864=CYLINDRICAL_SURFACE('',#4742,1.5);
#865=CYLINDRICAL_SURFACE('',#4749,1.5);
#866=CYLINDRICAL_SURFACE('',#4772,1.31249999999957);
#867=CYLINDRICAL_SURFACE('',#4775,1.31249999998186);
#868=CYLINDRICAL_SURFACE('',#4778,1.31250000000206);
#869=CYLINDRICAL_SURFACE('',#4780,1.31250000000003);
#870=CYLINDRICAL_SURFACE('',#4781,0.750000000000001);
#871=CYLINDRICAL_SURFACE('',#4786,1.3125);
#872=CYLINDRICAL_SURFACE('',#4788,2.25);
#873=CYLINDRICAL_SURFACE('',#4791,1.3125);
#874=CYLINDRICAL_SURFACE('',#4793,2.25);
#875=CYLINDRICAL_SURFACE('',#4799,15.);
#876=CYLINDRICAL_SURFACE('',#4800,1.5);
#877=CYLINDRICAL_SURFACE('',#4807,1.5);
#878=CYLINDRICAL_SURFACE('',#4830,1.31249999999957);
#879=CYLINDRICAL_SURFACE('',#4833,1.31249999998186);
#880=CYLINDRICAL_SURFACE('',#4836,1.31250000000206);
#881=CYLINDRICAL_SURFACE('',#4838,1.31250000000003);
#882=CYLINDRICAL_SURFACE('',#4839,0.750000000000001);
#883=CYLINDRICAL_SURFACE('',#4844,1.3125);
#884=CYLINDRICAL_SURFACE('',#4846,2.25);
#885=CYLINDRICAL_SURFACE('',#4849,1.3125);
#886=CYLINDRICAL_SURFACE('',#4851,2.25);
#887=CYLINDRICAL_SURFACE('',#4857,15.);
#888=FACE_BOUND('',#1158,.T.);
#889=FACE_BOUND('',#1161,.T.);
#890=FACE_BOUND('',#1259,.T.);
#891=FACE_BOUND('',#1269,.T.);
#892=FACE_BOUND('',#1274,.T.);
#893=FACE_BOUND('',#1275,.T.);
#894=FACE_BOUND('',#1279,.T.);
#895=FACE_BOUND('',#1283,.T.);
#896=FACE_BOUND('',#1305,.T.);
#897=FACE_BOUND('',#1308,.T.);
#898=FACE_BOUND('',#1315,.T.);
#899=FACE_BOUND('',#1319,.T.);
#900=FACE_BOUND('',#1330,.T.);
#901=FACE_BOUND('',#1331,.T.);
#902=FACE_BOUND('',#1334,.T.);
#903=FACE_BOUND('',#1341,.T.);
#904=FACE_BOUND('',#1342,.T.);
#905=FACE_BOUND('',#1343,.T.);
#906=FACE_BOUND('',#1345,.T.);
#907=FACE_BOUND('',#1348,.T.);
#908=FACE_BOUND('',#1349,.T.);
#909=FACE_BOUND('',#1351,.T.);
#910=FACE_BOUND('',#1352,.T.);
#911=FACE_BOUND('',#1364,.T.);
#912=FACE_BOUND('',#1369,.T.);
#913=FACE_BOUND('',#1373,.T.);
#914=FACE_BOUND('',#1375,.T.);
#915=FACE_BOUND('',#1381,.T.);
#916=FACE_BOUND('',#1388,.T.);
#917=FACE_BOUND('',#1389,.T.);
#918=FACE_BOUND('',#1390,.T.);
#919=FACE_BOUND('',#1392,.T.);
#920=FACE_BOUND('',#1395,.T.);
#921=FACE_BOUND('',#1396,.T.);
#922=FACE_BOUND('',#1398,.T.);
#923=FACE_BOUND('',#1399,.T.);
#924=FACE_BOUND('',#1411,.T.);
#925=FACE_BOUND('',#1416,.T.);
#926=FACE_BOUND('',#1420,.T.);
#927=FACE_BOUND('',#1422,.T.);
#928=FACE_OUTER_BOUND('',#1157,.T.);
#929=FACE_OUTER_BOUND('',#1159,.T.);
#930=FACE_OUTER_BOUND('',#1160,.T.);
#931=FACE_OUTER_BOUND('',#1162,.T.);
#932=FACE_OUTER_BOUND('',#1163,.T.);
#933=FACE_OUTER_BOUND('',#1164,.T.);
#934=FACE_OUTER_BOUND('',#1165,.T.);
#935=FACE_OUTER_BOUND('',#1166,.T.);
#936=FACE_OUTER_BOUND('',#1167,.T.);
#937=FACE_OUTER_BOUND('',#1168,.T.);
#938=FACE_OUTER_BOUND('',#1169,.T.);
#939=FACE_OUTER_BOUND('',#1170,.T.);
#940=FACE_OUTER_BOUND('',#1171,.T.);
#941=FACE_OUTER_BOUND('',#1172,.T.);
#942=FACE_OUTER_BOUND('',#1173,.T.);
#943=FACE_OUTER_BOUND('',#1174,.T.);
#944=FACE_OUTER_BOUND('',#1175,.T.);
#945=FACE_OUTER_BOUND('',#1176,.T.);
#946=FACE_OUTER_BOUND('',#1177,.T.);
#947=FACE_OUTER_BOUND('',#1178,.T.);
#948=FACE_OUTER_BOUND('',#1179,.T.);
#949=FACE_OUTER_BOUND('',#1180,.T.);
#950=FACE_OUTER_BOUND('',#1181,.T.);
#951=FACE_OUTER_BOUND('',#1182,.T.);
#952=FACE_OUTER_BOUND('',#1183,.T.);
#953=FACE_OUTER_BOUND('',#1184,.T.);
#954=FACE_OUTER_BOUND('',#1185,.T.);
#955=FACE_OUTER_BOUND('',#1186,.T.);
#956=FACE_OUTER_BOUND('',#1187,.T.);
#957=FACE_OUTER_BOUND('',#1188,.T.);
#958=FACE_OUTER_BOUND('',#1189,.T.);
#959=FACE_OUTER_BOUND('',#1190,.T.);
#960=FACE_OUTER_BOUND('',#1191,.T.);
#961=FACE_OUTER_BOUND('',#1192,.T.);
#962=FACE_OUTER_BOUND('',#1193,.T.);
#963=FACE_OUTER_BOUND('',#1194,.T.);
#964=FACE_OUTER_BOUND('',#1195,.T.);
#965=FACE_OUTER_BOUND('',#1196,.T.);
#966=FACE_OUTER_BOUND('',#1197,.T.);
#967=FACE_OUTER_BOUND('',#1198,.T.);
#968=FACE_OUTER_BOUND('',#1199,.T.);
#969=FACE_OUTER_BOUND('',#1200,.T.);
#970=FACE_OUTER_BOUND('',#1201,.T.);
#971=FACE_OUTER_BOUND('',#1202,.T.);
#972=FACE_OUTER_BOUND('',#1203,.T.);
#973=FACE_OUTER_BOUND('',#1204,.T.);
#974=FACE_OUTER_BOUND('',#1205,.T.);
#975=FACE_OUTER_BOUND('',#1206,.T.);
#976=FACE_OUTER_BOUND('',#1207,.T.);
#977=FACE_OUTER_BOUND('',#1208,.T.);
#978=FACE_OUTER_BOUND('',#1209,.T.);
#979=FACE_OUTER_BOUND('',#1210,.T.);
#980=FACE_OUTER_BOUND('',#1211,.T.);
#981=FACE_OUTER_BOUND('',#1212,.T.);
#982=FACE_OUTER_BOUND('',#1213,.T.);
#983=FACE_OUTER_BOUND('',#1214,.T.);
#984=FACE_OUTER_BOUND('',#1215,.T.);
#985=FACE_OUTER_BOUND('',#1216,.T.);
#986=FACE_OUTER_BOUND('',#1217,.T.);
#987=FACE_OUTER_BOUND('',#1218,.T.);
#988=FACE_OUTER_BOUND('',#1219,.T.);
#989=FACE_OUTER_BOUND('',#1220,.T.);
#990=FACE_OUTER_BOUND('',#1221,.T.);
#991=FACE_OUTER_BOUND('',#1222,.T.);
#992=FACE_OUTER_BOUND('',#1223,.T.);
#993=FACE_OUTER_BOUND('',#1224,.T.);
#994=FACE_OUTER_BOUND('',#1225,.T.);
#995=FACE_OUTER_BOUND('',#1226,.T.);
#996=FACE_OUTER_BOUND('',#1227,.T.);
#997=FACE_OUTER_BOUND('',#1228,.T.);
#998=FACE_OUTER_BOUND('',#1229,.T.);
#999=FACE_OUTER_BOUND('',#1230,.T.);
#1000=FACE_OUTER_BOUND('',#1231,.T.);
#1001=FACE_OUTER_BOUND('',#1232,.T.);
#1002=FACE_OUTER_BOUND('',#1233,.T.);
#1003=FACE_OUTER_BOUND('',#1234,.T.);
#1004=FACE_OUTER_BOUND('',#1235,.T.);
#1005=FACE_OUTER_BOUND('',#1236,.T.);
#1006=FACE_OUTER_BOUND('',#1237,.T.);
#1007=FACE_OUTER_BOUND('',#1238,.T.);
#1008=FACE_OUTER_BOUND('',#1239,.T.);
#1009=FACE_OUTER_BOUND('',#1240,.T.);
#1010=FACE_OUTER_BOUND('',#1241,.T.);
#1011=FACE_OUTER_BOUND('',#1242,.T.);
#1012=FACE_OUTER_BOUND('',#1243,.T.);
#1013=FACE_OUTER_BOUND('',#1244,.T.);
#1014=FACE_OUTER_BOUND('',#1245,.T.);
#1015=FACE_OUTER_BOUND('',#1246,.T.);
#1016=FACE_OUTER_BOUND('',#1247,.T.);
#1017=FACE_OUTER_BOUND('',#1248,.T.);
#1018=FACE_OUTER_BOUND('',#1249,.T.);
#1019=FACE_OUTER_BOUND('',#1250,.T.);
#1020=FACE_OUTER_BOUND('',#1251,.T.);
#1021=FACE_OUTER_BOUND('',#1252,.T.);
#1022=FACE_OUTER_BOUND('',#1253,.T.);
#1023=FACE_OUTER_BOUND('',#1254,.T.);
#1024=FACE_OUTER_BOUND('',#1255,.T.);
#1025=FACE_OUTER_BOUND('',#1256,.T.);
#1026=FACE_OUTER_BOUND('',#1257,.T.);
#1027=FACE_OUTER_BOUND('',#1258,.T.);
#1028=FACE_OUTER_BOUND('',#1260,.T.);
#1029=FACE_OUTER_BOUND('',#1261,.T.);
#1030=FACE_OUTER_BOUND('',#1262,.T.);
#1031=FACE_OUTER_BOUND('',#1263,.T.);
#1032=FACE_OUTER_BOUND('',#1264,.T.);
#1033=FACE_OUTER_BOUND('',#1265,.T.);
#1034=FACE_OUTER_BOUND('',#1266,.T.);
#1035=FACE_OUTER_BOUND('',#1267,.T.);
#1036=FACE_OUTER_BOUND('',#1268,.T.);
#1037=FACE_OUTER_BOUND('',#1270,.T.);
#1038=FACE_OUTER_BOUND('',#1271,.T.);
#1039=FACE_OUTER_BOUND('',#1272,.T.);
#1040=FACE_OUTER_BOUND('',#1273,.T.);
#1041=FACE_OUTER_BOUND('',#1276,.T.);
#1042=FACE_OUTER_BOUND('',#1277,.T.);
#1043=FACE_OUTER_BOUND('',#1278,.T.);
#1044=FACE_OUTER_BOUND('',#1280,.T.);
#1045=FACE_OUTER_BOUND('',#1281,.T.);
#1046=FACE_OUTER_BOUND('',#1282,.T.);
#1047=FACE_OUTER_BOUND('',#1284,.T.);
#1048=FACE_OUTER_BOUND('',#1285,.T.);
#1049=FACE_OUTER_BOUND('',#1286,.T.);
#1050=FACE_OUTER_BOUND('',#1287,.T.);
#1051=FACE_OUTER_BOUND('',#1288,.T.);
#1052=FACE_OUTER_BOUND('',#1289,.T.);
#1053=FACE_OUTER_BOUND('',#1290,.T.);
#1054=FACE_OUTER_BOUND('',#1291,.T.);
#1055=FACE_OUTER_BOUND('',#1292,.T.);
#1056=FACE_OUTER_BOUND('',#1293,.T.);
#1057=FACE_OUTER_BOUND('',#1294,.T.);
#1058=FACE_OUTER_BOUND('',#1295,.T.);
#1059=FACE_OUTER_BOUND('',#1296,.T.);
#1060=FACE_OUTER_BOUND('',#1297,.T.);
#1061=FACE_OUTER_BOUND('',#1298,.T.);
#1062=FACE_OUTER_BOUND('',#1299,.T.);
#1063=FACE_OUTER_BOUND('',#1300,.T.);
#1064=FACE_OUTER_BOUND('',#1301,.T.);
#1065=FACE_OUTER_BOUND('',#1302,.T.);
#1066=FACE_OUTER_BOUND('',#1303,.T.);
#1067=FACE_OUTER_BOUND('',#1304,.T.);
#1068=FACE_OUTER_BOUND('',#1306,.T.);
#1069=FACE_OUTER_BOUND('',#1307,.T.);
#1070=FACE_OUTER_BOUND('',#1309,.T.);
#1071=FACE_OUTER_BOUND('',#1310,.T.);
#1072=FACE_OUTER_BOUND('',#1311,.T.);
#1073=FACE_OUTER_BOUND('',#1312,.T.);
#1074=FACE_OUTER_BOUND('',#1313,.T.);
#1075=FACE_OUTER_BOUND('',#1314,.T.);
#1076=FACE_OUTER_BOUND('',#1316,.T.);
#1077=FACE_OUTER_BOUND('',#1317,.T.);
#1078=FACE_OUTER_BOUND('',#1318,.T.);
#1079=FACE_OUTER_BOUND('',#1320,.T.);
#1080=FACE_OUTER_BOUND('',#1321,.T.);
#1081=FACE_OUTER_BOUND('',#1322,.T.);
#1082=FACE_OUTER_BOUND('',#1323,.T.);
#1083=FACE_OUTER_BOUND('',#1324,.T.);
#1084=FACE_OUTER_BOUND('',#1325,.T.);
#1085=FACE_OUTER_BOUND('',#1326,.T.);
#1086=FACE_OUTER_BOUND('',#1327,.T.);
#1087=FACE_OUTER_BOUND('',#1328,.T.);
#1088=FACE_OUTER_BOUND('',#1329,.T.);
#1089=FACE_OUTER_BOUND('',#1332,.T.);
#1090=FACE_OUTER_BOUND('',#1333,.T.);
#1091=FACE_OUTER_BOUND('',#1335,.T.);
#1092=FACE_OUTER_BOUND('',#1336,.T.);
#1093=FACE_OUTER_BOUND('',#1337,.T.);
#1094=FACE_OUTER_BOUND('',#1338,.T.);
#1095=FACE_OUTER_BOUND('',#1339,.T.);
#1096=FACE_OUTER_BOUND('',#1340,.T.);
#1097=FACE_OUTER_BOUND('',#1344,.T.);
#1098=FACE_OUTER_BOUND('',#1346,.T.);
#1099=FACE_OUTER_BOUND('',#1347,.T.);
#1100=FACE_OUTER_BOUND('',#1350,.T.);
#1101=FACE_OUTER_BOUND('',#1353,.T.);
#1102=FACE_OUTER_BOUND('',#1354,.T.);
#1103=FACE_OUTER_BOUND('',#1355,.T.);
#1104=FACE_OUTER_BOUND('',#1356,.T.);
#1105=FACE_OUTER_BOUND('',#1357,.T.);
#1106=FACE_OUTER_BOUND('',#1358,.T.);
#1107=FACE_OUTER_BOUND('',#1359,.T.);
#1108=FACE_OUTER_BOUND('',#1360,.T.);
#1109=FACE_OUTER_BOUND('',#1361,.T.);
#1110=FACE_OUTER_BOUND('',#1362,.T.);
#1111=FACE_OUTER_BOUND('',#1363,.T.);
#1112=FACE_OUTER_BOUND('',#1365,.T.);
#1113=FACE_OUTER_BOUND('',#1366,.T.);
#1114=FACE_OUTER_BOUND('',#1367,.T.);
#1115=FACE_OUTER_BOUND('',#1368,.T.);
#1116=FACE_OUTER_BOUND('',#1370,.T.);
#1117=FACE_OUTER_BOUND('',#1371,.T.);
#1118=FACE_OUTER_BOUND('',#1372,.T.);
#1119=FACE_OUTER_BOUND('',#1374,.T.);
#1120=FACE_OUTER_BOUND('',#1376,.T.);
#1121=FACE_OUTER_BOUND('',#1377,.T.);
#1122=FACE_OUTER_BOUND('',#1378,.T.);
#1123=FACE_OUTER_BOUND('',#1379,.T.);
#1124=FACE_OUTER_BOUND('',#1380,.T.);
#1125=FACE_OUTER_BOUND('',#1382,.T.);
#1126=FACE_OUTER_BOUND('',#1383,.T.);
#1127=FACE_OUTER_BOUND('',#1384,.T.);
#1128=FACE_OUTER_BOUND('',#1385,.T.);
#1129=FACE_OUTER_BOUND('',#1386,.T.);
#1130=FACE_OUTER_BOUND('',#1387,.T.);
#1131=FACE_OUTER_BOUND('',#1391,.T.);
#1132=FACE_OUTER_BOUND('',#1393,.T.);
#1133=FACE_OUTER_BOUND('',#1394,.T.);
#1134=FACE_OUTER_BOUND('',#1397,.T.);
#1135=FACE_OUTER_BOUND('',#1400,.T.);
#1136=FACE_OUTER_BOUND('',#1401,.T.);
#1137=FACE_OUTER_BOUND('',#1402,.T.);
#1138=FACE_OUTER_BOUND('',#1403,.T.);
#1139=FACE_OUTER_BOUND('',#1404,.T.);
#1140=FACE_OUTER_BOUND('',#1405,.T.);
#1141=FACE_OUTER_BOUND('',#1406,.T.);
#1142=FACE_OUTER_BOUND('',#1407,.T.);
#1143=FACE_OUTER_BOUND('',#1408,.T.);
#1144=FACE_OUTER_BOUND('',#1409,.T.);
#1145=FACE_OUTER_BOUND('',#1410,.T.);
#1146=FACE_OUTER_BOUND('',#1412,.T.);
#1147=FACE_OUTER_BOUND('',#1413,.T.);
#1148=FACE_OUTER_BOUND('',#1414,.T.);
#1149=FACE_OUTER_BOUND('',#1415,.T.);
#1150=FACE_OUTER_BOUND('',#1417,.T.);
#1151=FACE_OUTER_BOUND('',#1418,.T.);
#1152=FACE_OUTER_BOUND('',#1419,.T.);
#1153=FACE_OUTER_BOUND('',#1421,.T.);
#1154=FACE_OUTER_BOUND('',#1423,.T.);
#1155=FACE_OUTER_BOUND('',#1424,.T.);
#1156=FACE_OUTER_BOUND('',#1425,.T.);
#1157=EDGE_LOOP('',(#2745));
#1158=EDGE_LOOP('',(#2746));
#1159=EDGE_LOOP('',(#2747,#2748,#2749,#2750));
#1160=EDGE_LOOP('',(#2751,#2752,#2753,#2754,#2755,#2756,#2757,#2758,#2759,
#2760,#2761,#2762,#2763,#2764,#2765,#2766,#2767,#2768,#2769,#2770,#2771,
#2772,#2773,#2774,#2775,#2776,#2777,#2778,#2779,#2780,#2781,#2782,#2783,
#2784,#2785,#2786,#2787,#2788,#2789,#2790,#2791,#2792,#2793,#2794,#2795,
#2796,#2797,#2798,#2799,#2800,#2801,#2802,#2803,#2804,#2805,#2806,#2807,
#2808,#2809,#2810,#2811,#2812,#2813,#2814,#2815,#2816,#2817,#2818,#2819,
#2820,#2821,#2822,#2823,#2824,#2825,#2826,#2827,#2828,#2829,#2830,#2831,
#2832,#2833,#2834,#2835,#2836,#2837,#2838,#2839,#2840,#2841,#2842,#2843,
#2844,#2845,#2846,#2847,#2848,#2849,#2850));
#1161=EDGE_LOOP('',(#2851));
#1162=EDGE_LOOP('',(#2852,#2853,#2854,#2855));
#1163=EDGE_LOOP('',(#2856,#2857,#2858,#2859));
#1164=EDGE_LOOP('',(#2860,#2861,#2862,#2863));
#1165=EDGE_LOOP('',(#2864,#2865,#2866,#2867));
#1166=EDGE_LOOP('',(#2868,#2869,#2870,#2871));
#1167=EDGE_LOOP('',(#2872,#2873,#2874,#2875));
#1168=EDGE_LOOP('',(#2876,#2877,#2878,#2879));
#1169=EDGE_LOOP('',(#2880,#2881,#2882,#2883));
#1170=EDGE_LOOP('',(#2884,#2885,#2886,#2887));
#1171=EDGE_LOOP('',(#2888,#2889,#2890,#2891));
#1172=EDGE_LOOP('',(#2892,#2893,#2894,#2895));
#1173=EDGE_LOOP('',(#2896,#2897,#2898,#2899));
#1174=EDGE_LOOP('',(#2900,#2901,#2902,#2903));
#1175=EDGE_LOOP('',(#2904,#2905,#2906,#2907));
#1176=EDGE_LOOP('',(#2908,#2909,#2910,#2911));
#1177=EDGE_LOOP('',(#2912,#2913,#2914,#2915));
#1178=EDGE_LOOP('',(#2916,#2917,#2918,#2919));
#1179=EDGE_LOOP('',(#2920,#2921,#2922,#2923));
#1180=EDGE_LOOP('',(#2924,#2925,#2926,#2927));
#1181=EDGE_LOOP('',(#2928,#2929,#2930,#2931));
#1182=EDGE_LOOP('',(#2932,#2933,#2934,#2935));
#1183=EDGE_LOOP('',(#2936,#2937,#2938,#2939));
#1184=EDGE_LOOP('',(#2940,#2941,#2942,#2943));
#1185=EDGE_LOOP('',(#2944,#2945,#2946,#2947));
#1186=EDGE_LOOP('',(#2948,#2949,#2950,#2951));
#1187=EDGE_LOOP('',(#2952,#2953,#2954,#2955));
#1188=EDGE_LOOP('',(#2956,#2957,#2958,#2959));
#1189=EDGE_LOOP('',(#2960,#2961,#2962,#2963));
#1190=EDGE_LOOP('',(#2964,#2965,#2966,#2967));
#1191=EDGE_LOOP('',(#2968,#2969,#2970,#2971));
#1192=EDGE_LOOP('',(#2972,#2973,#2974,#2975));
#1193=EDGE_LOOP('',(#2976,#2977,#2978,#2979));
#1194=EDGE_LOOP('',(#2980,#2981,#2982,#2983));
#1195=EDGE_LOOP('',(#2984,#2985,#2986,#2987));
#1196=EDGE_LOOP('',(#2988,#2989,#2990,#2991));
#1197=EDGE_LOOP('',(#2992,#2993,#2994,#2995));
#1198=EDGE_LOOP('',(#2996,#2997,#2998,#2999));
#1199=EDGE_LOOP('',(#3000,#3001,#3002,#3003));
#1200=EDGE_LOOP('',(#3004,#3005,#3006,#3007));
#1201=EDGE_LOOP('',(#3008,#3009,#3010,#3011));
#1202=EDGE_LOOP('',(#3012,#3013,#3014,#3015));
#1203=EDGE_LOOP('',(#3016,#3017,#3018,#3019));
#1204=EDGE_LOOP('',(#3020,#3021,#3022,#3023));
#1205=EDGE_LOOP('',(#3024,#3025,#3026,#3027));
#1206=EDGE_LOOP('',(#3028,#3029,#3030,#3031));
#1207=EDGE_LOOP('',(#3032,#3033,#3034,#3035));
#1208=EDGE_LOOP('',(#3036,#3037,#3038,#3039));
#1209=EDGE_LOOP('',(#3040,#3041,#3042,#3043));
#1210=EDGE_LOOP('',(#3044,#3045,#3046,#3047));
#1211=EDGE_LOOP('',(#3048,#3049,#3050,#3051));
#1212=EDGE_LOOP('',(#3052,#3053,#3054,#3055));
#1213=EDGE_LOOP('',(#3056,#3057,#3058,#3059));
#1214=EDGE_LOOP('',(#3060,#3061,#3062,#3063));
#1215=EDGE_LOOP('',(#3064,#3065,#3066,#3067));
#1216=EDGE_LOOP('',(#3068,#3069,#3070,#3071));
#1217=EDGE_LOOP('',(#3072,#3073,#3074,#3075));
#1218=EDGE_LOOP('',(#3076,#3077,#3078,#3079));
#1219=EDGE_LOOP('',(#3080,#3081,#3082,#3083));
#1220=EDGE_LOOP('',(#3084,#3085,#3086,#3087));
#1221=EDGE_LOOP('',(#3088,#3089,#3090,#3091));
#1222=EDGE_LOOP('',(#3092,#3093,#3094,#3095));
#1223=EDGE_LOOP('',(#3096,#3097,#3098,#3099));
#1224=EDGE_LOOP('',(#3100,#3101,#3102,#3103));
#1225=EDGE_LOOP('',(#3104,#3105,#3106,#3107));
#1226=EDGE_LOOP('',(#3108,#3109,#3110,#3111));
#1227=EDGE_LOOP('',(#3112,#3113,#3114,#3115));
#1228=EDGE_LOOP('',(#3116,#3117,#3118,#3119));
#1229=EDGE_LOOP('',(#3120,#3121,#3122,#3123));
#1230=EDGE_LOOP('',(#3124,#3125,#3126,#3127));
#1231=EDGE_LOOP('',(#3128,#3129,#3130,#3131));
#1232=EDGE_LOOP('',(#3132,#3133,#3134,#3135));
#1233=EDGE_LOOP('',(#3136,#3137,#3138,#3139));
#1234=EDGE_LOOP('',(#3140,#3141,#3142,#3143));
#1235=EDGE_LOOP('',(#3144,#3145,#3146,#3147));
#1236=EDGE_LOOP('',(#3148,#3149,#3150,#3151));
#1237=EDGE_LOOP('',(#3152,#3153,#3154,#3155));
#1238=EDGE_LOOP('',(#3156,#3157,#3158,#3159));
#1239=EDGE_LOOP('',(#3160,#3161,#3162,#3163));
#1240=EDGE_LOOP('',(#3164,#3165,#3166,#3167));
#1241=EDGE_LOOP('',(#3168,#3169,#3170,#3171));
#1242=EDGE_LOOP('',(#3172,#3173,#3174,#3175));
#1243=EDGE_LOOP('',(#3176,#3177,#3178,#3179));
#1244=EDGE_LOOP('',(#3180,#3181,#3182,#3183));
#1245=EDGE_LOOP('',(#3184,#3185,#3186,#3187));
#1246=EDGE_LOOP('',(#3188,#3189,#3190,#3191));
#1247=EDGE_LOOP('',(#3192,#3193,#3194,#3195));
#1248=EDGE_LOOP('',(#3196,#3197,#3198,#3199));
#1249=EDGE_LOOP('',(#3200,#3201,#3202,#3203));
#1250=EDGE_LOOP('',(#3204,#3205,#3206,#3207));
#1251=EDGE_LOOP('',(#3208,#3209,#3210,#3211));
#1252=EDGE_LOOP('',(#3212,#3213,#3214,#3215));
#1253=EDGE_LOOP('',(#3216,#3217,#3218,#3219));
#1254=EDGE_LOOP('',(#3220,#3221,#3222,#3223));
#1255=EDGE_LOOP('',(#3224,#3225,#3226,#3227));
#1256=EDGE_LOOP('',(#3228,#3229,#3230,#3231));
#1257=EDGE_LOOP('',(#3232,#3233,#3234,#3235));
#1258=EDGE_LOOP('',(#3236,#3237,#3238,#3239,#3240,#3241,#3242,#3243,#3244,
#3245,#3246,#3247,#3248,#3249,#3250,#3251,#3252,#3253,#3254,#3255,#3256,
#3257,#3258,#3259,#3260,#3261,#3262,#3263,#3264,#3265,#3266,#3267,#3268,
#3269,#3270,#3271,#3272,#3273,#3274,#3275,#3276,#3277,#3278,#3279,#3280,
#3281,#3282,#3283,#3284,#3285,#3286,#3287,#3288,#3289,#3290,#3291,#3292,
#3293,#3294,#3295,#3296,#3297,#3298,#3299,#3300,#3301,#3302,#3303,#3304,
#3305,#3306,#3307,#3308,#3309,#3310,#3311,#3312,#3313,#3314,#3315,#3316,
#3317,#3318,#3319,#3320,#3321,#3322,#3323,#3324,#3325,#3326,#3327,#3328,
#3329,#3330,#3331,#3332,#3333,#3334,#3335));
#1259=EDGE_LOOP('',(#3336,#3337,#3338,#3339,#3340,#3341));
#1260=EDGE_LOOP('',(#3342,#3343,#3344,#3345));
#1261=EDGE_LOOP('',(#3346,#3347,#3348,#3349));
#1262=EDGE_LOOP('',(#3350,#3351,#3352,#3353));
#1263=EDGE_LOOP('',(#3354,#3355,#3356,#3357));
#1264=EDGE_LOOP('',(#3358,#3359,#3360,#3361));
#1265=EDGE_LOOP('',(#3362,#3363,#3364,#3365));
#1266=EDGE_LOOP('',(#3366,#3367,#3368,#3369));
#1267=EDGE_LOOP('',(#3370,#3371,#3372,#3373));
#1268=EDGE_LOOP('',(#3374,#3375,#3376,#3377,#3378,#3379));
#1269=EDGE_LOOP('',(#3380));
#1270=EDGE_LOOP('',(#3381,#3382,#3383,#3384));
#1271=EDGE_LOOP('',(#3385,#3386,#3387,#3388));
#1272=EDGE_LOOP('',(#3389,#3390,#3391,#3392,#3393,#3394,#3395,#3396,#3397));
#1273=EDGE_LOOP('',(#3398,#3399,#3400,#3401));
#1274=EDGE_LOOP('',(#3402));
#1275=EDGE_LOOP('',(#3403));
#1276=EDGE_LOOP('',(#3404,#3405,#3406,#3407));
#1277=EDGE_LOOP('',(#3408,#3409,#3410,#3411));
#1278=EDGE_LOOP('',(#3412,#3413,#3414,#3415,#3416,#3417,#3418,#3419,#3420,
#3421,#3422,#3423,#3424,#3425,#3426,#3427,#3428,#3429,#3430,#3431,#3432,
#3433,#3434,#3435));
#1279=EDGE_LOOP('',(#3436));
#1280=EDGE_LOOP('',(#3437,#3438,#3439,#3440));
#1281=EDGE_LOOP('',(#3441,#3442,#3443,#3444));
#1282=EDGE_LOOP('',(#3445,#3446,#3447,#3448,#3449,#3450,#3451,#3452,#3453,
#3454,#3455,#3456,#3457,#3458,#3459,#3460,#3461,#3462,#3463,#3464,#3465,
#3466,#3467,#3468));
#1283=EDGE_LOOP('',(#3469));
#1284=EDGE_LOOP('',(#3470,#3471,#3472,#3473));
#1285=EDGE_LOOP('',(#3474,#3475,#3476,#3477));
#1286=EDGE_LOOP('',(#3478,#3479,#3480,#3481));
#1287=EDGE_LOOP('',(#3482,#3483,#3484,#3485));
#1288=EDGE_LOOP('',(#3486,#3487,#3488,#3489));
#1289=EDGE_LOOP('',(#3490,#3491,#3492,#3493));
#1290=EDGE_LOOP('',(#3494,#3495,#3496,#3497));
#1291=EDGE_LOOP('',(#3498,#3499,#3500,#3501));
#1292=EDGE_LOOP('',(#3502,#3503,#3504,#3505));
#1293=EDGE_LOOP('',(#3506,#3507,#3508,#3509));
#1294=EDGE_LOOP('',(#3510,#3511,#3512,#3513));
#1295=EDGE_LOOP('',(#3514,#3515,#3516,#3517));
#1296=EDGE_LOOP('',(#3518,#3519,#3520,#3521));
#1297=EDGE_LOOP('',(#3522,#3523,#3524,#3525));
#1298=EDGE_LOOP('',(#3526,#3527,#3528,#3529));
#1299=EDGE_LOOP('',(#3530,#3531,#3532,#3533));
#1300=EDGE_LOOP('',(#3534,#3535,#3536,#3537));
#1301=EDGE_LOOP('',(#3538,#3539,#3540,#3541));
#1302=EDGE_LOOP('',(#3542,#3543,#3544,#3545));
#1303=EDGE_LOOP('',(#3546,#3547,#3548,#3549));
#1304=EDGE_LOOP('',(#3550,#3551,#3552,#3553));
#1305=EDGE_LOOP('',(#3554,#3555,#3556));
#1306=EDGE_LOOP('',(#3557,#3558,#3559,#3560));
#1307=EDGE_LOOP('',(#3561,#3562,#3563,#3564,#3565,#3566,#3567,#3568,#3569,
#3570,#3571,#3572));
#1308=EDGE_LOOP('',(#3573));
#1309=EDGE_LOOP('',(#3574,#3575,#3576,#3577));
#1310=EDGE_LOOP('',(#3578,#3579,#3580,#3581));
#1311=EDGE_LOOP('',(#3582,#3583,#3584,#3585));
#1312=EDGE_LOOP('',(#3586,#3587,#3588,#3589));
#1313=EDGE_LOOP('',(#3590,#3591,#3592,#3593));
#1314=EDGE_LOOP('',(#3594,#3595,#3596,#3597));
#1315=EDGE_LOOP('',(#3598));
#1316=EDGE_LOOP('',(#3599,#3600,#3601,#3602));
#1317=EDGE_LOOP('',(#3603,#3604,#3605,#3606));
#1318=EDGE_LOOP('',(#3607,#3608,#3609,#3610));
#1319=EDGE_LOOP('',(#3611));
#1320=EDGE_LOOP('',(#3612,#3613,#3614,#3615));
#1321=EDGE_LOOP('',(#3616,#3617,#3618,#3619));
#1322=EDGE_LOOP('',(#3620,#3621,#3622,#3623));
#1323=EDGE_LOOP('',(#3624,#3625,#3626,#3627));
#1324=EDGE_LOOP('',(#3628,#3629,#3630,#3631));
#1325=EDGE_LOOP('',(#3632,#3633,#3634,#3635));
#1326=EDGE_LOOP('',(#3636,#3637,#3638,#3639));
#1327=EDGE_LOOP('',(#3640,#3641,#3642,#3643));
#1328=EDGE_LOOP('',(#3644,#3645,#3646,#3647));
#1329=EDGE_LOOP('',(#3648,#3649,#3650,#3651,#3652,#3653,#3654,#3655,#3656,
#3657,#3658,#3659));
#1330=EDGE_LOOP('',(#3660,#3661,#3662,#3663));
#1331=EDGE_LOOP('',(#3664));
#1332=EDGE_LOOP('',(#3665,#3666,#3667,#3668));
#1333=EDGE_LOOP('',(#3669,#3670,#3671,#3672,#3673,#3674));
#1334=EDGE_LOOP('',(#3675));
#1335=EDGE_LOOP('',(#3676,#3677,#3678,#3679));
#1336=EDGE_LOOP('',(#3680,#3681,#3682,#3683));
#1337=EDGE_LOOP('',(#3684,#3685,#3686));
#1338=EDGE_LOOP('',(#3687,#3688,#3689,#3690));
#1339=EDGE_LOOP('',(#3691,#3692,#3693));
#1340=EDGE_LOOP('',(#3694,#3695,#3696,#3697,#3698,#3699,#3700,#3701));
#1341=EDGE_LOOP('',(#3702));
#1342=EDGE_LOOP('',(#3703));
#1343=EDGE_LOOP('',(#3704,#3705,#3706,#3707));
#1344=EDGE_LOOP('',(#3708,#3709,#3710,#3711));
#1345=EDGE_LOOP('',(#3712,#3713,#3714,#3715));
#1346=EDGE_LOOP('',(#3716,#3717,#3718,#3719,#3720,#3721));
#1347=EDGE_LOOP('',(#3722,#3723,#3724,#3725));
#1348=EDGE_LOOP('',(#3726,#3727,#3728,#3729));
#1349=EDGE_LOOP('',(#3730,#3731,#3732,#3733));
#1350=EDGE_LOOP('',(#3734,#3735,#3736,#3737));
#1351=EDGE_LOOP('',(#3738));
#1352=EDGE_LOOP('',(#3739));
#1353=EDGE_LOOP('',(#3740,#3741,#3742,#3743));
#1354=EDGE_LOOP('',(#3744,#3745,#3746,#3747));
#1355=EDGE_LOOP('',(#3748,#3749,#3750,#3751));
#1356=EDGE_LOOP('',(#3752,#3753,#3754,#3755));
#1357=EDGE_LOOP('',(#3756,#3757,#3758,#3759));
#1358=EDGE_LOOP('',(#3760,#3761,#3762,#3763));
#1359=EDGE_LOOP('',(#3764,#3765,#3766,#3767));
#1360=EDGE_LOOP('',(#3768,#3769,#3770,#3771));
#1361=EDGE_LOOP('',(#3772,#3773,#3774,#3775));
#1362=EDGE_LOOP('',(#3776,#3777,#3778,#3779));
#1363=EDGE_LOOP('',(#3780,#3781,#3782,#3783,#3784,#3785));
#1364=EDGE_LOOP('',(#3786));
#1365=EDGE_LOOP('',(#3787,#3788,#3789,#3790));
#1366=EDGE_LOOP('',(#3791,#3792,#3793,#3794));
#1367=EDGE_LOOP('',(#3795,#3796,#3797,#3798));
#1368=EDGE_LOOP('',(#3799));
#1369=EDGE_LOOP('',(#3800));
#1370=EDGE_LOOP('',(#3801,#3802,#3803,#3804));
#1371=EDGE_LOOP('',(#3805,#3806,#3807,#3808));
#1372=EDGE_LOOP('',(#3809));
#1373=EDGE_LOOP('',(#3810));
#1374=EDGE_LOOP('',(#3811,#3812,#3813,#3814));
#1375=EDGE_LOOP('',(#3815,#3816,#3817,#3818));
#1376=EDGE_LOOP('',(#3819,#3820,#3821,#3822,#3823,#3824));
#1377=EDGE_LOOP('',(#3825,#3826,#3827,#3828,#3829,#3830));
#1378=EDGE_LOOP('',(#3831,#3832,#3833,#3834));
#1379=EDGE_LOOP('',(#3835,#3836,#3837,#3838));
#1380=EDGE_LOOP('',(#3839,#3840,#3841,#3842,#3843,#3844));
#1381=EDGE_LOOP('',(#3845));
#1382=EDGE_LOOP('',(#3846,#3847,#3848,#3849));
#1383=EDGE_LOOP('',(#3850,#3851,#3852,#3853));
#1384=EDGE_LOOP('',(#3854,#3855,#3856));
#1385=EDGE_LOOP('',(#3857,#3858,#3859,#3860));
#1386=EDGE_LOOP('',(#3861,#3862,#3863));
#1387=EDGE_LOOP('',(#3864,#3865,#3866,#3867,#3868,#3869,#3870,#3871));
#1388=EDGE_LOOP('',(#3872));
#1389=EDGE_LOOP('',(#3873));
#1390=EDGE_LOOP('',(#3874,#3875,#3876,#3877));
#1391=EDGE_LOOP('',(#3878,#3879,#3880,#3881));
#1392=EDGE_LOOP('',(#3882,#3883,#3884,#3885));
#1393=EDGE_LOOP('',(#3886,#3887,#3888,#3889,#3890,#3891));
#1394=EDGE_LOOP('',(#3892,#3893,#3894,#3895));
#1395=EDGE_LOOP('',(#3896,#3897,#3898,#3899));
#1396=EDGE_LOOP('',(#3900,#3901,#3902,#3903));
#1397=EDGE_LOOP('',(#3904,#3905,#3906,#3907));
#1398=EDGE_LOOP('',(#3908));
#1399=EDGE_LOOP('',(#3909));
#1400=EDGE_LOOP('',(#3910,#3911,#3912,#3913));
#1401=EDGE_LOOP('',(#3914,#3915,#3916,#3917));
#1402=EDGE_LOOP('',(#3918,#3919,#3920,#3921));
#1403=EDGE_LOOP('',(#3922,#3923,#3924,#3925));
#1404=EDGE_LOOP('',(#3926,#3927,#3928,#3929));
#1405=EDGE_LOOP('',(#3930,#3931,#3932,#3933));
#1406=EDGE_LOOP('',(#3934,#3935,#3936,#3937));
#1407=EDGE_LOOP('',(#3938,#3939,#3940,#3941));
#1408=EDGE_LOOP('',(#3942,#3943,#3944,#3945));
#1409=EDGE_LOOP('',(#3946,#3947,#3948,#3949));
#1410=EDGE_LOOP('',(#3950,#3951,#3952,#3953,#3954,#3955));
#1411=EDGE_LOOP('',(#3956));
#1412=EDGE_LOOP('',(#3957,#3958,#3959,#3960));
#1413=EDGE_LOOP('',(#3961,#3962,#3963,#3964));
#1414=EDGE_LOOP('',(#3965,#3966,#3967,#3968));
#1415=EDGE_LOOP('',(#3969));
#1416=EDGE_LOOP('',(#3970));
#1417=EDGE_LOOP('',(#3971,#3972,#3973,#3974));
#1418=EDGE_LOOP('',(#3975,#3976,#3977,#3978));
#1419=EDGE_LOOP('',(#3979));
#1420=EDGE_LOOP('',(#3980));
#1421=EDGE_LOOP('',(#3981,#3982,#3983,#3984));
#1422=EDGE_LOOP('',(#3985,#3986,#3987,#3988));
#1423=EDGE_LOOP('',(#3989,#3990,#3991,#3992,#3993,#3994));
#1424=EDGE_LOOP('',(#3995,#3996,#3997,#3998,#3999,#4000));
#1425=EDGE_LOOP('',(#4001,#4002,#4003,#4004));
#1426=CIRCLE('',#4358,2.3625);
#1427=CIRCLE('',#4359,1.3125);
#1428=CIRCLE('',#4361,0.187499999999999);
#1429=CIRCLE('',#4362,0.187499999999999);
#1430=CIRCLE('',#4364,5.625);
#1431=CIRCLE('',#4365,0.187499999999999);
#1432=CIRCLE('',#4366,5.625);
#1433=CIRCLE('',#4367,0.187499999999999);
#1434=CIRCLE('',#4368,5.625);
#1435=CIRCLE('',#4369,0.187499999999999);
#1436=CIRCLE('',#4370,5.625);
#1437=CIRCLE('',#4371,0.187499999999999);
#1438=CIRCLE('',#4372,5.625);
#1439=CIRCLE('',#4373,0.187499999999999);
#1440=CIRCLE('',#4374,5.625);
#1441=CIRCLE('',#4375,0.187499999999999);
#1442=CIRCLE('',#4376,5.625);
#1443=CIRCLE('',#4377,0.187499999999999);
#1444=CIRCLE('',#4378,5.625);
#1445=CIRCLE('',#4379,0.187499999999999);
#1446=CIRCLE('',#4380,5.625);
#1447=CIRCLE('',#4381,0.187499999999999);
#1448=CIRCLE('',#4382,5.625);
#1449=CIRCLE('',#4383,0.187499999999999);
#1450=CIRCLE('',#4384,5.625);
#1451=CIRCLE('',#4385,0.187499999999999);
#1452=CIRCLE('',#4386,5.625);
#1453=CIRCLE('',#4387,0.187499999999999);
#1454=CIRCLE('',#4388,5.625);
#1455=CIRCLE('',#4389,0.187499999999999);
#1456=CIRCLE('',#4390,5.625);
#1457=CIRCLE('',#4391,0.187499999999999);
#1458=CIRCLE('',#4392,5.625);
#1459=CIRCLE('',#4393,0.187499999999999);
#1460=CIRCLE('',#4394,5.625);
#1461=CIRCLE('',#4395,0.187499999999999);
#1462=CIRCLE('',#4396,5.625);
#1463=CIRCLE('',#4397,0.187499999999999);
#1464=CIRCLE('',#4398,5.625);
#1465=CIRCLE('',#4399,0.187499999999999);
#1466=CIRCLE('',#4400,5.625);
#1467=CIRCLE('',#4401,0.187499999999999);
#1468=CIRCLE('',#4402,5.625);
#1469=CIRCLE('',#4403,0.187499999999999);
#1470=CIRCLE('',#4404,5.625);
#1471=CIRCLE('',#4405,0.187499999999999);
#1472=CIRCLE('',#4406,5.625);
#1473=CIRCLE('',#4407,0.187499999999999);
#1474=CIRCLE('',#4408,5.625);
#1475=CIRCLE('',#4409,0.187499999999999);
#1476=CIRCLE('',#4410,5.625);
#1477=CIRCLE('',#4411,0.187499999999999);
#1478=CIRCLE('',#4412,5.625);
#1479=CIRCLE('',#4413,0.187499999999999);
#1480=CIRCLE('',#4414,5.625);
#1481=CIRCLE('',#4415,0.187499999999999);
#1482=CIRCLE('',#4416,5.625);
#1483=CIRCLE('',#4417,0.187499999999999);
#1484=CIRCLE('',#4418,5.625);
#1485=CIRCLE('',#4419,0.187499999999999);
#1486=CIRCLE('',#4420,5.625);
#1487=CIRCLE('',#4421,0.187499999999999);
#1488=CIRCLE('',#4422,5.625);
#1489=CIRCLE('',#4423,0.187499999999999);
#1490=CIRCLE('',#4424,5.625);
#1491=CIRCLE('',#4425,0.187499999999999);
#1492=CIRCLE('',#4426,5.625);
#1493=CIRCLE('',#4427,0.187499999999999);
#1494=CIRCLE('',#4428,5.625);
#1495=CIRCLE('',#4429,0.187499999999999);
#1496=CIRCLE('',#4430,5.625);
#1497=CIRCLE('',#4431,0.187499999999999);
#1498=CIRCLE('',#4432,5.625);
#1499=CIRCLE('',#4433,0.187499999999999);
#1500=CIRCLE('',#4434,5.625);
#1501=CIRCLE('',#4435,0.187499999999999);
#1502=CIRCLE('',#4436,5.625);
#1503=CIRCLE('',#4437,0.187499999999999);
#1504=CIRCLE('',#4438,5.625);
#1505=CIRCLE('',#4439,0.187499999999999);
#1506=CIRCLE('',#4440,5.625);
#1507=CIRCLE('',#4441,0.187499999999999);
#1508=CIRCLE('',#4442,5.625);
#1509=CIRCLE('',#4443,0.187499999999999);
#1510=CIRCLE('',#4444,5.625);
#1511=CIRCLE('',#4445,0.187499999999999);
#1512=CIRCLE('',#4446,5.625);
#1513=CIRCLE('',#4447,0.187499999999999);
#1514=CIRCLE('',#4448,5.625);
#1515=CIRCLE('',#4449,0.187499999999999);
#1516=CIRCLE('',#4450,5.625);
#1517=CIRCLE('',#4451,0.187499999999999);
#1518=CIRCLE('',#4452,5.625);
#1519=CIRCLE('',#4453,0.187499999999999);
#1520=CIRCLE('',#4454,5.625);
#1521=CIRCLE('',#4455,0.187499999999999);
#1522=CIRCLE('',#4456,5.625);
#1523=CIRCLE('',#4457,0.187499999999999);
#1524=CIRCLE('',#4458,5.625);
#1525=CIRCLE('',#4459,0.187499999999999);
#1526=CIRCLE('',#4460,5.625);
#1527=CIRCLE('',#4461,0.187499999999999);
#1528=CIRCLE('',#4462,5.625);
#1529=CIRCLE('',#4463,3.75);
#1530=CIRCLE('',#4465,5.625);
#1531=CIRCLE('',#4467,0.187499999999999);
#1532=CIRCLE('',#4469,5.625);
#1533=CIRCLE('',#4471,0.187499999999999);
#1534=CIRCLE('',#4473,5.625);
#1535=CIRCLE('',#4475,0.187499999999999);
#1536=CIRCLE('',#4477,5.625);
#1537=CIRCLE('',#4479,0.187499999999999);
#1538=CIRCLE('',#4481,5.625);
#1539=CIRCLE('',#4483,0.187499999999999);
#1540=CIRCLE('',#4485,5.625);
#1541=CIRCLE('',#4487,0.187499999999999);
#1542=CIRCLE('',#4489,5.625);
#1543=CIRCLE('',#4491,0.187499999999999);
#1544=CIRCLE('',#4493,5.625);
#1545=CIRCLE('',#4495,0.187499999999999);
#1546=CIRCLE('',#4497,5.625);
#1547=CIRCLE('',#4499,0.187499999999999);
#1548=CIRCLE('',#4501,5.625);
#1549=CIRCLE('',#4503,0.187499999999999);
#1550=CIRCLE('',#4505,5.625);
#1551=CIRCLE('',#4507,0.187499999999999);
#1552=CIRCLE('',#4509,5.625);
#1553=CIRCLE('',#4511,0.187499999999999);
#1554=CIRCLE('',#4513,5.625);
#1555=CIRCLE('',#4515,0.187499999999999);
#1556=CIRCLE('',#4517,5.625);
#1557=CIRCLE('',#4519,0.187499999999999);
#1558=CIRCLE('',#4521,5.625);
#1559=CIRCLE('',#4523,0.187499999999999);
#1560=CIRCLE('',#4525,5.625);
#1561=CIRCLE('',#4527,0.187499999999999);
#1562=CIRCLE('',#4529,5.625);
#1563=CIRCLE('',#4531,0.187499999999999);
#1564=CIRCLE('',#4533,5.625);
#1565=CIRCLE('',#4535,0.187499999999999);
#1566=CIRCLE('',#4537,5.625);
#1567=CIRCLE('',#4539,0.187499999999999);
#1568=CIRCLE('',#4541,5.625);
#1569=CIRCLE('',#4543,0.187499999999999);
#1570=CIRCLE('',#4545,5.625);
#1571=CIRCLE('',#4547,0.187499999999999);
#1572=CIRCLE('',#4549,5.625);
#1573=CIRCLE('',#4551,0.187499999999999);
#1574=CIRCLE('',#4553,5.625);
#1575=CIRCLE('',#4555,0.187499999999999);
#1576=CIRCLE('',#4557,5.625);
#1577=CIRCLE('',#4559,0.187499999999999);
#1578=CIRCLE('',#4561,5.625);
#1579=CIRCLE('',#4563,0.187499999999999);
#1580=CIRCLE('',#4565,5.625);
#1581=CIRCLE('',#4567,0.187499999999999);
#1582=CIRCLE('',#4569,5.625);
#1583=CIRCLE('',#4571,0.187499999999999);
#1584=CIRCLE('',#4573,5.625);
#1585=CIRCLE('',#4575,0.187499999999999);
#1586=CIRCLE('',#4577,5.625);
#1587=CIRCLE('',#4579,0.187499999999999);
#1588=CIRCLE('',#4581,5.625);
#1589=CIRCLE('',#4583,0.187499999999999);
#1590=CIRCLE('',#4585,5.625);
#1591=CIRCLE('',#4587,0.187499999999999);
#1592=CIRCLE('',#4589,5.625);
#1593=CIRCLE('',#4591,0.187499999999999);
#1594=CIRCLE('',#4593,5.625);
#1595=CIRCLE('',#4595,0.187499999999999);
#1596=CIRCLE('',#4597,5.625);
#1597=CIRCLE('',#4599,0.187499999999999);
#1598=CIRCLE('',#4601,5.625);
#1599=CIRCLE('',#4603,0.187499999999999);
#1600=CIRCLE('',#4605,5.625);
#1601=CIRCLE('',#4607,0.187499999999999);
#1602=CIRCLE('',#4609,5.625);
#1603=CIRCLE('',#4611,0.187499999999999);
#1604=CIRCLE('',#4613,5.625);
#1605=CIRCLE('',#4615,0.187499999999999);
#1606=CIRCLE('',#4617,5.625);
#1607=CIRCLE('',#4619,0.187499999999999);
#1608=CIRCLE('',#4621,5.625);
#1609=CIRCLE('',#4623,0.187499999999999);
#1610=CIRCLE('',#4625,5.625);
#1611=CIRCLE('',#4627,0.187499999999999);
#1612=CIRCLE('',#4629,5.625);
#1613=CIRCLE('',#4631,0.187499999999999);
#1614=CIRCLE('',#4633,5.625);
#1615=CIRCLE('',#4635,0.187499999999999);
#1616=CIRCLE('',#4637,5.625);
#1617=CIRCLE('',#4639,0.187499999999999);
#1618=CIRCLE('',#4641,5.625);
#1619=CIRCLE('',#4643,0.187499999999999);
#1620=CIRCLE('',#4645,5.625);
#1621=CIRCLE('',#4647,0.187499999999999);
#1622=CIRCLE('',#4649,5.625);
#1623=CIRCLE('',#4651,0.187499999999999);
#1624=CIRCLE('',#4653,5.625);
#1625=CIRCLE('',#4655,0.187499999999999);
#1626=CIRCLE('',#4657,5.625);
#1627=CIRCLE('',#4658,0.187499999999999);
#1628=CIRCLE('',#4659,5.625);
#1629=CIRCLE('',#4669,1.3125);
#1630=CIRCLE('',#4674,3.75);
#1631=CIRCLE('',#4678,2.3625);
#1632=CIRCLE('',#4706,2.);
#1633=CIRCLE('',#4707,2.);
#1634=CIRCLE('',#4709,1.5);
#1635=CIRCLE('',#4710,0.75);
#1636=CIRCLE('',#4711,0.75);
#1637=CIRCLE('',#4712,3.75);
#1638=CIRCLE('',#4713,2.3625);
#1639=CIRCLE('',#4716,1.5);
#1640=CIRCLE('',#4718,0.75);
#1641=CIRCLE('',#4721,0.75);
#1642=CIRCLE('',#4723,1.125);
#1643=CIRCLE('',#4724,0.562499999999998);
#1644=CIRCLE('',#4726,1.125);
#1645=CIRCLE('',#4728,0.562499999999998);
#1646=CIRCLE('',#4733,2.3625);
#1647=CIRCLE('',#4739,3.75);
#1648=CIRCLE('',#4743,1.5);
#1649=CIRCLE('',#4744,1.5);
#1650=CIRCLE('',#4746,1.5);
#1651=CIRCLE('',#4747,0.750000000000001);
#1652=CIRCLE('',#4750,1.5);
#1653=CIRCLE('',#4755,15.);
#1654=CIRCLE('',#4756,2.25);
#1655=CIRCLE('',#4757,2.25);
#1656=CIRCLE('',#4759,1.31250000000206);
#1657=CIRCLE('',#4760,1.31250000000003);
#1658=CIRCLE('',#4763,1.31249999998186);
#1659=CIRCLE('',#4764,1.31249999999957);
#1660=CIRCLE('',#4765,1.31250000000003);
#1661=CIRCLE('',#4766,1.31250000000206);
#1662=CIRCLE('',#4768,15.);
#1663=CIRCLE('',#4769,1.3125);
#1664=CIRCLE('',#4770,1.3125);
#1665=CIRCLE('',#4773,1.31249999999957);
#1666=CIRCLE('',#4776,1.31249999998186);
#1667=CIRCLE('',#4782,0.750000000000001);
#1668=CIRCLE('',#4787,1.3125);
#1669=CIRCLE('',#4789,2.25);
#1670=CIRCLE('',#4792,1.3125);
#1671=CIRCLE('',#4794,2.25);
#1672=CIRCLE('',#4801,1.5);
#1673=CIRCLE('',#4802,1.5);
#1674=CIRCLE('',#4804,1.5);
#1675=CIRCLE('',#4805,0.750000000000001);
#1676=CIRCLE('',#4808,1.5);
#1677=CIRCLE('',#4813,15.);
#1678=CIRCLE('',#4814,2.25);
#1679=CIRCLE('',#4815,2.25);
#1680=CIRCLE('',#4817,1.31250000000206);
#1681=CIRCLE('',#4818,1.31250000000003);
#1682=CIRCLE('',#4821,1.31249999998186);
#1683=CIRCLE('',#4822,1.31249999999957);
#1684=CIRCLE('',#4823,1.31250000000003);
#1685=CIRCLE('',#4824,1.31250000000206);
#1686=CIRCLE('',#4826,15.);
#1687=CIRCLE('',#4827,1.3125);
#1688=CIRCLE('',#4828,1.3125);
#1689=CIRCLE('',#4831,1.31249999999957);
#1690=CIRCLE('',#4834,1.31249999998186);
#1691=CIRCLE('',#4840,0.750000000000001);
#1692=CIRCLE('',#4845,1.3125);
#1693=CIRCLE('',#4847,2.25);
#1694=CIRCLE('',#4850,1.3125);
#1695=CIRCLE('',#4852,2.25);
#1696=VERTEX_POINT('',#6231);
#1697=VERTEX_POINT('',#6233);
#1698=VERTEX_POINT('',#6236);
#1699=VERTEX_POINT('',#6237);
#1700=VERTEX_POINT('',#6239);
#1701=VERTEX_POINT('',#6241);
#1702=VERTEX_POINT('',#6245);
#1703=VERTEX_POINT('',#6247);
#1704=VERTEX_POINT('',#6249);
#1705=VERTEX_POINT('',#6251);
#1706=VERTEX_POINT('',#6253);
#1707=VERTEX_POINT('',#6255);
#1708=VERTEX_POINT('',#6257);
#1709=VERTEX_POINT('',#6259);
#1710=VERTEX_POINT('',#6261);
#1711=VERTEX_POINT('',#6263);
#1712=VERTEX_POINT('',#6265);
#1713=VERTEX_POINT('',#6267);
#1714=VERTEX_POINT('',#6269);
#1715=VERTEX_POINT('',#6271);
#1716=VERTEX_POINT('',#6273);
#1717=VERTEX_POINT('',#6275);
#1718=VERTEX_POINT('',#6277);
#1719=VERTEX_POINT('',#6279);
#1720=VERTEX_POINT('',#6281);
#1721=VERTEX_POINT('',#6283);
#1722=VERTEX_POINT('',#6285);
#1723=VERTEX_POINT('',#6287);
#1724=VERTEX_POINT('',#6289);
#1725=VERTEX_POINT('',#6291);
#1726=VERTEX_POINT('',#6293);
#1727=VERTEX_POINT('',#6295);
#1728=VERTEX_POINT('',#6297);
#1729=VERTEX_POINT('',#6299);
#1730=VERTEX_POINT('',#6301);
#1731=VERTEX_POINT('',#6303);
#1732=VERTEX_POINT('',#6305);
#1733=VERTEX_POINT('',#6307);
#1734=VERTEX_POINT('',#6309);
#1735=VERTEX_POINT('',#6311);
#1736=VERTEX_POINT('',#6313);
#1737=VERTEX_POINT('',#6315);
#1738=VERTEX_POINT('',#6317);
#1739=VERTEX_POINT('',#6319);
#1740=VERTEX_POINT('',#6321);
#1741=VERTEX_POINT('',#6323);
#1742=VERTEX_POINT('',#6325);
#1743=VERTEX_POINT('',#6327);
#1744=VERTEX_POINT('',#6329);
#1745=VERTEX_POINT('',#6331);
#1746=VERTEX_POINT('',#6333);
#1747=VERTEX_POINT('',#6335);
#1748=VERTEX_POINT('',#6337);
#1749=VERTEX_POINT('',#6339);
#1750=VERTEX_POINT('',#6341);
#1751=VERTEX_POINT('',#6343);
#1752=VERTEX_POINT('',#6345);
#1753=VERTEX_POINT('',#6347);
#1754=VERTEX_POINT('',#6349);
#1755=VERTEX_POINT('',#6351);
#1756=VERTEX_POINT('',#6353);
#1757=VERTEX_POINT('',#6355);
#1758=VERTEX_POINT('',#6357);
#1759=VERTEX_POINT('',#6359);
#1760=VERTEX_POINT('',#6361);
#1761=VERTEX_POINT('',#6363);
#1762=VERTEX_POINT('',#6365);
#1763=VERTEX_POINT('',#6367);
#1764=VERTEX_POINT('',#6369);
#1765=VERTEX_POINT('',#6371);
#1766=VERTEX_POINT('',#6373);
#1767=VERTEX_POINT('',#6375);
#1768=VERTEX_POINT('',#6377);
#1769=VERTEX_POINT('',#6379);
#1770=VERTEX_POINT('',#6381);
#1771=VERTEX_POINT('',#6383);
#1772=VERTEX_POINT('',#6385);
#1773=VERTEX_POINT('',#6387);
#1774=VERTEX_POINT('',#6389);
#1775=VERTEX_POINT('',#6391);
#1776=VERTEX_POINT('',#6393);
#1777=VERTEX_POINT('',#6395);
#1778=VERTEX_POINT('',#6397);
#1779=VERTEX_POINT('',#6399);
#1780=VERTEX_POINT('',#6401);
#1781=VERTEX_POINT('',#6403);
#1782=VERTEX_POINT('',#6405);
#1783=VERTEX_POINT('',#6407);
#1784=VERTEX_POINT('',#6409);
#1785=VERTEX_POINT('',#6411);
#1786=VERTEX_POINT('',#6413);
#1787=VERTEX_POINT('',#6415);
#1788=VERTEX_POINT('',#6417);
#1789=VERTEX_POINT('',#6419);
#1790=VERTEX_POINT('',#6421);
#1791=VERTEX_POINT('',#6423);
#1792=VERTEX_POINT('',#6425);
#1793=VERTEX_POINT('',#6427);
#1794=VERTEX_POINT('',#6429);
#1795=VERTEX_POINT('',#6431);
#1796=VERTEX_POINT('',#6433);
#1797=VERTEX_POINT('',#6435);
#1798=VERTEX_POINT('',#6437);
#1799=VERTEX_POINT('',#6439);
#1800=VERTEX_POINT('',#6442);
#1801=VERTEX_POINT('',#6445);
#1802=VERTEX_POINT('',#6449);
#1803=VERTEX_POINT('',#6453);
#1804=VERTEX_POINT('',#6457);
#1805=VERTEX_POINT('',#6461);
#1806=VERTEX_POINT('',#6465);
#1807=VERTEX_POINT('',#6469);
#1808=VERTEX_POINT('',#6473);
#1809=VERTEX_POINT('',#6477);
#1810=VERTEX_POINT('',#6481);
#1811=VERTEX_POINT('',#6485);
#1812=VERTEX_POINT('',#6489);
#1813=VERTEX_POINT('',#6493);
#1814=VERTEX_POINT('',#6497);
#1815=VERTEX_POINT('',#6501);
#1816=VERTEX_POINT('',#6505);
#1817=VERTEX_POINT('',#6509);
#1818=VERTEX_POINT('',#6513);
#1819=VERTEX_POINT('',#6517);
#1820=VERTEX_POINT('',#6521);
#1821=VERTEX_POINT('',#6525);
#1822=VERTEX_POINT('',#6529);
#1823=VERTEX_POINT('',#6533);
#1824=VERTEX_POINT('',#6537);
#1825=VERTEX_POINT('',#6541);
#1826=VERTEX_POINT('',#6545);
#1827=VERTEX_POINT('',#6549);
#1828=VERTEX_POINT('',#6553);
#1829=VERTEX_POINT('',#6557);
#1830=VERTEX_POINT('',#6561);
#1831=VERTEX_POINT('',#6565);
#1832=VERTEX_POINT('',#6569);
#1833=VERTEX_POINT('',#6573);
#1834=VERTEX_POINT('',#6577);
#1835=VERTEX_POINT('',#6581);
#1836=VERTEX_POINT('',#6585);
#1837=VERTEX_POINT('',#6589);
#1838=VERTEX_POINT('',#6593);
#1839=VERTEX_POINT('',#6597);
#1840=VERTEX_POINT('',#6601);
#1841=VERTEX_POINT('',#6605);
#1842=VERTEX_POINT('',#6609);
#1843=VERTEX_POINT('',#6613);
#1844=VERTEX_POINT('',#6617);
#1845=VERTEX_POINT('',#6621);
#1846=VERTEX_POINT('',#6625);
#1847=VERTEX_POINT('',#6629);
#1848=VERTEX_POINT('',#6633);
#1849=VERTEX_POINT('',#6637);
#1850=VERTEX_POINT('',#6641);
#1851=VERTEX_POINT('',#6645);
#1852=VERTEX_POINT('',#6649);
#1853=VERTEX_POINT('',#6653);
#1854=VERTEX_POINT('',#6657);
#1855=VERTEX_POINT('',#6661);
#1856=VERTEX_POINT('',#6665);
#1857=VERTEX_POINT('',#6669);
#1858=VERTEX_POINT('',#6673);
#1859=VERTEX_POINT('',#6677);
#1860=VERTEX_POINT('',#6681);
#1861=VERTEX_POINT('',#6685);
#1862=VERTEX_POINT('',#6689);
#1863=VERTEX_POINT('',#6693);
#1864=VERTEX_POINT('',#6697);
#1865=VERTEX_POINT('',#6701);
#1866=VERTEX_POINT('',#6705);
#1867=VERTEX_POINT('',#6709);
#1868=VERTEX_POINT('',#6713);
#1869=VERTEX_POINT('',#6717);
#1870=VERTEX_POINT('',#6721);
#1871=VERTEX_POINT('',#6725);
#1872=VERTEX_POINT('',#6729);
#1873=VERTEX_POINT('',#6733);
#1874=VERTEX_POINT('',#6737);
#1875=VERTEX_POINT('',#6741);
#1876=VERTEX_POINT('',#6745);
#1877=VERTEX_POINT('',#6749);
#1878=VERTEX_POINT('',#6753);
#1879=VERTEX_POINT('',#6757);
#1880=VERTEX_POINT('',#6761);
#1881=VERTEX_POINT('',#6765);
#1882=VERTEX_POINT('',#6769);
#1883=VERTEX_POINT('',#6773);
#1884=VERTEX_POINT('',#6777);
#1885=VERTEX_POINT('',#6781);
#1886=VERTEX_POINT('',#6785);
#1887=VERTEX_POINT('',#6789);
#1888=VERTEX_POINT('',#6793);
#1889=VERTEX_POINT('',#6797);
#1890=VERTEX_POINT('',#6801);
#1891=VERTEX_POINT('',#6805);
#1892=VERTEX_POINT('',#6809);
#1893=VERTEX_POINT('',#6813);
#1894=VERTEX_POINT('',#6817);
#1895=VERTEX_POINT('',#6821);
#1896=VERTEX_POINT('',#6825);
#1897=VERTEX_POINT('',#6829);
#1898=VERTEX_POINT('',#6831);
#1899=VERTEX_POINT('',#6834);
#1900=VERTEX_POINT('',#6835);
#1901=VERTEX_POINT('',#6837);
#1902=VERTEX_POINT('',#6839);
#1903=VERTEX_POINT('',#6841);
#1904=VERTEX_POINT('',#6843);
#1905=VERTEX_POINT('',#6851);
#1906=VERTEX_POINT('',#6853);
#1907=VERTEX_POINT('',#6857);
#1908=VERTEX_POINT('',#6861);
#1909=VERTEX_POINT('',#6865);
#1910=VERTEX_POINT('',#6869);
#1911=VERTEX_POINT('',#6875);
#1912=VERTEX_POINT('',#6881);
#1913=VERTEX_POINT('',#6920);
#1914=VERTEX_POINT('',#6922);
#1915=VERTEX_POINT('',#6939);
#1916=VERTEX_POINT('',#6956);
#1917=VERTEX_POINT('',#7027);
#1918=VERTEX_POINT('',#7031);
#1919=VERTEX_POINT('',#7032);
#1920=VERTEX_POINT('',#7034);
#1921=VERTEX_POINT('',#7036);
#1922=VERTEX_POINT('',#7040);
#1923=VERTEX_POINT('',#7041);
#1924=VERTEX_POINT('',#7046);
#1925=VERTEX_POINT('',#7048);
#1926=VERTEX_POINT('',#7050);
#1927=VERTEX_POINT('',#7052);
#1928=VERTEX_POINT('',#7054);
#1929=VERTEX_POINT('',#7056);
#1930=VERTEX_POINT('',#7058);
#1931=VERTEX_POINT('',#7060);
#1932=VERTEX_POINT('',#7062);
#1933=VERTEX_POINT('',#7064);
#1934=VERTEX_POINT('',#7066);
#1935=VERTEX_POINT('',#7068);
#1936=VERTEX_POINT('',#7070);
#1937=VERTEX_POINT('',#7072);
#1938=VERTEX_POINT('',#7074);
#1939=VERTEX_POINT('',#7076);
#1940=VERTEX_POINT('',#7078);
#1941=VERTEX_POINT('',#7080);
#1942=VERTEX_POINT('',#7082);
#1943=VERTEX_POINT('',#7084);
#1944=VERTEX_POINT('',#7086);
#1945=VERTEX_POINT('',#7089);
#1946=VERTEX_POINT('',#7092);
#1947=VERTEX_POINT('',#7094);
#1948=VERTEX_POINT('',#7100);
#1949=VERTEX_POINT('',#7102);
#1950=VERTEX_POINT('',#7104);
#1951=VERTEX_POINT('',#7106);
#1952=VERTEX_POINT('',#7108);
#1953=VERTEX_POINT('',#7110);
#1954=VERTEX_POINT('',#7112);
#1955=VERTEX_POINT('',#7114);
#1956=VERTEX_POINT('',#7116);
#1957=VERTEX_POINT('',#7118);
#1958=VERTEX_POINT('',#7120);
#1959=VERTEX_POINT('',#7122);
#1960=VERTEX_POINT('',#7124);
#1961=VERTEX_POINT('',#7126);
#1962=VERTEX_POINT('',#7128);
#1963=VERTEX_POINT('',#7130);
#1964=VERTEX_POINT('',#7132);
#1965=VERTEX_POINT('',#7134);
#1966=VERTEX_POINT('',#7136);
#1967=VERTEX_POINT('',#7183);
#1968=VERTEX_POINT('',#7184);
#1969=VERTEX_POINT('',#7186);
#1970=VERTEX_POINT('',#7188);
#1971=VERTEX_POINT('',#7192);
#1972=VERTEX_POINT('',#7194);
#1973=VERTEX_POINT('',#7196);
#1974=VERTEX_POINT('',#7198);
#1975=VERTEX_POINT('',#7200);
#1976=VERTEX_POINT('',#7202);
#1977=VERTEX_POINT('',#7204);
#1978=VERTEX_POINT('',#7206);
#1979=VERTEX_POINT('',#7208);
#1980=VERTEX_POINT('',#7210);
#1981=VERTEX_POINT('',#7213);
#1982=VERTEX_POINT('',#7216);
#1983=VERTEX_POINT('',#7220);
#1984=VERTEX_POINT('',#7224);
#1985=VERTEX_POINT('',#7225);
#1986=VERTEX_POINT('',#7230);
#1987=VERTEX_POINT('',#7234);
#1988=VERTEX_POINT('',#7238);
#1989=VERTEX_POINT('',#7239);
#1990=VERTEX_POINT('',#7241);
#1991=VERTEX_POINT('',#7243);
#1992=VERTEX_POINT('',#7246);
#1993=VERTEX_POINT('',#7249);
#1994=VERTEX_POINT('',#7251);
#1995=VERTEX_POINT('',#7255);
#1996=VERTEX_POINT('',#7259);
#1997=VERTEX_POINT('',#7261);
#1998=VERTEX_POINT('',#7269);
#1999=VERTEX_POINT('',#7273);
#2000=VERTEX_POINT('',#7275);
#2001=VERTEX_POINT('',#7283);
#2002=VERTEX_POINT('',#7287);
#2003=VERTEX_POINT('',#7294);
#2004=VERTEX_POINT('',#7295);
#2005=VERTEX_POINT('',#7297);
#2006=VERTEX_POINT('',#7299);
#2007=VERTEX_POINT('',#7303);
#2008=VERTEX_POINT('',#7305);
#2009=VERTEX_POINT('',#7307);
#2010=VERTEX_POINT('',#7309);
#2011=VERTEX_POINT('',#7312);
#2012=VERTEX_POINT('',#7315);
#2013=VERTEX_POINT('',#7319);
#2014=VERTEX_POINT('',#7323);
#2015=VERTEX_POINT('',#7324);
#2016=VERTEX_POINT('',#7326);
#2017=VERTEX_POINT('',#7330);
#2018=VERTEX_POINT('',#7332);
#2019=VERTEX_POINT('',#7336);
#2020=VERTEX_POINT('',#7340);
#2021=VERTEX_POINT('',#7342);
#2022=VERTEX_POINT('',#7344);
#2023=VERTEX_POINT('',#7346);
#2024=VERTEX_POINT('',#7349);
#2025=VERTEX_POINT('',#7351);
#2026=VERTEX_POINT('',#7353);
#2027=VERTEX_POINT('',#7355);
#2028=VERTEX_POINT('',#7359);
#2029=VERTEX_POINT('',#7362);
#2030=VERTEX_POINT('',#7363);
#2031=VERTEX_POINT('',#7365);
#2032=VERTEX_POINT('',#7367);
#2033=VERTEX_POINT('',#7371);
#2034=VERTEX_POINT('',#7372);
#2035=VERTEX_POINT('',#7375);
#2036=VERTEX_POINT('',#7379);
#2037=VERTEX_POINT('',#7380);
#2038=VERTEX_POINT('',#7384);
#2039=VERTEX_POINT('',#7385);
#2040=VERTEX_POINT('',#7387);
#2041=VERTEX_POINT('',#7389);
#2042=VERTEX_POINT('',#7392);
#2043=VERTEX_POINT('',#7393);
#2044=VERTEX_POINT('',#7395);
#2045=VERTEX_POINT('',#7397);
#2046=VERTEX_POINT('',#7401);
#2047=VERTEX_POINT('',#7403);
#2048=VERTEX_POINT('',#7406);
#2049=VERTEX_POINT('',#7408);
#2050=VERTEX_POINT('',#7411);
#2051=VERTEX_POINT('',#7413);
#2052=VERTEX_POINT('',#7417);
#2053=VERTEX_POINT('',#7421);
#2054=VERTEX_POINT('',#7435);
#2055=VERTEX_POINT('',#7444);
#2056=VERTEX_POINT('',#7448);
#2057=VERTEX_POINT('',#7453);
#2058=VERTEX_POINT('',#7457);
#2059=VERTEX_POINT('',#7469);
#2060=VERTEX_POINT('',#7470);
#2061=VERTEX_POINT('',#7472);
#2062=VERTEX_POINT('',#7474);
#2063=VERTEX_POINT('',#7478);
#2064=VERTEX_POINT('',#7480);
#2065=VERTEX_POINT('',#7482);
#2066=VERTEX_POINT('',#7484);
#2067=VERTEX_POINT('',#7487);
#2068=VERTEX_POINT('',#7490);
#2069=VERTEX_POINT('',#7494);
#2070=VERTEX_POINT('',#7498);
#2071=VERTEX_POINT('',#7499);
#2072=VERTEX_POINT('',#7501);
#2073=VERTEX_POINT('',#7505);
#2074=VERTEX_POINT('',#7507);
#2075=VERTEX_POINT('',#7511);
#2076=VERTEX_POINT('',#7515);
#2077=VERTEX_POINT('',#7517);
#2078=VERTEX_POINT('',#7519);
#2079=VERTEX_POINT('',#7521);
#2080=VERTEX_POINT('',#7524);
#2081=VERTEX_POINT('',#7526);
#2082=VERTEX_POINT('',#7528);
#2083=VERTEX_POINT('',#7530);
#2084=VERTEX_POINT('',#7534);
#2085=VERTEX_POINT('',#7537);
#2086=VERTEX_POINT('',#7538);
#2087=VERTEX_POINT('',#7540);
#2088=VERTEX_POINT('',#7542);
#2089=VERTEX_POINT('',#7546);
#2090=VERTEX_POINT('',#7547);
#2091=VERTEX_POINT('',#7550);
#2092=VERTEX_POINT('',#7554);
#2093=VERTEX_POINT('',#7555);
#2094=VERTEX_POINT('',#7559);
#2095=VERTEX_POINT('',#7560);
#2096=VERTEX_POINT('',#7562);
#2097=VERTEX_POINT('',#7564);
#2098=VERTEX_POINT('',#7567);
#2099=VERTEX_POINT('',#7568);
#2100=VERTEX_POINT('',#7570);
#2101=VERTEX_POINT('',#7572);
#2102=VERTEX_POINT('',#7576);
#2103=VERTEX_POINT('',#7578);
#2104=VERTEX_POINT('',#7581);
#2105=VERTEX_POINT('',#7583);
#2106=VERTEX_POINT('',#7586);
#2107=VERTEX_POINT('',#7588);
#2108=VERTEX_POINT('',#7592);
#2109=VERTEX_POINT('',#7596);
#2110=VERTEX_POINT('',#7610);
#2111=VERTEX_POINT('',#7619);
#2112=VERTEX_POINT('',#7623);
#2113=VERTEX_POINT('',#7628);
#2114=VERTEX_POINT('',#7632);
#2115=EDGE_CURVE('',#1696,#1696,#1426,.T.);
#2116=EDGE_CURVE('',#1697,#1697,#1427,.T.);
#2117=EDGE_CURVE('',#1698,#1699,#42,.T.);
#2118=EDGE_CURVE('',#1700,#1698,#1428,.T.);
#2119=EDGE_CURVE('',#1701,#1700,#43,.T.);
#2120=EDGE_CURVE('',#1699,#1701,#1429,.T.);
#2121=EDGE_CURVE('',#1702,#1701,#1430,.T.);
#2122=EDGE_CURVE('',#1702,#1703,#1431,.T.);
#2123=EDGE_CURVE('',#1704,#1703,#1432,.T.);
#2124=EDGE_CURVE('',#1704,#1705,#1433,.T.);
#2125=EDGE_CURVE('',#1706,#1705,#1434,.T.);
#2126=EDGE_CURVE('',#1706,#1707,#1435,.T.);
#2127=EDGE_CURVE('',#1708,#1707,#1436,.T.);
#2128=EDGE_CURVE('',#1708,#1709,#1437,.T.);
#2129=EDGE_CURVE('',#1710,#1709,#1438,.T.);
#2130=EDGE_CURVE('',#1710,#1711,#1439,.T.);
#2131=EDGE_CURVE('',#1712,#1711,#1440,.T.);
#2132=EDGE_CURVE('',#1712,#1713,#1441,.T.);
#2133=EDGE_CURVE('',#1714,#1713,#1442,.T.);
#2134=EDGE_CURVE('',#1714,#1715,#1443,.T.);
#2135=EDGE_CURVE('',#1716,#1715,#1444,.T.);
#2136=EDGE_CURVE('',#1716,#1717,#1445,.T.);
#2137=EDGE_CURVE('',#1718,#1717,#1446,.T.);
#2138=EDGE_CURVE('',#1718,#1719,#1447,.T.);
#2139=EDGE_CURVE('',#1720,#1719,#1448,.T.);
#2140=EDGE_CURVE('',#1720,#1721,#1449,.T.);
#2141=EDGE_CURVE('',#1722,#1721,#1450,.T.);
#2142=EDGE_CURVE('',#1722,#1723,#1451,.T.);
#2143=EDGE_CURVE('',#1724,#1723,#1452,.T.);
#2144=EDGE_CURVE('',#1724,#1725,#1453,.T.);
#2145=EDGE_CURVE('',#1726,#1725,#1454,.T.);
#2146=EDGE_CURVE('',#1726,#1727,#1455,.T.);
#2147=EDGE_CURVE('',#1728,#1727,#1456,.T.);
#2148=EDGE_CURVE('',#1728,#1729,#1457,.T.);
#2149=EDGE_CURVE('',#1730,#1729,#1458,.T.);
#2150=EDGE_CURVE('',#1730,#1731,#1459,.T.);
#2151=EDGE_CURVE('',#1732,#1731,#1460,.T.);
#2152=EDGE_CURVE('',#1732,#1733,#1461,.T.);
#2153=EDGE_CURVE('',#1734,#1733,#1462,.T.);
#2154=EDGE_CURVE('',#1734,#1735,#1463,.T.);
#2155=EDGE_CURVE('',#1736,#1735,#1464,.T.);
#2156=EDGE_CURVE('',#1736,#1737,#1465,.T.);
#2157=EDGE_CURVE('',#1738,#1737,#1466,.T.);
#2158=EDGE_CURVE('',#1738,#1739,#1467,.T.);
#2159=EDGE_CURVE('',#1740,#1739,#1468,.T.);
#2160=EDGE_CURVE('',#1740,#1741,#1469,.T.);
#2161=EDGE_CURVE('',#1742,#1741,#1470,.T.);
#2162=EDGE_CURVE('',#1742,#1743,#1471,.T.);
#2163=EDGE_CURVE('',#1744,#1743,#1472,.T.);
#2164=EDGE_CURVE('',#1744,#1745,#1473,.T.);
#2165=EDGE_CURVE('',#1746,#1745,#1474,.T.);
#2166=EDGE_CURVE('',#1746,#1747,#1475,.T.);
#2167=EDGE_CURVE('',#1748,#1747,#1476,.T.);
#2168=EDGE_CURVE('',#1748,#1749,#1477,.T.);
#2169=EDGE_CURVE('',#1750,#1749,#1478,.T.);
#2170=EDGE_CURVE('',#1750,#1751,#1479,.T.);
#2171=EDGE_CURVE('',#1752,#1751,#1480,.T.);
#2172=EDGE_CURVE('',#1752,#1753,#1481,.T.);
#2173=EDGE_CURVE('',#1754,#1753,#1482,.T.);
#2174=EDGE_CURVE('',#1754,#1755,#1483,.T.);
#2175=EDGE_CURVE('',#1756,#1755,#1484,.T.);
#2176=EDGE_CURVE('',#1756,#1757,#1485,.T.);
#2177=EDGE_CURVE('',#1758,#1757,#1486,.T.);
#2178=EDGE_CURVE('',#1758,#1759,#1487,.T.);
#2179=EDGE_CURVE('',#1760,#1759,#1488,.T.);
#2180=EDGE_CURVE('',#1760,#1761,#1489,.T.);
#2181=EDGE_CURVE('',#1762,#1761,#1490,.T.);
#2182=EDGE_CURVE('',#1762,#1763,#1491,.T.);
#2183=EDGE_CURVE('',#1764,#1763,#1492,.T.);
#2184=EDGE_CURVE('',#1764,#1765,#1493,.T.);
#2185=EDGE_CURVE('',#1766,#1765,#1494,.T.);
#2186=EDGE_CURVE('',#1766,#1767,#1495,.T.);
#2187=EDGE_CURVE('',#1768,#1767,#1496,.T.);
#2188=EDGE_CURVE('',#1768,#1769,#1497,.T.);
#2189=EDGE_CURVE('',#1770,#1769,#1498,.T.);
#2190=EDGE_CURVE('',#1770,#1771,#1499,.T.);
#2191=EDGE_CURVE('',#1772,#1771,#1500,.T.);
#2192=EDGE_CURVE('',#1772,#1773,#1501,.T.);
#2193=EDGE_CURVE('',#1774,#1773,#1502,.T.);
#2194=EDGE_CURVE('',#1774,#1775,#1503,.T.);
#2195=EDGE_CURVE('',#1776,#1775,#1504,.T.);
#2196=EDGE_CURVE('',#1776,#1777,#1505,.T.);
#2197=EDGE_CURVE('',#1778,#1777,#1506,.T.);
#2198=EDGE_CURVE('',#1778,#1779,#1507,.T.);
#2199=EDGE_CURVE('',#1780,#1779,#1508,.T.);
#2200=EDGE_CURVE('',#1780,#1781,#1509,.T.);
#2201=EDGE_CURVE('',#1782,#1781,#1510,.T.);
#2202=EDGE_CURVE('',#1782,#1783,#1511,.T.);
#2203=EDGE_CURVE('',#1784,#1783,#1512,.T.);
#2204=EDGE_CURVE('',#1784,#1785,#1513,.T.);
#2205=EDGE_CURVE('',#1786,#1785,#1514,.T.);
#2206=EDGE_CURVE('',#1786,#1787,#1515,.T.);
#2207=EDGE_CURVE('',#1788,#1787,#1516,.T.);
#2208=EDGE_CURVE('',#1788,#1789,#1517,.T.);
#2209=EDGE_CURVE('',#1790,#1789,#1518,.T.);
#2210=EDGE_CURVE('',#1790,#1791,#1519,.T.);
#2211=EDGE_CURVE('',#1792,#1791,#1520,.T.);
#2212=EDGE_CURVE('',#1792,#1793,#1521,.T.);
#2213=EDGE_CURVE('',#1794,#1793,#1522,.T.);
#2214=EDGE_CURVE('',#1794,#1795,#1523,.T.);
#2215=EDGE_CURVE('',#1796,#1795,#1524,.T.);
#2216=EDGE_CURVE('',#1796,#1797,#1525,.T.);
#2217=EDGE_CURVE('',#1798,#1797,#1526,.T.);
#2218=EDGE_CURVE('',#1798,#1799,#1527,.T.);
#2219=EDGE_CURVE('',#1699,#1799,#1528,.T.);
#2220=EDGE_CURVE('',#1800,#1800,#1529,.T.);
#2221=EDGE_CURVE('',#1801,#1700,#1530,.T.);
#2222=EDGE_CURVE('',#1801,#1702,#44,.T.);
#2223=EDGE_CURVE('',#1802,#1801,#1531,.T.);
#2224=EDGE_CURVE('',#1703,#1802,#45,.T.);
#2225=EDGE_CURVE('',#1803,#1802,#1532,.T.);
#2226=EDGE_CURVE('',#1803,#1704,#46,.T.);
#2227=EDGE_CURVE('',#1804,#1803,#1533,.T.);
#2228=EDGE_CURVE('',#1705,#1804,#47,.T.);
#2229=EDGE_CURVE('',#1805,#1804,#1534,.T.);
#2230=EDGE_CURVE('',#1805,#1706,#48,.T.);
#2231=EDGE_CURVE('',#1806,#1805,#1535,.T.);
#2232=EDGE_CURVE('',#1707,#1806,#49,.T.);
#2233=EDGE_CURVE('',#1807,#1806,#1536,.T.);
#2234=EDGE_CURVE('',#1807,#1708,#50,.T.);
#2235=EDGE_CURVE('',#1808,#1807,#1537,.T.);
#2236=EDGE_CURVE('',#1709,#1808,#51,.T.);
#2237=EDGE_CURVE('',#1809,#1808,#1538,.T.);
#2238=EDGE_CURVE('',#1809,#1710,#52,.T.);
#2239=EDGE_CURVE('',#1810,#1809,#1539,.T.);
#2240=EDGE_CURVE('',#1711,#1810,#53,.T.);
#2241=EDGE_CURVE('',#1811,#1810,#1540,.T.);
#2242=EDGE_CURVE('',#1811,#1712,#54,.T.);
#2243=EDGE_CURVE('',#1812,#1811,#1541,.T.);
#2244=EDGE_CURVE('',#1713,#1812,#55,.T.);
#2245=EDGE_CURVE('',#1813,#1812,#1542,.T.);
#2246=EDGE_CURVE('',#1813,#1714,#56,.T.);
#2247=EDGE_CURVE('',#1814,#1813,#1543,.T.);
#2248=EDGE_CURVE('',#1715,#1814,#57,.T.);
#2249=EDGE_CURVE('',#1815,#1814,#1544,.T.);
#2250=EDGE_CURVE('',#1815,#1716,#58,.T.);
#2251=EDGE_CURVE('',#1816,#1815,#1545,.T.);
#2252=EDGE_CURVE('',#1717,#1816,#59,.T.);
#2253=EDGE_CURVE('',#1817,#1816,#1546,.T.);
#2254=EDGE_CURVE('',#1817,#1718,#60,.T.);
#2255=EDGE_CURVE('',#1818,#1817,#1547,.T.);
#2256=EDGE_CURVE('',#1719,#1818,#61,.T.);
#2257=EDGE_CURVE('',#1819,#1818,#1548,.T.);
#2258=EDGE_CURVE('',#1819,#1720,#62,.T.);
#2259=EDGE_CURVE('',#1820,#1819,#1549,.T.);
#2260=EDGE_CURVE('',#1721,#1820,#63,.T.);
#2261=EDGE_CURVE('',#1821,#1820,#1550,.T.);
#2262=EDGE_CURVE('',#1821,#1722,#64,.T.);
#2263=EDGE_CURVE('',#1822,#1821,#1551,.T.);
#2264=EDGE_CURVE('',#1723,#1822,#65,.T.);
#2265=EDGE_CURVE('',#1823,#1822,#1552,.T.);
#2266=EDGE_CURVE('',#1823,#1724,#66,.T.);
#2267=EDGE_CURVE('',#1824,#1823,#1553,.T.);
#2268=EDGE_CURVE('',#1725,#1824,#67,.T.);
#2269=EDGE_CURVE('',#1825,#1824,#1554,.T.);
#2270=EDGE_CURVE('',#1825,#1726,#68,.T.);
#2271=EDGE_CURVE('',#1826,#1825,#1555,.T.);
#2272=EDGE_CURVE('',#1727,#1826,#69,.T.);
#2273=EDGE_CURVE('',#1827,#1826,#1556,.T.);
#2274=EDGE_CURVE('',#1827,#1728,#70,.T.);
#2275=EDGE_CURVE('',#1828,#1827,#1557,.T.);
#2276=EDGE_CURVE('',#1729,#1828,#71,.T.);
#2277=EDGE_CURVE('',#1829,#1828,#1558,.T.);
#2278=EDGE_CURVE('',#1829,#1730,#72,.T.);
#2279=EDGE_CURVE('',#1830,#1829,#1559,.T.);
#2280=EDGE_CURVE('',#1731,#1830,#73,.T.);
#2281=EDGE_CURVE('',#1831,#1830,#1560,.T.);
#2282=EDGE_CURVE('',#1831,#1732,#74,.T.);
#2283=EDGE_CURVE('',#1832,#1831,#1561,.T.);
#2284=EDGE_CURVE('',#1733,#1832,#75,.T.);
#2285=EDGE_CURVE('',#1833,#1832,#1562,.T.);
#2286=EDGE_CURVE('',#1833,#1734,#76,.T.);
#2287=EDGE_CURVE('',#1834,#1833,#1563,.T.);
#2288=EDGE_CURVE('',#1735,#1834,#77,.T.);
#2289=EDGE_CURVE('',#1835,#1834,#1564,.T.);
#2290=EDGE_CURVE('',#1835,#1736,#78,.T.);
#2291=EDGE_CURVE('',#1836,#1835,#1565,.T.);
#2292=EDGE_CURVE('',#1737,#1836,#79,.T.);
#2293=EDGE_CURVE('',#1837,#1836,#1566,.T.);
#2294=EDGE_CURVE('',#1837,#1738,#80,.T.);
#2295=EDGE_CURVE('',#1838,#1837,#1567,.T.);
#2296=EDGE_CURVE('',#1739,#1838,#81,.T.);
#2297=EDGE_CURVE('',#1839,#1838,#1568,.T.);
#2298=EDGE_CURVE('',#1839,#1740,#82,.T.);
#2299=EDGE_CURVE('',#1840,#1839,#1569,.T.);
#2300=EDGE_CURVE('',#1741,#1840,#83,.T.);
#2301=EDGE_CURVE('',#1841,#1840,#1570,.T.);
#2302=EDGE_CURVE('',#1841,#1742,#84,.T.);
#2303=EDGE_CURVE('',#1842,#1841,#1571,.T.);
#2304=EDGE_CURVE('',#1743,#1842,#85,.T.);
#2305=EDGE_CURVE('',#1843,#1842,#1572,.T.);
#2306=EDGE_CURVE('',#1843,#1744,#86,.T.);
#2307=EDGE_CURVE('',#1844,#1843,#1573,.T.);
#2308=EDGE_CURVE('',#1745,#1844,#87,.T.);
#2309=EDGE_CURVE('',#1845,#1844,#1574,.T.);
#2310=EDGE_CURVE('',#1845,#1746,#88,.T.);
#2311=EDGE_CURVE('',#1846,#1845,#1575,.T.);
#2312=EDGE_CURVE('',#1747,#1846,#89,.T.);
#2313=EDGE_CURVE('',#1847,#1846,#1576,.T.);
#2314=EDGE_CURVE('',#1847,#1748,#90,.T.);
#2315=EDGE_CURVE('',#1848,#1847,#1577,.T.);
#2316=EDGE_CURVE('',#1749,#1848,#91,.T.);
#2317=EDGE_CURVE('',#1849,#1848,#1578,.T.);
#2318=EDGE_CURVE('',#1849,#1750,#92,.T.);
#2319=EDGE_CURVE('',#1850,#1849,#1579,.T.);
#2320=EDGE_CURVE('',#1751,#1850,#93,.T.);
#2321=EDGE_CURVE('',#1851,#1850,#1580,.T.);
#2322=EDGE_CURVE('',#1851,#1752,#94,.T.);
#2323=EDGE_CURVE('',#1852,#1851,#1581,.T.);
#2324=EDGE_CURVE('',#1753,#1852,#95,.T.);
#2325=EDGE_CURVE('',#1853,#1852,#1582,.T.);
#2326=EDGE_CURVE('',#1853,#1754,#96,.T.);
#2327=EDGE_CURVE('',#1854,#1853,#1583,.T.);
#2328=EDGE_CURVE('',#1755,#1854,#97,.T.);
#2329=EDGE_CURVE('',#1855,#1854,#1584,.T.);
#2330=EDGE_CURVE('',#1855,#1756,#98,.T.);
#2331=EDGE_CURVE('',#1856,#1855,#1585,.T.);
#2332=EDGE_CURVE('',#1757,#1856,#99,.T.);
#2333=EDGE_CURVE('',#1857,#1856,#1586,.T.);
#2334=EDGE_CURVE('',#1857,#1758,#100,.T.);
#2335=EDGE_CURVE('',#1858,#1857,#1587,.T.);
#2336=EDGE_CURVE('',#1759,#1858,#101,.T.);
#2337=EDGE_CURVE('',#1859,#1858,#1588,.T.);
#2338=EDGE_CURVE('',#1859,#1760,#102,.T.);
#2339=EDGE_CURVE('',#1860,#1859,#1589,.T.);
#2340=EDGE_CURVE('',#1761,#1860,#103,.T.);
#2341=EDGE_CURVE('',#1861,#1860,#1590,.T.);
#2342=EDGE_CURVE('',#1861,#1762,#104,.T.);
#2343=EDGE_CURVE('',#1862,#1861,#1591,.T.);
#2344=EDGE_CURVE('',#1763,#1862,#105,.T.);
#2345=EDGE_CURVE('',#1863,#1862,#1592,.T.);
#2346=EDGE_CURVE('',#1863,#1764,#106,.T.);
#2347=EDGE_CURVE('',#1864,#1863,#1593,.T.);
#2348=EDGE_CURVE('',#1765,#1864,#107,.T.);
#2349=EDGE_CURVE('',#1865,#1864,#1594,.T.);
#2350=EDGE_CURVE('',#1865,#1766,#108,.T.);
#2351=EDGE_CURVE('',#1866,#1865,#1595,.T.);
#2352=EDGE_CURVE('',#1767,#1866,#109,.T.);
#2353=EDGE_CURVE('',#1867,#1866,#1596,.T.);
#2354=EDGE_CURVE('',#1867,#1768,#110,.T.);
#2355=EDGE_CURVE('',#1868,#1867,#1597,.T.);
#2356=EDGE_CURVE('',#1769,#1868,#111,.T.);
#2357=EDGE_CURVE('',#1869,#1868,#1598,.T.);
#2358=EDGE_CURVE('',#1869,#1770,#112,.T.);
#2359=EDGE_CURVE('',#1870,#1869,#1599,.T.);
#2360=EDGE_CURVE('',#1771,#1870,#113,.T.);
#2361=EDGE_CURVE('',#1871,#1870,#1600,.T.);
#2362=EDGE_CURVE('',#1871,#1772,#114,.T.);
#2363=EDGE_CURVE('',#1872,#1871,#1601,.T.);
#2364=EDGE_CURVE('',#1773,#1872,#115,.T.);
#2365=EDGE_CURVE('',#1873,#1872,#1602,.T.);
#2366=EDGE_CURVE('',#1873,#1774,#116,.T.);
#2367=EDGE_CURVE('',#1874,#1873,#1603,.T.);
#2368=EDGE_CURVE('',#1775,#1874,#117,.T.);
#2369=EDGE_CURVE('',#1875,#1874,#1604,.T.);
#2370=EDGE_CURVE('',#1875,#1776,#118,.T.);
#2371=EDGE_CURVE('',#1876,#1875,#1605,.T.);
#2372=EDGE_CURVE('',#1777,#1876,#119,.T.);
#2373=EDGE_CURVE('',#1877,#1876,#1606,.T.);
#2374=EDGE_CURVE('',#1877,#1778,#120,.T.);
#2375=EDGE_CURVE('',#1878,#1877,#1607,.T.);
#2376=EDGE_CURVE('',#1779,#1878,#121,.T.);
#2377=EDGE_CURVE('',#1879,#1878,#1608,.T.);
#2378=EDGE_CURVE('',#1879,#1780,#122,.T.);
#2379=EDGE_CURVE('',#1880,#1879,#1609,.T.);
#2380=EDGE_CURVE('',#1781,#1880,#123,.T.);
#2381=EDGE_CURVE('',#1881,#1880,#1610,.T.);
#2382=EDGE_CURVE('',#1881,#1782,#124,.T.);
#2383=EDGE_CURVE('',#1882,#1881,#1611,.T.);
#2384=EDGE_CURVE('',#1783,#1882,#125,.T.);
#2385=EDGE_CURVE('',#1883,#1882,#1612,.T.);
#2386=EDGE_CURVE('',#1883,#1784,#126,.T.);
#2387=EDGE_CURVE('',#1884,#1883,#1613,.T.);
#2388=EDGE_CURVE('',#1785,#1884,#127,.T.);
#2389=EDGE_CURVE('',#1885,#1884,#1614,.T.);
#2390=EDGE_CURVE('',#1885,#1786,#128,.T.);
#2391=EDGE_CURVE('',#1886,#1885,#1615,.T.);
#2392=EDGE_CURVE('',#1787,#1886,#129,.T.);
#2393=EDGE_CURVE('',#1887,#1886,#1616,.T.);
#2394=EDGE_CURVE('',#1887,#1788,#130,.T.);
#2395=EDGE_CURVE('',#1888,#1887,#1617,.T.);
#2396=EDGE_CURVE('',#1789,#1888,#131,.T.);
#2397=EDGE_CURVE('',#1889,#1888,#1618,.T.);
#2398=EDGE_CURVE('',#1889,#1790,#132,.T.);
#2399=EDGE_CURVE('',#1890,#1889,#1619,.T.);
#2400=EDGE_CURVE('',#1791,#1890,#133,.T.);
#2401=EDGE_CURVE('',#1891,#1890,#1620,.T.);
#2402=EDGE_CURVE('',#1891,#1792,#134,.T.);
#2403=EDGE_CURVE('',#1892,#1891,#1621,.T.);
#2404=EDGE_CURVE('',#1793,#1892,#135,.T.);
#2405=EDGE_CURVE('',#1893,#1892,#1622,.T.);
#2406=EDGE_CURVE('',#1893,#1794,#136,.T.);
#2407=EDGE_CURVE('',#1894,#1893,#1623,.T.);
#2408=EDGE_CURVE('',#1795,#1894,#137,.T.);
#2409=EDGE_CURVE('',#1895,#1894,#1624,.T.);
#2410=EDGE_CURVE('',#1895,#1796,#138,.T.);
#2411=EDGE_CURVE('',#1797,#1896,#139,.T.);
#2412=EDGE_CURVE('',#1896,#1895,#1625,.T.);
#2413=EDGE_CURVE('',#1698,#1897,#1626,.T.);
#2414=EDGE_CURVE('',#1897,#1898,#1627,.T.);
#2415=EDGE_CURVE('',#1898,#1896,#1628,.T.);
#2416=EDGE_CURVE('',#1899,#1900,#140,.T.);
#2417=EDGE_CURVE('',#1900,#1901,#141,.T.);
#2418=EDGE_CURVE('',#1901,#1902,#142,.T.);
#2419=EDGE_CURVE('',#1902,#1903,#143,.T.);
#2420=EDGE_CURVE('',#1903,#1904,#144,.T.);
#2421=EDGE_CURVE('',#1904,#1899,#145,.T.);
#2422=EDGE_CURVE('',#1799,#1897,#146,.T.);
#2423=EDGE_CURVE('',#1898,#1798,#147,.T.);
#2424=EDGE_CURVE('',#1899,#1905,#148,.T.);
#2425=EDGE_CURVE('',#1905,#1906,#149,.T.);
#2426=EDGE_CURVE('',#1900,#1906,#150,.T.);
#2427=EDGE_CURVE('',#1904,#1907,#151,.T.);
#2428=EDGE_CURVE('',#1907,#1905,#152,.T.);
#2429=EDGE_CURVE('',#1903,#1908,#153,.T.);
#2430=EDGE_CURVE('',#1908,#1907,#154,.T.);
#2431=EDGE_CURVE('',#1902,#1909,#155,.T.);
#2432=EDGE_CURVE('',#1909,#1908,#156,.T.);
#2433=EDGE_CURVE('',#1901,#1910,#157,.T.);
#2434=EDGE_CURVE('',#1910,#1909,#158,.T.);
#2435=EDGE_CURVE('',#1906,#1910,#159,.T.);
#2436=EDGE_CURVE('',#1911,#1911,#1629,.T.);
#2437=EDGE_CURVE('',#1911,#1697,#160,.T.);
#2438=EDGE_CURVE('',#1912,#1912,#37,.T.);
#2439=EDGE_CURVE('',#1912,#1913,#161,.T.);
#2440=EDGE_CURVE('',#1914,#1913,#38,.T.);
#2441=EDGE_CURVE('',#1915,#1914,#39,.T.);
#2442=EDGE_CURVE('',#1915,#1916,#162,.T.);
#2443=EDGE_CURVE('',#1916,#1916,#40,.T.);
#2444=EDGE_CURVE('',#1913,#1915,#41,.T.);
#2445=EDGE_CURVE('',#1800,#1917,#163,.T.);
#2446=EDGE_CURVE('',#1917,#1917,#1630,.T.);
#2447=EDGE_CURVE('',#1918,#1919,#164,.T.);
#2448=EDGE_CURVE('',#1920,#1918,#165,.T.);
#2449=EDGE_CURVE('',#1921,#1920,#166,.T.);
#2450=EDGE_CURVE('',#1919,#1921,#167,.T.);
#2451=EDGE_CURVE('',#1922,#1923,#168,.T.);
#2452=EDGE_CURVE('',#1921,#1922,#169,.T.);
#2453=EDGE_CURVE('',#1923,#1920,#170,.T.);
#2454=EDGE_CURVE('',#1918,#1924,#171,.T.);
#2455=EDGE_CURVE('',#1924,#1925,#172,.T.);
#2456=EDGE_CURVE('',#1925,#1926,#173,.T.);
#2457=EDGE_CURVE('',#1926,#1927,#174,.T.);
#2458=EDGE_CURVE('',#1927,#1928,#175,.T.);
#2459=EDGE_CURVE('',#1928,#1929,#176,.T.);
#2460=EDGE_CURVE('',#1929,#1930,#177,.T.);
#2461=EDGE_CURVE('',#1930,#1931,#178,.T.);
#2462=EDGE_CURVE('',#1931,#1932,#179,.T.);
#2463=EDGE_CURVE('',#1932,#1933,#180,.T.);
#2464=EDGE_CURVE('',#1933,#1934,#181,.T.);
#2465=EDGE_CURVE('',#1934,#1935,#182,.T.);
#2466=EDGE_CURVE('',#1935,#1936,#183,.T.);
#2467=EDGE_CURVE('',#1936,#1937,#184,.T.);
#2468=EDGE_CURVE('',#1937,#1938,#185,.T.);
#2469=EDGE_CURVE('',#1938,#1939,#186,.T.);
#2470=EDGE_CURVE('',#1939,#1940,#187,.T.);
#2471=EDGE_CURVE('',#1940,#1941,#188,.T.);
#2472=EDGE_CURVE('',#1941,#1942,#189,.T.);
#2473=EDGE_CURVE('',#1942,#1943,#190,.T.);
#2474=EDGE_CURVE('',#1943,#1944,#191,.T.);
#2475=EDGE_CURVE('',#1944,#1923,#192,.T.);
#2476=EDGE_CURVE('',#1945,#1945,#1631,.T.);
#2477=EDGE_CURVE('',#1925,#1946,#193,.T.);
#2478=EDGE_CURVE('',#1947,#1924,#194,.T.);
#2479=EDGE_CURVE('',#1946,#1947,#195,.T.);
#2480=EDGE_CURVE('',#1947,#1919,#196,.T.);
#2481=EDGE_CURVE('',#1922,#1948,#197,.T.);
#2482=EDGE_CURVE('',#1948,#1949,#198,.T.);
#2483=EDGE_CURVE('',#1949,#1950,#199,.T.);
#2484=EDGE_CURVE('',#1950,#1951,#200,.T.);
#2485=EDGE_CURVE('',#1951,#1952,#201,.T.);
#2486=EDGE_CURVE('',#1952,#1953,#202,.T.);
#2487=EDGE_CURVE('',#1953,#1954,#203,.T.);
#2488=EDGE_CURVE('',#1954,#1955,#204,.T.);
#2489=EDGE_CURVE('',#1955,#1956,#205,.T.);
#2490=EDGE_CURVE('',#1956,#1957,#206,.T.);
#2491=EDGE_CURVE('',#1957,#1958,#207,.T.);
#2492=EDGE_CURVE('',#1958,#1959,#208,.T.);
#2493=EDGE_CURVE('',#1959,#1960,#209,.T.);
#2494=EDGE_CURVE('',#1960,#1961,#210,.T.);
#2495=EDGE_CURVE('',#1961,#1962,#211,.T.);
#2496=EDGE_CURVE('',#1962,#1963,#212,.T.);
#2497=EDGE_CURVE('',#1963,#1964,#213,.T.);
#2498=EDGE_CURVE('',#1964,#1965,#214,.T.);
#2499=EDGE_CURVE('',#1965,#1966,#215,.T.);
#2500=EDGE_CURVE('',#1966,#1946,#216,.T.);
#2501=EDGE_CURVE('',#1927,#1965,#217,.T.);
#2502=EDGE_CURVE('',#1966,#1926,#218,.T.);
#2503=EDGE_CURVE('',#1929,#1963,#219,.T.);
#2504=EDGE_CURVE('',#1964,#1928,#220,.T.);
#2505=EDGE_CURVE('',#1931,#1961,#221,.T.);
#2506=EDGE_CURVE('',#1962,#1930,#222,.T.);
#2507=EDGE_CURVE('',#1933,#1959,#223,.T.);
#2508=EDGE_CURVE('',#1960,#1932,#224,.T.);
#2509=EDGE_CURVE('',#1935,#1957,#225,.T.);
#2510=EDGE_CURVE('',#1958,#1934,#226,.T.);
#2511=EDGE_CURVE('',#1937,#1955,#227,.T.);
#2512=EDGE_CURVE('',#1956,#1936,#228,.T.);
#2513=EDGE_CURVE('',#1939,#1953,#229,.T.);
#2514=EDGE_CURVE('',#1954,#1938,#230,.T.);
#2515=EDGE_CURVE('',#1941,#1951,#231,.T.);
#2516=EDGE_CURVE('',#1952,#1940,#232,.T.);
#2517=EDGE_CURVE('',#1943,#1949,#233,.T.);
#2518=EDGE_CURVE('',#1950,#1942,#234,.T.);
#2519=EDGE_CURVE('',#1948,#1944,#235,.T.);
#2520=EDGE_CURVE('',#1696,#1945,#236,.T.);
#2521=EDGE_CURVE('',#1967,#1968,#1632,.T.);
#2522=EDGE_CURVE('',#1968,#1969,#237,.T.);
#2523=EDGE_CURVE('',#1969,#1970,#1633,.T.);
#2524=EDGE_CURVE('',#1970,#1967,#238,.T.);
#2525=EDGE_CURVE('',#1969,#1971,#239,.T.);
#2526=EDGE_CURVE('',#1972,#1971,#1634,.T.);
#2527=EDGE_CURVE('',#1973,#1972,#240,.T.);
#2528=EDGE_CURVE('',#1974,#1973,#1635,.T.);
#2529=EDGE_CURVE('',#1975,#1974,#241,.T.);
#2530=EDGE_CURVE('',#1976,#1975,#1636,.T.);
#2531=EDGE_CURVE('',#1976,#1977,#242,.T.);
#2532=EDGE_CURVE('',#1978,#1977,#1637,.T.);
#2533=EDGE_CURVE('',#1979,#1978,#243,.T.);
#2534=EDGE_CURVE('',#1980,#1979,#244,.T.);
#2535=EDGE_CURVE('',#1980,#1970,#245,.T.);
#2536=EDGE_CURVE('',#1981,#1981,#1638,.T.);
#2537=EDGE_CURVE('',#1982,#1968,#246,.T.);
#2538=EDGE_CURVE('',#1971,#1982,#247,.T.);
#2539=EDGE_CURVE('',#1982,#1983,#1639,.T.);
#2540=EDGE_CURVE('',#1983,#1972,#248,.T.);
#2541=EDGE_CURVE('',#1984,#1985,#1640,.T.);
#2542=EDGE_CURVE('',#1985,#1976,#249,.T.);
#2543=EDGE_CURVE('',#1975,#1984,#250,.T.);
#2544=EDGE_CURVE('',#1986,#1974,#251,.T.);
#2545=EDGE_CURVE('',#1984,#1986,#252,.T.);
#2546=EDGE_CURVE('',#1987,#1986,#1641,.T.);
#2547=EDGE_CURVE('',#1973,#1987,#253,.T.);
#2548=EDGE_CURVE('',#1988,#1989,#1642,.T.);
#2549=EDGE_CURVE('',#1990,#1988,#254,.T.);
#2550=EDGE_CURVE('',#1991,#1990,#255,.T.);
#2551=EDGE_CURVE('',#1991,#1989,#256,.T.);
#2552=EDGE_CURVE('',#1992,#1992,#1643,.T.);
#2553=EDGE_CURVE('',#1989,#1993,#257,.T.);
#2554=EDGE_CURVE('',#1993,#1994,#1644,.T.);
#2555=EDGE_CURVE('',#1994,#1988,#258,.T.);
#2556=EDGE_CURVE('',#1995,#1995,#1645,.T.);
#2557=EDGE_CURVE('',#1995,#1992,#259,.T.);
#2558=EDGE_CURVE('',#1996,#1993,#260,.T.);
#2559=EDGE_CURVE('',#1997,#1996,#261,.T.);
#2560=EDGE_CURVE('',#1997,#1994,#262,.T.);
#2561=EDGE_CURVE('',#1996,#1991,#263,.T.);
#2562=EDGE_CURVE('',#1990,#1997,#264,.T.);
#2563=EDGE_CURVE('',#1998,#1998,#1646,.T.);
#2564=EDGE_CURVE('',#1998,#1981,#265,.T.);
#2565=EDGE_CURVE('',#1979,#1999,#266,.T.);
#2566=EDGE_CURVE('',#2000,#1999,#267,.T.);
#2567=EDGE_CURVE('',#1980,#2000,#268,.T.);
#2568=EDGE_CURVE('',#1967,#2000,#269,.T.);
#2569=EDGE_CURVE('',#1987,#1983,#270,.T.);
#2570=EDGE_CURVE('',#2001,#1985,#271,.T.);
#2571=EDGE_CURVE('',#1977,#2001,#272,.T.);
#2572=EDGE_CURVE('',#2002,#2001,#1647,.T.);
#2573=EDGE_CURVE('',#1978,#2002,#273,.T.);
#2574=EDGE_CURVE('',#1999,#2002,#274,.T.);
#2575=EDGE_CURVE('',#2003,#2004,#1648,.T.);
#2576=EDGE_CURVE('',#2004,#2005,#275,.T.);
#2577=EDGE_CURVE('',#2005,#2006,#1649,.T.);
#2578=EDGE_CURVE('',#2006,#2003,#276,.T.);
#2579=EDGE_CURVE('',#2007,#2005,#277,.T.);
#2580=EDGE_CURVE('',#2008,#2007,#1650,.T.);
#2581=EDGE_CURVE('',#2009,#2008,#278,.T.);
#2582=EDGE_CURVE('',#2010,#2009,#279,.T.);
#2583=EDGE_CURVE('',#2010,#2006,#280,.T.);
#2584=EDGE_CURVE('',#2011,#2011,#1651,.T.);
#2585=EDGE_CURVE('',#2004,#2012,#281,.T.);
#2586=EDGE_CURVE('',#2007,#2012,#282,.T.);
#2587=EDGE_CURVE('',#2012,#2013,#1652,.T.);
#2588=EDGE_CURVE('',#2013,#2008,#283,.T.);
#2589=EDGE_CURVE('',#2014,#2015,#284,.T.);
#2590=EDGE_CURVE('',#2016,#2014,#285,.T.);
#2591=EDGE_CURVE('',#2016,#2015,#286,.T.);
#2592=EDGE_CURVE('',#2015,#2017,#287,.T.);
#2593=EDGE_CURVE('',#2018,#2016,#288,.T.);
#2594=EDGE_CURVE('',#2017,#2018,#289,.T.);
#2595=EDGE_CURVE('',#2017,#2019,#290,.T.);
#2596=EDGE_CURVE('',#2019,#2018,#291,.T.);
#2597=EDGE_CURVE('',#2019,#2020,#292,.T.);
#2598=EDGE_CURVE('',#2020,#2021,#293,.T.);
#2599=EDGE_CURVE('',#2021,#2022,#1653,.T.);
#2600=EDGE_CURVE('',#2022,#2023,#294,.T.);
#2601=EDGE_CURVE('',#2023,#2014,#295,.T.);
#2602=EDGE_CURVE('',#2024,#2024,#1654,.T.);
#2603=EDGE_CURVE('',#2025,#2025,#1655,.T.);
#2604=EDGE_CURVE('',#2009,#2026,#296,.T.);
#2605=EDGE_CURVE('',#2026,#2027,#297,.T.);
#2606=EDGE_CURVE('',#2027,#2010,#298,.T.);
#2607=EDGE_CURVE('',#2028,#2018,#299,.T.);
#2608=EDGE_CURVE('',#2020,#2028,#300,.T.);
#2609=EDGE_CURVE('',#2029,#2030,#301,.T.);
#2610=EDGE_CURVE('',#2030,#2031,#1656,.T.);
#2611=EDGE_CURVE('',#2031,#2032,#302,.T.);
#2612=EDGE_CURVE('',#2032,#2029,#1657,.T.);
#2613=EDGE_CURVE('',#2033,#2034,#303,.T.);
#2614=EDGE_CURVE('',#2034,#2028,#304,.T.);
#2615=EDGE_CURVE('',#2016,#2035,#305,.T.);
#2616=EDGE_CURVE('',#2035,#2033,#306,.T.);
#2617=EDGE_CURVE('',#2036,#2037,#307,.T.);
#2618=EDGE_CURVE('',#2037,#2034,#308,.T.);
#2619=EDGE_CURVE('',#2036,#2033,#309,.T.);
#2620=EDGE_CURVE('',#2038,#2039,#310,.T.);
#2621=EDGE_CURVE('',#2039,#2040,#1658,.T.);
#2622=EDGE_CURVE('',#2040,#2041,#311,.T.);
#2623=EDGE_CURVE('',#2041,#2038,#1659,.T.);
#2624=EDGE_CURVE('',#2042,#2043,#312,.T.);
#2625=EDGE_CURVE('',#2043,#2044,#1660,.T.);
#2626=EDGE_CURVE('',#2044,#2045,#313,.T.);
#2627=EDGE_CURVE('',#2045,#2042,#1661,.T.);
#2628=EDGE_CURVE('',#2046,#2036,#314,.T.);
#2629=EDGE_CURVE('',#2047,#2046,#1662,.T.);
#2630=EDGE_CURVE('',#2037,#2047,#315,.T.);
#2631=EDGE_CURVE('',#2048,#2048,#1663,.T.);
#2632=EDGE_CURVE('',#2049,#2049,#1664,.T.);
#2633=EDGE_CURVE('',#2038,#2050,#316,.T.);
#2634=EDGE_CURVE('',#2051,#2050,#317,.T.);
#2635=EDGE_CURVE('',#2039,#2051,#318,.T.);
#2636=EDGE_CURVE('',#2041,#2052,#319,.T.);
#2637=EDGE_CURVE('',#2050,#2052,#1665,.T.);
#2638=EDGE_CURVE('',#2040,#2053,#320,.T.);
#2639=EDGE_CURVE('',#2052,#2053,#321,.T.);
#2640=EDGE_CURVE('',#2053,#2051,#1666,.T.);
#2641=EDGE_CURVE('',#2042,#2030,#322,.T.);
#2642=EDGE_CURVE('',#2043,#2029,#323,.T.);
#2643=EDGE_CURVE('',#2045,#2031,#324,.T.);
#2644=EDGE_CURVE('',#2044,#2032,#325,.T.);
#2645=EDGE_CURVE('',#2011,#2054,#326,.T.);
#2646=EDGE_CURVE('',#2054,#2054,#1667,.T.);
#2647=EDGE_CURVE('',#2026,#2013,#327,.T.);
#2648=EDGE_CURVE('',#2027,#2003,#328,.T.);
#2649=EDGE_CURVE('',#2055,#2055,#1668,.T.);
#2650=EDGE_CURVE('',#2055,#2049,#329,.T.);
#2651=EDGE_CURVE('',#2056,#2056,#1669,.T.);
#2652=EDGE_CURVE('',#2056,#2025,#330,.T.);
#2653=EDGE_CURVE('',#2057,#2057,#1670,.T.);
#2654=EDGE_CURVE('',#2057,#2048,#331,.T.);
#2655=EDGE_CURVE('',#2058,#2058,#1671,.T.);
#2656=EDGE_CURVE('',#2058,#2024,#332,.T.);
#2657=EDGE_CURVE('',#2023,#2035,#333,.T.);
#2658=EDGE_CURVE('',#2047,#2021,#334,.T.);
#2659=EDGE_CURVE('',#2046,#2022,#335,.T.);
#2660=EDGE_CURVE('',#2059,#2060,#1672,.T.);
#2661=EDGE_CURVE('',#2060,#2061,#336,.T.);
#2662=EDGE_CURVE('',#2061,#2062,#1673,.T.);
#2663=EDGE_CURVE('',#2062,#2059,#337,.T.);
#2664=EDGE_CURVE('',#2063,#2061,#338,.T.);
#2665=EDGE_CURVE('',#2064,#2063,#1674,.T.);
#2666=EDGE_CURVE('',#2065,#2064,#339,.T.);
#2667=EDGE_CURVE('',#2066,#2065,#340,.T.);
#2668=EDGE_CURVE('',#2066,#2062,#341,.T.);
#2669=EDGE_CURVE('',#2067,#2067,#1675,.T.);
#2670=EDGE_CURVE('',#2060,#2068,#342,.T.);
#2671=EDGE_CURVE('',#2063,#2068,#343,.T.);
#2672=EDGE_CURVE('',#2068,#2069,#1676,.T.);
#2673=EDGE_CURVE('',#2069,#2064,#344,.T.);
#2674=EDGE_CURVE('',#2070,#2071,#345,.T.);
#2675=EDGE_CURVE('',#2072,#2070,#346,.T.);
#2676=EDGE_CURVE('',#2072,#2071,#347,.T.);
#2677=EDGE_CURVE('',#2071,#2073,#348,.T.);
#2678=EDGE_CURVE('',#2074,#2072,#349,.T.);
#2679=EDGE_CURVE('',#2073,#2074,#350,.T.);
#2680=EDGE_CURVE('',#2073,#2075,#351,.T.);
#2681=EDGE_CURVE('',#2075,#2074,#352,.T.);
#2682=EDGE_CURVE('',#2075,#2076,#353,.T.);
#2683=EDGE_CURVE('',#2076,#2077,#354,.T.);
#2684=EDGE_CURVE('',#2077,#2078,#1677,.T.);
#2685=EDGE_CURVE('',#2078,#2079,#355,.T.);
#2686=EDGE_CURVE('',#2079,#2070,#356,.T.);
#2687=EDGE_CURVE('',#2080,#2080,#1678,.T.);
#2688=EDGE_CURVE('',#2081,#2081,#1679,.T.);
#2689=EDGE_CURVE('',#2065,#2082,#357,.T.);
#2690=EDGE_CURVE('',#2082,#2083,#358,.T.);
#2691=EDGE_CURVE('',#2083,#2066,#359,.T.);
#2692=EDGE_CURVE('',#2084,#2074,#360,.T.);
#2693=EDGE_CURVE('',#2076,#2084,#361,.T.);
#2694=EDGE_CURVE('',#2085,#2086,#362,.T.);
#2695=EDGE_CURVE('',#2086,#2087,#1680,.T.);
#2696=EDGE_CURVE('',#2087,#2088,#363,.T.);
#2697=EDGE_CURVE('',#2088,#2085,#1681,.T.);
#2698=EDGE_CURVE('',#2089,#2090,#364,.T.);
#2699=EDGE_CURVE('',#2090,#2084,#365,.T.);
#2700=EDGE_CURVE('',#2072,#2091,#366,.T.);
#2701=EDGE_CURVE('',#2091,#2089,#367,.T.);
#2702=EDGE_CURVE('',#2092,#2093,#368,.T.);
#2703=EDGE_CURVE('',#2093,#2090,#369,.T.);
#2704=EDGE_CURVE('',#2092,#2089,#370,.T.);
#2705=EDGE_CURVE('',#2094,#2095,#371,.T.);
#2706=EDGE_CURVE('',#2095,#2096,#1682,.T.);
#2707=EDGE_CURVE('',#2096,#2097,#372,.T.);
#2708=EDGE_CURVE('',#2097,#2094,#1683,.T.);
#2709=EDGE_CURVE('',#2098,#2099,#373,.T.);
#2710=EDGE_CURVE('',#2099,#2100,#1684,.T.);
#2711=EDGE_CURVE('',#2100,#2101,#374,.T.);
#2712=EDGE_CURVE('',#2101,#2098,#1685,.T.);
#2713=EDGE_CURVE('',#2102,#2092,#375,.T.);
#2714=EDGE_CURVE('',#2103,#2102,#1686,.T.);
#2715=EDGE_CURVE('',#2093,#2103,#376,.T.);
#2716=EDGE_CURVE('',#2104,#2104,#1687,.T.);
#2717=EDGE_CURVE('',#2105,#2105,#1688,.T.);
#2718=EDGE_CURVE('',#2094,#2106,#377,.T.);
#2719=EDGE_CURVE('',#2107,#2106,#378,.T.);
#2720=EDGE_CURVE('',#2095,#2107,#379,.T.);
#2721=EDGE_CURVE('',#2097,#2108,#380,.T.);
#2722=EDGE_CURVE('',#2106,#2108,#1689,.T.);
#2723=EDGE_CURVE('',#2096,#2109,#381,.T.);
#2724=EDGE_CURVE('',#2108,#2109,#382,.T.);
#2725=EDGE_CURVE('',#2109,#2107,#1690,.T.);
#2726=EDGE_CURVE('',#2098,#2086,#383,.T.);
#2727=EDGE_CURVE('',#2099,#2085,#384,.T.);
#2728=EDGE_CURVE('',#2101,#2087,#385,.T.);
#2729=EDGE_CURVE('',#2100,#2088,#386,.T.);
#2730=EDGE_CURVE('',#2067,#2110,#387,.T.);
#2731=EDGE_CURVE('',#2110,#2110,#1691,.T.);
#2732=EDGE_CURVE('',#2082,#2069,#388,.T.);
#2733=EDGE_CURVE('',#2083,#2059,#389,.T.);
#2734=EDGE_CURVE('',#2111,#2111,#1692,.T.);
#2735=EDGE_CURVE('',#2111,#2105,#390,.T.);
#2736=EDGE_CURVE('',#2112,#2112,#1693,.T.);
#2737=EDGE_CURVE('',#2112,#2081,#391,.T.);
#2738=EDGE_CURVE('',#2113,#2113,#1694,.T.);
#2739=EDGE_CURVE('',#2113,#2104,#392,.T.);
#2740=EDGE_CURVE('',#2114,#2114,#1695,.T.);
#2741=EDGE_CURVE('',#2114,#2080,#393,.T.);
#2742=EDGE_CURVE('',#2079,#2091,#394,.T.);
#2743=EDGE_CURVE('',#2103,#2077,#395,.T.);
#2744=EDGE_CURVE('',#2102,#2078,#396,.T.);
#2745=ORIENTED_EDGE('',*,*,#2115,.T.);
#2746=ORIENTED_EDGE('',*,*,#2116,.T.);
#2747=ORIENTED_EDGE('',*,*,#2117,.F.);
#2748=ORIENTED_EDGE('',*,*,#2118,.F.);
#2749=ORIENTED_EDGE('',*,*,#2119,.F.);
#2750=ORIENTED_EDGE('',*,*,#2120,.F.);
#2751=ORIENTED_EDGE('',*,*,#2121,.F.);
#2752=ORIENTED_EDGE('',*,*,#2122,.T.);
#2753=ORIENTED_EDGE('',*,*,#2123,.F.);
#2754=ORIENTED_EDGE('',*,*,#2124,.T.);
#2755=ORIENTED_EDGE('',*,*,#2125,.F.);
#2756=ORIENTED_EDGE('',*,*,#2126,.T.);
#2757=ORIENTED_EDGE('',*,*,#2127,.F.);
#2758=ORIENTED_EDGE('',*,*,#2128,.T.);
#2759=ORIENTED_EDGE('',*,*,#2129,.F.);
#2760=ORIENTED_EDGE('',*,*,#2130,.T.);
#2761=ORIENTED_EDGE('',*,*,#2131,.F.);
#2762=ORIENTED_EDGE('',*,*,#2132,.T.);
#2763=ORIENTED_EDGE('',*,*,#2133,.F.);
#2764=ORIENTED_EDGE('',*,*,#2134,.T.);
#2765=ORIENTED_EDGE('',*,*,#2135,.F.);
#2766=ORIENTED_EDGE('',*,*,#2136,.T.);
#2767=ORIENTED_EDGE('',*,*,#2137,.F.);
#2768=ORIENTED_EDGE('',*,*,#2138,.T.);
#2769=ORIENTED_EDGE('',*,*,#2139,.F.);
#2770=ORIENTED_EDGE('',*,*,#2140,.T.);
#2771=ORIENTED_EDGE('',*,*,#2141,.F.);
#2772=ORIENTED_EDGE('',*,*,#2142,.T.);
#2773=ORIENTED_EDGE('',*,*,#2143,.F.);
#2774=ORIENTED_EDGE('',*,*,#2144,.T.);
#2775=ORIENTED_EDGE('',*,*,#2145,.F.);
#2776=ORIENTED_EDGE('',*,*,#2146,.T.);
#2777=ORIENTED_EDGE('',*,*,#2147,.F.);
#2778=ORIENTED_EDGE('',*,*,#2148,.T.);
#2779=ORIENTED_EDGE('',*,*,#2149,.F.);
#2780=ORIENTED_EDGE('',*,*,#2150,.T.);
#2781=ORIENTED_EDGE('',*,*,#2151,.F.);
#2782=ORIENTED_EDGE('',*,*,#2152,.T.);
#2783=ORIENTED_EDGE('',*,*,#2153,.F.);
#2784=ORIENTED_EDGE('',*,*,#2154,.T.);
#2785=ORIENTED_EDGE('',*,*,#2155,.F.);
#2786=ORIENTED_EDGE('',*,*,#2156,.T.);
#2787=ORIENTED_EDGE('',*,*,#2157,.F.);
#2788=ORIENTED_EDGE('',*,*,#2158,.T.);
#2789=ORIENTED_EDGE('',*,*,#2159,.F.);
#2790=ORIENTED_EDGE('',*,*,#2160,.T.);
#2791=ORIENTED_EDGE('',*,*,#2161,.F.);
#2792=ORIENTED_EDGE('',*,*,#2162,.T.);
#2793=ORIENTED_EDGE('',*,*,#2163,.F.);
#2794=ORIENTED_EDGE('',*,*,#2164,.T.);
#2795=ORIENTED_EDGE('',*,*,#2165,.F.);
#2796=ORIENTED_EDGE('',*,*,#2166,.T.);
#2797=ORIENTED_EDGE('',*,*,#2167,.F.);
#2798=ORIENTED_EDGE('',*,*,#2168,.T.);
#2799=ORIENTED_EDGE('',*,*,#2169,.F.);
#2800=ORIENTED_EDGE('',*,*,#2170,.T.);
#2801=ORIENTED_EDGE('',*,*,#2171,.F.);
#2802=ORIENTED_EDGE('',*,*,#2172,.T.);
#2803=ORIENTED_EDGE('',*,*,#2173,.F.);
#2804=ORIENTED_EDGE('',*,*,#2174,.T.);
#2805=ORIENTED_EDGE('',*,*,#2175,.F.);
#2806=ORIENTED_EDGE('',*,*,#2176,.T.);
#2807=ORIENTED_EDGE('',*,*,#2177,.F.);
#2808=ORIENTED_EDGE('',*,*,#2178,.T.);
#2809=ORIENTED_EDGE('',*,*,#2179,.F.);
#2810=ORIENTED_EDGE('',*,*,#2180,.T.);
#2811=ORIENTED_EDGE('',*,*,#2181,.F.);
#2812=ORIENTED_EDGE('',*,*,#2182,.T.);
#2813=ORIENTED_EDGE('',*,*,#2183,.F.);
#2814=ORIENTED_EDGE('',*,*,#2184,.T.);
#2815=ORIENTED_EDGE('',*,*,#2185,.F.);
#2816=ORIENTED_EDGE('',*,*,#2186,.T.);
#2817=ORIENTED_EDGE('',*,*,#2187,.F.);
#2818=ORIENTED_EDGE('',*,*,#2188,.T.);
#2819=ORIENTED_EDGE('',*,*,#2189,.F.);
#2820=ORIENTED_EDGE('',*,*,#2190,.T.);
#2821=ORIENTED_EDGE('',*,*,#2191,.F.);
#2822=ORIENTED_EDGE('',*,*,#2192,.T.);
#2823=ORIENTED_EDGE('',*,*,#2193,.F.);
#2824=ORIENTED_EDGE('',*,*,#2194,.T.);
#2825=ORIENTED_EDGE('',*,*,#2195,.F.);
#2826=ORIENTED_EDGE('',*,*,#2196,.T.);
#2827=ORIENTED_EDGE('',*,*,#2197,.F.);
#2828=ORIENTED_EDGE('',*,*,#2198,.T.);
#2829=ORIENTED_EDGE('',*,*,#2199,.F.);
#2830=ORIENTED_EDGE('',*,*,#2200,.T.);
#2831=ORIENTED_EDGE('',*,*,#2201,.F.);
#2832=ORIENTED_EDGE('',*,*,#2202,.T.);
#2833=ORIENTED_EDGE('',*,*,#2203,.F.);
#2834=ORIENTED_EDGE('',*,*,#2204,.T.);
#2835=ORIENTED_EDGE('',*,*,#2205,.F.);
#2836=ORIENTED_EDGE('',*,*,#2206,.T.);
#2837=ORIENTED_EDGE('',*,*,#2207,.F.);
#2838=ORIENTED_EDGE('',*,*,#2208,.T.);
#2839=ORIENTED_EDGE('',*,*,#2209,.F.);
#2840=ORIENTED_EDGE('',*,*,#2210,.T.);
#2841=ORIENTED_EDGE('',*,*,#2211,.F.);
#2842=ORIENTED_EDGE('',*,*,#2212,.T.);
#2843=ORIENTED_EDGE('',*,*,#2213,.F.);
#2844=ORIENTED_EDGE('',*,*,#2214,.T.);
#2845=ORIENTED_EDGE('',*,*,#2215,.F.);
#2846=ORIENTED_EDGE('',*,*,#2216,.T.);
#2847=ORIENTED_EDGE('',*,*,#2217,.F.);
#2848=ORIENTED_EDGE('',*,*,#2218,.T.);
#2849=ORIENTED_EDGE('',*,*,#2219,.F.);
#2850=ORIENTED_EDGE('',*,*,#2120,.T.);
#2851=ORIENTED_EDGE('',*,*,#2220,.T.);
#2852=ORIENTED_EDGE('',*,*,#2119,.T.);
#2853=ORIENTED_EDGE('',*,*,#2221,.F.);
#2854=ORIENTED_EDGE('',*,*,#2222,.T.);
#2855=ORIENTED_EDGE('',*,*,#2121,.T.);
#2856=ORIENTED_EDGE('',*,*,#2222,.F.);
#2857=ORIENTED_EDGE('',*,*,#2223,.F.);
#2858=ORIENTED_EDGE('',*,*,#2224,.F.);
#2859=ORIENTED_EDGE('',*,*,#2122,.F.);
#2860=ORIENTED_EDGE('',*,*,#2224,.T.);
#2861=ORIENTED_EDGE('',*,*,#2225,.F.);
#2862=ORIENTED_EDGE('',*,*,#2226,.T.);
#2863=ORIENTED_EDGE('',*,*,#2123,.T.);
#2864=ORIENTED_EDGE('',*,*,#2226,.F.);
#2865=ORIENTED_EDGE('',*,*,#2227,.F.);
#2866=ORIENTED_EDGE('',*,*,#2228,.F.);
#2867=ORIENTED_EDGE('',*,*,#2124,.F.);
#2868=ORIENTED_EDGE('',*,*,#2228,.T.);
#2869=ORIENTED_EDGE('',*,*,#2229,.F.);
#2870=ORIENTED_EDGE('',*,*,#2230,.T.);
#2871=ORIENTED_EDGE('',*,*,#2125,.T.);
#2872=ORIENTED_EDGE('',*,*,#2230,.F.);
#2873=ORIENTED_EDGE('',*,*,#2231,.F.);
#2874=ORIENTED_EDGE('',*,*,#2232,.F.);
#2875=ORIENTED_EDGE('',*,*,#2126,.F.);
#2876=ORIENTED_EDGE('',*,*,#2232,.T.);
#2877=ORIENTED_EDGE('',*,*,#2233,.F.);
#2878=ORIENTED_EDGE('',*,*,#2234,.T.);
#2879=ORIENTED_EDGE('',*,*,#2127,.T.);
#2880=ORIENTED_EDGE('',*,*,#2234,.F.);
#2881=ORIENTED_EDGE('',*,*,#2235,.F.);
#2882=ORIENTED_EDGE('',*,*,#2236,.F.);
#2883=ORIENTED_EDGE('',*,*,#2128,.F.);
#2884=ORIENTED_EDGE('',*,*,#2236,.T.);
#2885=ORIENTED_EDGE('',*,*,#2237,.F.);
#2886=ORIENTED_EDGE('',*,*,#2238,.T.);
#2887=ORIENTED_EDGE('',*,*,#2129,.T.);
#2888=ORIENTED_EDGE('',*,*,#2238,.F.);
#2889=ORIENTED_EDGE('',*,*,#2239,.F.);
#2890=ORIENTED_EDGE('',*,*,#2240,.F.);
#2891=ORIENTED_EDGE('',*,*,#2130,.F.);
#2892=ORIENTED_EDGE('',*,*,#2240,.T.);
#2893=ORIENTED_EDGE('',*,*,#2241,.F.);
#2894=ORIENTED_EDGE('',*,*,#2242,.T.);
#2895=ORIENTED_EDGE('',*,*,#2131,.T.);
#2896=ORIENTED_EDGE('',*,*,#2242,.F.);
#2897=ORIENTED_EDGE('',*,*,#2243,.F.);
#2898=ORIENTED_EDGE('',*,*,#2244,.F.);
#2899=ORIENTED_EDGE('',*,*,#2132,.F.);
#2900=ORIENTED_EDGE('',*,*,#2244,.T.);
#2901=ORIENTED_EDGE('',*,*,#2245,.F.);
#2902=ORIENTED_EDGE('',*,*,#2246,.T.);
#2903=ORIENTED_EDGE('',*,*,#2133,.T.);
#2904=ORIENTED_EDGE('',*,*,#2246,.F.);
#2905=ORIENTED_EDGE('',*,*,#2247,.F.);
#2906=ORIENTED_EDGE('',*,*,#2248,.F.);
#2907=ORIENTED_EDGE('',*,*,#2134,.F.);
#2908=ORIENTED_EDGE('',*,*,#2248,.T.);
#2909=ORIENTED_EDGE('',*,*,#2249,.F.);
#2910=ORIENTED_EDGE('',*,*,#2250,.T.);
#2911=ORIENTED_EDGE('',*,*,#2135,.T.);
#2912=ORIENTED_EDGE('',*,*,#2250,.F.);
#2913=ORIENTED_EDGE('',*,*,#2251,.F.);
#2914=ORIENTED_EDGE('',*,*,#2252,.F.);
#2915=ORIENTED_EDGE('',*,*,#2136,.F.);
#2916=ORIENTED_EDGE('',*,*,#2252,.T.);
#2917=ORIENTED_EDGE('',*,*,#2253,.F.);
#2918=ORIENTED_EDGE('',*,*,#2254,.T.);
#2919=ORIENTED_EDGE('',*,*,#2137,.T.);
#2920=ORIENTED_EDGE('',*,*,#2254,.F.);
#2921=ORIENTED_EDGE('',*,*,#2255,.F.);
#2922=ORIENTED_EDGE('',*,*,#2256,.F.);
#2923=ORIENTED_EDGE('',*,*,#2138,.F.);
#2924=ORIENTED_EDGE('',*,*,#2256,.T.);
#2925=ORIENTED_EDGE('',*,*,#2257,.F.);
#2926=ORIENTED_EDGE('',*,*,#2258,.T.);
#2927=ORIENTED_EDGE('',*,*,#2139,.T.);
#2928=ORIENTED_EDGE('',*,*,#2258,.F.);
#2929=ORIENTED_EDGE('',*,*,#2259,.F.);
#2930=ORIENTED_EDGE('',*,*,#2260,.F.);
#2931=ORIENTED_EDGE('',*,*,#2140,.F.);
#2932=ORIENTED_EDGE('',*,*,#2260,.T.);
#2933=ORIENTED_EDGE('',*,*,#2261,.F.);
#2934=ORIENTED_EDGE('',*,*,#2262,.T.);
#2935=ORIENTED_EDGE('',*,*,#2141,.T.);
#2936=ORIENTED_EDGE('',*,*,#2262,.F.);
#2937=ORIENTED_EDGE('',*,*,#2263,.F.);
#2938=ORIENTED_EDGE('',*,*,#2264,.F.);
#2939=ORIENTED_EDGE('',*,*,#2142,.F.);
#2940=ORIENTED_EDGE('',*,*,#2264,.T.);
#2941=ORIENTED_EDGE('',*,*,#2265,.F.);
#2942=ORIENTED_EDGE('',*,*,#2266,.T.);
#2943=ORIENTED_EDGE('',*,*,#2143,.T.);
#2944=ORIENTED_EDGE('',*,*,#2266,.F.);
#2945=ORIENTED_EDGE('',*,*,#2267,.F.);
#2946=ORIENTED_EDGE('',*,*,#2268,.F.);
#2947=ORIENTED_EDGE('',*,*,#2144,.F.);
#2948=ORIENTED_EDGE('',*,*,#2268,.T.);
#2949=ORIENTED_EDGE('',*,*,#2269,.F.);
#2950=ORIENTED_EDGE('',*,*,#2270,.T.);
#2951=ORIENTED_EDGE('',*,*,#2145,.T.);
#2952=ORIENTED_EDGE('',*,*,#2270,.F.);
#2953=ORIENTED_EDGE('',*,*,#2271,.F.);
#2954=ORIENTED_EDGE('',*,*,#2272,.F.);
#2955=ORIENTED_EDGE('',*,*,#2146,.F.);
#2956=ORIENTED_EDGE('',*,*,#2272,.T.);
#2957=ORIENTED_EDGE('',*,*,#2273,.F.);
#2958=ORIENTED_EDGE('',*,*,#2274,.T.);
#2959=ORIENTED_EDGE('',*,*,#2147,.T.);
#2960=ORIENTED_EDGE('',*,*,#2274,.F.);
#2961=ORIENTED_EDGE('',*,*,#2275,.F.);
#2962=ORIENTED_EDGE('',*,*,#2276,.F.);
#2963=ORIENTED_EDGE('',*,*,#2148,.F.);
#2964=ORIENTED_EDGE('',*,*,#2276,.T.);
#2965=ORIENTED_EDGE('',*,*,#2277,.F.);
#2966=ORIENTED_EDGE('',*,*,#2278,.T.);
#2967=ORIENTED_EDGE('',*,*,#2149,.T.);
#2968=ORIENTED_EDGE('',*,*,#2278,.F.);
#2969=ORIENTED_EDGE('',*,*,#2279,.F.);
#2970=ORIENTED_EDGE('',*,*,#2280,.F.);
#2971=ORIENTED_EDGE('',*,*,#2150,.F.);
#2972=ORIENTED_EDGE('',*,*,#2280,.T.);
#2973=ORIENTED_EDGE('',*,*,#2281,.F.);
#2974=ORIENTED_EDGE('',*,*,#2282,.T.);
#2975=ORIENTED_EDGE('',*,*,#2151,.T.);
#2976=ORIENTED_EDGE('',*,*,#2282,.F.);
#2977=ORIENTED_EDGE('',*,*,#2283,.F.);
#2978=ORIENTED_EDGE('',*,*,#2284,.F.);
#2979=ORIENTED_EDGE('',*,*,#2152,.F.);
#2980=ORIENTED_EDGE('',*,*,#2284,.T.);
#2981=ORIENTED_EDGE('',*,*,#2285,.F.);
#2982=ORIENTED_EDGE('',*,*,#2286,.T.);
#2983=ORIENTED_EDGE('',*,*,#2153,.T.);
#2984=ORIENTED_EDGE('',*,*,#2286,.F.);
#2985=ORIENTED_EDGE('',*,*,#2287,.F.);
#2986=ORIENTED_EDGE('',*,*,#2288,.F.);
#2987=ORIENTED_EDGE('',*,*,#2154,.F.);
#2988=ORIENTED_EDGE('',*,*,#2288,.T.);
#2989=ORIENTED_EDGE('',*,*,#2289,.F.);
#2990=ORIENTED_EDGE('',*,*,#2290,.T.);
#2991=ORIENTED_EDGE('',*,*,#2155,.T.);
#2992=ORIENTED_EDGE('',*,*,#2290,.F.);
#2993=ORIENTED_EDGE('',*,*,#2291,.F.);
#2994=ORIENTED_EDGE('',*,*,#2292,.F.);
#2995=ORIENTED_EDGE('',*,*,#2156,.F.);
#2996=ORIENTED_EDGE('',*,*,#2292,.T.);
#2997=ORIENTED_EDGE('',*,*,#2293,.F.);
#2998=ORIENTED_EDGE('',*,*,#2294,.T.);
#2999=ORIENTED_EDGE('',*,*,#2157,.T.);
#3000=ORIENTED_EDGE('',*,*,#2294,.F.);
#3001=ORIENTED_EDGE('',*,*,#2295,.F.);
#3002=ORIENTED_EDGE('',*,*,#2296,.F.);
#3003=ORIENTED_EDGE('',*,*,#2158,.F.);
#3004=ORIENTED_EDGE('',*,*,#2296,.T.);
#3005=ORIENTED_EDGE('',*,*,#2297,.F.);
#3006=ORIENTED_EDGE('',*,*,#2298,.T.);
#3007=ORIENTED_EDGE('',*,*,#2159,.T.);
#3008=ORIENTED_EDGE('',*,*,#2298,.F.);
#3009=ORIENTED_EDGE('',*,*,#2299,.F.);
#3010=ORIENTED_EDGE('',*,*,#2300,.F.);
#3011=ORIENTED_EDGE('',*,*,#2160,.F.);
#3012=ORIENTED_EDGE('',*,*,#2300,.T.);
#3013=ORIENTED_EDGE('',*,*,#2301,.F.);
#3014=ORIENTED_EDGE('',*,*,#2302,.T.);
#3015=ORIENTED_EDGE('',*,*,#2161,.T.);
#3016=ORIENTED_EDGE('',*,*,#2302,.F.);
#3017=ORIENTED_EDGE('',*,*,#2303,.F.);
#3018=ORIENTED_EDGE('',*,*,#2304,.F.);
#3019=ORIENTED_EDGE('',*,*,#2162,.F.);
#3020=ORIENTED_EDGE('',*,*,#2304,.T.);
#3021=ORIENTED_EDGE('',*,*,#2305,.F.);
#3022=ORIENTED_EDGE('',*,*,#2306,.T.);
#3023=ORIENTED_EDGE('',*,*,#2163,.T.);
#3024=ORIENTED_EDGE('',*,*,#2306,.F.);
#3025=ORIENTED_EDGE('',*,*,#2307,.F.);
#3026=ORIENTED_EDGE('',*,*,#2308,.F.);
#3027=ORIENTED_EDGE('',*,*,#2164,.F.);
#3028=ORIENTED_EDGE('',*,*,#2308,.T.);
#3029=ORIENTED_EDGE('',*,*,#2309,.F.);
#3030=ORIENTED_EDGE('',*,*,#2310,.T.);
#3031=ORIENTED_EDGE('',*,*,#2165,.T.);
#3032=ORIENTED_EDGE('',*,*,#2310,.F.);
#3033=ORIENTED_EDGE('',*,*,#2311,.F.);
#3034=ORIENTED_EDGE('',*,*,#2312,.F.);
#3035=ORIENTED_EDGE('',*,*,#2166,.F.);
#3036=ORIENTED_EDGE('',*,*,#2312,.T.);
#3037=ORIENTED_EDGE('',*,*,#2313,.F.);
#3038=ORIENTED_EDGE('',*,*,#2314,.T.);
#3039=ORIENTED_EDGE('',*,*,#2167,.T.);
#3040=ORIENTED_EDGE('',*,*,#2314,.F.);
#3041=ORIENTED_EDGE('',*,*,#2315,.F.);
#3042=ORIENTED_EDGE('',*,*,#2316,.F.);
#3043=ORIENTED_EDGE('',*,*,#2168,.F.);
#3044=ORIENTED_EDGE('',*,*,#2316,.T.);
#3045=ORIENTED_EDGE('',*,*,#2317,.F.);
#3046=ORIENTED_EDGE('',*,*,#2318,.T.);
#3047=ORIENTED_EDGE('',*,*,#2169,.T.);
#3048=ORIENTED_EDGE('',*,*,#2318,.F.);
#3049=ORIENTED_EDGE('',*,*,#2319,.F.);
#3050=ORIENTED_EDGE('',*,*,#2320,.F.);
#3051=ORIENTED_EDGE('',*,*,#2170,.F.);
#3052=ORIENTED_EDGE('',*,*,#2320,.T.);
#3053=ORIENTED_EDGE('',*,*,#2321,.F.);
#3054=ORIENTED_EDGE('',*,*,#2322,.T.);
#3055=ORIENTED_EDGE('',*,*,#2171,.T.);
#3056=ORIENTED_EDGE('',*,*,#2322,.F.);
#3057=ORIENTED_EDGE('',*,*,#2323,.F.);
#3058=ORIENTED_EDGE('',*,*,#2324,.F.);
#3059=ORIENTED_EDGE('',*,*,#2172,.F.);
#3060=ORIENTED_EDGE('',*,*,#2324,.T.);
#3061=ORIENTED_EDGE('',*,*,#2325,.F.);
#3062=ORIENTED_EDGE('',*,*,#2326,.T.);
#3063=ORIENTED_EDGE('',*,*,#2173,.T.);
#3064=ORIENTED_EDGE('',*,*,#2326,.F.);
#3065=ORIENTED_EDGE('',*,*,#2327,.F.);
#3066=ORIENTED_EDGE('',*,*,#2328,.F.);
#3067=ORIENTED_EDGE('',*,*,#2174,.F.);
#3068=ORIENTED_EDGE('',*,*,#2328,.T.);
#3069=ORIENTED_EDGE('',*,*,#2329,.F.);
#3070=ORIENTED_EDGE('',*,*,#2330,.T.);
#3071=ORIENTED_EDGE('',*,*,#2175,.T.);
#3072=ORIENTED_EDGE('',*,*,#2330,.F.);
#3073=ORIENTED_EDGE('',*,*,#2331,.F.);
#3074=ORIENTED_EDGE('',*,*,#2332,.F.);
#3075=ORIENTED_EDGE('',*,*,#2176,.F.);
#3076=ORIENTED_EDGE('',*,*,#2332,.T.);
#3077=ORIENTED_EDGE('',*,*,#2333,.F.);
#3078=ORIENTED_EDGE('',*,*,#2334,.T.);
#3079=ORIENTED_EDGE('',*,*,#2177,.T.);
#3080=ORIENTED_EDGE('',*,*,#2334,.F.);
#3081=ORIENTED_EDGE('',*,*,#2335,.F.);
#3082=ORIENTED_EDGE('',*,*,#2336,.F.);
#3083=ORIENTED_EDGE('',*,*,#2178,.F.);
#3084=ORIENTED_EDGE('',*,*,#2336,.T.);
#3085=ORIENTED_EDGE('',*,*,#2337,.F.);
#3086=ORIENTED_EDGE('',*,*,#2338,.T.);
#3087=ORIENTED_EDGE('',*,*,#2179,.T.);
#3088=ORIENTED_EDGE('',*,*,#2338,.F.);
#3089=ORIENTED_EDGE('',*,*,#2339,.F.);
#3090=ORIENTED_EDGE('',*,*,#2340,.F.);
#3091=ORIENTED_EDGE('',*,*,#2180,.F.);
#3092=ORIENTED_EDGE('',*,*,#2340,.T.);
#3093=ORIENTED_EDGE('',*,*,#2341,.F.);
#3094=ORIENTED_EDGE('',*,*,#2342,.T.);
#3095=ORIENTED_EDGE('',*,*,#2181,.T.);
#3096=ORIENTED_EDGE('',*,*,#2342,.F.);
#3097=ORIENTED_EDGE('',*,*,#2343,.F.);
#3098=ORIENTED_EDGE('',*,*,#2344,.F.);
#3099=ORIENTED_EDGE('',*,*,#2182,.F.);
#3100=ORIENTED_EDGE('',*,*,#2344,.T.);
#3101=ORIENTED_EDGE('',*,*,#2345,.F.);
#3102=ORIENTED_EDGE('',*,*,#2346,.T.);
#3103=ORIENTED_EDGE('',*,*,#2183,.T.);
#3104=ORIENTED_EDGE('',*,*,#2346,.F.);
#3105=ORIENTED_EDGE('',*,*,#2347,.F.);
#3106=ORIENTED_EDGE('',*,*,#2348,.F.);
#3107=ORIENTED_EDGE('',*,*,#2184,.F.);
#3108=ORIENTED_EDGE('',*,*,#2348,.T.);
#3109=ORIENTED_EDGE('',*,*,#2349,.F.);
#3110=ORIENTED_EDGE('',*,*,#2350,.T.);
#3111=ORIENTED_EDGE('',*,*,#2185,.T.);
#3112=ORIENTED_EDGE('',*,*,#2350,.F.);
#3113=ORIENTED_EDGE('',*,*,#2351,.F.);
#3114=ORIENTED_EDGE('',*,*,#2352,.F.);
#3115=ORIENTED_EDGE('',*,*,#2186,.F.);
#3116=ORIENTED_EDGE('',*,*,#2352,.T.);
#3117=ORIENTED_EDGE('',*,*,#2353,.F.);
#3118=ORIENTED_EDGE('',*,*,#2354,.T.);
#3119=ORIENTED_EDGE('',*,*,#2187,.T.);
#3120=ORIENTED_EDGE('',*,*,#2354,.F.);
#3121=ORIENTED_EDGE('',*,*,#2355,.F.);
#3122=ORIENTED_EDGE('',*,*,#2356,.F.);
#3123=ORIENTED_EDGE('',*,*,#2188,.F.);
#3124=ORIENTED_EDGE('',*,*,#2356,.T.);
#3125=ORIENTED_EDGE('',*,*,#2357,.F.);
#3126=ORIENTED_EDGE('',*,*,#2358,.T.);
#3127=ORIENTED_EDGE('',*,*,#2189,.T.);
#3128=ORIENTED_EDGE('',*,*,#2358,.F.);
#3129=ORIENTED_EDGE('',*,*,#2359,.F.);
#3130=ORIENTED_EDGE('',*,*,#2360,.F.);
#3131=ORIENTED_EDGE('',*,*,#2190,.F.);
#3132=ORIENTED_EDGE('',*,*,#2360,.T.);
#3133=ORIENTED_EDGE('',*,*,#2361,.F.);
#3134=ORIENTED_EDGE('',*,*,#2362,.T.);
#3135=ORIENTED_EDGE('',*,*,#2191,.T.);
#3136=ORIENTED_EDGE('',*,*,#2362,.F.);
#3137=ORIENTED_EDGE('',*,*,#2363,.F.);
#3138=ORIENTED_EDGE('',*,*,#2364,.F.);
#3139=ORIENTED_EDGE('',*,*,#2192,.F.);
#3140=ORIENTED_EDGE('',*,*,#2364,.T.);
#3141=ORIENTED_EDGE('',*,*,#2365,.F.);
#3142=ORIENTED_EDGE('',*,*,#2366,.T.);
#3143=ORIENTED_EDGE('',*,*,#2193,.T.);
#3144=ORIENTED_EDGE('',*,*,#2366,.F.);
#3145=ORIENTED_EDGE('',*,*,#2367,.F.);
#3146=ORIENTED_EDGE('',*,*,#2368,.F.);
#3147=ORIENTED_EDGE('',*,*,#2194,.F.);
#3148=ORIENTED_EDGE('',*,*,#2368,.T.);
#3149=ORIENTED_EDGE('',*,*,#2369,.F.);
#3150=ORIENTED_EDGE('',*,*,#2370,.T.);
#3151=ORIENTED_EDGE('',*,*,#2195,.T.);
#3152=ORIENTED_EDGE('',*,*,#2370,.F.);
#3153=ORIENTED_EDGE('',*,*,#2371,.F.);
#3154=ORIENTED_EDGE('',*,*,#2372,.F.);
#3155=ORIENTED_EDGE('',*,*,#2196,.F.);
#3156=ORIENTED_EDGE('',*,*,#2372,.T.);
#3157=ORIENTED_EDGE('',*,*,#2373,.F.);
#3158=ORIENTED_EDGE('',*,*,#2374,.T.);
#3159=ORIENTED_EDGE('',*,*,#2197,.T.);
#3160=ORIENTED_EDGE('',*,*,#2374,.F.);
#3161=ORIENTED_EDGE('',*,*,#2375,.F.);
#3162=ORIENTED_EDGE('',*,*,#2376,.F.);
#3163=ORIENTED_EDGE('',*,*,#2198,.F.);
#3164=ORIENTED_EDGE('',*,*,#2376,.T.);
#3165=ORIENTED_EDGE('',*,*,#2377,.F.);
#3166=ORIENTED_EDGE('',*,*,#2378,.T.);
#3167=ORIENTED_EDGE('',*,*,#2199,.T.);
#3168=ORIENTED_EDGE('',*,*,#2378,.F.);
#3169=ORIENTED_EDGE('',*,*,#2379,.F.);
#3170=ORIENTED_EDGE('',*,*,#2380,.F.);
#3171=ORIENTED_EDGE('',*,*,#2200,.F.);
#3172=ORIENTED_EDGE('',*,*,#2380,.T.);
#3173=ORIENTED_EDGE('',*,*,#2381,.F.);
#3174=ORIENTED_EDGE('',*,*,#2382,.T.);
#3175=ORIENTED_EDGE('',*,*,#2201,.T.);
#3176=ORIENTED_EDGE('',*,*,#2382,.F.);
#3177=ORIENTED_EDGE('',*,*,#2383,.F.);
#3178=ORIENTED_EDGE('',*,*,#2384,.F.);
#3179=ORIENTED_EDGE('',*,*,#2202,.F.);
#3180=ORIENTED_EDGE('',*,*,#2384,.T.);
#3181=ORIENTED_EDGE('',*,*,#2385,.F.);
#3182=ORIENTED_EDGE('',*,*,#2386,.T.);
#3183=ORIENTED_EDGE('',*,*,#2203,.T.);
#3184=ORIENTED_EDGE('',*,*,#2386,.F.);
#3185=ORIENTED_EDGE('',*,*,#2387,.F.);
#3186=ORIENTED_EDGE('',*,*,#2388,.F.);
#3187=ORIENTED_EDGE('',*,*,#2204,.F.);
#3188=ORIENTED_EDGE('',*,*,#2388,.T.);
#3189=ORIENTED_EDGE('',*,*,#2389,.F.);
#3190=ORIENTED_EDGE('',*,*,#2390,.T.);
#3191=ORIENTED_EDGE('',*,*,#2205,.T.);
#3192=ORIENTED_EDGE('',*,*,#2390,.F.);
#3193=ORIENTED_EDGE('',*,*,#2391,.F.);
#3194=ORIENTED_EDGE('',*,*,#2392,.F.);
#3195=ORIENTED_EDGE('',*,*,#2206,.F.);
#3196=ORIENTED_EDGE('',*,*,#2392,.T.);
#3197=ORIENTED_EDGE('',*,*,#2393,.F.);
#3198=ORIENTED_EDGE('',*,*,#2394,.T.);
#3199=ORIENTED_EDGE('',*,*,#2207,.T.);
#3200=ORIENTED_EDGE('',*,*,#2394,.F.);
#3201=ORIENTED_EDGE('',*,*,#2395,.F.);
#3202=ORIENTED_EDGE('',*,*,#2396,.F.);
#3203=ORIENTED_EDGE('',*,*,#2208,.F.);
#3204=ORIENTED_EDGE('',*,*,#2396,.T.);
#3205=ORIENTED_EDGE('',*,*,#2397,.F.);
#3206=ORIENTED_EDGE('',*,*,#2398,.T.);
#3207=ORIENTED_EDGE('',*,*,#2209,.T.);
#3208=ORIENTED_EDGE('',*,*,#2398,.F.);
#3209=ORIENTED_EDGE('',*,*,#2399,.F.);
#3210=ORIENTED_EDGE('',*,*,#2400,.F.);
#3211=ORIENTED_EDGE('',*,*,#2210,.F.);
#3212=ORIENTED_EDGE('',*,*,#2400,.T.);
#3213=ORIENTED_EDGE('',*,*,#2401,.F.);
#3214=ORIENTED_EDGE('',*,*,#2402,.T.);
#3215=ORIENTED_EDGE('',*,*,#2211,.T.);
#3216=ORIENTED_EDGE('',*,*,#2402,.F.);
#3217=ORIENTED_EDGE('',*,*,#2403,.F.);
#3218=ORIENTED_EDGE('',*,*,#2404,.F.);
#3219=ORIENTED_EDGE('',*,*,#2212,.F.);
#3220=ORIENTED_EDGE('',*,*,#2404,.T.);
#3221=ORIENTED_EDGE('',*,*,#2405,.F.);
#3222=ORIENTED_EDGE('',*,*,#2406,.T.);
#3223=ORIENTED_EDGE('',*,*,#2213,.T.);
#3224=ORIENTED_EDGE('',*,*,#2406,.F.);
#3225=ORIENTED_EDGE('',*,*,#2407,.F.);
#3226=ORIENTED_EDGE('',*,*,#2408,.F.);
#3227=ORIENTED_EDGE('',*,*,#2214,.F.);
#3228=ORIENTED_EDGE('',*,*,#2408,.T.);
#3229=ORIENTED_EDGE('',*,*,#2409,.F.);
#3230=ORIENTED_EDGE('',*,*,#2410,.T.);
#3231=ORIENTED_EDGE('',*,*,#2215,.T.);
#3232=ORIENTED_EDGE('',*,*,#2411,.F.);
#3233=ORIENTED_EDGE('',*,*,#2216,.F.);
#3234=ORIENTED_EDGE('',*,*,#2410,.F.);
#3235=ORIENTED_EDGE('',*,*,#2412,.F.);
#3236=ORIENTED_EDGE('',*,*,#2413,.T.);
#3237=ORIENTED_EDGE('',*,*,#2414,.T.);
#3238=ORIENTED_EDGE('',*,*,#2415,.T.);
#3239=ORIENTED_EDGE('',*,*,#2412,.T.);
#3240=ORIENTED_EDGE('',*,*,#2409,.T.);
#3241=ORIENTED_EDGE('',*,*,#2407,.T.);
#3242=ORIENTED_EDGE('',*,*,#2405,.T.);
#3243=ORIENTED_EDGE('',*,*,#2403,.T.);
#3244=ORIENTED_EDGE('',*,*,#2401,.T.);
#3245=ORIENTED_EDGE('',*,*,#2399,.T.);
#3246=ORIENTED_EDGE('',*,*,#2397,.T.);
#3247=ORIENTED_EDGE('',*,*,#2395,.T.);
#3248=ORIENTED_EDGE('',*,*,#2393,.T.);
#3249=ORIENTED_EDGE('',*,*,#2391,.T.);
#3250=ORIENTED_EDGE('',*,*,#2389,.T.);
#3251=ORIENTED_EDGE('',*,*,#2387,.T.);
#3252=ORIENTED_EDGE('',*,*,#2385,.T.);
#3253=ORIENTED_EDGE('',*,*,#2383,.T.);
#3254=ORIENTED_EDGE('',*,*,#2381,.T.);
#3255=ORIENTED_EDGE('',*,*,#2379,.T.);
#3256=ORIENTED_EDGE('',*,*,#2377,.T.);
#3257=ORIENTED_EDGE('',*,*,#2375,.T.);
#3258=ORIENTED_EDGE('',*,*,#2373,.T.);
#3259=ORIENTED_EDGE('',*,*,#2371,.T.);
#3260=ORIENTED_EDGE('',*,*,#2369,.T.);
#3261=ORIENTED_EDGE('',*,*,#2367,.T.);
#3262=ORIENTED_EDGE('',*,*,#2365,.T.);
#3263=ORIENTED_EDGE('',*,*,#2363,.T.);
#3264=ORIENTED_EDGE('',*,*,#2361,.T.);
#3265=ORIENTED_EDGE('',*,*,#2359,.T.);
#3266=ORIENTED_EDGE('',*,*,#2357,.T.);
#3267=ORIENTED_EDGE('',*,*,#2355,.T.);
#3268=ORIENTED_EDGE('',*,*,#2353,.T.);
#3269=ORIENTED_EDGE('',*,*,#2351,.T.);
#3270=ORIENTED_EDGE('',*,*,#2349,.T.);
#3271=ORIENTED_EDGE('',*,*,#2347,.T.);
#3272=ORIENTED_EDGE('',*,*,#2345,.T.);
#3273=ORIENTED_EDGE('',*,*,#2343,.T.);
#3274=ORIENTED_EDGE('',*,*,#2341,.T.);
#3275=ORIENTED_EDGE('',*,*,#2339,.T.);
#3276=ORIENTED_EDGE('',*,*,#2337,.T.);
#3277=ORIENTED_EDGE('',*,*,#2335,.T.);
#3278=ORIENTED_EDGE('',*,*,#2333,.T.);
#3279=ORIENTED_EDGE('',*,*,#2331,.T.);
#3280=ORIENTED_EDGE('',*,*,#2329,.T.);
#3281=ORIENTED_EDGE('',*,*,#2327,.T.);
#3282=ORIENTED_EDGE('',*,*,#2325,.T.);
#3283=ORIENTED_EDGE('',*,*,#2323,.T.);
#3284=ORIENTED_EDGE('',*,*,#2321,.T.);
#3285=ORIENTED_EDGE('',*,*,#2319,.T.);
#3286=ORIENTED_EDGE('',*,*,#2317,.T.);
#3287=ORIENTED_EDGE('',*,*,#2315,.T.);
#3288=ORIENTED_EDGE('',*,*,#2313,.T.);
#3289=ORIENTED_EDGE('',*,*,#2311,.T.);
#3290=ORIENTED_EDGE('',*,*,#2309,.T.);
#3291=ORIENTED_EDGE('',*,*,#2307,.T.);
#3292=ORIENTED_EDGE('',*,*,#2305,.T.);
#3293=ORIENTED_EDGE('',*,*,#2303,.T.);
#3294=ORIENTED_EDGE('',*,*,#2301,.T.);
#3295=ORIENTED_EDGE('',*,*,#2299,.T.);
#3296=ORIENTED_EDGE('',*,*,#2297,.T.);
#3297=ORIENTED_EDGE('',*,*,#2295,.T.);
#3298=ORIENTED_EDGE('',*,*,#2293,.T.);
#3299=ORIENTED_EDGE('',*,*,#2291,.T.);
#3300=ORIENTED_EDGE('',*,*,#2289,.T.);
#3301=ORIENTED_EDGE('',*,*,#2287,.T.);
#3302=ORIENTED_EDGE('',*,*,#2285,.T.);
#3303=ORIENTED_EDGE('',*,*,#2283,.T.);
#3304=ORIENTED_EDGE('',*,*,#2281,.T.);
#3305=ORIENTED_EDGE('',*,*,#2279,.T.);
#3306=ORIENTED_EDGE('',*,*,#2277,.T.);
#3307=ORIENTED_EDGE('',*,*,#2275,.T.);
#3308=ORIENTED_EDGE('',*,*,#2273,.T.);
#3309=ORIENTED_EDGE('',*,*,#2271,.T.);
#3310=ORIENTED_EDGE('',*,*,#2269,.T.);
#3311=ORIENTED_EDGE('',*,*,#2267,.T.);
#3312=ORIENTED_EDGE('',*,*,#2265,.T.);
#3313=ORIENTED_EDGE('',*,*,#2263,.T.);
#3314=ORIENTED_EDGE('',*,*,#2261,.T.);
#3315=ORIENTED_EDGE('',*,*,#2259,.T.);
#3316=ORIENTED_EDGE('',*,*,#2257,.T.);
#3317=ORIENTED_EDGE('',*,*,#2255,.T.);
#3318=ORIENTED_EDGE('',*,*,#2253,.T.);
#3319=ORIENTED_EDGE('',*,*,#2251,.T.);
#3320=ORIENTED_EDGE('',*,*,#2249,.T.);
#3321=ORIENTED_EDGE('',*,*,#2247,.T.);
#3322=ORIENTED_EDGE('',*,*,#2245,.T.);
#3323=ORIENTED_EDGE('',*,*,#2243,.T.);
#3324=ORIENTED_EDGE('',*,*,#2241,.T.);
#3325=ORIENTED_EDGE('',*,*,#2239,.T.);
#3326=ORIENTED_EDGE('',*,*,#2237,.T.);
#3327=ORIENTED_EDGE('',*,*,#2235,.T.);
#3328=ORIENTED_EDGE('',*,*,#2233,.T.);
#3329=ORIENTED_EDGE('',*,*,#2231,.T.);
#3330=ORIENTED_EDGE('',*,*,#2229,.T.);
#3331=ORIENTED_EDGE('',*,*,#2227,.T.);
#3332=ORIENTED_EDGE('',*,*,#2225,.T.);
#3333=ORIENTED_EDGE('',*,*,#2223,.T.);
#3334=ORIENTED_EDGE('',*,*,#2221,.T.);
#3335=ORIENTED_EDGE('',*,*,#2118,.T.);
#3336=ORIENTED_EDGE('',*,*,#2416,.T.);
#3337=ORIENTED_EDGE('',*,*,#2417,.T.);
#3338=ORIENTED_EDGE('',*,*,#2418,.T.);
#3339=ORIENTED_EDGE('',*,*,#2419,.T.);
#3340=ORIENTED_EDGE('',*,*,#2420,.T.);
#3341=ORIENTED_EDGE('',*,*,#2421,.T.);
#3342=ORIENTED_EDGE('',*,*,#2117,.T.);
#3343=ORIENTED_EDGE('',*,*,#2219,.T.);
#3344=ORIENTED_EDGE('',*,*,#2422,.T.);
#3345=ORIENTED_EDGE('',*,*,#2413,.F.);
#3346=ORIENTED_EDGE('',*,*,#2422,.F.);
#3347=ORIENTED_EDGE('',*,*,#2218,.F.);
#3348=ORIENTED_EDGE('',*,*,#2423,.F.);
#3349=ORIENTED_EDGE('',*,*,#2414,.F.);
#3350=ORIENTED_EDGE('',*,*,#2416,.F.);
#3351=ORIENTED_EDGE('',*,*,#2424,.T.);
#3352=ORIENTED_EDGE('',*,*,#2425,.T.);
#3353=ORIENTED_EDGE('',*,*,#2426,.F.);
#3354=ORIENTED_EDGE('',*,*,#2421,.F.);
#3355=ORIENTED_EDGE('',*,*,#2427,.T.);
#3356=ORIENTED_EDGE('',*,*,#2428,.T.);
#3357=ORIENTED_EDGE('',*,*,#2424,.F.);
#3358=ORIENTED_EDGE('',*,*,#2420,.F.);
#3359=ORIENTED_EDGE('',*,*,#2429,.T.);
#3360=ORIENTED_EDGE('',*,*,#2430,.T.);
#3361=ORIENTED_EDGE('',*,*,#2427,.F.);
#3362=ORIENTED_EDGE('',*,*,#2419,.F.);
#3363=ORIENTED_EDGE('',*,*,#2431,.T.);
#3364=ORIENTED_EDGE('',*,*,#2432,.T.);
#3365=ORIENTED_EDGE('',*,*,#2429,.F.);
#3366=ORIENTED_EDGE('',*,*,#2418,.F.);
#3367=ORIENTED_EDGE('',*,*,#2433,.T.);
#3368=ORIENTED_EDGE('',*,*,#2434,.T.);
#3369=ORIENTED_EDGE('',*,*,#2431,.F.);
#3370=ORIENTED_EDGE('',*,*,#2417,.F.);
#3371=ORIENTED_EDGE('',*,*,#2426,.T.);
#3372=ORIENTED_EDGE('',*,*,#2435,.T.);
#3373=ORIENTED_EDGE('',*,*,#2433,.F.);
#3374=ORIENTED_EDGE('',*,*,#2435,.F.);
#3375=ORIENTED_EDGE('',*,*,#2425,.F.);
#3376=ORIENTED_EDGE('',*,*,#2428,.F.);
#3377=ORIENTED_EDGE('',*,*,#2430,.F.);
#3378=ORIENTED_EDGE('',*,*,#2432,.F.);
#3379=ORIENTED_EDGE('',*,*,#2434,.F.);
#3380=ORIENTED_EDGE('',*,*,#2436,.F.);
#3381=ORIENTED_EDGE('',*,*,#2436,.T.);
#3382=ORIENTED_EDGE('',*,*,#2437,.T.);
#3383=ORIENTED_EDGE('',*,*,#2116,.F.);
#3384=ORIENTED_EDGE('',*,*,#2437,.F.);
#3385=ORIENTED_EDGE('',*,*,#2411,.T.);
#3386=ORIENTED_EDGE('',*,*,#2415,.F.);
#3387=ORIENTED_EDGE('',*,*,#2423,.T.);
#3388=ORIENTED_EDGE('',*,*,#2217,.T.);
#3389=ORIENTED_EDGE('',*,*,#2438,.F.);
#3390=ORIENTED_EDGE('',*,*,#2439,.T.);
#3391=ORIENTED_EDGE('',*,*,#2440,.F.);
#3392=ORIENTED_EDGE('',*,*,#2441,.F.);
#3393=ORIENTED_EDGE('',*,*,#2442,.T.);
#3394=ORIENTED_EDGE('',*,*,#2443,.F.);
#3395=ORIENTED_EDGE('',*,*,#2442,.F.);
#3396=ORIENTED_EDGE('',*,*,#2444,.F.);
#3397=ORIENTED_EDGE('',*,*,#2439,.F.);
#3398=ORIENTED_EDGE('',*,*,#2220,.F.);
#3399=ORIENTED_EDGE('',*,*,#2445,.T.);
#3400=ORIENTED_EDGE('',*,*,#2446,.F.);
#3401=ORIENTED_EDGE('',*,*,#2445,.F.);
#3402=ORIENTED_EDGE('',*,*,#2443,.T.);
#3403=ORIENTED_EDGE('',*,*,#2438,.T.);
#3404=ORIENTED_EDGE('',*,*,#2447,.F.);
#3405=ORIENTED_EDGE('',*,*,#2448,.F.);
#3406=ORIENTED_EDGE('',*,*,#2449,.F.);
#3407=ORIENTED_EDGE('',*,*,#2450,.F.);
#3408=ORIENTED_EDGE('',*,*,#2451,.F.);
#3409=ORIENTED_EDGE('',*,*,#2452,.F.);
#3410=ORIENTED_EDGE('',*,*,#2449,.T.);
#3411=ORIENTED_EDGE('',*,*,#2453,.F.);
#3412=ORIENTED_EDGE('',*,*,#2453,.T.);
#3413=ORIENTED_EDGE('',*,*,#2448,.T.);
#3414=ORIENTED_EDGE('',*,*,#2454,.T.);
#3415=ORIENTED_EDGE('',*,*,#2455,.T.);
#3416=ORIENTED_EDGE('',*,*,#2456,.T.);
#3417=ORIENTED_EDGE('',*,*,#2457,.T.);
#3418=ORIENTED_EDGE('',*,*,#2458,.T.);
#3419=ORIENTED_EDGE('',*,*,#2459,.T.);
#3420=ORIENTED_EDGE('',*,*,#2460,.T.);
#3421=ORIENTED_EDGE('',*,*,#2461,.T.);
#3422=ORIENTED_EDGE('',*,*,#2462,.T.);
#3423=ORIENTED_EDGE('',*,*,#2463,.T.);
#3424=ORIENTED_EDGE('',*,*,#2464,.T.);
#3425=ORIENTED_EDGE('',*,*,#2465,.T.);
#3426=ORIENTED_EDGE('',*,*,#2466,.T.);
#3427=ORIENTED_EDGE('',*,*,#2467,.T.);
#3428=ORIENTED_EDGE('',*,*,#2468,.T.);
#3429=ORIENTED_EDGE('',*,*,#2469,.T.);
#3430=ORIENTED_EDGE('',*,*,#2470,.T.);
#3431=ORIENTED_EDGE('',*,*,#2471,.T.);
#3432=ORIENTED_EDGE('',*,*,#2472,.T.);
#3433=ORIENTED_EDGE('',*,*,#2473,.T.);
#3434=ORIENTED_EDGE('',*,*,#2474,.T.);
#3435=ORIENTED_EDGE('',*,*,#2475,.T.);
#3436=ORIENTED_EDGE('',*,*,#2476,.F.);
#3437=ORIENTED_EDGE('',*,*,#2477,.F.);
#3438=ORIENTED_EDGE('',*,*,#2455,.F.);
#3439=ORIENTED_EDGE('',*,*,#2478,.F.);
#3440=ORIENTED_EDGE('',*,*,#2479,.F.);
#3441=ORIENTED_EDGE('',*,*,#2447,.T.);
#3442=ORIENTED_EDGE('',*,*,#2480,.F.);
#3443=ORIENTED_EDGE('',*,*,#2478,.T.);
#3444=ORIENTED_EDGE('',*,*,#2454,.F.);
#3445=ORIENTED_EDGE('',*,*,#2452,.T.);
#3446=ORIENTED_EDGE('',*,*,#2481,.T.);
#3447=ORIENTED_EDGE('',*,*,#2482,.T.);
#3448=ORIENTED_EDGE('',*,*,#2483,.T.);
#3449=ORIENTED_EDGE('',*,*,#2484,.T.);
#3450=ORIENTED_EDGE('',*,*,#2485,.T.);
#3451=ORIENTED_EDGE('',*,*,#2486,.T.);
#3452=ORIENTED_EDGE('',*,*,#2487,.T.);
#3453=ORIENTED_EDGE('',*,*,#2488,.T.);
#3454=ORIENTED_EDGE('',*,*,#2489,.T.);
#3455=ORIENTED_EDGE('',*,*,#2490,.T.);
#3456=ORIENTED_EDGE('',*,*,#2491,.T.);
#3457=ORIENTED_EDGE('',*,*,#2492,.T.);
#3458=ORIENTED_EDGE('',*,*,#2493,.T.);
#3459=ORIENTED_EDGE('',*,*,#2494,.T.);
#3460=ORIENTED_EDGE('',*,*,#2495,.T.);
#3461=ORIENTED_EDGE('',*,*,#2496,.T.);
#3462=ORIENTED_EDGE('',*,*,#2497,.T.);
#3463=ORIENTED_EDGE('',*,*,#2498,.T.);
#3464=ORIENTED_EDGE('',*,*,#2499,.T.);
#3465=ORIENTED_EDGE('',*,*,#2500,.T.);
#3466=ORIENTED_EDGE('',*,*,#2479,.T.);
#3467=ORIENTED_EDGE('',*,*,#2480,.T.);
#3468=ORIENTED_EDGE('',*,*,#2450,.T.);
#3469=ORIENTED_EDGE('',*,*,#2446,.T.);
#3470=ORIENTED_EDGE('',*,*,#2501,.F.);
#3471=ORIENTED_EDGE('',*,*,#2457,.F.);
#3472=ORIENTED_EDGE('',*,*,#2502,.F.);
#3473=ORIENTED_EDGE('',*,*,#2499,.F.);
#3474=ORIENTED_EDGE('',*,*,#2477,.T.);
#3475=ORIENTED_EDGE('',*,*,#2500,.F.);
#3476=ORIENTED_EDGE('',*,*,#2502,.T.);
#3477=ORIENTED_EDGE('',*,*,#2456,.F.);
#3478=ORIENTED_EDGE('',*,*,#2503,.F.);
#3479=ORIENTED_EDGE('',*,*,#2459,.F.);
#3480=ORIENTED_EDGE('',*,*,#2504,.F.);
#3481=ORIENTED_EDGE('',*,*,#2497,.F.);
#3482=ORIENTED_EDGE('',*,*,#2501,.T.);
#3483=ORIENTED_EDGE('',*,*,#2498,.F.);
#3484=ORIENTED_EDGE('',*,*,#2504,.T.);
#3485=ORIENTED_EDGE('',*,*,#2458,.F.);
#3486=ORIENTED_EDGE('',*,*,#2505,.F.);
#3487=ORIENTED_EDGE('',*,*,#2461,.F.);
#3488=ORIENTED_EDGE('',*,*,#2506,.F.);
#3489=ORIENTED_EDGE('',*,*,#2495,.F.);
#3490=ORIENTED_EDGE('',*,*,#2503,.T.);
#3491=ORIENTED_EDGE('',*,*,#2496,.F.);
#3492=ORIENTED_EDGE('',*,*,#2506,.T.);
#3493=ORIENTED_EDGE('',*,*,#2460,.F.);
#3494=ORIENTED_EDGE('',*,*,#2507,.F.);
#3495=ORIENTED_EDGE('',*,*,#2463,.F.);
#3496=ORIENTED_EDGE('',*,*,#2508,.F.);
#3497=ORIENTED_EDGE('',*,*,#2493,.F.);
#3498=ORIENTED_EDGE('',*,*,#2505,.T.);
#3499=ORIENTED_EDGE('',*,*,#2494,.F.);
#3500=ORIENTED_EDGE('',*,*,#2508,.T.);
#3501=ORIENTED_EDGE('',*,*,#2462,.F.);
#3502=ORIENTED_EDGE('',*,*,#2509,.F.);
#3503=ORIENTED_EDGE('',*,*,#2465,.F.);
#3504=ORIENTED_EDGE('',*,*,#2510,.F.);
#3505=ORIENTED_EDGE('',*,*,#2491,.F.);
#3506=ORIENTED_EDGE('',*,*,#2507,.T.);
#3507=ORIENTED_EDGE('',*,*,#2492,.F.);
#3508=ORIENTED_EDGE('',*,*,#2510,.T.);
#3509=ORIENTED_EDGE('',*,*,#2464,.F.);
#3510=ORIENTED_EDGE('',*,*,#2511,.F.);
#3511=ORIENTED_EDGE('',*,*,#2467,.F.);
#3512=ORIENTED_EDGE('',*,*,#2512,.F.);
#3513=ORIENTED_EDGE('',*,*,#2489,.F.);
#3514=ORIENTED_EDGE('',*,*,#2509,.T.);
#3515=ORIENTED_EDGE('',*,*,#2490,.F.);
#3516=ORIENTED_EDGE('',*,*,#2512,.T.);
#3517=ORIENTED_EDGE('',*,*,#2466,.F.);
#3518=ORIENTED_EDGE('',*,*,#2513,.F.);
#3519=ORIENTED_EDGE('',*,*,#2469,.F.);
#3520=ORIENTED_EDGE('',*,*,#2514,.F.);
#3521=ORIENTED_EDGE('',*,*,#2487,.F.);
#3522=ORIENTED_EDGE('',*,*,#2511,.T.);
#3523=ORIENTED_EDGE('',*,*,#2488,.F.);
#3524=ORIENTED_EDGE('',*,*,#2514,.T.);
#3525=ORIENTED_EDGE('',*,*,#2468,.F.);
#3526=ORIENTED_EDGE('',*,*,#2515,.F.);
#3527=ORIENTED_EDGE('',*,*,#2471,.F.);
#3528=ORIENTED_EDGE('',*,*,#2516,.F.);
#3529=ORIENTED_EDGE('',*,*,#2485,.F.);
#3530=ORIENTED_EDGE('',*,*,#2513,.T.);
#3531=ORIENTED_EDGE('',*,*,#2486,.F.);
#3532=ORIENTED_EDGE('',*,*,#2516,.T.);
#3533=ORIENTED_EDGE('',*,*,#2470,.F.);
#3534=ORIENTED_EDGE('',*,*,#2517,.F.);
#3535=ORIENTED_EDGE('',*,*,#2473,.F.);
#3536=ORIENTED_EDGE('',*,*,#2518,.F.);
#3537=ORIENTED_EDGE('',*,*,#2483,.F.);
#3538=ORIENTED_EDGE('',*,*,#2515,.T.);
#3539=ORIENTED_EDGE('',*,*,#2484,.F.);
#3540=ORIENTED_EDGE('',*,*,#2518,.T.);
#3541=ORIENTED_EDGE('',*,*,#2472,.F.);
#3542=ORIENTED_EDGE('',*,*,#2451,.T.);
#3543=ORIENTED_EDGE('',*,*,#2475,.F.);
#3544=ORIENTED_EDGE('',*,*,#2519,.F.);
#3545=ORIENTED_EDGE('',*,*,#2481,.F.);
#3546=ORIENTED_EDGE('',*,*,#2517,.T.);
#3547=ORIENTED_EDGE('',*,*,#2482,.F.);
#3548=ORIENTED_EDGE('',*,*,#2519,.T.);
#3549=ORIENTED_EDGE('',*,*,#2474,.F.);
#3550=ORIENTED_EDGE('',*,*,#2115,.F.);
#3551=ORIENTED_EDGE('',*,*,#2520,.T.);
#3552=ORIENTED_EDGE('',*,*,#2476,.T.);
#3553=ORIENTED_EDGE('',*,*,#2520,.F.);
#3554=ORIENTED_EDGE('',*,*,#2440,.T.);
#3555=ORIENTED_EDGE('',*,*,#2444,.T.);
#3556=ORIENTED_EDGE('',*,*,#2441,.T.);
#3557=ORIENTED_EDGE('',*,*,#2521,.T.);
#3558=ORIENTED_EDGE('',*,*,#2522,.T.);
#3559=ORIENTED_EDGE('',*,*,#2523,.T.);
#3560=ORIENTED_EDGE('',*,*,#2524,.T.);
#3561=ORIENTED_EDGE('',*,*,#2523,.F.);
#3562=ORIENTED_EDGE('',*,*,#2525,.T.);
#3563=ORIENTED_EDGE('',*,*,#2526,.F.);
#3564=ORIENTED_EDGE('',*,*,#2527,.F.);
#3565=ORIENTED_EDGE('',*,*,#2528,.F.);
#3566=ORIENTED_EDGE('',*,*,#2529,.F.);
#3567=ORIENTED_EDGE('',*,*,#2530,.F.);
#3568=ORIENTED_EDGE('',*,*,#2531,.T.);
#3569=ORIENTED_EDGE('',*,*,#2532,.F.);
#3570=ORIENTED_EDGE('',*,*,#2533,.F.);
#3571=ORIENTED_EDGE('',*,*,#2534,.F.);
#3572=ORIENTED_EDGE('',*,*,#2535,.T.);
#3573=ORIENTED_EDGE('',*,*,#2536,.F.);
#3574=ORIENTED_EDGE('',*,*,#2522,.F.);
#3575=ORIENTED_EDGE('',*,*,#2537,.F.);
#3576=ORIENTED_EDGE('',*,*,#2538,.F.);
#3577=ORIENTED_EDGE('',*,*,#2525,.F.);
#3578=ORIENTED_EDGE('',*,*,#2539,.T.);
#3579=ORIENTED_EDGE('',*,*,#2540,.T.);
#3580=ORIENTED_EDGE('',*,*,#2526,.T.);
#3581=ORIENTED_EDGE('',*,*,#2538,.T.);
#3582=ORIENTED_EDGE('',*,*,#2541,.T.);
#3583=ORIENTED_EDGE('',*,*,#2542,.T.);
#3584=ORIENTED_EDGE('',*,*,#2530,.T.);
#3585=ORIENTED_EDGE('',*,*,#2543,.T.);
#3586=ORIENTED_EDGE('',*,*,#2543,.F.);
#3587=ORIENTED_EDGE('',*,*,#2529,.T.);
#3588=ORIENTED_EDGE('',*,*,#2544,.F.);
#3589=ORIENTED_EDGE('',*,*,#2545,.F.);
#3590=ORIENTED_EDGE('',*,*,#2546,.T.);
#3591=ORIENTED_EDGE('',*,*,#2544,.T.);
#3592=ORIENTED_EDGE('',*,*,#2528,.T.);
#3593=ORIENTED_EDGE('',*,*,#2547,.T.);
#3594=ORIENTED_EDGE('',*,*,#2548,.F.);
#3595=ORIENTED_EDGE('',*,*,#2549,.F.);
#3596=ORIENTED_EDGE('',*,*,#2550,.F.);
#3597=ORIENTED_EDGE('',*,*,#2551,.T.);
#3598=ORIENTED_EDGE('',*,*,#2552,.T.);
#3599=ORIENTED_EDGE('',*,*,#2548,.T.);
#3600=ORIENTED_EDGE('',*,*,#2553,.T.);
#3601=ORIENTED_EDGE('',*,*,#2554,.T.);
#3602=ORIENTED_EDGE('',*,*,#2555,.T.);
#3603=ORIENTED_EDGE('',*,*,#2556,.F.);
#3604=ORIENTED_EDGE('',*,*,#2557,.T.);
#3605=ORIENTED_EDGE('',*,*,#2552,.F.);
#3606=ORIENTED_EDGE('',*,*,#2557,.F.);
#3607=ORIENTED_EDGE('',*,*,#2554,.F.);
#3608=ORIENTED_EDGE('',*,*,#2558,.F.);
#3609=ORIENTED_EDGE('',*,*,#2559,.F.);
#3610=ORIENTED_EDGE('',*,*,#2560,.T.);
#3611=ORIENTED_EDGE('',*,*,#2556,.T.);
#3612=ORIENTED_EDGE('',*,*,#2553,.F.);
#3613=ORIENTED_EDGE('',*,*,#2551,.F.);
#3614=ORIENTED_EDGE('',*,*,#2561,.F.);
#3615=ORIENTED_EDGE('',*,*,#2558,.T.);
#3616=ORIENTED_EDGE('',*,*,#2555,.F.);
#3617=ORIENTED_EDGE('',*,*,#2560,.F.);
#3618=ORIENTED_EDGE('',*,*,#2562,.F.);
#3619=ORIENTED_EDGE('',*,*,#2549,.T.);
#3620=ORIENTED_EDGE('',*,*,#2563,.F.);
#3621=ORIENTED_EDGE('',*,*,#2564,.T.);
#3622=ORIENTED_EDGE('',*,*,#2536,.T.);
#3623=ORIENTED_EDGE('',*,*,#2564,.F.);
#3624=ORIENTED_EDGE('',*,*,#2534,.T.);
#3625=ORIENTED_EDGE('',*,*,#2565,.T.);
#3626=ORIENTED_EDGE('',*,*,#2566,.F.);
#3627=ORIENTED_EDGE('',*,*,#2567,.F.);
#3628=ORIENTED_EDGE('',*,*,#2524,.F.);
#3629=ORIENTED_EDGE('',*,*,#2535,.F.);
#3630=ORIENTED_EDGE('',*,*,#2567,.T.);
#3631=ORIENTED_EDGE('',*,*,#2568,.F.);
#3632=ORIENTED_EDGE('',*,*,#2540,.F.);
#3633=ORIENTED_EDGE('',*,*,#2569,.F.);
#3634=ORIENTED_EDGE('',*,*,#2547,.F.);
#3635=ORIENTED_EDGE('',*,*,#2527,.T.);
#3636=ORIENTED_EDGE('',*,*,#2542,.F.);
#3637=ORIENTED_EDGE('',*,*,#2570,.F.);
#3638=ORIENTED_EDGE('',*,*,#2571,.F.);
#3639=ORIENTED_EDGE('',*,*,#2531,.F.);
#3640=ORIENTED_EDGE('',*,*,#2532,.T.);
#3641=ORIENTED_EDGE('',*,*,#2571,.T.);
#3642=ORIENTED_EDGE('',*,*,#2572,.F.);
#3643=ORIENTED_EDGE('',*,*,#2573,.F.);
#3644=ORIENTED_EDGE('',*,*,#2533,.T.);
#3645=ORIENTED_EDGE('',*,*,#2573,.T.);
#3646=ORIENTED_EDGE('',*,*,#2574,.F.);
#3647=ORIENTED_EDGE('',*,*,#2565,.F.);
#3648=ORIENTED_EDGE('',*,*,#2521,.F.);
#3649=ORIENTED_EDGE('',*,*,#2568,.T.);
#3650=ORIENTED_EDGE('',*,*,#2566,.T.);
#3651=ORIENTED_EDGE('',*,*,#2574,.T.);
#3652=ORIENTED_EDGE('',*,*,#2572,.T.);
#3653=ORIENTED_EDGE('',*,*,#2570,.T.);
#3654=ORIENTED_EDGE('',*,*,#2541,.F.);
#3655=ORIENTED_EDGE('',*,*,#2545,.T.);
#3656=ORIENTED_EDGE('',*,*,#2546,.F.);
#3657=ORIENTED_EDGE('',*,*,#2569,.T.);
#3658=ORIENTED_EDGE('',*,*,#2539,.F.);
#3659=ORIENTED_EDGE('',*,*,#2537,.T.);
#3660=ORIENTED_EDGE('',*,*,#2559,.T.);
#3661=ORIENTED_EDGE('',*,*,#2561,.T.);
#3662=ORIENTED_EDGE('',*,*,#2550,.T.);
#3663=ORIENTED_EDGE('',*,*,#2562,.T.);
#3664=ORIENTED_EDGE('',*,*,#2563,.T.);
#3665=ORIENTED_EDGE('',*,*,#2575,.T.);
#3666=ORIENTED_EDGE('',*,*,#2576,.T.);
#3667=ORIENTED_EDGE('',*,*,#2577,.T.);
#3668=ORIENTED_EDGE('',*,*,#2578,.T.);
#3669=ORIENTED_EDGE('',*,*,#2577,.F.);
#3670=ORIENTED_EDGE('',*,*,#2579,.F.);
#3671=ORIENTED_EDGE('',*,*,#2580,.F.);
#3672=ORIENTED_EDGE('',*,*,#2581,.F.);
#3673=ORIENTED_EDGE('',*,*,#2582,.F.);
#3674=ORIENTED_EDGE('',*,*,#2583,.T.);
#3675=ORIENTED_EDGE('',*,*,#2584,.T.);
#3676=ORIENTED_EDGE('',*,*,#2576,.F.);
#3677=ORIENTED_EDGE('',*,*,#2585,.T.);
#3678=ORIENTED_EDGE('',*,*,#2586,.F.);
#3679=ORIENTED_EDGE('',*,*,#2579,.T.);
#3680=ORIENTED_EDGE('',*,*,#2580,.T.);
#3681=ORIENTED_EDGE('',*,*,#2586,.T.);
#3682=ORIENTED_EDGE('',*,*,#2587,.T.);
#3683=ORIENTED_EDGE('',*,*,#2588,.T.);
#3684=ORIENTED_EDGE('',*,*,#2589,.F.);
#3685=ORIENTED_EDGE('',*,*,#2590,.F.);
#3686=ORIENTED_EDGE('',*,*,#2591,.T.);
#3687=ORIENTED_EDGE('',*,*,#2592,.F.);
#3688=ORIENTED_EDGE('',*,*,#2591,.F.);
#3689=ORIENTED_EDGE('',*,*,#2593,.F.);
#3690=ORIENTED_EDGE('',*,*,#2594,.F.);
#3691=ORIENTED_EDGE('',*,*,#2595,.F.);
#3692=ORIENTED_EDGE('',*,*,#2594,.T.);
#3693=ORIENTED_EDGE('',*,*,#2596,.F.);
#3694=ORIENTED_EDGE('',*,*,#2589,.T.);
#3695=ORIENTED_EDGE('',*,*,#2592,.T.);
#3696=ORIENTED_EDGE('',*,*,#2595,.T.);
#3697=ORIENTED_EDGE('',*,*,#2597,.T.);
#3698=ORIENTED_EDGE('',*,*,#2598,.T.);
#3699=ORIENTED_EDGE('',*,*,#2599,.T.);
#3700=ORIENTED_EDGE('',*,*,#2600,.T.);
#3701=ORIENTED_EDGE('',*,*,#2601,.T.);
#3702=ORIENTED_EDGE('',*,*,#2602,.T.);
#3703=ORIENTED_EDGE('',*,*,#2603,.T.);
#3704=ORIENTED_EDGE('',*,*,#2582,.T.);
#3705=ORIENTED_EDGE('',*,*,#2604,.T.);
#3706=ORIENTED_EDGE('',*,*,#2605,.T.);
#3707=ORIENTED_EDGE('',*,*,#2606,.T.);
#3708=ORIENTED_EDGE('',*,*,#2596,.T.);
#3709=ORIENTED_EDGE('',*,*,#2607,.F.);
#3710=ORIENTED_EDGE('',*,*,#2608,.F.);
#3711=ORIENTED_EDGE('',*,*,#2597,.F.);
#3712=ORIENTED_EDGE('',*,*,#2609,.T.);
#3713=ORIENTED_EDGE('',*,*,#2610,.T.);
#3714=ORIENTED_EDGE('',*,*,#2611,.T.);
#3715=ORIENTED_EDGE('',*,*,#2612,.T.);
#3716=ORIENTED_EDGE('',*,*,#2613,.T.);
#3717=ORIENTED_EDGE('',*,*,#2614,.T.);
#3718=ORIENTED_EDGE('',*,*,#2607,.T.);
#3719=ORIENTED_EDGE('',*,*,#2593,.T.);
#3720=ORIENTED_EDGE('',*,*,#2615,.T.);
#3721=ORIENTED_EDGE('',*,*,#2616,.T.);
#3722=ORIENTED_EDGE('',*,*,#2617,.T.);
#3723=ORIENTED_EDGE('',*,*,#2618,.T.);
#3724=ORIENTED_EDGE('',*,*,#2613,.F.);
#3725=ORIENTED_EDGE('',*,*,#2619,.F.);
#3726=ORIENTED_EDGE('',*,*,#2620,.T.);
#3727=ORIENTED_EDGE('',*,*,#2621,.T.);
#3728=ORIENTED_EDGE('',*,*,#2622,.T.);
#3729=ORIENTED_EDGE('',*,*,#2623,.T.);
#3730=ORIENTED_EDGE('',*,*,#2624,.T.);
#3731=ORIENTED_EDGE('',*,*,#2625,.T.);
#3732=ORIENTED_EDGE('',*,*,#2626,.T.);
#3733=ORIENTED_EDGE('',*,*,#2627,.T.);
#3734=ORIENTED_EDGE('',*,*,#2617,.F.);
#3735=ORIENTED_EDGE('',*,*,#2628,.F.);
#3736=ORIENTED_EDGE('',*,*,#2629,.F.);
#3737=ORIENTED_EDGE('',*,*,#2630,.F.);
#3738=ORIENTED_EDGE('',*,*,#2631,.T.);
#3739=ORIENTED_EDGE('',*,*,#2632,.T.);
#3740=ORIENTED_EDGE('',*,*,#2620,.F.);
#3741=ORIENTED_EDGE('',*,*,#2633,.T.);
#3742=ORIENTED_EDGE('',*,*,#2634,.F.);
#3743=ORIENTED_EDGE('',*,*,#2635,.F.);
#3744=ORIENTED_EDGE('',*,*,#2623,.F.);
#3745=ORIENTED_EDGE('',*,*,#2636,.T.);
#3746=ORIENTED_EDGE('',*,*,#2637,.F.);
#3747=ORIENTED_EDGE('',*,*,#2633,.F.);
#3748=ORIENTED_EDGE('',*,*,#2622,.F.);
#3749=ORIENTED_EDGE('',*,*,#2638,.T.);
#3750=ORIENTED_EDGE('',*,*,#2639,.F.);
#3751=ORIENTED_EDGE('',*,*,#2636,.F.);
#3752=ORIENTED_EDGE('',*,*,#2621,.F.);
#3753=ORIENTED_EDGE('',*,*,#2635,.T.);
#3754=ORIENTED_EDGE('',*,*,#2640,.F.);
#3755=ORIENTED_EDGE('',*,*,#2638,.F.);
#3756=ORIENTED_EDGE('',*,*,#2624,.F.);
#3757=ORIENTED_EDGE('',*,*,#2641,.T.);
#3758=ORIENTED_EDGE('',*,*,#2609,.F.);
#3759=ORIENTED_EDGE('',*,*,#2642,.F.);
#3760=ORIENTED_EDGE('',*,*,#2627,.F.);
#3761=ORIENTED_EDGE('',*,*,#2643,.T.);
#3762=ORIENTED_EDGE('',*,*,#2610,.F.);
#3763=ORIENTED_EDGE('',*,*,#2641,.F.);
#3764=ORIENTED_EDGE('',*,*,#2626,.F.);
#3765=ORIENTED_EDGE('',*,*,#2644,.T.);
#3766=ORIENTED_EDGE('',*,*,#2611,.F.);
#3767=ORIENTED_EDGE('',*,*,#2643,.F.);
#3768=ORIENTED_EDGE('',*,*,#2625,.F.);
#3769=ORIENTED_EDGE('',*,*,#2642,.T.);
#3770=ORIENTED_EDGE('',*,*,#2612,.F.);
#3771=ORIENTED_EDGE('',*,*,#2644,.F.);
#3772=ORIENTED_EDGE('',*,*,#2584,.F.);
#3773=ORIENTED_EDGE('',*,*,#2645,.T.);
#3774=ORIENTED_EDGE('',*,*,#2646,.F.);
#3775=ORIENTED_EDGE('',*,*,#2645,.F.);
#3776=ORIENTED_EDGE('',*,*,#2588,.F.);
#3777=ORIENTED_EDGE('',*,*,#2647,.F.);
#3778=ORIENTED_EDGE('',*,*,#2604,.F.);
#3779=ORIENTED_EDGE('',*,*,#2581,.T.);
#3780=ORIENTED_EDGE('',*,*,#2575,.F.);
#3781=ORIENTED_EDGE('',*,*,#2648,.F.);
#3782=ORIENTED_EDGE('',*,*,#2605,.F.);
#3783=ORIENTED_EDGE('',*,*,#2647,.T.);
#3784=ORIENTED_EDGE('',*,*,#2587,.F.);
#3785=ORIENTED_EDGE('',*,*,#2585,.F.);
#3786=ORIENTED_EDGE('',*,*,#2646,.T.);
#3787=ORIENTED_EDGE('',*,*,#2578,.F.);
#3788=ORIENTED_EDGE('',*,*,#2583,.F.);
#3789=ORIENTED_EDGE('',*,*,#2606,.F.);
#3790=ORIENTED_EDGE('',*,*,#2648,.T.);
#3791=ORIENTED_EDGE('',*,*,#2649,.F.);
#3792=ORIENTED_EDGE('',*,*,#2650,.T.);
#3793=ORIENTED_EDGE('',*,*,#2632,.F.);
#3794=ORIENTED_EDGE('',*,*,#2650,.F.);
#3795=ORIENTED_EDGE('',*,*,#2651,.F.);
#3796=ORIENTED_EDGE('',*,*,#2652,.T.);
#3797=ORIENTED_EDGE('',*,*,#2603,.F.);
#3798=ORIENTED_EDGE('',*,*,#2652,.F.);
#3799=ORIENTED_EDGE('',*,*,#2651,.T.);
#3800=ORIENTED_EDGE('',*,*,#2649,.T.);
#3801=ORIENTED_EDGE('',*,*,#2653,.F.);
#3802=ORIENTED_EDGE('',*,*,#2654,.T.);
#3803=ORIENTED_EDGE('',*,*,#2631,.F.);
#3804=ORIENTED_EDGE('',*,*,#2654,.F.);
#3805=ORIENTED_EDGE('',*,*,#2655,.F.);
#3806=ORIENTED_EDGE('',*,*,#2656,.T.);
#3807=ORIENTED_EDGE('',*,*,#2602,.F.);
#3808=ORIENTED_EDGE('',*,*,#2656,.F.);
#3809=ORIENTED_EDGE('',*,*,#2655,.T.);
#3810=ORIENTED_EDGE('',*,*,#2653,.T.);
#3811=ORIENTED_EDGE('',*,*,#2590,.T.);
#3812=ORIENTED_EDGE('',*,*,#2601,.F.);
#3813=ORIENTED_EDGE('',*,*,#2657,.T.);
#3814=ORIENTED_EDGE('',*,*,#2615,.F.);
#3815=ORIENTED_EDGE('',*,*,#2634,.T.);
#3816=ORIENTED_EDGE('',*,*,#2637,.T.);
#3817=ORIENTED_EDGE('',*,*,#2639,.T.);
#3818=ORIENTED_EDGE('',*,*,#2640,.T.);
#3819=ORIENTED_EDGE('',*,*,#2630,.T.);
#3820=ORIENTED_EDGE('',*,*,#2658,.T.);
#3821=ORIENTED_EDGE('',*,*,#2598,.F.);
#3822=ORIENTED_EDGE('',*,*,#2608,.T.);
#3823=ORIENTED_EDGE('',*,*,#2614,.F.);
#3824=ORIENTED_EDGE('',*,*,#2618,.F.);
#3825=ORIENTED_EDGE('',*,*,#2628,.T.);
#3826=ORIENTED_EDGE('',*,*,#2619,.T.);
#3827=ORIENTED_EDGE('',*,*,#2616,.F.);
#3828=ORIENTED_EDGE('',*,*,#2657,.F.);
#3829=ORIENTED_EDGE('',*,*,#2600,.F.);
#3830=ORIENTED_EDGE('',*,*,#2659,.F.);
#3831=ORIENTED_EDGE('',*,*,#2629,.T.);
#3832=ORIENTED_EDGE('',*,*,#2659,.T.);
#3833=ORIENTED_EDGE('',*,*,#2599,.F.);
#3834=ORIENTED_EDGE('',*,*,#2658,.F.);
#3835=ORIENTED_EDGE('',*,*,#2660,.T.);
#3836=ORIENTED_EDGE('',*,*,#2661,.T.);
#3837=ORIENTED_EDGE('',*,*,#2662,.T.);
#3838=ORIENTED_EDGE('',*,*,#2663,.T.);
#3839=ORIENTED_EDGE('',*,*,#2662,.F.);
#3840=ORIENTED_EDGE('',*,*,#2664,.F.);
#3841=ORIENTED_EDGE('',*,*,#2665,.F.);
#3842=ORIENTED_EDGE('',*,*,#2666,.F.);
#3843=ORIENTED_EDGE('',*,*,#2667,.F.);
#3844=ORIENTED_EDGE('',*,*,#2668,.T.);
#3845=ORIENTED_EDGE('',*,*,#2669,.T.);
#3846=ORIENTED_EDGE('',*,*,#2661,.F.);
#3847=ORIENTED_EDGE('',*,*,#2670,.T.);
#3848=ORIENTED_EDGE('',*,*,#2671,.F.);
#3849=ORIENTED_EDGE('',*,*,#2664,.T.);
#3850=ORIENTED_EDGE('',*,*,#2665,.T.);
#3851=ORIENTED_EDGE('',*,*,#2671,.T.);
#3852=ORIENTED_EDGE('',*,*,#2672,.T.);
#3853=ORIENTED_EDGE('',*,*,#2673,.T.);
#3854=ORIENTED_EDGE('',*,*,#2674,.F.);
#3855=ORIENTED_EDGE('',*,*,#2675,.F.);
#3856=ORIENTED_EDGE('',*,*,#2676,.T.);
#3857=ORIENTED_EDGE('',*,*,#2677,.F.);
#3858=ORIENTED_EDGE('',*,*,#2676,.F.);
#3859=ORIENTED_EDGE('',*,*,#2678,.F.);
#3860=ORIENTED_EDGE('',*,*,#2679,.F.);
#3861=ORIENTED_EDGE('',*,*,#2680,.F.);
#3862=ORIENTED_EDGE('',*,*,#2679,.T.);
#3863=ORIENTED_EDGE('',*,*,#2681,.F.);
#3864=ORIENTED_EDGE('',*,*,#2674,.T.);
#3865=ORIENTED_EDGE('',*,*,#2677,.T.);
#3866=ORIENTED_EDGE('',*,*,#2680,.T.);
#3867=ORIENTED_EDGE('',*,*,#2682,.T.);
#3868=ORIENTED_EDGE('',*,*,#2683,.T.);
#3869=ORIENTED_EDGE('',*,*,#2684,.T.);
#3870=ORIENTED_EDGE('',*,*,#2685,.T.);
#3871=ORIENTED_EDGE('',*,*,#2686,.T.);
#3872=ORIENTED_EDGE('',*,*,#2687,.T.);
#3873=ORIENTED_EDGE('',*,*,#2688,.T.);
#3874=ORIENTED_EDGE('',*,*,#2667,.T.);
#3875=ORIENTED_EDGE('',*,*,#2689,.T.);
#3876=ORIENTED_EDGE('',*,*,#2690,.T.);
#3877=ORIENTED_EDGE('',*,*,#2691,.T.);
#3878=ORIENTED_EDGE('',*,*,#2681,.T.);
#3879=ORIENTED_EDGE('',*,*,#2692,.F.);
#3880=ORIENTED_EDGE('',*,*,#2693,.F.);
#3881=ORIENTED_EDGE('',*,*,#2682,.F.);
#3882=ORIENTED_EDGE('',*,*,#2694,.T.);
#3883=ORIENTED_EDGE('',*,*,#2695,.T.);
#3884=ORIENTED_EDGE('',*,*,#2696,.T.);
#3885=ORIENTED_EDGE('',*,*,#2697,.T.);
#3886=ORIENTED_EDGE('',*,*,#2698,.T.);
#3887=ORIENTED_EDGE('',*,*,#2699,.T.);
#3888=ORIENTED_EDGE('',*,*,#2692,.T.);
#3889=ORIENTED_EDGE('',*,*,#2678,.T.);
#3890=ORIENTED_EDGE('',*,*,#2700,.T.);
#3891=ORIENTED_EDGE('',*,*,#2701,.T.);
#3892=ORIENTED_EDGE('',*,*,#2702,.T.);
#3893=ORIENTED_EDGE('',*,*,#2703,.T.);
#3894=ORIENTED_EDGE('',*,*,#2698,.F.);
#3895=ORIENTED_EDGE('',*,*,#2704,.F.);
#3896=ORIENTED_EDGE('',*,*,#2705,.T.);
#3897=ORIENTED_EDGE('',*,*,#2706,.T.);
#3898=ORIENTED_EDGE('',*,*,#2707,.T.);
#3899=ORIENTED_EDGE('',*,*,#2708,.T.);
#3900=ORIENTED_EDGE('',*,*,#2709,.T.);
#3901=ORIENTED_EDGE('',*,*,#2710,.T.);
#3902=ORIENTED_EDGE('',*,*,#2711,.T.);
#3903=ORIENTED_EDGE('',*,*,#2712,.T.);
#3904=ORIENTED_EDGE('',*,*,#2702,.F.);
#3905=ORIENTED_EDGE('',*,*,#2713,.F.);
#3906=ORIENTED_EDGE('',*,*,#2714,.F.);
#3907=ORIENTED_EDGE('',*,*,#2715,.F.);
#3908=ORIENTED_EDGE('',*,*,#2716,.T.);
#3909=ORIENTED_EDGE('',*,*,#2717,.T.);
#3910=ORIENTED_EDGE('',*,*,#2705,.F.);
#3911=ORIENTED_EDGE('',*,*,#2718,.T.);
#3912=ORIENTED_EDGE('',*,*,#2719,.F.);
#3913=ORIENTED_EDGE('',*,*,#2720,.F.);
#3914=ORIENTED_EDGE('',*,*,#2708,.F.);
#3915=ORIENTED_EDGE('',*,*,#2721,.T.);
#3916=ORIENTED_EDGE('',*,*,#2722,.F.);
#3917=ORIENTED_EDGE('',*,*,#2718,.F.);
#3918=ORIENTED_EDGE('',*,*,#2707,.F.);
#3919=ORIENTED_EDGE('',*,*,#2723,.T.);
#3920=ORIENTED_EDGE('',*,*,#2724,.F.);
#3921=ORIENTED_EDGE('',*,*,#2721,.F.);
#3922=ORIENTED_EDGE('',*,*,#2706,.F.);
#3923=ORIENTED_EDGE('',*,*,#2720,.T.);
#3924=ORIENTED_EDGE('',*,*,#2725,.F.);
#3925=ORIENTED_EDGE('',*,*,#2723,.F.);
#3926=ORIENTED_EDGE('',*,*,#2709,.F.);
#3927=ORIENTED_EDGE('',*,*,#2726,.T.);
#3928=ORIENTED_EDGE('',*,*,#2694,.F.);
#3929=ORIENTED_EDGE('',*,*,#2727,.F.);
#3930=ORIENTED_EDGE('',*,*,#2712,.F.);
#3931=ORIENTED_EDGE('',*,*,#2728,.T.);
#3932=ORIENTED_EDGE('',*,*,#2695,.F.);
#3933=ORIENTED_EDGE('',*,*,#2726,.F.);
#3934=ORIENTED_EDGE('',*,*,#2711,.F.);
#3935=ORIENTED_EDGE('',*,*,#2729,.T.);
#3936=ORIENTED_EDGE('',*,*,#2696,.F.);
#3937=ORIENTED_EDGE('',*,*,#2728,.F.);
#3938=ORIENTED_EDGE('',*,*,#2710,.F.);
#3939=ORIENTED_EDGE('',*,*,#2727,.T.);
#3940=ORIENTED_EDGE('',*,*,#2697,.F.);
#3941=ORIENTED_EDGE('',*,*,#2729,.F.);
#3942=ORIENTED_EDGE('',*,*,#2669,.F.);
#3943=ORIENTED_EDGE('',*,*,#2730,.T.);
#3944=ORIENTED_EDGE('',*,*,#2731,.F.);
#3945=ORIENTED_EDGE('',*,*,#2730,.F.);
#3946=ORIENTED_EDGE('',*,*,#2673,.F.);
#3947=ORIENTED_EDGE('',*,*,#2732,.F.);
#3948=ORIENTED_EDGE('',*,*,#2689,.F.);
#3949=ORIENTED_EDGE('',*,*,#2666,.T.);
#3950=ORIENTED_EDGE('',*,*,#2660,.F.);
#3951=ORIENTED_EDGE('',*,*,#2733,.F.);
#3952=ORIENTED_EDGE('',*,*,#2690,.F.);
#3953=ORIENTED_EDGE('',*,*,#2732,.T.);
#3954=ORIENTED_EDGE('',*,*,#2672,.F.);
#3955=ORIENTED_EDGE('',*,*,#2670,.F.);
#3956=ORIENTED_EDGE('',*,*,#2731,.T.);
#3957=ORIENTED_EDGE('',*,*,#2663,.F.);
#3958=ORIENTED_EDGE('',*,*,#2668,.F.);
#3959=ORIENTED_EDGE('',*,*,#2691,.F.);
#3960=ORIENTED_EDGE('',*,*,#2733,.T.);
#3961=ORIENTED_EDGE('',*,*,#2734,.F.);
#3962=ORIENTED_EDGE('',*,*,#2735,.T.);
#3963=ORIENTED_EDGE('',*,*,#2717,.F.);
#3964=ORIENTED_EDGE('',*,*,#2735,.F.);
#3965=ORIENTED_EDGE('',*,*,#2736,.F.);
#3966=ORIENTED_EDGE('',*,*,#2737,.T.);
#3967=ORIENTED_EDGE('',*,*,#2688,.F.);
#3968=ORIENTED_EDGE('',*,*,#2737,.F.);
#3969=ORIENTED_EDGE('',*,*,#2736,.T.);
#3970=ORIENTED_EDGE('',*,*,#2734,.T.);
#3971=ORIENTED_EDGE('',*,*,#2738,.F.);
#3972=ORIENTED_EDGE('',*,*,#2739,.T.);
#3973=ORIENTED_EDGE('',*,*,#2716,.F.);
#3974=ORIENTED_EDGE('',*,*,#2739,.F.);
#3975=ORIENTED_EDGE('',*,*,#2740,.F.);
#3976=ORIENTED_EDGE('',*,*,#2741,.T.);
#3977=ORIENTED_EDGE('',*,*,#2687,.F.);
#3978=ORIENTED_EDGE('',*,*,#2741,.F.);
#3979=ORIENTED_EDGE('',*,*,#2740,.T.);
#3980=ORIENTED_EDGE('',*,*,#2738,.T.);
#3981=ORIENTED_EDGE('',*,*,#2675,.T.);
#3982=ORIENTED_EDGE('',*,*,#2686,.F.);
#3983=ORIENTED_EDGE('',*,*,#2742,.T.);
#3984=ORIENTED_EDGE('',*,*,#2700,.F.);
#3985=ORIENTED_EDGE('',*,*,#2719,.T.);
#3986=ORIENTED_EDGE('',*,*,#2722,.T.);
#3987=ORIENTED_EDGE('',*,*,#2724,.T.);
#3988=ORIENTED_EDGE('',*,*,#2725,.T.);
#3989=ORIENTED_EDGE('',*,*,#2715,.T.);
#3990=ORIENTED_EDGE('',*,*,#2743,.T.);
#3991=ORIENTED_EDGE('',*,*,#2683,.F.);
#3992=ORIENTED_EDGE('',*,*,#2693,.T.);
#3993=ORIENTED_EDGE('',*,*,#2699,.F.);
#3994=ORIENTED_EDGE('',*,*,#2703,.F.);
#3995=ORIENTED_EDGE('',*,*,#2713,.T.);
#3996=ORIENTED_EDGE('',*,*,#2704,.T.);
#3997=ORIENTED_EDGE('',*,*,#2701,.F.);
#3998=ORIENTED_EDGE('',*,*,#2742,.F.);
#3999=ORIENTED_EDGE('',*,*,#2685,.F.);
#4000=ORIENTED_EDGE('',*,*,#2744,.F.);
#4001=ORIENTED_EDGE('',*,*,#2714,.T.);
#4002=ORIENTED_EDGE('',*,*,#2744,.T.);
#4003=ORIENTED_EDGE('',*,*,#2684,.F.);
#4004=ORIENTED_EDGE('',*,*,#2743,.F.);
#4005=PLANE('',#4357);
#4006=PLANE('',#4363);
#4007=PLANE('',#4656);
#4008=PLANE('',#4662);
#4009=PLANE('',#4663);
#4010=PLANE('',#4664);
#4011=PLANE('',#4665);
#4012=PLANE('',#4666);
#4013=PLANE('',#4667);
#4014=PLANE('',#4668);
#4015=PLANE('',#4675);
#4016=PLANE('',#4676);
#4017=PLANE('',#4677);
#4018=PLANE('',#4679);
#4019=PLANE('',#4680);
#4020=PLANE('',#4681);
#4021=PLANE('',#4682);
#4022=PLANE('',#4683);
#4023=PLANE('',#4684);
#4024=PLANE('',#4685);
#4025=PLANE('',#4686);
#4026=PLANE('',#4687);
#4027=PLANE('',#4688);
#4028=PLANE('',#4689);
#4029=PLANE('',#4690);
#4030=PLANE('',#4691);
#4031=PLANE('',#4692);
#4032=PLANE('',#4693);
#4033=PLANE('',#4694);
#4034=PLANE('',#4695);
#4035=PLANE('',#4696);
#4036=PLANE('',#4697);
#4037=PLANE('',#4698);
#4038=PLANE('',#4699);
#4039=PLANE('',#4700);
#4040=PLANE('',#4701);
#4041=PLANE('',#4708);
#4042=PLANE('',#4714);
#4043=PLANE('',#4719);
#4044=PLANE('',#4722);
#4045=PLANE('',#4729);
#4046=PLANE('',#4730);
#4047=PLANE('',#4731);
#4048=PLANE('',#4734);
#4049=PLANE('',#4735);
#4050=PLANE('',#4736);
#4051=PLANE('',#4737);
#4052=PLANE('',#4740);
#4053=PLANE('',#4741);
#4054=PLANE('',#4745);
#4055=PLANE('',#4748);
#4056=PLANE('',#4751);
#4057=PLANE('',#4752);
#4058=PLANE('',#4753);
#4059=PLANE('',#4754);
#4060=PLANE('',#4758);
#4061=PLANE('',#4761);
#4062=PLANE('',#4762);
#4063=PLANE('',#4767);
#4064=PLANE('',#4771);
#4065=PLANE('',#4774);
#4066=PLANE('',#4777);
#4067=PLANE('',#4779);
#4068=PLANE('',#4783);
#4069=PLANE('',#4784);
#4070=PLANE('',#4785);
#4071=PLANE('',#4790);
#4072=PLANE('',#4795);
#4073=PLANE('',#4796);
#4074=PLANE('',#4797);
#4075=PLANE('',#4798);
#4076=PLANE('',#4803);
#4077=PLANE('',#4806);
#4078=PLANE('',#4809);
#4079=PLANE('',#4810);
#4080=PLANE('',#4811);
#4081=PLANE('',#4812);
#4082=PLANE('',#4816);
#4083=PLANE('',#4819);
#4084=PLANE('',#4820);
#4085=PLANE('',#4825);
#4086=PLANE('',#4829);
#4087=PLANE('',#4832);
#4088=PLANE('',#4835);
#4089=PLANE('',#4837);
#4090=PLANE('',#4841);
#4091=PLANE('',#4842);
#4092=PLANE('',#4843);
#4093=PLANE('',#4848);
#4094=PLANE('',#4853);
#4095=PLANE('',#4854);
#4096=PLANE('',#4855);
#4097=PLANE('',#4856);
#4098=ADVANCED_FACE('',(#928,#888),#4005,.F.);
#4099=ADVANCED_FACE('',(#929),#752,.T.);
#4100=ADVANCED_FACE('',(#930,#889),#4006,.F.);
#4101=ADVANCED_FACE('',(#931),#753,.T.);
#4102=ADVANCED_FACE('',(#932),#754,.T.);
#4103=ADVANCED_FACE('',(#933),#755,.T.);
#4104=ADVANCED_FACE('',(#934),#756,.T.);
#4105=ADVANCED_FACE('',(#935),#757,.T.);
#4106=ADVANCED_FACE('',(#936),#758,.T.);
#4107=ADVANCED_FACE('',(#937),#759,.T.);
#4108=ADVANCED_FACE('',(#938),#760,.T.);
#4109=ADVANCED_FACE('',(#939),#761,.T.);
#4110=ADVANCED_FACE('',(#940),#762,.T.);
#4111=ADVANCED_FACE('',(#941),#763,.T.);
#4112=ADVANCED_FACE('',(#942),#764,.T.);
#4113=ADVANCED_FACE('',(#943),#765,.T.);
#4114=ADVANCED_FACE('',(#944),#766,.T.);
#4115=ADVANCED_FACE('',(#945),#767,.T.);
#4116=ADVANCED_FACE('',(#946),#768,.T.);
#4117=ADVANCED_FACE('',(#947),#769,.T.);
#4118=ADVANCED_FACE('',(#948),#770,.T.);
#4119=ADVANCED_FACE('',(#949),#771,.T.);
#4120=ADVANCED_FACE('',(#950),#772,.T.);
#4121=ADVANCED_FACE('',(#951),#773,.T.);
#4122=ADVANCED_FACE('',(#952),#774,.T.);
#4123=ADVANCED_FACE('',(#953),#775,.T.);
#4124=ADVANCED_FACE('',(#954),#776,.T.);
#4125=ADVANCED_FACE('',(#955),#777,.T.);
#4126=ADVANCED_FACE('',(#956),#778,.T.);
#4127=ADVANCED_FACE('',(#957),#779,.T.);
#4128=ADVANCED_FACE('',(#958),#780,.T.);
#4129=ADVANCED_FACE('',(#959),#781,.T.);
#4130=ADVANCED_FACE('',(#960),#782,.T.);
#4131=ADVANCED_FACE('',(#961),#783,.T.);
#4132=ADVANCED_FACE('',(#962),#784,.T.);
#4133=ADVANCED_FACE('',(#963),#785,.T.);
#4134=ADVANCED_FACE('',(#964),#786,.T.);
#4135=ADVANCED_FACE('',(#965),#787,.T.);
#4136=ADVANCED_FACE('',(#966),#788,.T.);
#4137=ADVANCED_FACE('',(#967),#789,.T.);
#4138=ADVANCED_FACE('',(#968),#790,.T.);
#4139=ADVANCED_FACE('',(#969),#791,.T.);
#4140=ADVANCED_FACE('',(#970),#792,.T.);
#4141=ADVANCED_FACE('',(#971),#793,.T.);
#4142=ADVANCED_FACE('',(#972),#794,.T.);
#4143=ADVANCED_FACE('',(#973),#795,.T.);
#4144=ADVANCED_FACE('',(#974),#796,.T.);
#4145=ADVANCED_FACE('',(#975),#797,.T.);
#4146=ADVANCED_FACE('',(#976),#798,.T.);
#4147=ADVANCED_FACE('',(#977),#799,.T.);
#4148=ADVANCED_FACE('',(#978),#800,.T.);
#4149=ADVANCED_FACE('',(#979),#801,.T.);
#4150=ADVANCED_FACE('',(#980),#802,.T.);
#4151=ADVANCED_FACE('',(#981),#803,.T.);
#4152=ADVANCED_FACE('',(#982),#804,.T.);
#4153=ADVANCED_FACE('',(#983),#805,.T.);
#4154=ADVANCED_FACE('',(#984),#806,.T.);
#4155=ADVANCED_FACE('',(#985),#807,.T.);
#4156=ADVANCED_FACE('',(#986),#808,.T.);
#4157=ADVANCED_FACE('',(#987),#809,.T.);
#4158=ADVANCED_FACE('',(#988),#810,.T.);
#4159=ADVANCED_FACE('',(#989),#811,.T.);
#4160=ADVANCED_FACE('',(#990),#812,.T.);
#4161=ADVANCED_FACE('',(#991),#813,.T.);
#4162=ADVANCED_FACE('',(#992),#814,.T.);
#4163=ADVANCED_FACE('',(#993),#815,.T.);
#4164=ADVANCED_FACE('',(#994),#816,.T.);
#4165=ADVANCED_FACE('',(#995),#817,.T.);
#4166=ADVANCED_FACE('',(#996),#818,.T.);
#4167=ADVANCED_FACE('',(#997),#819,.T.);
#4168=ADVANCED_FACE('',(#998),#820,.T.);
#4169=ADVANCED_FACE('',(#999),#821,.T.);
#4170=ADVANCED_FACE('',(#1000),#822,.T.);
#4171=ADVANCED_FACE('',(#1001),#823,.T.);
#4172=ADVANCED_FACE('',(#1002),#824,.T.);
#4173=ADVANCED_FACE('',(#1003),#825,.T.);
#4174=ADVANCED_FACE('',(#1004),#826,.T.);
#4175=ADVANCED_FACE('',(#1005),#827,.T.);
#4176=ADVANCED_FACE('',(#1006),#828,.T.);
#4177=ADVANCED_FACE('',(#1007),#829,.T.);
#4178=ADVANCED_FACE('',(#1008),#830,.T.);
#4179=ADVANCED_FACE('',(#1009),#831,.T.);
#4180=ADVANCED_FACE('',(#1010),#832,.T.);
#4181=ADVANCED_FACE('',(#1011),#833,.T.);
#4182=ADVANCED_FACE('',(#1012),#834,.T.);
#4183=ADVANCED_FACE('',(#1013),#835,.T.);
#4184=ADVANCED_FACE('',(#1014),#836,.T.);
#4185=ADVANCED_FACE('',(#1015),#837,.T.);
#4186=ADVANCED_FACE('',(#1016),#838,.T.);
#4187=ADVANCED_FACE('',(#1017),#839,.T.);
#4188=ADVANCED_FACE('',(#1018),#840,.T.);
#4189=ADVANCED_FACE('',(#1019),#841,.T.);
#4190=ADVANCED_FACE('',(#1020),#842,.T.);
#4191=ADVANCED_FACE('',(#1021),#843,.T.);
#4192=ADVANCED_FACE('',(#1022),#844,.T.);
#4193=ADVANCED_FACE('',(#1023),#845,.T.);
#4194=ADVANCED_FACE('',(#1024),#846,.T.);
#4195=ADVANCED_FACE('',(#1025),#847,.T.);
#4196=ADVANCED_FACE('',(#1026),#848,.T.);
#4197=ADVANCED_FACE('',(#1027,#890),#4007,.T.);
#4198=ADVANCED_FACE('',(#1028),#849,.T.);
#4199=ADVANCED_FACE('',(#1029),#850,.T.);
#4200=ADVANCED_FACE('',(#1030),#4008,.F.);
#4201=ADVANCED_FACE('',(#1031),#4009,.F.);
#4202=ADVANCED_FACE('',(#1032),#4010,.F.);
#4203=ADVANCED_FACE('',(#1033),#4011,.F.);
#4204=ADVANCED_FACE('',(#1034),#4012,.F.);
#4205=ADVANCED_FACE('',(#1035),#4013,.F.);
#4206=ADVANCED_FACE('',(#1036,#891),#4014,.T.);
#4207=ADVANCED_FACE('',(#1037),#851,.F.);
#4208=ADVANCED_FACE('',(#1038),#852,.T.);
#4209=ADVANCED_FACE('',(#1039),#853,.F.);
#4210=ADVANCED_FACE('',(#1040,#892,#893),#854,.T.);
#4211=ADVANCED_FACE('',(#1041),#4015,.F.);
#4212=ADVANCED_FACE('',(#1042),#4016,.F.);
#4213=ADVANCED_FACE('',(#1043,#894),#4017,.F.);
#4214=ADVANCED_FACE('',(#1044),#4018,.F.);
#4215=ADVANCED_FACE('',(#1045),#4019,.F.);
#4216=ADVANCED_FACE('',(#1046,#895),#4020,.T.);
#4217=ADVANCED_FACE('',(#1047),#4021,.F.);
#4218=ADVANCED_FACE('',(#1048),#4022,.F.);
#4219=ADVANCED_FACE('',(#1049),#4023,.F.);
#4220=ADVANCED_FACE('',(#1050),#4024,.F.);
#4221=ADVANCED_FACE('',(#1051),#4025,.F.);
#4222=ADVANCED_FACE('',(#1052),#4026,.F.);
#4223=ADVANCED_FACE('',(#1053),#4027,.F.);
#4224=ADVANCED_FACE('',(#1054),#4028,.F.);
#4225=ADVANCED_FACE('',(#1055),#4029,.F.);
#4226=ADVANCED_FACE('',(#1056),#4030,.F.);
#4227=ADVANCED_FACE('',(#1057),#4031,.F.);
#4228=ADVANCED_FACE('',(#1058),#4032,.F.);
#4229=ADVANCED_FACE('',(#1059),#4033,.F.);
#4230=ADVANCED_FACE('',(#1060),#4034,.F.);
#4231=ADVANCED_FACE('',(#1061),#4035,.F.);
#4232=ADVANCED_FACE('',(#1062),#4036,.F.);
#4233=ADVANCED_FACE('',(#1063),#4037,.F.);
#4234=ADVANCED_FACE('',(#1064),#4038,.F.);
#4235=ADVANCED_FACE('',(#1065),#4039,.F.);
#4236=ADVANCED_FACE('',(#1066),#4040,.F.);
#4237=ADVANCED_FACE('',(#1067,#896),#855,.F.);
#4238=ADVANCED_FACE('',(#1068),#856,.T.);
#4239=ADVANCED_FACE('',(#1069,#897),#4041,.F.);
#4240=ADVANCED_FACE('',(#1070),#4042,.T.);
#4241=ADVANCED_FACE('',(#1071),#857,.T.);
#4242=ADVANCED_FACE('',(#1072),#858,.T.);
#4243=ADVANCED_FACE('',(#1073),#4043,.T.);
#4244=ADVANCED_FACE('',(#1074),#859,.T.);
#4245=ADVANCED_FACE('',(#1075,#898),#4044,.T.);
#4246=ADVANCED_FACE('',(#1076),#860,.T.);
#4247=ADVANCED_FACE('',(#1077),#861,.F.);
#4248=ADVANCED_FACE('',(#1078,#899),#4045,.T.);
#4249=ADVANCED_FACE('',(#1079),#4046,.T.);
#4250=ADVANCED_FACE('',(#1080),#4047,.T.);
#4251=ADVANCED_FACE('',(#1081),#862,.F.);
#4252=ADVANCED_FACE('',(#1082),#4048,.T.);
#4253=ADVANCED_FACE('',(#1083),#4049,.T.);
#4254=ADVANCED_FACE('',(#1084),#4050,.T.);
#4255=ADVANCED_FACE('',(#1085),#4051,.T.);
#4256=ADVANCED_FACE('',(#1086),#863,.T.);
#4257=ADVANCED_FACE('',(#1087),#4052,.T.);
#4258=ADVANCED_FACE('',(#1088,#900,#901),#4053,.T.);
#4259=ADVANCED_FACE('',(#1089),#864,.T.);
#4260=ADVANCED_FACE('',(#1090,#902),#4054,.T.);
#4261=ADVANCED_FACE('',(#1091),#4055,.T.);
#4262=ADVANCED_FACE('',(#1092),#865,.T.);
#4263=ADVANCED_FACE('',(#1093),#4056,.F.);
#4264=ADVANCED_FACE('',(#1094),#4057,.T.);
#4265=ADVANCED_FACE('',(#1095),#4058,.T.);
#4266=ADVANCED_FACE('',(#1096,#903,#904,#905),#4059,.T.);
#4267=ADVANCED_FACE('',(#1097,#906),#4060,.T.);
#4268=ADVANCED_FACE('',(#1098),#4061,.T.);
#4269=ADVANCED_FACE('',(#1099,#907,#908),#4062,.T.);
#4270=ADVANCED_FACE('',(#1100,#909,#910),#4063,.F.);
#4271=ADVANCED_FACE('',(#1101),#4064,.F.);
#4272=ADVANCED_FACE('',(#1102),#866,.F.);
#4273=ADVANCED_FACE('',(#1103),#4065,.F.);
#4274=ADVANCED_FACE('',(#1104),#867,.F.);
#4275=ADVANCED_FACE('',(#1105),#4066,.F.);
#4276=ADVANCED_FACE('',(#1106),#868,.F.);
#4277=ADVANCED_FACE('',(#1107),#4067,.F.);
#4278=ADVANCED_FACE('',(#1108),#869,.F.);
#4279=ADVANCED_FACE('',(#1109),#870,.F.);
#4280=ADVANCED_FACE('',(#1110),#4068,.T.);
#4281=ADVANCED_FACE('',(#1111,#911),#4069,.T.);
#4282=ADVANCED_FACE('',(#1112),#4070,.T.);
#4283=ADVANCED_FACE('',(#1113),#871,.F.);
#4284=ADVANCED_FACE('',(#1114),#872,.T.);
#4285=ADVANCED_FACE('',(#1115,#912),#4071,.T.);
#4286=ADVANCED_FACE('',(#1116),#873,.F.);
#4287=ADVANCED_FACE('',(#1117),#874,.T.);
#4288=ADVANCED_FACE('',(#1118,#913),#4072,.T.);
#4289=ADVANCED_FACE('',(#1119,#914),#4073,.T.);
#4290=ADVANCED_FACE('',(#1120),#4074,.T.);
#4291=ADVANCED_FACE('',(#1121),#4075,.T.);
#4292=ADVANCED_FACE('',(#1122),#875,.T.);
#4293=ADVANCED_FACE('',(#1123),#876,.T.);
#4294=ADVANCED_FACE('',(#1124,#915),#4076,.T.);
#4295=ADVANCED_FACE('',(#1125),#4077,.T.);
#4296=ADVANCED_FACE('',(#1126),#877,.T.);
#4297=ADVANCED_FACE('',(#1127),#4078,.F.);
#4298=ADVANCED_FACE('',(#1128),#4079,.T.);
#4299=ADVANCED_FACE('',(#1129),#4080,.T.);
#4300=ADVANCED_FACE('',(#1130,#916,#917,#918),#4081,.T.);
#4301=ADVANCED_FACE('',(#1131,#919),#4082,.T.);
#4302=ADVANCED_FACE('',(#1132),#4083,.T.);
#4303=ADVANCED_FACE('',(#1133,#920,#921),#4084,.T.);
#4304=ADVANCED_FACE('',(#1134,#922,#923),#4085,.F.);
#4305=ADVANCED_FACE('',(#1135),#4086,.F.);
#4306=ADVANCED_FACE('',(#1136),#878,.F.);
#4307=ADVANCED_FACE('',(#1137),#4087,.F.);
#4308=ADVANCED_FACE('',(#1138),#879,.F.);
#4309=ADVANCED_FACE('',(#1139),#4088,.F.);
#4310=ADVANCED_FACE('',(#1140),#880,.F.);
#4311=ADVANCED_FACE('',(#1141),#4089,.F.);
#4312=ADVANCED_FACE('',(#1142),#881,.F.);
#4313=ADVANCED_FACE('',(#1143),#882,.F.);
#4314=ADVANCED_FACE('',(#1144),#4090,.T.);
#4315=ADVANCED_FACE('',(#1145,#924),#4091,.T.);
#4316=ADVANCED_FACE('',(#1146),#4092,.T.);
#4317=ADVANCED_FACE('',(#1147),#883,.F.);
#4318=ADVANCED_FACE('',(#1148),#884,.T.);
#4319=ADVANCED_FACE('',(#1149,#925),#4093,.T.);
#4320=ADVANCED_FACE('',(#1150),#885,.F.);
#4321=ADVANCED_FACE('',(#1151),#886,.T.);
#4322=ADVANCED_FACE('',(#1152,#926),#4094,.T.);
#4323=ADVANCED_FACE('',(#1153,#927),#4095,.T.);
#4324=ADVANCED_FACE('',(#1154),#4096,.T.);
#4325=ADVANCED_FACE('',(#1155),#4097,.T.);
#4326=ADVANCED_FACE('',(#1156),#887,.T.);
#4327=CLOSED_SHELL('',(#4098,#4099,#4100,#4101,#4102,#4103,#4104,#4105,
#4106,#4107,#4108,#4109,#4110,#4111,#4112,#4113,#4114,#4115,#4116,#4117,
#4118,#4119,#4120,#4121,#4122,#4123,#4124,#4125,#4126,#4127,#4128,#4129,
#4130,#4131,#4132,#4133,#4134,#4135,#4136,#4137,#4138,#4139,#4140,#4141,
#4142,#4143,#4144,#4145,#4146,#4147,#4148,#4149,#4150,#4151,#4152,#4153,
#4154,#4155,#4156,#4157,#4158,#4159,#4160,#4161,#4162,#4163,#4164,#4165,
#4166,#4167,#4168,#4169,#4170,#4171,#4172,#4173,#4174,#4175,#4176,#4177,
#4178,#4179,#4180,#4181,#4182,#4183,#4184,#4185,#4186,#4187,#4188,#4189,
#4190,#4191,#4192,#4193,#4194,#4195,#4196,#4197,#4198,#4199,#4200,#4201,
#4202,#4203,#4204,#4205,#4206,#4207,#4208,#4209,#4210,#4211,#4212,#4213,
#4214,#4215,#4216,#4217,#4218,#4219,#4220,#4221,#4222,#4223,#4224,#4225,
#4226,#4227,#4228,#4229,#4230,#4231,#4232,#4233,#4234,#4235,#4236,#4237));
#4328=CLOSED_SHELL('',(#4238,#4239,#4240,#4241,#4242,#4243,#4244,#4245,
#4246,#4247,#4248,#4249,#4250,#4251,#4252,#4253,#4254,#4255,#4256,#4257,
#4258));
#4329=CLOSED_SHELL('',(#4259,#4260,#4261,#4262,#4263,#4264,#4265,#4266,
#4267,#4268,#4269,#4270,#4271,#4272,#4273,#4274,#4275,#4276,#4277,#4278,
#4279,#4280,#4281,#4282,#4283,#4284,#4285,#4286,#4287,#4288,#4289,#4290,
#4291,#4292));
#4330=CLOSED_SHELL('',(#4293,#4294,#4295,#4296,#4297,#4298,#4299,#4300,
#4301,#4302,#4303,#4304,#4305,#4306,#4307,#4308,#4309,#4310,#4311,#4312,
#4313,#4314,#4315,#4316,#4317,#4318,#4319,#4320,#4321,#4322,#4323,#4324,
#4325,#4326));
#4331=DERIVED_UNIT_ELEMENT(#4335,1.);
#4332=DERIVED_UNIT_ELEMENT(#7656,-3.);
#4333=DERIVED_UNIT_ELEMENT(#4335,1.);
#4334=DERIVED_UNIT_ELEMENT(#7656,-3.);
#4335=(
MASS_UNIT()
NAMED_UNIT(*)
SI_UNIT(.KILO.,.GRAM.)
);
#4336=DERIVED_UNIT((#4331,#4332));
#4337=DERIVED_UNIT((#4333,#4334));
#4338=MEASURE_REPRESENTATION_ITEM('density measure',
POSITIVE_RATIO_MEASURE(7850.),#4336);
#4339=MEASURE_REPRESENTATION_ITEM('density measure',
POSITIVE_RATIO_MEASURE(7850.),#4337);
#4340=PROPERTY_DEFINITION_REPRESENTATION(#4350,#4344);
#4341=PROPERTY_DEFINITION_REPRESENTATION(#4351,#4345);
#4342=PROPERTY_DEFINITION_REPRESENTATION(#4352,#4346);
#4343=PROPERTY_DEFINITION_REPRESENTATION(#4353,#4347);
#4344=REPRESENTATION('material name',(#4348),#7652);
#4345=REPRESENTATION('density',(#4338),#7652);
#4346=REPRESENTATION('material name',(#4349),#7653);
#4347=REPRESENTATION('density',(#4339),#7653);
#4348=DESCRIPTIVE_REPRESENTATION_ITEM('A\X\E7o','A\X\E7o');
#4349=DESCRIPTIVE_REPRESENTATION_ITEM('A\X\E7o','A\X\E7o');
#4350=PROPERTY_DEFINITION('material property','material name',#7677);
#4351=PROPERTY_DEFINITION('material property','density of part',#7677);
#4352=PROPERTY_DEFINITION('material property','material name',#7678);
#4353=PROPERTY_DEFINITION('material property','density of part',#7678);
#4354=AXIS2_PLACEMENT_3D('',#6227,#4860,#4861);
#4355=AXIS2_PLACEMENT_3D('',#6228,#4862,#4863);
#4356=AXIS2_PLACEMENT_3D('',#6229,#4864,#4865);
#4357=AXIS2_PLACEMENT_3D('',#6230,#4866,#4867);
#4358=AXIS2_PLACEMENT_3D('',#6232,#4868,#4869);
#4359=AXIS2_PLACEMENT_3D('',#6234,#4870,#4871);
#4360=AXIS2_PLACEMENT_3D('',#6235,#4872,#4873);
#4361=AXIS2_PLACEMENT_3D('',#6240,#4875,#4876);
#4362=AXIS2_PLACEMENT_3D('',#6243,#4878,#4879);
#4363=AXIS2_PLACEMENT_3D('',#6244,#4880,#4881);
#4364=AXIS2_PLACEMENT_3D('',#6246,#4882,#4883);
#4365=AXIS2_PLACEMENT_3D('',#6248,#4884,#4885);
#4366=AXIS2_PLACEMENT_3D('',#6250,#4886,#4887);
#4367=AXIS2_PLACEMENT_3D('',#6252,#4888,#4889);
#4368=AXIS2_PLACEMENT_3D('',#6254,#4890,#4891);
#4369=AXIS2_PLACEMENT_3D('',#6256,#4892,#4893);
#4370=AXIS2_PLACEMENT_3D('',#6258,#4894,#4895);
#4371=AXIS2_PLACEMENT_3D('',#6260,#4896,#4897);
#4372=AXIS2_PLACEMENT_3D('',#6262,#4898,#4899);
#4373=AXIS2_PLACEMENT_3D('',#6264,#4900,#4901);
#4374=AXIS2_PLACEMENT_3D('',#6266,#4902,#4903);
#4375=AXIS2_PLACEMENT_3D('',#6268,#4904,#4905);
#4376=AXIS2_PLACEMENT_3D('',#6270,#4906,#4907);
#4377=AXIS2_PLACEMENT_3D('',#6272,#4908,#4909);
#4378=AXIS2_PLACEMENT_3D('',#6274,#4910,#4911);
#4379=AXIS2_PLACEMENT_3D('',#6276,#4912,#4913);
#4380=AXIS2_PLACEMENT_3D('',#6278,#4914,#4915);
#4381=AXIS2_PLACEMENT_3D('',#6280,#4916,#4917);
#4382=AXIS2_PLACEMENT_3D('',#6282,#4918,#4919);
#4383=AXIS2_PLACEMENT_3D('',#6284,#4920,#4921);
#4384=AXIS2_PLACEMENT_3D('',#6286,#4922,#4923);
#4385=AXIS2_PLACEMENT_3D('',#6288,#4924,#4925);
#4386=AXIS2_PLACEMENT_3D('',#6290,#4926,#4927);
#4387=AXIS2_PLACEMENT_3D('',#6292,#4928,#4929);
#4388=AXIS2_PLACEMENT_3D('',#6294,#4930,#4931);
#4389=AXIS2_PLACEMENT_3D('',#6296,#4932,#4933);
#4390=AXIS2_PLACEMENT_3D('',#6298,#4934,#4935);
#4391=AXIS2_PLACEMENT_3D('',#6300,#4936,#4937);
#4392=AXIS2_PLACEMENT_3D('',#6302,#4938,#4939);
#4393=AXIS2_PLACEMENT_3D('',#6304,#4940,#4941);
#4394=AXIS2_PLACEMENT_3D('',#6306,#4942,#4943);
#4395=AXIS2_PLACEMENT_3D('',#6308,#4944,#4945);
#4396=AXIS2_PLACEMENT_3D('',#6310,#4946,#4947);
#4397=AXIS2_PLACEMENT_3D('',#6312,#4948,#4949);
#4398=AXIS2_PLACEMENT_3D('',#6314,#4950,#4951);
#4399=AXIS2_PLACEMENT_3D('',#6316,#4952,#4953);
#4400=AXIS2_PLACEMENT_3D('',#6318,#4954,#4955);
#4401=AXIS2_PLACEMENT_3D('',#6320,#4956,#4957);
#4402=AXIS2_PLACEMENT_3D('',#6322,#4958,#4959);
#4403=AXIS2_PLACEMENT_3D('',#6324,#4960,#4961);
#4404=AXIS2_PLACEMENT_3D('',#6326,#4962,#4963);
#4405=AXIS2_PLACEMENT_3D('',#6328,#4964,#4965);
#4406=AXIS2_PLACEMENT_3D('',#6330,#4966,#4967);
#4407=AXIS2_PLACEMENT_3D('',#6332,#4968,#4969);
#4408=AXIS2_PLACEMENT_3D('',#6334,#4970,#4971);
#4409=AXIS2_PLACEMENT_3D('',#6336,#4972,#4973);
#4410=AXIS2_PLACEMENT_3D('',#6338,#4974,#4975);
#4411=AXIS2_PLACEMENT_3D('',#6340,#4976,#4977);
#4412=AXIS2_PLACEMENT_3D('',#6342,#4978,#4979);
#4413=AXIS2_PLACEMENT_3D('',#6344,#4980,#4981);
#4414=AXIS2_PLACEMENT_3D('',#6346,#4982,#4983);
#4415=AXIS2_PLACEMENT_3D('',#6348,#4984,#4985);
#4416=AXIS2_PLACEMENT_3D('',#6350,#4986,#4987);
#4417=AXIS2_PLACEMENT_3D('',#6352,#4988,#4989);
#4418=AXIS2_PLACEMENT_3D('',#6354,#4990,#4991);
#4419=AXIS2_PLACEMENT_3D('',#6356,#4992,#4993);
#4420=AXIS2_PLACEMENT_3D('',#6358,#4994,#4995);
#4421=AXIS2_PLACEMENT_3D('',#6360,#4996,#4997);
#4422=AXIS2_PLACEMENT_3D('',#6362,#4998,#4999);
#4423=AXIS2_PLACEMENT_3D('',#6364,#5000,#5001);
#4424=AXIS2_PLACEMENT_3D('',#6366,#5002,#5003);
#4425=AXIS2_PLACEMENT_3D('',#6368,#5004,#5005);
#4426=AXIS2_PLACEMENT_3D('',#6370,#5006,#5007);
#4427=AXIS2_PLACEMENT_3D('',#6372,#5008,#5009);
#4428=AXIS2_PLACEMENT_3D('',#6374,#5010,#5011);
#4429=AXIS2_PLACEMENT_3D('',#6376,#5012,#5013);
#4430=AXIS2_PLACEMENT_3D('',#6378,#5014,#5015);
#4431=AXIS2_PLACEMENT_3D('',#6380,#5016,#5017);
#4432=AXIS2_PLACEMENT_3D('',#6382,#5018,#5019);
#4433=AXIS2_PLACEMENT_3D('',#6384,#5020,#5021);
#4434=AXIS2_PLACEMENT_3D('',#6386,#5022,#5023);
#4435=AXIS2_PLACEMENT_3D('',#6388,#5024,#5025);
#4436=AXIS2_PLACEMENT_3D('',#6390,#5026,#5027);
#4437=AXIS2_PLACEMENT_3D('',#6392,#5028,#5029);
#4438=AXIS2_PLACEMENT_3D('',#6394,#5030,#5031);
#4439=AXIS2_PLACEMENT_3D('',#6396,#5032,#5033);
#4440=AXIS2_PLACEMENT_3D('',#6398,#5034,#5035);
#4441=AXIS2_PLACEMENT_3D('',#6400,#5036,#5037);
#4442=AXIS2_PLACEMENT_3D('',#6402,#5038,#5039);
#4443=AXIS2_PLACEMENT_3D('',#6404,#5040,#5041);
#4444=AXIS2_PLACEMENT_3D('',#6406,#5042,#5043);
#4445=AXIS2_PLACEMENT_3D('',#6408,#5044,#5045);
#4446=AXIS2_PLACEMENT_3D('',#6410,#5046,#5047);
#4447=AXIS2_PLACEMENT_3D('',#6412,#5048,#5049);
#4448=AXIS2_PLACEMENT_3D('',#6414,#5050,#5051);
#4449=AXIS2_PLACEMENT_3D('',#6416,#5052,#5053);
#4450=AXIS2_PLACEMENT_3D('',#6418,#5054,#5055);
#4451=AXIS2_PLACEMENT_3D('',#6420,#5056,#5057);
#4452=AXIS2_PLACEMENT_3D('',#6422,#5058,#5059);
#4453=AXIS2_PLACEMENT_3D('',#6424,#5060,#5061);
#4454=AXIS2_PLACEMENT_3D('',#6426,#5062,#5063);
#4455=AXIS2_PLACEMENT_3D('',#6428,#5064,#5065);
#4456=AXIS2_PLACEMENT_3D('',#6430,#5066,#5067);
#4457=AXIS2_PLACEMENT_3D('',#6432,#5068,#5069);
#4458=AXIS2_PLACEMENT_3D('',#6434,#5070,#5071);
#4459=AXIS2_PLACEMENT_3D('',#6436,#5072,#5073);
#4460=AXIS2_PLACEMENT_3D('',#6438,#5074,#5075);
#4461=AXIS2_PLACEMENT_3D('',#6440,#5076,#5077);
#4462=AXIS2_PLACEMENT_3D('',#6441,#5078,#5079);
#4463=AXIS2_PLACEMENT_3D('',#6443,#5080,#5081);
#4464=AXIS2_PLACEMENT_3D('',#6444,#5082,#5083);
#4465=AXIS2_PLACEMENT_3D('',#6446,#5084,#5085);
#4466=AXIS2_PLACEMENT_3D('',#6448,#5087,#5088);
#4467=AXIS2_PLACEMENT_3D('',#6450,#5089,#5090);
#4468=AXIS2_PLACEMENT_3D('',#6452,#5092,#5093);
#4469=AXIS2_PLACEMENT_3D('',#6454,#5094,#5095);
#4470=AXIS2_PLACEMENT_3D('',#6456,#5097,#5098);
#4471=AXIS2_PLACEMENT_3D('',#6458,#5099,#5100);
#4472=AXIS2_PLACEMENT_3D('',#6460,#5102,#5103);
#4473=AXIS2_PLACEMENT_3D('',#6462,#5104,#5105);
#4474=AXIS2_PLACEMENT_3D('',#6464,#5107,#5108);
#4475=AXIS2_PLACEMENT_3D('',#6466,#5109,#5110);
#4476=AXIS2_PLACEMENT_3D('',#6468,#5112,#5113);
#4477=AXIS2_PLACEMENT_3D('',#6470,#5114,#5115);
#4478=AXIS2_PLACEMENT_3D('',#6472,#5117,#5118);
#4479=AXIS2_PLACEMENT_3D('',#6474,#5119,#5120);
#4480=AXIS2_PLACEMENT_3D('',#6476,#5122,#5123);
#4481=AXIS2_PLACEMENT_3D('',#6478,#5124,#5125);
#4482=AXIS2_PLACEMENT_3D('',#6480,#5127,#5128);
#4483=AXIS2_PLACEMENT_3D('',#6482,#5129,#5130);
#4484=AXIS2_PLACEMENT_3D('',#6484,#5132,#5133);
#4485=AXIS2_PLACEMENT_3D('',#6486,#5134,#5135);
#4486=AXIS2_PLACEMENT_3D('',#6488,#5137,#5138);
#4487=AXIS2_PLACEMENT_3D('',#6490,#5139,#5140);
#4488=AXIS2_PLACEMENT_3D('',#6492,#5142,#5143);
#4489=AXIS2_PLACEMENT_3D('',#6494,#5144,#5145);
#4490=AXIS2_PLACEMENT_3D('',#6496,#5147,#5148);
#4491=AXIS2_PLACEMENT_3D('',#6498,#5149,#5150);
#4492=AXIS2_PLACEMENT_3D('',#6500,#5152,#5153);
#4493=AXIS2_PLACEMENT_3D('',#6502,#5154,#5155);
#4494=AXIS2_PLACEMENT_3D('',#6504,#5157,#5158);
#4495=AXIS2_PLACEMENT_3D('',#6506,#5159,#5160);
#4496=AXIS2_PLACEMENT_3D('',#6508,#5162,#5163);
#4497=AXIS2_PLACEMENT_3D('',#6510,#5164,#5165);
#4498=AXIS2_PLACEMENT_3D('',#6512,#5167,#5168);
#4499=AXIS2_PLACEMENT_3D('',#6514,#5169,#5170);
#4500=AXIS2_PLACEMENT_3D('',#6516,#5172,#5173);
#4501=AXIS2_PLACEMENT_3D('',#6518,#5174,#5175);
#4502=AXIS2_PLACEMENT_3D('',#6520,#5177,#5178);
#4503=AXIS2_PLACEMENT_3D('',#6522,#5179,#5180);
#4504=AXIS2_PLACEMENT_3D('',#6524,#5182,#5183);
#4505=AXIS2_PLACEMENT_3D('',#6526,#5184,#5185);
#4506=AXIS2_PLACEMENT_3D('',#6528,#5187,#5188);
#4507=AXIS2_PLACEMENT_3D('',#6530,#5189,#5190);
#4508=AXIS2_PLACEMENT_3D('',#6532,#5192,#5193);
#4509=AXIS2_PLACEMENT_3D('',#6534,#5194,#5195);
#4510=AXIS2_PLACEMENT_3D('',#6536,#5197,#5198);
#4511=AXIS2_PLACEMENT_3D('',#6538,#5199,#5200);
#4512=AXIS2_PLACEMENT_3D('',#6540,#5202,#5203);
#4513=AXIS2_PLACEMENT_3D('',#6542,#5204,#5205);
#4514=AXIS2_PLACEMENT_3D('',#6544,#5207,#5208);
#4515=AXIS2_PLACEMENT_3D('',#6546,#5209,#5210);
#4516=AXIS2_PLACEMENT_3D('',#6548,#5212,#5213);
#4517=AXIS2_PLACEMENT_3D('',#6550,#5214,#5215);
#4518=AXIS2_PLACEMENT_3D('',#6552,#5217,#5218);
#4519=AXIS2_PLACEMENT_3D('',#6554,#5219,#5220);
#4520=AXIS2_PLACEMENT_3D('',#6556,#5222,#5223);
#4521=AXIS2_PLACEMENT_3D('',#6558,#5224,#5225);
#4522=AXIS2_PLACEMENT_3D('',#6560,#5227,#5228);
#4523=AXIS2_PLACEMENT_3D('',#6562,#5229,#5230);
#4524=AXIS2_PLACEMENT_3D('',#6564,#5232,#5233);
#4525=AXIS2_PLACEMENT_3D('',#6566,#5234,#5235);
#4526=AXIS2_PLACEMENT_3D('',#6568,#5237,#5238);
#4527=AXIS2_PLACEMENT_3D('',#6570,#5239,#5240);
#4528=AXIS2_PLACEMENT_3D('',#6572,#5242,#5243);
#4529=AXIS2_PLACEMENT_3D('',#6574,#5244,#5245);
#4530=AXIS2_PLACEMENT_3D('',#6576,#5247,#5248);
#4531=AXIS2_PLACEMENT_3D('',#6578,#5249,#5250);
#4532=AXIS2_PLACEMENT_3D('',#6580,#5252,#5253);
#4533=AXIS2_PLACEMENT_3D('',#6582,#5254,#5255);
#4534=AXIS2_PLACEMENT_3D('',#6584,#5257,#5258);
#4535=AXIS2_PLACEMENT_3D('',#6586,#5259,#5260);
#4536=AXIS2_PLACEMENT_3D('',#6588,#5262,#5263);
#4537=AXIS2_PLACEMENT_3D('',#6590,#5264,#5265);
#4538=AXIS2_PLACEMENT_3D('',#6592,#5267,#5268);
#4539=AXIS2_PLACEMENT_3D('',#6594,#5269,#5270);
#4540=AXIS2_PLACEMENT_3D('',#6596,#5272,#5273);
#4541=AXIS2_PLACEMENT_3D('',#6598,#5274,#5275);
#4542=AXIS2_PLACEMENT_3D('',#6600,#5277,#5278);
#4543=AXIS2_PLACEMENT_3D('',#6602,#5279,#5280);
#4544=AXIS2_PLACEMENT_3D('',#6604,#5282,#5283);
#4545=AXIS2_PLACEMENT_3D('',#6606,#5284,#5285);
#4546=AXIS2_PLACEMENT_3D('',#6608,#5287,#5288);
#4547=AXIS2_PLACEMENT_3D('',#6610,#5289,#5290);
#4548=AXIS2_PLACEMENT_3D('',#6612,#5292,#5293);
#4549=AXIS2_PLACEMENT_3D('',#6614,#5294,#5295);
#4550=AXIS2_PLACEMENT_3D('',#6616,#5297,#5298);
#4551=AXIS2_PLACEMENT_3D('',#6618,#5299,#5300);
#4552=AXIS2_PLACEMENT_3D('',#6620,#5302,#5303);
#4553=AXIS2_PLACEMENT_3D('',#6622,#5304,#5305);
#4554=AXIS2_PLACEMENT_3D('',#6624,#5307,#5308);
#4555=AXIS2_PLACEMENT_3D('',#6626,#5309,#5310);
#4556=AXIS2_PLACEMENT_3D('',#6628,#5312,#5313);
#4557=AXIS2_PLACEMENT_3D('',#6630,#5314,#5315);
#4558=AXIS2_PLACEMENT_3D('',#6632,#5317,#5318);
#4559=AXIS2_PLACEMENT_3D('',#6634,#5319,#5320);
#4560=AXIS2_PLACEMENT_3D('',#6636,#5322,#5323);
#4561=AXIS2_PLACEMENT_3D('',#6638,#5324,#5325);
#4562=AXIS2_PLACEMENT_3D('',#6640,#5327,#5328);
#4563=AXIS2_PLACEMENT_3D('',#6642,#5329,#5330);
#4564=AXIS2_PLACEMENT_3D('',#6644,#5332,#5333);
#4565=AXIS2_PLACEMENT_3D('',#6646,#5334,#5335);
#4566=AXIS2_PLACEMENT_3D('',#6648,#5337,#5338);
#4567=AXIS2_PLACEMENT_3D('',#6650,#5339,#5340);
#4568=AXIS2_PLACEMENT_3D('',#6652,#5342,#5343);
#4569=AXIS2_PLACEMENT_3D('',#6654,#5344,#5345);
#4570=AXIS2_PLACEMENT_3D('',#6656,#5347,#5348);
#4571=AXIS2_PLACEMENT_3D('',#6658,#5349,#5350);
#4572=AXIS2_PLACEMENT_3D('',#6660,#5352,#5353);
#4573=AXIS2_PLACEMENT_3D('',#6662,#5354,#5355);
#4574=AXIS2_PLACEMENT_3D('',#6664,#5357,#5358);
#4575=AXIS2_PLACEMENT_3D('',#6666,#5359,#5360);
#4576=AXIS2_PLACEMENT_3D('',#6668,#5362,#5363);
#4577=AXIS2_PLACEMENT_3D('',#6670,#5364,#5365);
#4578=AXIS2_PLACEMENT_3D('',#6672,#5367,#5368);
#4579=AXIS2_PLACEMENT_3D('',#6674,#5369,#5370);
#4580=AXIS2_PLACEMENT_3D('',#6676,#5372,#5373);
#4581=AXIS2_PLACEMENT_3D('',#6678,#5374,#5375);
#4582=AXIS2_PLACEMENT_3D('',#6680,#5377,#5378);
#4583=AXIS2_PLACEMENT_3D('',#6682,#5379,#5380);
#4584=AXIS2_PLACEMENT_3D('',#6684,#5382,#5383);
#4585=AXIS2_PLACEMENT_3D('',#6686,#5384,#5385);
#4586=AXIS2_PLACEMENT_3D('',#6688,#5387,#5388);
#4587=AXIS2_PLACEMENT_3D('',#6690,#5389,#5390);
#4588=AXIS2_PLACEMENT_3D('',#6692,#5392,#5393);
#4589=AXIS2_PLACEMENT_3D('',#6694,#5394,#5395);
#4590=AXIS2_PLACEMENT_3D('',#6696,#5397,#5398);
#4591=AXIS2_PLACEMENT_3D('',#6698,#5399,#5400);
#4592=AXIS2_PLACEMENT_3D('',#6700,#5402,#5403);
#4593=AXIS2_PLACEMENT_3D('',#6702,#5404,#5405);
#4594=AXIS2_PLACEMENT_3D('',#6704,#5407,#5408);
#4595=AXIS2_PLACEMENT_3D('',#6706,#5409,#5410);
#4596=AXIS2_PLACEMENT_3D('',#6708,#5412,#5413);
#4597=AXIS2_PLACEMENT_3D('',#6710,#5414,#5415);
#4598=AXIS2_PLACEMENT_3D('',#6712,#5417,#5418);
#4599=AXIS2_PLACEMENT_3D('',#6714,#5419,#5420);
#4600=AXIS2_PLACEMENT_3D('',#6716,#5422,#5423);
#4601=AXIS2_PLACEMENT_3D('',#6718,#5424,#5425);
#4602=AXIS2_PLACEMENT_3D('',#6720,#5427,#5428);
#4603=AXIS2_PLACEMENT_3D('',#6722,#5429,#5430);
#4604=AXIS2_PLACEMENT_3D('',#6724,#5432,#5433);
#4605=AXIS2_PLACEMENT_3D('',#6726,#5434,#5435);
#4606=AXIS2_PLACEMENT_3D('',#6728,#5437,#5438);
#4607=AXIS2_PLACEMENT_3D('',#6730,#5439,#5440);
#4608=AXIS2_PLACEMENT_3D('',#6732,#5442,#5443);
#4609=AXIS2_PLACEMENT_3D('',#6734,#5444,#5445);
#4610=AXIS2_PLACEMENT_3D('',#6736,#5447,#5448);
#4611=AXIS2_PLACEMENT_3D('',#6738,#5449,#5450);
#4612=AXIS2_PLACEMENT_3D('',#6740,#5452,#5453);
#4613=AXIS2_PLACEMENT_3D('',#6742,#5454,#5455);
#4614=AXIS2_PLACEMENT_3D('',#6744,#5457,#5458);
#4615=AXIS2_PLACEMENT_3D('',#6746,#5459,#5460);
#4616=AXIS2_PLACEMENT_3D('',#6748,#5462,#5463);
#4617=AXIS2_PLACEMENT_3D('',#6750,#5464,#5465);
#4618=AXIS2_PLACEMENT_3D('',#6752,#5467,#5468);
#4619=AXIS2_PLACEMENT_3D('',#6754,#5469,#5470);
#4620=AXIS2_PLACEMENT_3D('',#6756,#5472,#5473);
#4621=AXIS2_PLACEMENT_3D('',#6758,#5474,#5475);
#4622=AXIS2_PLACEMENT_3D('',#6760,#5477,#5478);
#4623=AXIS2_PLACEMENT_3D('',#6762,#5479,#5480);
#4624=AXIS2_PLACEMENT_3D('',#6764,#5482,#5483);
#4625=AXIS2_PLACEMENT_3D('',#6766,#5484,#5485);
#4626=AXIS2_PLACEMENT_3D('',#6768,#5487,#5488);
#4627=AXIS2_PLACEMENT_3D('',#6770,#5489,#5490);
#4628=AXIS2_PLACEMENT_3D('',#6772,#5492,#5493);
#4629=AXIS2_PLACEMENT_3D('',#6774,#5494,#5495);
#4630=AXIS2_PLACEMENT_3D('',#6776,#5497,#5498);
#4631=AXIS2_PLACEMENT_3D('',#6778,#5499,#5500);
#4632=AXIS2_PLACEMENT_3D('',#6780,#5502,#5503);
#4633=AXIS2_PLACEMENT_3D('',#6782,#5504,#5505);
#4634=AXIS2_PLACEMENT_3D('',#6784,#5507,#5508);
#4635=AXIS2_PLACEMENT_3D('',#6786,#5509,#5510);
#4636=AXIS2_PLACEMENT_3D('',#6788,#5512,#5513);
#4637=AXIS2_PLACEMENT_3D('',#6790,#5514,#5515);
#4638=AXIS2_PLACEMENT_3D('',#6792,#5517,#5518);
#4639=AXIS2_PLACEMENT_3D('',#6794,#5519,#5520);
#4640=AXIS2_PLACEMENT_3D('',#6796,#5522,#5523);
#4641=AXIS2_PLACEMENT_3D('',#6798,#5524,#5525);
#4642=AXIS2_PLACEMENT_3D('',#6800,#5527,#5528);
#4643=AXIS2_PLACEMENT_3D('',#6802,#5529,#5530);
#4644=AXIS2_PLACEMENT_3D('',#6804,#5532,#5533);
#4645=AXIS2_PLACEMENT_3D('',#6806,#5534,#5535);
#4646=AXIS2_PLACEMENT_3D('',#6808,#5537,#5538);
#4647=AXIS2_PLACEMENT_3D('',#6810,#5539,#5540);
#4648=AXIS2_PLACEMENT_3D('',#6812,#5542,#5543);
#4649=AXIS2_PLACEMENT_3D('',#6814,#5544,#5545);
#4650=AXIS2_PLACEMENT_3D('',#6816,#5547,#5548);
#4651=AXIS2_PLACEMENT_3D('',#6818,#5549,#5550);
#4652=AXIS2_PLACEMENT_3D('',#6820,#5552,#5553);
#4653=AXIS2_PLACEMENT_3D('',#6822,#5554,#5555);
#4654=AXIS2_PLACEMENT_3D('',#6824,#5557,#5558);
#4655=AXIS2_PLACEMENT_3D('',#6827,#5560,#5561);
#4656=AXIS2_PLACEMENT_3D('',#6828,#5562,#5563);
#4657=AXIS2_PLACEMENT_3D('',#6830,#5564,#5565);
#4658=AXIS2_PLACEMENT_3D('',#6832,#5566,#5567);
#4659=AXIS2_PLACEMENT_3D('',#6833,#5568,#5569);
#4660=AXIS2_PLACEMENT_3D('',#6846,#5576,#5577);
#4661=AXIS2_PLACEMENT_3D('',#6848,#5579,#5580);
#4662=AXIS2_PLACEMENT_3D('',#6850,#5582,#5583);
#4663=AXIS2_PLACEMENT_3D('',#6856,#5587,#5588);
#4664=AXIS2_PLACEMENT_3D('',#6860,#5591,#5592);
#4665=AXIS2_PLACEMENT_3D('',#6864,#5595,#5596);
#4666=AXIS2_PLACEMENT_3D('',#6868,#5599,#5600);
#4667=AXIS2_PLACEMENT_3D('',#6872,#5603,#5604);
#4668=AXIS2_PLACEMENT_3D('',#6874,#5606,#5607);
#4669=AXIS2_PLACEMENT_3D('',#6876,#5608,#5609);
#4670=AXIS2_PLACEMENT_3D('',#6877,#5610,#5611);
#4671=AXIS2_PLACEMENT_3D('',#6879,#5613,#5614);
#4672=AXIS2_PLACEMENT_3D('',#6880,#5615,#5616);
#4673=AXIS2_PLACEMENT_3D('',#7026,#5619,#5620);
#4674=AXIS2_PLACEMENT_3D('',#7029,#5622,#5623);
#4675=AXIS2_PLACEMENT_3D('',#7030,#5624,#5625);
#4676=AXIS2_PLACEMENT_3D('',#7039,#5630,#5631);
#4677=AXIS2_PLACEMENT_3D('',#7045,#5635,#5636);
#4678=AXIS2_PLACEMENT_3D('',#7090,#5659,#5660);
#4679=AXIS2_PLACEMENT_3D('',#7091,#5661,#5662);
#4680=AXIS2_PLACEMENT_3D('',#7097,#5666,#5667);
#4681=AXIS2_PLACEMENT_3D('',#7099,#5669,#5670);
#4682=AXIS2_PLACEMENT_3D('',#7139,#5691,#5692);
#4683=AXIS2_PLACEMENT_3D('',#7142,#5695,#5696);
#4684=AXIS2_PLACEMENT_3D('',#7143,#5697,#5698);
#4685=AXIS2_PLACEMENT_3D('',#7146,#5701,#5702);
#4686=AXIS2_PLACEMENT_3D('',#7147,#5703,#5704);
#4687=AXIS2_PLACEMENT_3D('',#7150,#5707,#5708);
#4688=AXIS2_PLACEMENT_3D('',#7151,#5709,#5710);
#4689=AXIS2_PLACEMENT_3D('',#7154,#5713,#5714);
#4690=AXIS2_PLACEMENT_3D('',#7155,#5715,#5716);
#4691=AXIS2_PLACEMENT_3D('',#7158,#5719,#5720);
#4692=AXIS2_PLACEMENT_3D('',#7159,#5721,#5722);
#4693=AXIS2_PLACEMENT_3D('',#7162,#5725,#5726);
#4694=AXIS2_PLACEMENT_3D('',#7163,#5727,#5728);
#4695=AXIS2_PLACEMENT_3D('',#7166,#5731,#5732);
#4696=AXIS2_PLACEMENT_3D('',#7167,#5733,#5734);
#4697=AXIS2_PLACEMENT_3D('',#7170,#5737,#5738);
#4698=AXIS2_PLACEMENT_3D('',#7171,#5739,#5740);
#4699=AXIS2_PLACEMENT_3D('',#7174,#5743,#5744);
#4700=AXIS2_PLACEMENT_3D('',#7175,#5745,#5746);
#4701=AXIS2_PLACEMENT_3D('',#7177,#5748,#5749);
#4702=AXIS2_PLACEMENT_3D('',#7178,#5750,#5751);
#4703=AXIS2_PLACEMENT_3D('',#7180,#5753,#5754);
#4704=AXIS2_PLACEMENT_3D('',#7181,#5755,#5756);
#4705=AXIS2_PLACEMENT_3D('',#7182,#5757,#5758);
#4706=AXIS2_PLACEMENT_3D('',#7185,#5759,#5760);
#4707=AXIS2_PLACEMENT_3D('',#7189,#5762,#5763);
#4708=AXIS2_PLACEMENT_3D('',#7191,#5765,#5766);
#4709=AXIS2_PLACEMENT_3D('',#7195,#5768,#5769);
#4710=AXIS2_PLACEMENT_3D('',#7199,#5771,#5772);
#4711=AXIS2_PLACEMENT_3D('',#7203,#5774,#5775);
#4712=AXIS2_PLACEMENT_3D('',#7207,#5777,#5778);
#4713=AXIS2_PLACEMENT_3D('',#7214,#5782,#5783);
#4714=AXIS2_PLACEMENT_3D('',#7215,#5784,#5785);
#4715=AXIS2_PLACEMENT_3D('',#7219,#5788,#5789);
#4716=AXIS2_PLACEMENT_3D('',#7221,#5790,#5791);
#4717=AXIS2_PLACEMENT_3D('',#7223,#5793,#5794);
#4718=AXIS2_PLACEMENT_3D('',#7226,#5795,#5796);
#4719=AXIS2_PLACEMENT_3D('',#7229,#5799,#5800);
#4720=AXIS2_PLACEMENT_3D('',#7233,#5803,#5804);
#4721=AXIS2_PLACEMENT_3D('',#7235,#5805,#5806);
#4722=AXIS2_PLACEMENT_3D('',#7237,#5808,#5809);
#4723=AXIS2_PLACEMENT_3D('',#7240,#5810,#5811);
#4724=AXIS2_PLACEMENT_3D('',#7247,#5815,#5816);
#4725=AXIS2_PLACEMENT_3D('',#7248,#5817,#5818);
#4726=AXIS2_PLACEMENT_3D('',#7252,#5820,#5821);
#4727=AXIS2_PLACEMENT_3D('',#7254,#5823,#5824);
#4728=AXIS2_PLACEMENT_3D('',#7256,#5825,#5826);
#4729=AXIS2_PLACEMENT_3D('',#7258,#5828,#5829);
#4730=AXIS2_PLACEMENT_3D('',#7264,#5833,#5834);
#4731=AXIS2_PLACEMENT_3D('',#7266,#5836,#5837);
#4732=AXIS2_PLACEMENT_3D('',#7268,#5839,#5840);
#4733=AXIS2_PLACEMENT_3D('',#7270,#5841,#5842);
#4734=AXIS2_PLACEMENT_3D('',#7272,#5844,#5845);
#4735=AXIS2_PLACEMENT_3D('',#7278,#5849,#5850);
#4736=AXIS2_PLACEMENT_3D('',#7280,#5852,#5853);
#4737=AXIS2_PLACEMENT_3D('',#7282,#5855,#5856);
#4738=AXIS2_PLACEMENT_3D('',#7286,#5859,#5860);
#4739=AXIS2_PLACEMENT_3D('',#7288,#5861,#5862);
#4740=AXIS2_PLACEMENT_3D('',#7290,#5864,#5865);
#4741=AXIS2_PLACEMENT_3D('',#7292,#5867,#5868);
#4742=AXIS2_PLACEMENT_3D('',#7293,#5869,#5870);
#4743=AXIS2_PLACEMENT_3D('',#7296,#5871,#5872);
#4744=AXIS2_PLACEMENT_3D('',#7300,#5874,#5875);
#4745=AXIS2_PLACEMENT_3D('',#7302,#5877,#5878);
#4746=AXIS2_PLACEMENT_3D('',#7306,#5880,#5881);
#4747=AXIS2_PLACEMENT_3D('',#7313,#5885,#5886);
#4748=AXIS2_PLACEMENT_3D('',#7314,#5887,#5888);
#4749=AXIS2_PLACEMENT_3D('',#7318,#5891,#5892);
#4750=AXIS2_PLACEMENT_3D('',#7320,#5893,#5894);
#4751=AXIS2_PLACEMENT_3D('',#7322,#5896,#5897);
#4752=AXIS2_PLACEMENT_3D('',#7329,#5901,#5902);
#4753=AXIS2_PLACEMENT_3D('',#7335,#5906,#5907);
#4754=AXIS2_PLACEMENT_3D('',#7339,#5910,#5911);
#4755=AXIS2_PLACEMENT_3D('',#7345,#5914,#5915);
#4756=AXIS2_PLACEMENT_3D('',#7350,#5918,#5919);
#4757=AXIS2_PLACEMENT_3D('',#7352,#5920,#5921);
#4758=AXIS2_PLACEMENT_3D('',#7358,#5925,#5926);
#4759=AXIS2_PLACEMENT_3D('',#7366,#5930,#5931);
#4760=AXIS2_PLACEMENT_3D('',#7369,#5933,#5934);
#4761=AXIS2_PLACEMENT_3D('',#7370,#5935,#5936);
#4762=AXIS2_PLACEMENT_3D('',#7378,#5941,#5942);
#4763=AXIS2_PLACEMENT_3D('',#7388,#5947,#5948);
#4764=AXIS2_PLACEMENT_3D('',#7391,#5950,#5951);
#4765=AXIS2_PLACEMENT_3D('',#7396,#5953,#5954);
#4766=AXIS2_PLACEMENT_3D('',#7399,#5956,#5957);
#4767=AXIS2_PLACEMENT_3D('',#7400,#5958,#5959);
#4768=AXIS2_PLACEMENT_3D('',#7404,#5961,#5962);
#4769=AXIS2_PLACEMENT_3D('',#7407,#5964,#5965);
#4770=AXIS2_PLACEMENT_3D('',#7409,#5966,#5967);
#4771=AXIS2_PLACEMENT_3D('',#7410,#5968,#5969);
#4772=AXIS2_PLACEMENT_3D('',#7416,#5973,#5974);
#4773=AXIS2_PLACEMENT_3D('',#7419,#5976,#5977);
#4774=AXIS2_PLACEMENT_3D('',#7420,#5978,#5979);
#4775=AXIS2_PLACEMENT_3D('',#7424,#5982,#5983);
#4776=AXIS2_PLACEMENT_3D('',#7425,#5984,#5985);
#4777=AXIS2_PLACEMENT_3D('',#7426,#5986,#5987);
#4778=AXIS2_PLACEMENT_3D('',#7429,#5990,#5991);
#4779=AXIS2_PLACEMENT_3D('',#7431,#5993,#5994);
#4780=AXIS2_PLACEMENT_3D('',#7433,#5996,#5997);
#4781=AXIS2_PLACEMENT_3D('',#7434,#5998,#5999);
#4782=AXIS2_PLACEMENT_3D('',#7437,#6001,#6002);
#4783=AXIS2_PLACEMENT_3D('',#7438,#6003,#6004);
#4784=AXIS2_PLACEMENT_3D('',#7440,#6006,#6007);
#4785=AXIS2_PLACEMENT_3D('',#7442,#6009,#6010);
#4786=AXIS2_PLACEMENT_3D('',#7443,#6011,#6012);
#4787=AXIS2_PLACEMENT_3D('',#7445,#6013,#6014);
#4788=AXIS2_PLACEMENT_3D('',#7447,#6016,#6017);
#4789=AXIS2_PLACEMENT_3D('',#7449,#6018,#6019);
#4790=AXIS2_PLACEMENT_3D('',#7451,#6021,#6022);
#4791=AXIS2_PLACEMENT_3D('',#7452,#6023,#6024);
#4792=AXIS2_PLACEMENT_3D('',#7454,#6025,#6026);
#4793=AXIS2_PLACEMENT_3D('',#7456,#6028,#6029);
#4794=AXIS2_PLACEMENT_3D('',#7458,#6030,#6031);
#4795=AXIS2_PLACEMENT_3D('',#7460,#6033,#6034);
#4796=AXIS2_PLACEMENT_3D('',#7461,#6035,#6036);
#4797=AXIS2_PLACEMENT_3D('',#7463,#6038,#6039);
#4798=AXIS2_PLACEMENT_3D('',#7465,#6041,#6042);
#4799=AXIS2_PLACEMENT_3D('',#7467,#6044,#6045);
#4800=AXIS2_PLACEMENT_3D('',#7468,#6046,#6047);
#4801=AXIS2_PLACEMENT_3D('',#7471,#6048,#6049);
#4802=AXIS2_PLACEMENT_3D('',#7475,#6051,#6052);
#4803=AXIS2_PLACEMENT_3D('',#7477,#6054,#6055);
#4804=AXIS2_PLACEMENT_3D('',#7481,#6057,#6058);
#4805=AXIS2_PLACEMENT_3D('',#7488,#6062,#6063);
#4806=AXIS2_PLACEMENT_3D('',#7489,#6064,#6065);
#4807=AXIS2_PLACEMENT_3D('',#7493,#6068,#6069);
#4808=AXIS2_PLACEMENT_3D('',#7495,#6070,#6071);
#4809=AXIS2_PLACEMENT_3D('',#7497,#6073,#6074);
#4810=AXIS2_PLACEMENT_3D('',#7504,#6078,#6079);
#4811=AXIS2_PLACEMENT_3D('',#7510,#6083,#6084);
#4812=AXIS2_PLACEMENT_3D('',#7514,#6087,#6088);
#4813=AXIS2_PLACEMENT_3D('',#7520,#6091,#6092);
#4814=AXIS2_PLACEMENT_3D('',#7525,#6095,#6096);
#4815=AXIS2_PLACEMENT_3D('',#7527,#6097,#6098);
#4816=AXIS2_PLACEMENT_3D('',#7533,#6102,#6103);
#4817=AXIS2_PLACEMENT_3D('',#7541,#6107,#6108);
#4818=AXIS2_PLACEMENT_3D('',#7544,#6110,#6111);
#4819=AXIS2_PLACEMENT_3D('',#7545,#6112,#6113);
#4820=AXIS2_PLACEMENT_3D('',#7553,#6118,#6119);
#4821=AXIS2_PLACEMENT_3D('',#7563,#6124,#6125);
#4822=AXIS2_PLACEMENT_3D('',#7566,#6127,#6128);
#4823=AXIS2_PLACEMENT_3D('',#7571,#6130,#6131);
#4824=AXIS2_PLACEMENT_3D('',#7574,#6133,#6134);
#4825=AXIS2_PLACEMENT_3D('',#7575,#6135,#6136);
#4826=AXIS2_PLACEMENT_3D('',#7579,#6138,#6139);
#4827=AXIS2_PLACEMENT_3D('',#7582,#6141,#6142);
#4828=AXIS2_PLACEMENT_3D('',#7584,#6143,#6144);
#4829=AXIS2_PLACEMENT_3D('',#7585,#6145,#6146);
#4830=AXIS2_PLACEMENT_3D('',#7591,#6150,#6151);
#4831=AXIS2_PLACEMENT_3D('',#7594,#6153,#6154);
#4832=AXIS2_PLACEMENT_3D('',#7595,#6155,#6156);
#4833=AXIS2_PLACEMENT_3D('',#7599,#6159,#6160);
#4834=AXIS2_PLACEMENT_3D('',#7600,#6161,#6162);
#4835=AXIS2_PLACEMENT_3D('',#7601,#6163,#6164);
#4836=AXIS2_PLACEMENT_3D('',#7604,#6167,#6168);
#4837=AXIS2_PLACEMENT_3D('',#7606,#6170,#6171);
#4838=AXIS2_PLACEMENT_3D('',#7608,#6173,#6174);
#4839=AXIS2_PLACEMENT_3D('',#7609,#6175,#6176);
#4840=AXIS2_PLACEMENT_3D('',#7612,#6178,#6179);
#4841=AXIS2_PLACEMENT_3D('',#7613,#6180,#6181);
#4842=AXIS2_PLACEMENT_3D('',#7615,#6183,#6184);
#4843=AXIS2_PLACEMENT_3D('',#7617,#6186,#6187);
#4844=AXIS2_PLACEMENT_3D('',#7618,#6188,#6189);
#4845=AXIS2_PLACEMENT_3D('',#7620,#6190,#6191);
#4846=AXIS2_PLACEMENT_3D('',#7622,#6193,#6194);
#4847=AXIS2_PLACEMENT_3D('',#7624,#6195,#6196);
#4848=AXIS2_PLACEMENT_3D('',#7626,#6198,#6199);
#4849=AXIS2_PLACEMENT_3D('',#7627,#6200,#6201);
#4850=AXIS2_PLACEMENT_3D('',#7629,#6202,#6203);
#4851=AXIS2_PLACEMENT_3D('',#7631,#6205,#6206);
#4852=AXIS2_PLACEMENT_3D('',#7633,#6207,#6208);
#4853=AXIS2_PLACEMENT_3D('',#7635,#6210,#6211);
#4854=AXIS2_PLACEMENT_3D('',#7636,#6212,#6213);
#4855=AXIS2_PLACEMENT_3D('',#7638,#6215,#6216);
#4856=AXIS2_PLACEMENT_3D('',#7640,#6218,#6219);
#4857=AXIS2_PLACEMENT_3D('',#7642,#6221,#6222);
#4858=AXIS2_PLACEMENT_3D('',#7643,#6223,#6224);
#4859=AXIS2_PLACEMENT_3D('',#7644,#6225,#6226);
#4860=DIRECTION('axis',(0.,0.,1.));
#4861=DIRECTION('refdir',(1.,0.,0.));
#4862=DIRECTION('axis',(0.,0.,1.));
#4863=DIRECTION('refdir',(1.,0.,0.));
#4864=DIRECTION('axis',(0.,0.,1.));
#4865=DIRECTION('refdir',(1.,0.,0.));
#4866=DIRECTION('center_axis',(0.,1.,0.));
#4867=DIRECTION('ref_axis',(-1.,0.,0.));
#4868=DIRECTION('center_axis',(0.,-1.,0.));
#4869=DIRECTION('ref_axis',(-1.,0.,0.));
#4870=DIRECTION('center_axis',(0.,1.,0.));
#4871=DIRECTION('ref_axis',(-1.,0.,0.));
#4872=DIRECTION('center_axis',(0.,-1.,0.));
#4873=DIRECTION('ref_axis',(0.992114701314479,0.,0.125333233564295));
#4874=DIRECTION('',(0.,-1.,0.));
#4875=DIRECTION('center_axis',(0.,1.,0.));
#4876=DIRECTION('ref_axis',(-0.992114701314478,0.,-0.125333233564304));
#4877=DIRECTION('',(0.,1.,0.));
#4878=DIRECTION('center_axis',(0.,-1.,0.));
#4879=DIRECTION('ref_axis',(-0.992114701314478,0.,-0.125333233564304));
#4880=DIRECTION('center_axis',(0.,1.,0.));
#4881=DIRECTION('ref_axis',(-1.,0.,0.));
#4882=DIRECTION('center_axis',(0.,1.,0.));
#4883=DIRECTION('ref_axis',(-1.,0.,0.));
#4884=DIRECTION('center_axis',(0.,-1.,0.));
#4885=DIRECTION('ref_axis',(-0.968583161128631,0.,-0.248689887164854));
#4886=DIRECTION('center_axis',(0.,1.,0.));
#4887=DIRECTION('ref_axis',(-1.,0.,0.));
#4888=DIRECTION('center_axis',(0.,-1.,0.));
#4889=DIRECTION('ref_axis',(-0.929776485888251,0.,-0.368124552684678));
#4890=DIRECTION('center_axis',(0.,1.,0.));
#4891=DIRECTION('ref_axis',(-1.,0.,0.));
#4892=DIRECTION('center_axis',(0.,-1.,0.));
#4893=DIRECTION('ref_axis',(-0.876306680043864,0.,-0.481753674101715));
#4894=DIRECTION('center_axis',(0.,1.,0.));
#4895=DIRECTION('ref_axis',(-1.,0.,0.));
#4896=DIRECTION('center_axis',(0.,-1.,0.));
#4897=DIRECTION('ref_axis',(-0.809016994374948,0.,-0.587785252292473));
#4898=DIRECTION('center_axis',(0.,1.,0.));
#4899=DIRECTION('ref_axis',(-1.,0.,0.));
#4900=DIRECTION('center_axis',(0.,-1.,0.));
#4901=DIRECTION('ref_axis',(-0.728968627421412,0.,-0.684547105928688));
#4902=DIRECTION('center_axis',(0.,1.,0.));
#4903=DIRECTION('ref_axis',(-1.,0.,0.));
#4904=DIRECTION('center_axis',(0.,-1.,0.));
#4905=DIRECTION('ref_axis',(-0.63742398974869,0.,-0.770513242775789));
#4906=DIRECTION('center_axis',(0.,1.,0.));
#4907=DIRECTION('ref_axis',(-1.,0.,0.));
#4908=DIRECTION('center_axis',(0.,-1.,0.));
#4909=DIRECTION('ref_axis',(-0.535826794978997,0.,-0.844327925502015));
#4910=DIRECTION('center_axis',(0.,1.,0.));
#4911=DIRECTION('ref_axis',(-1.,0.,0.));
#4912=DIRECTION('center_axis',(0.,-1.,0.));
#4913=DIRECTION('ref_axis',(-0.425779291565073,0.,-0.90482705246602));
#4914=DIRECTION('center_axis',(0.,1.,0.));
#4915=DIRECTION('ref_axis',(-1.,0.,0.));
#4916=DIRECTION('center_axis',(0.,-1.,0.));
#4917=DIRECTION('ref_axis',(-0.309016994374947,0.,-0.951056516295154));
#4918=DIRECTION('center_axis',(0.,1.,0.));
#4919=DIRECTION('ref_axis',(-1.,0.,0.));
#4920=DIRECTION('center_axis',(0.,-1.,0.));
#4921=DIRECTION('ref_axis',(-0.187381314585725,0.,-0.982287250728689));
#4922=DIRECTION('center_axis',(0.,1.,0.));
#4923=DIRECTION('ref_axis',(-1.,0.,0.));
#4924=DIRECTION('center_axis',(0.,-1.,0.));
#4925=DIRECTION('ref_axis',(-0.0627905195293137,0.,-0.998026728428271));
#4926=DIRECTION('center_axis',(0.,1.,0.));
#4927=DIRECTION('ref_axis',(-1.,0.,0.));
#4928=DIRECTION('center_axis',(0.,-1.,0.));
#4929=DIRECTION('ref_axis',(0.0627905195293132,0.,-0.998026728428271));
#4930=DIRECTION('center_axis',(0.,1.,0.));
#4931=DIRECTION('ref_axis',(-1.,0.,0.));
#4932=DIRECTION('center_axis',(0.,-1.,0.));
#4933=DIRECTION('ref_axis',(0.187381314585725,0.,-0.982287250728689));
#4934=DIRECTION('center_axis',(0.,1.,0.));
#4935=DIRECTION('ref_axis',(-1.,0.,0.));
#4936=DIRECTION('center_axis',(0.,-1.,0.));
#4937=DIRECTION('ref_axis',(0.309016994374948,0.,-0.951056516295153));
#4938=DIRECTION('center_axis',(0.,1.,0.));
#4939=DIRECTION('ref_axis',(-1.,0.,0.));
#4940=DIRECTION('center_axis',(0.,-1.,0.));
#4941=DIRECTION('ref_axis',(0.425779291565072,0.,-0.90482705246602));
#4942=DIRECTION('center_axis',(0.,1.,0.));
#4943=DIRECTION('ref_axis',(-1.,0.,0.));
#4944=DIRECTION('center_axis',(0.,-1.,0.));
#4945=DIRECTION('ref_axis',(0.535826794978996,0.,-0.844327925502015));
#4946=DIRECTION('center_axis',(0.,1.,0.));
#4947=DIRECTION('ref_axis',(-1.,0.,0.));
#4948=DIRECTION('center_axis',(0.,-1.,0.));
#4949=DIRECTION('ref_axis',(0.63742398974869,0.,-0.770513242775789));
#4950=DIRECTION('center_axis',(0.,1.,0.));
#4951=DIRECTION('ref_axis',(-1.,0.,0.));
#4952=DIRECTION('center_axis',(0.,-1.,0.));
#4953=DIRECTION('ref_axis',(0.728968627421411,0.,-0.684547105928689));
#4954=DIRECTION('center_axis',(0.,1.,0.));
#4955=DIRECTION('ref_axis',(-1.,0.,0.));
#4956=DIRECTION('center_axis',(0.,-1.,0.));
#4957=DIRECTION('ref_axis',(0.809016994374947,0.,-0.587785252292473));
#4958=DIRECTION('center_axis',(0.,1.,0.));
#4959=DIRECTION('ref_axis',(-1.,0.,0.));
#4960=DIRECTION('center_axis',(0.,-1.,0.));
#4961=DIRECTION('ref_axis',(0.876306680043863,0.,-0.481753674101715));
#4962=DIRECTION('center_axis',(0.,1.,0.));
#4963=DIRECTION('ref_axis',(-1.,0.,0.));
#4964=DIRECTION('center_axis',(0.,-1.,0.));
#4965=DIRECTION('ref_axis',(0.929776485888251,0.,-0.368124552684678));
#4966=DIRECTION('center_axis',(0.,1.,0.));
#4967=DIRECTION('ref_axis',(-1.,0.,0.));
#4968=DIRECTION('center_axis',(0.,-1.,0.));
#4969=DIRECTION('ref_axis',(0.968583161128631,0.,-0.248689887164855));
#4970=DIRECTION('center_axis',(0.,1.,0.));
#4971=DIRECTION('ref_axis',(-1.,0.,0.));
#4972=DIRECTION('center_axis',(0.,-1.,0.));
#4973=DIRECTION('ref_axis',(0.992114701314478,0.,-0.125333233564304));
#4974=DIRECTION('center_axis',(0.,1.,0.));
#4975=DIRECTION('ref_axis',(-1.,0.,0.));
#4976=DIRECTION('center_axis',(0.,-1.,0.));
#4977=DIRECTION('ref_axis',(1.,0.,-3.21624529935327E-16));
#4978=DIRECTION('center_axis',(0.,1.,0.));
#4979=DIRECTION('ref_axis',(-1.,0.,0.));
#4980=DIRECTION('center_axis',(0.,-1.,0.));
#4981=DIRECTION('ref_axis',(0.992114701314478,0.,0.125333233564304));
#4982=DIRECTION('center_axis',(0.,1.,0.));
#4983=DIRECTION('ref_axis',(-1.,0.,0.));
#4984=DIRECTION('center_axis',(0.,-1.,0.));
#4985=DIRECTION('ref_axis',(0.968583161128631,0.,0.248689887164855));
#4986=DIRECTION('center_axis',(0.,1.,0.));
#4987=DIRECTION('ref_axis',(-1.,0.,0.));
#4988=DIRECTION('center_axis',(0.,-1.,0.));
#4989=DIRECTION('ref_axis',(0.929776485888252,0.,0.368124552684678));
#4990=DIRECTION('center_axis',(0.,1.,0.));
#4991=DIRECTION('ref_axis',(-1.,0.,0.));
#4992=DIRECTION('center_axis',(0.,-1.,0.));
#4993=DIRECTION('ref_axis',(0.876306680043864,0.,0.481753674101715));
#4994=DIRECTION('center_axis',(0.,1.,0.));
#4995=DIRECTION('ref_axis',(-1.,0.,0.));
#4996=DIRECTION('center_axis',(0.,-1.,0.));
#4997=DIRECTION('ref_axis',(0.809016994374947,0.,0.587785252292473));
#4998=DIRECTION('center_axis',(0.,1.,0.));
#4999=DIRECTION('ref_axis',(-1.,0.,0.));
#5000=DIRECTION('center_axis',(0.,-1.,0.));
#5001=DIRECTION('ref_axis',(0.728968627421412,0.,0.684547105928688));
#5002=DIRECTION('center_axis',(0.,1.,0.));
#5003=DIRECTION('ref_axis',(-1.,0.,0.));
#5004=DIRECTION('center_axis',(0.,-1.,0.));
#5005=DIRECTION('ref_axis',(0.63742398974869,0.,0.770513242775789));
#5006=DIRECTION('center_axis',(0.,1.,0.));
#5007=DIRECTION('ref_axis',(-1.,0.,0.));
#5008=DIRECTION('center_axis',(0.,-1.,0.));
#5009=DIRECTION('ref_axis',(0.535826794978997,0.,0.844327925502015));
#5010=DIRECTION('center_axis',(0.,1.,0.));
#5011=DIRECTION('ref_axis',(-1.,0.,0.));
#5012=DIRECTION('center_axis',(0.,-1.,0.));
#5013=DIRECTION('ref_axis',(0.425779291565073,0.,0.904827052466019));
#5014=DIRECTION('center_axis',(0.,1.,0.));
#5015=DIRECTION('ref_axis',(-1.,0.,0.));
#5016=DIRECTION('center_axis',(0.,-1.,0.));
#5017=DIRECTION('ref_axis',(0.309016994374948,0.,0.951056516295153));
#5018=DIRECTION('center_axis',(0.,1.,0.));
#5019=DIRECTION('ref_axis',(-1.,0.,0.));
#5020=DIRECTION('center_axis',(0.,-1.,0.));
#5021=DIRECTION('ref_axis',(0.187381314585725,0.,0.982287250728689));
#5022=DIRECTION('center_axis',(0.,1.,0.));
#5023=DIRECTION('ref_axis',(-1.,0.,0.));
#5024=DIRECTION('center_axis',(0.,-1.,0.));
#5025=DIRECTION('ref_axis',(0.0627905195293134,0.,0.998026728428271));
#5026=DIRECTION('center_axis',(0.,1.,0.));
#5027=DIRECTION('ref_axis',(-1.,0.,0.));
#5028=DIRECTION('center_axis',(0.,-1.,0.));
#5029=DIRECTION('ref_axis',(-0.0627905195293133,0.,0.998026728428271));
#5030=DIRECTION('center_axis',(0.,1.,0.));
#5031=DIRECTION('ref_axis',(-1.,0.,0.));
#5032=DIRECTION('center_axis',(0.,-1.,0.));
#5033=DIRECTION('ref_axis',(-0.187381314585725,0.,0.982287250728689));
#5034=DIRECTION('center_axis',(0.,1.,0.));
#5035=DIRECTION('ref_axis',(-1.,0.,0.));
#5036=DIRECTION('center_axis',(0.,-1.,0.));
#5037=DIRECTION('ref_axis',(-0.309016994374947,0.,0.951056516295153));
#5038=DIRECTION('center_axis',(0.,1.,0.));
#5039=DIRECTION('ref_axis',(-1.,0.,0.));
#5040=DIRECTION('center_axis',(0.,-1.,0.));
#5041=DIRECTION('ref_axis',(-0.425779291565073,0.,0.90482705246602));
#5042=DIRECTION('center_axis',(0.,1.,0.));
#5043=DIRECTION('ref_axis',(-1.,0.,0.));
#5044=DIRECTION('center_axis',(0.,-1.,0.));
#5045=DIRECTION('ref_axis',(-0.535826794978997,0.,0.844327925502015));
#5046=DIRECTION('center_axis',(0.,1.,0.));
#5047=DIRECTION('ref_axis',(-1.,0.,0.));
#5048=DIRECTION('center_axis',(0.,-1.,0.));
#5049=DIRECTION('ref_axis',(-0.63742398974869,0.,0.770513242775789));
#5050=DIRECTION('center_axis',(0.,1.,0.));
#5051=DIRECTION('ref_axis',(-1.,0.,0.));
#5052=DIRECTION('center_axis',(0.,-1.,0.));
#5053=DIRECTION('ref_axis',(-0.728968627421411,0.,0.684547105928689));
#5054=DIRECTION('center_axis',(0.,1.,0.));
#5055=DIRECTION('ref_axis',(-1.,0.,0.));
#5056=DIRECTION('center_axis',(0.,-1.,0.));
#5057=DIRECTION('ref_axis',(-0.809016994374947,0.,0.587785252292473));
#5058=DIRECTION('center_axis',(0.,1.,0.));
#5059=DIRECTION('ref_axis',(-1.,0.,0.));
#5060=DIRECTION('center_axis',(0.,-1.,0.));
#5061=DIRECTION('ref_axis',(-0.876306680043864,0.,0.481753674101715));
#5062=DIRECTION('center_axis',(0.,1.,0.));
#5063=DIRECTION('ref_axis',(-1.,0.,0.));
#5064=DIRECTION('center_axis',(0.,-1.,0.));
#5065=DIRECTION('ref_axis',(-0.929776485888251,0.,0.368124552684678));
#5066=DIRECTION('center_axis',(0.,1.,0.));
#5067=DIRECTION('ref_axis',(-1.,0.,0.));
#5068=DIRECTION('center_axis',(0.,-1.,0.));
#5069=DIRECTION('ref_axis',(-0.968583161128631,0.,0.248689887164855));
#5070=DIRECTION('center_axis',(0.,1.,0.));
#5071=DIRECTION('ref_axis',(-1.,0.,0.));
#5072=DIRECTION('center_axis',(0.,-1.,0.));
#5073=DIRECTION('ref_axis',(-0.992114701314478,0.,0.125333233564304));
#5074=DIRECTION('center_axis',(0.,1.,0.));
#5075=DIRECTION('ref_axis',(-1.,0.,0.));
#5076=DIRECTION('center_axis',(0.,-1.,0.));
#5077=DIRECTION('ref_axis',(-1.,0.,0.));
#5078=DIRECTION('center_axis',(0.,1.,0.));
#5079=DIRECTION('ref_axis',(-1.,0.,0.));
#5080=DIRECTION('center_axis',(0.,1.,0.));
#5081=DIRECTION('ref_axis',(-1.,0.,0.));
#5082=DIRECTION('center_axis',(0.,1.,0.));
#5083=DIRECTION('ref_axis',(-1.,0.,0.));
#5084=DIRECTION('center_axis',(0.,1.,0.));
#5085=DIRECTION('ref_axis',(-1.,0.,0.));
#5086=DIRECTION('',(0.,-1.,0.));
#5087=DIRECTION('center_axis',(0.,-1.,0.));
#5088=DIRECTION('ref_axis',(0.968583161128629,0.,0.248689887164863));
#5089=DIRECTION('center_axis',(0.,1.,0.));
#5090=DIRECTION('ref_axis',(-0.968583161128631,0.,-0.248689887164854));
#5091=DIRECTION('',(0.,1.,0.));
#5092=DIRECTION('center_axis',(0.,1.,0.));
#5093=DIRECTION('ref_axis',(-1.,0.,0.));
#5094=DIRECTION('center_axis',(0.,1.,0.));
#5095=DIRECTION('ref_axis',(-1.,0.,0.));
#5096=DIRECTION('',(0.,-1.,0.));
#5097=DIRECTION('center_axis',(0.,-1.,0.));
#5098=DIRECTION('ref_axis',(0.929776485888255,0.,0.36812455268467));
#5099=DIRECTION('center_axis',(0.,1.,0.));
#5100=DIRECTION('ref_axis',(-0.929776485888251,0.,-0.368124552684678));
#5101=DIRECTION('',(0.,1.,0.));
#5102=DIRECTION('center_axis',(0.,1.,0.));
#5103=DIRECTION('ref_axis',(-1.,0.,0.));
#5104=DIRECTION('center_axis',(0.,1.,0.));
#5105=DIRECTION('ref_axis',(-1.,0.,0.));
#5106=DIRECTION('',(0.,-1.,0.));
#5107=DIRECTION('center_axis',(0.,-1.,0.));
#5108=DIRECTION('ref_axis',(0.876306680043867,0.,0.481753674101708));
#5109=DIRECTION('center_axis',(0.,1.,0.));
#5110=DIRECTION('ref_axis',(-0.876306680043864,0.,-0.481753674101715));
#5111=DIRECTION('',(0.,1.,0.));
#5112=DIRECTION('center_axis',(0.,1.,0.));
#5113=DIRECTION('ref_axis',(-1.,0.,0.));
#5114=DIRECTION('center_axis',(0.,1.,0.));
#5115=DIRECTION('ref_axis',(-1.,0.,0.));
#5116=DIRECTION('',(0.,-1.,0.));
#5117=DIRECTION('center_axis',(0.,-1.,0.));
#5118=DIRECTION('ref_axis',(0.809016994374948,0.,0.587785252292472));
#5119=DIRECTION('center_axis',(0.,1.,0.));
#5120=DIRECTION('ref_axis',(-0.809016994374948,0.,-0.587785252292473));
#5121=DIRECTION('',(0.,1.,0.));
#5122=DIRECTION('center_axis',(0.,1.,0.));
#5123=DIRECTION('ref_axis',(-1.,0.,0.));
#5124=DIRECTION('center_axis',(0.,1.,0.));
#5125=DIRECTION('ref_axis',(-1.,0.,0.));
#5126=DIRECTION('',(0.,-1.,0.));
#5127=DIRECTION('center_axis',(0.,-1.,0.));
#5128=DIRECTION('ref_axis',(0.728968627421412,0.,0.684547105928688));
#5129=DIRECTION('center_axis',(0.,1.,0.));
#5130=DIRECTION('ref_axis',(-0.728968627421412,0.,-0.684547105928688));
#5131=DIRECTION('',(0.,1.,0.));
#5132=DIRECTION('center_axis',(0.,1.,0.));
#5133=DIRECTION('ref_axis',(-1.,0.,0.));
#5134=DIRECTION('center_axis',(0.,1.,0.));
#5135=DIRECTION('ref_axis',(-1.,0.,0.));
#5136=DIRECTION('',(0.,-1.,0.));
#5137=DIRECTION('center_axis',(0.,-1.,0.));
#5138=DIRECTION('ref_axis',(0.63742398974868,0.,0.770513242775797));
#5139=DIRECTION('center_axis',(0.,1.,0.));
#5140=DIRECTION('ref_axis',(-0.63742398974869,0.,-0.770513242775789));
#5141=DIRECTION('',(0.,1.,0.));
#5142=DIRECTION('center_axis',(0.,1.,0.));
#5143=DIRECTION('ref_axis',(-1.,0.,0.));
#5144=DIRECTION('center_axis',(0.,1.,0.));
#5145=DIRECTION('ref_axis',(-1.,0.,0.));
#5146=DIRECTION('',(0.,-1.,0.));
#5147=DIRECTION('center_axis',(0.,-1.,0.));
#5148=DIRECTION('ref_axis',(0.535826794978991,0.,0.844327925502019));
#5149=DIRECTION('center_axis',(0.,1.,0.));
#5150=DIRECTION('ref_axis',(-0.535826794978997,0.,-0.844327925502015));
#5151=DIRECTION('',(0.,1.,0.));
#5152=DIRECTION('center_axis',(0.,1.,0.));
#5153=DIRECTION('ref_axis',(-1.,0.,0.));
#5154=DIRECTION('center_axis',(0.,1.,0.));
#5155=DIRECTION('ref_axis',(-1.,0.,0.));
#5156=DIRECTION('',(0.,-1.,0.));
#5157=DIRECTION('center_axis',(0.,-1.,0.));
#5158=DIRECTION('ref_axis',(0.425779291565073,0.,0.904827052466019));
#5159=DIRECTION('center_axis',(0.,1.,0.));
#5160=DIRECTION('ref_axis',(-0.425779291565073,0.,-0.90482705246602));
#5161=DIRECTION('',(0.,1.,0.));
#5162=DIRECTION('center_axis',(0.,1.,0.));
#5163=DIRECTION('ref_axis',(-1.,0.,0.));
#5164=DIRECTION('center_axis',(0.,1.,0.));
#5165=DIRECTION('ref_axis',(-1.,0.,0.));
#5166=DIRECTION('',(0.,-1.,0.));
#5167=DIRECTION('center_axis',(0.,-1.,0.));
#5168=DIRECTION('ref_axis',(0.309016994374945,0.,0.951056516295155));
#5169=DIRECTION('center_axis',(0.,1.,0.));
#5170=DIRECTION('ref_axis',(-0.309016994374947,0.,-0.951056516295154));
#5171=DIRECTION('',(0.,1.,0.));
#5172=DIRECTION('center_axis',(0.,1.,0.));
#5173=DIRECTION('ref_axis',(-1.,0.,0.));
#5174=DIRECTION('center_axis',(0.,1.,0.));
#5175=DIRECTION('ref_axis',(-1.,0.,0.));
#5176=DIRECTION('',(0.,-1.,0.));
#5177=DIRECTION('center_axis',(0.,-1.,0.));
#5178=DIRECTION('ref_axis',(0.187381314585716,0.,0.98228725072869));
#5179=DIRECTION('center_axis',(0.,1.,0.));
#5180=DIRECTION('ref_axis',(-0.187381314585725,0.,-0.982287250728689));
#5181=DIRECTION('',(0.,1.,0.));
#5182=DIRECTION('center_axis',(0.,1.,0.));
#5183=DIRECTION('ref_axis',(-1.,0.,0.));
#5184=DIRECTION('center_axis',(0.,1.,0.));
#5185=DIRECTION('ref_axis',(-1.,0.,0.));
#5186=DIRECTION('',(0.,-1.,0.));
#5187=DIRECTION('center_axis',(0.,-1.,0.));
#5188=DIRECTION('ref_axis',(0.0627905195293143,0.,0.998026728428271));
#5189=DIRECTION('center_axis',(0.,1.,0.));
#5190=DIRECTION('ref_axis',(-0.0627905195293137,0.,-0.998026728428271));
#5191=DIRECTION('',(0.,1.,0.));
#5192=DIRECTION('center_axis',(0.,1.,0.));
#5193=DIRECTION('ref_axis',(-1.,0.,0.));
#5194=DIRECTION('center_axis',(0.,1.,0.));
#5195=DIRECTION('ref_axis',(-1.,0.,0.));
#5196=DIRECTION('',(0.,-1.,0.));
#5197=DIRECTION('center_axis',(0.,-1.,0.));
#5198=DIRECTION('ref_axis',(-0.0627905195293144,0.,0.998026728428271));
#5199=DIRECTION('center_axis',(0.,1.,0.));
#5200=DIRECTION('ref_axis',(0.0627905195293132,0.,-0.998026728428271));
#5201=DIRECTION('',(0.,1.,0.));
#5202=DIRECTION('center_axis',(0.,1.,0.));
#5203=DIRECTION('ref_axis',(-1.,0.,0.));
#5204=DIRECTION('center_axis',(0.,1.,0.));
#5205=DIRECTION('ref_axis',(-1.,0.,0.));
#5206=DIRECTION('',(0.,-1.,0.));
#5207=DIRECTION('center_axis',(0.,-1.,0.));
#5208=DIRECTION('ref_axis',(-0.187381314585715,0.,0.982287250728691));
#5209=DIRECTION('center_axis',(0.,1.,0.));
#5210=DIRECTION('ref_axis',(0.187381314585725,0.,-0.982287250728689));
#5211=DIRECTION('',(0.,1.,0.));
#5212=DIRECTION('center_axis',(0.,1.,0.));
#5213=DIRECTION('ref_axis',(-1.,0.,0.));
#5214=DIRECTION('center_axis',(0.,1.,0.));
#5215=DIRECTION('ref_axis',(-1.,0.,0.));
#5216=DIRECTION('',(0.,-1.,0.));
#5217=DIRECTION('center_axis',(0.,-1.,0.));
#5218=DIRECTION('ref_axis',(-0.309016994374945,0.,0.951056516295154));
#5219=DIRECTION('center_axis',(0.,1.,0.));
#5220=DIRECTION('ref_axis',(0.309016994374948,0.,-0.951056516295153));
#5221=DIRECTION('',(0.,1.,0.));
#5222=DIRECTION('center_axis',(0.,1.,0.));
#5223=DIRECTION('ref_axis',(-1.,0.,0.));
#5224=DIRECTION('center_axis',(0.,1.,0.));
#5225=DIRECTION('ref_axis',(-1.,0.,0.));
#5226=DIRECTION('',(0.,-1.,0.));
#5227=DIRECTION('center_axis',(0.,-1.,0.));
#5228=DIRECTION('ref_axis',(-0.425779291565064,0.,0.904827052466024));
#5229=DIRECTION('center_axis',(0.,1.,0.));
#5230=DIRECTION('ref_axis',(0.425779291565072,0.,-0.90482705246602));
#5231=DIRECTION('',(0.,1.,0.));
#5232=DIRECTION('center_axis',(0.,1.,0.));
#5233=DIRECTION('ref_axis',(-1.,0.,0.));
#5234=DIRECTION('center_axis',(0.,1.,0.));
#5235=DIRECTION('ref_axis',(-1.,0.,0.));
#5236=DIRECTION('',(0.,-1.,0.));
#5237=DIRECTION('center_axis',(0.,-1.,0.));
#5238=DIRECTION('ref_axis',(-0.535826794978994,0.,0.844327925502017));
#5239=DIRECTION('center_axis',(0.,1.,0.));
#5240=DIRECTION('ref_axis',(0.535826794978996,0.,-0.844327925502015));
#5241=DIRECTION('',(0.,1.,0.));
#5242=DIRECTION('center_axis',(0.,1.,0.));
#5243=DIRECTION('ref_axis',(-1.,0.,0.));
#5244=DIRECTION('center_axis',(0.,1.,0.));
#5245=DIRECTION('ref_axis',(-1.,0.,0.));
#5246=DIRECTION('',(0.,-1.,0.));
#5247=DIRECTION('center_axis',(0.,-1.,0.));
#5248=DIRECTION('ref_axis',(-0.637423989748697,0.,0.770513242775784));
#5249=DIRECTION('center_axis',(0.,1.,0.));
#5250=DIRECTION('ref_axis',(0.63742398974869,0.,-0.770513242775789));
#5251=DIRECTION('',(0.,1.,0.));
#5252=DIRECTION('center_axis',(0.,1.,0.));
#5253=DIRECTION('ref_axis',(-1.,0.,0.));
#5254=DIRECTION('center_axis',(0.,1.,0.));
#5255=DIRECTION('ref_axis',(-1.,0.,0.));
#5256=DIRECTION('',(0.,-1.,0.));
#5257=DIRECTION('center_axis',(0.,-1.,0.));
#5258=DIRECTION('ref_axis',(-0.728968627421408,0.,0.684547105928692));
#5259=DIRECTION('center_axis',(0.,1.,0.));
#5260=DIRECTION('ref_axis',(0.728968627421411,0.,-0.684547105928689));
#5261=DIRECTION('',(0.,1.,0.));
#5262=DIRECTION('center_axis',(0.,1.,0.));
#5263=DIRECTION('ref_axis',(-1.,0.,0.));
#5264=DIRECTION('center_axis',(0.,1.,0.));
#5265=DIRECTION('ref_axis',(-1.,0.,0.));
#5266=DIRECTION('',(0.,-1.,0.));
#5267=DIRECTION('center_axis',(0.,-1.,0.));
#5268=DIRECTION('ref_axis',(-0.809016994374946,0.,0.587785252292474));
#5269=DIRECTION('center_axis',(0.,1.,0.));
#5270=DIRECTION('ref_axis',(0.809016994374947,0.,-0.587785252292473));
#5271=DIRECTION('',(0.,1.,0.));
#5272=DIRECTION('center_axis',(0.,1.,0.));
#5273=DIRECTION('ref_axis',(-1.,0.,0.));
#5274=DIRECTION('center_axis',(0.,1.,0.));
#5275=DIRECTION('ref_axis',(-1.,0.,0.));
#5276=DIRECTION('',(0.,-1.,0.));
#5277=DIRECTION('center_axis',(0.,-1.,0.));
#5278=DIRECTION('ref_axis',(-0.876306680043862,0.,0.481753674101717));
#5279=DIRECTION('center_axis',(0.,1.,0.));
#5280=DIRECTION('ref_axis',(0.876306680043863,0.,-0.481753674101715));
#5281=DIRECTION('',(0.,1.,0.));
#5282=DIRECTION('center_axis',(0.,1.,0.));
#5283=DIRECTION('ref_axis',(-1.,0.,0.));
#5284=DIRECTION('center_axis',(0.,1.,0.));
#5285=DIRECTION('ref_axis',(-1.,0.,0.));
#5286=DIRECTION('',(0.,-1.,0.));
#5287=DIRECTION('center_axis',(0.,-1.,0.));
#5288=DIRECTION('ref_axis',(-0.92977648588825,0.,0.368124552684681));
#5289=DIRECTION('center_axis',(0.,1.,0.));
#5290=DIRECTION('ref_axis',(0.929776485888251,0.,-0.368124552684678));
#5291=DIRECTION('',(0.,1.,0.));
#5292=DIRECTION('center_axis',(0.,1.,0.));
#5293=DIRECTION('ref_axis',(-1.,0.,0.));
#5294=DIRECTION('center_axis',(0.,1.,0.));
#5295=DIRECTION('ref_axis',(-1.,0.,0.));
#5296=DIRECTION('',(0.,-1.,0.));
#5297=DIRECTION('center_axis',(0.,-1.,0.));
#5298=DIRECTION('ref_axis',(-0.968583161128632,0.,0.248689887164853));
#5299=DIRECTION('center_axis',(0.,1.,0.));
#5300=DIRECTION('ref_axis',(0.968583161128631,0.,-0.248689887164855));
#5301=DIRECTION('',(0.,1.,0.));
#5302=DIRECTION('center_axis',(0.,1.,0.));
#5303=DIRECTION('ref_axis',(-1.,0.,0.));
#5304=DIRECTION('center_axis',(0.,1.,0.));
#5305=DIRECTION('ref_axis',(-1.,0.,0.));
#5306=DIRECTION('',(0.,-1.,0.));
#5307=DIRECTION('center_axis',(0.,-1.,0.));
#5308=DIRECTION('ref_axis',(-0.992114701314478,0.,0.125333233564304));
#5309=DIRECTION('center_axis',(0.,1.,0.));
#5310=DIRECTION('ref_axis',(0.992114701314478,0.,-0.125333233564304));
#5311=DIRECTION('',(0.,1.,0.));
#5312=DIRECTION('center_axis',(0.,1.,0.));
#5313=DIRECTION('ref_axis',(-1.,0.,0.));
#5314=DIRECTION('center_axis',(0.,1.,0.));
#5315=DIRECTION('ref_axis',(-1.,0.,0.));
#5316=DIRECTION('',(0.,-1.,0.));
#5317=DIRECTION('center_axis',(0.,-1.,0.));
#5318=DIRECTION('ref_axis',(-1.,0.,4.44089209850063E-16));
#5319=DIRECTION('center_axis',(0.,1.,0.));
#5320=DIRECTION('ref_axis',(1.,0.,-3.21624529935327E-16));
#5321=DIRECTION('',(0.,1.,0.));
#5322=DIRECTION('center_axis',(0.,1.,0.));
#5323=DIRECTION('ref_axis',(-1.,0.,0.));
#5324=DIRECTION('center_axis',(0.,1.,0.));
#5325=DIRECTION('ref_axis',(-1.,0.,0.));
#5326=DIRECTION('',(0.,-1.,0.));
#5327=DIRECTION('center_axis',(0.,-1.,0.));
#5328=DIRECTION('ref_axis',(-0.992114701314477,0.,-0.12533323356431));
#5329=DIRECTION('center_axis',(0.,1.,0.));
#5330=DIRECTION('ref_axis',(0.992114701314478,0.,0.125333233564304));
#5331=DIRECTION('',(0.,1.,0.));
#5332=DIRECTION('center_axis',(0.,1.,0.));
#5333=DIRECTION('ref_axis',(-1.,0.,0.));
#5334=DIRECTION('center_axis',(0.,1.,0.));
#5335=DIRECTION('ref_axis',(-1.,0.,0.));
#5336=DIRECTION('',(0.,-1.,0.));
#5337=DIRECTION('center_axis',(0.,-1.,0.));
#5338=DIRECTION('ref_axis',(-0.968583161128631,0.,-0.248689887164855));
#5339=DIRECTION('center_axis',(0.,1.,0.));
#5340=DIRECTION('ref_axis',(0.968583161128631,0.,0.248689887164855));
#5341=DIRECTION('',(0.,1.,0.));
#5342=DIRECTION('center_axis',(0.,1.,0.));
#5343=DIRECTION('ref_axis',(-1.,0.,0.));
#5344=DIRECTION('center_axis',(0.,1.,0.));
#5345=DIRECTION('ref_axis',(-1.,0.,0.));
#5346=DIRECTION('',(0.,-1.,0.));
#5347=DIRECTION('center_axis',(0.,-1.,0.));
#5348=DIRECTION('ref_axis',(-0.929776485888252,0.,-0.368124552684676));
#5349=DIRECTION('center_axis',(0.,1.,0.));
#5350=DIRECTION('ref_axis',(0.929776485888252,0.,0.368124552684678));
#5351=DIRECTION('',(0.,1.,0.));
#5352=DIRECTION('center_axis',(0.,1.,0.));
#5353=DIRECTION('ref_axis',(-1.,0.,0.));
#5354=DIRECTION('center_axis',(0.,1.,0.));
#5355=DIRECTION('ref_axis',(-1.,0.,0.));
#5356=DIRECTION('',(0.,-1.,0.));
#5357=DIRECTION('center_axis',(0.,-1.,0.));
#5358=DIRECTION('ref_axis',(-0.876306680043865,0.,-0.481753674101713));
#5359=DIRECTION('center_axis',(0.,1.,0.));
#5360=DIRECTION('ref_axis',(0.876306680043864,0.,0.481753674101715));
#5361=DIRECTION('',(0.,1.,0.));
#5362=DIRECTION('center_axis',(0.,1.,0.));
#5363=DIRECTION('ref_axis',(-1.,0.,0.));
#5364=DIRECTION('center_axis',(0.,1.,0.));
#5365=DIRECTION('ref_axis',(-1.,0.,0.));
#5366=DIRECTION('',(0.,-1.,0.));
#5367=DIRECTION('center_axis',(0.,-1.,0.));
#5368=DIRECTION('ref_axis',(-0.809016994374945,0.,-0.587785252292476));
#5369=DIRECTION('center_axis',(0.,1.,0.));
#5370=DIRECTION('ref_axis',(0.809016994374947,0.,0.587785252292473));
#5371=DIRECTION('',(0.,1.,0.));
#5372=DIRECTION('center_axis',(0.,1.,0.));
#5373=DIRECTION('ref_axis',(-1.,0.,0.));
#5374=DIRECTION('center_axis',(0.,1.,0.));
#5375=DIRECTION('ref_axis',(-1.,0.,0.));
#5376=DIRECTION('',(0.,-1.,0.));
#5377=DIRECTION('center_axis',(0.,-1.,0.));
#5378=DIRECTION('ref_axis',(-0.728968627421423,0.,-0.684547105928676));
#5379=DIRECTION('center_axis',(0.,1.,0.));
#5380=DIRECTION('ref_axis',(0.728968627421412,0.,0.684547105928688));
#5381=DIRECTION('',(0.,1.,0.));
#5382=DIRECTION('center_axis',(0.,1.,0.));
#5383=DIRECTION('ref_axis',(-1.,0.,0.));
#5384=DIRECTION('center_axis',(0.,1.,0.));
#5385=DIRECTION('ref_axis',(-1.,0.,0.));
#5386=DIRECTION('',(0.,-1.,0.));
#5387=DIRECTION('center_axis',(0.,-1.,0.));
#5388=DIRECTION('ref_axis',(-0.637423989748684,0.,-0.770513242775794));
#5389=DIRECTION('center_axis',(0.,1.,0.));
#5390=DIRECTION('ref_axis',(0.63742398974869,0.,0.770513242775789));
#5391=DIRECTION('',(0.,1.,0.));
#5392=DIRECTION('center_axis',(0.,1.,0.));
#5393=DIRECTION('ref_axis',(-1.,0.,0.));
#5394=DIRECTION('center_axis',(0.,1.,0.));
#5395=DIRECTION('ref_axis',(-1.,0.,0.));
#5396=DIRECTION('',(0.,-1.,0.));
#5397=DIRECTION('center_axis',(0.,-1.,0.));
#5398=DIRECTION('ref_axis',(-0.535826794979019,0.,-0.844327925502001));
#5399=DIRECTION('center_axis',(0.,1.,0.));
#5400=DIRECTION('ref_axis',(0.535826794978997,0.,0.844327925502015));
#5401=DIRECTION('',(0.,1.,0.));
#5402=DIRECTION('center_axis',(0.,1.,0.));
#5403=DIRECTION('ref_axis',(-1.,0.,0.));
#5404=DIRECTION('center_axis',(0.,1.,0.));
#5405=DIRECTION('ref_axis',(-1.,0.,0.));
#5406=DIRECTION('',(0.,-1.,0.));
#5407=DIRECTION('center_axis',(0.,-1.,0.));
#5408=DIRECTION('ref_axis',(-0.425779291565069,0.,-0.904827052466021));
#5409=DIRECTION('center_axis',(0.,1.,0.));
#5410=DIRECTION('ref_axis',(0.425779291565073,0.,0.904827052466019));
#5411=DIRECTION('',(0.,1.,0.));
#5412=DIRECTION('center_axis',(0.,1.,0.));
#5413=DIRECTION('ref_axis',(-1.,0.,0.));
#5414=DIRECTION('center_axis',(0.,1.,0.));
#5415=DIRECTION('ref_axis',(-1.,0.,0.));
#5416=DIRECTION('',(0.,-1.,0.));
#5417=DIRECTION('center_axis',(0.,-1.,0.));
#5418=DIRECTION('ref_axis',(-0.309016994374944,0.,-0.951056516295155));
#5419=DIRECTION('center_axis',(0.,1.,0.));
#5420=DIRECTION('ref_axis',(0.309016994374948,0.,0.951056516295153));
#5421=DIRECTION('',(0.,1.,0.));
#5422=DIRECTION('center_axis',(0.,1.,0.));
#5423=DIRECTION('ref_axis',(-1.,0.,0.));
#5424=DIRECTION('center_axis',(0.,1.,0.));
#5425=DIRECTION('ref_axis',(-1.,0.,0.));
#5426=DIRECTION('',(0.,-1.,0.));
#5427=DIRECTION('center_axis',(0.,-1.,0.));
#5428=DIRECTION('ref_axis',(-0.187381314585737,0.,-0.982287250728686));
#5429=DIRECTION('center_axis',(0.,1.,0.));
#5430=DIRECTION('ref_axis',(0.187381314585725,0.,0.982287250728689));
#5431=DIRECTION('',(0.,1.,0.));
#5432=DIRECTION('center_axis',(0.,1.,0.));
#5433=DIRECTION('ref_axis',(-1.,0.,0.));
#5434=DIRECTION('center_axis',(0.,1.,0.));
#5435=DIRECTION('ref_axis',(-1.,0.,0.));
#5436=DIRECTION('',(0.,-1.,0.));
#5437=DIRECTION('center_axis',(0.,-1.,0.));
#5438=DIRECTION('ref_axis',(-0.0627905195293259,0.,-0.998026728428271));
#5439=DIRECTION('center_axis',(0.,1.,0.));
#5440=DIRECTION('ref_axis',(0.0627905195293134,0.,0.998026728428271));
#5441=DIRECTION('',(0.,1.,0.));
#5442=DIRECTION('center_axis',(0.,1.,0.));
#5443=DIRECTION('ref_axis',(-1.,0.,0.));
#5444=DIRECTION('center_axis',(0.,1.,0.));
#5445=DIRECTION('ref_axis',(-1.,0.,0.));
#5446=DIRECTION('',(0.,-1.,0.));
#5447=DIRECTION('center_axis',(0.,-1.,0.));
#5448=DIRECTION('ref_axis',(0.0627905195293265,0.,-0.998026728428271));
#5449=DIRECTION('center_axis',(0.,1.,0.));
#5450=DIRECTION('ref_axis',(-0.0627905195293133,0.,0.998026728428271));
#5451=DIRECTION('',(0.,1.,0.));
#5452=DIRECTION('center_axis',(0.,1.,0.));
#5453=DIRECTION('ref_axis',(-1.,0.,0.));
#5454=DIRECTION('center_axis',(0.,1.,0.));
#5455=DIRECTION('ref_axis',(-1.,0.,0.));
#5456=DIRECTION('',(0.,-1.,0.));
#5457=DIRECTION('center_axis',(0.,-1.,0.));
#5458=DIRECTION('ref_axis',(0.187381314585716,0.,-0.98228725072869));
#5459=DIRECTION('center_axis',(0.,1.,0.));
#5460=DIRECTION('ref_axis',(-0.187381314585725,0.,0.982287250728689));
#5461=DIRECTION('',(0.,1.,0.));
#5462=DIRECTION('center_axis',(0.,1.,0.));
#5463=DIRECTION('ref_axis',(-1.,0.,0.));
#5464=DIRECTION('center_axis',(0.,1.,0.));
#5465=DIRECTION('ref_axis',(-1.,0.,0.));
#5466=DIRECTION('',(0.,-1.,0.));
#5467=DIRECTION('center_axis',(0.,-1.,0.));
#5468=DIRECTION('ref_axis',(0.309016994374945,0.,-0.951056516295154));
#5469=DIRECTION('center_axis',(0.,1.,0.));
#5470=DIRECTION('ref_axis',(-0.309016994374947,0.,0.951056516295153));
#5471=DIRECTION('',(0.,1.,0.));
#5472=DIRECTION('center_axis',(0.,1.,0.));
#5473=DIRECTION('ref_axis',(-1.,0.,0.));
#5474=DIRECTION('center_axis',(0.,1.,0.));
#5475=DIRECTION('ref_axis',(-1.,0.,0.));
#5476=DIRECTION('',(0.,-1.,0.));
#5477=DIRECTION('center_axis',(0.,-1.,0.));
#5478=DIRECTION('ref_axis',(0.425779291565054,0.,-0.904827052466028));
#5479=DIRECTION('center_axis',(0.,1.,0.));
#5480=DIRECTION('ref_axis',(-0.425779291565073,0.,0.90482705246602));
#5481=DIRECTION('',(0.,1.,0.));
#5482=DIRECTION('center_axis',(0.,1.,0.));
#5483=DIRECTION('ref_axis',(-1.,0.,0.));
#5484=DIRECTION('center_axis',(0.,1.,0.));
#5485=DIRECTION('ref_axis',(-1.,0.,0.));
#5486=DIRECTION('',(0.,-1.,0.));
#5487=DIRECTION('center_axis',(0.,-1.,0.));
#5488=DIRECTION('ref_axis',(0.535826794979013,0.,-0.844327925502005));
#5489=DIRECTION('center_axis',(0.,1.,0.));
#5490=DIRECTION('ref_axis',(-0.535826794978997,0.,0.844327925502015));
#5491=DIRECTION('',(0.,1.,0.));
#5492=DIRECTION('center_axis',(0.,1.,0.));
#5493=DIRECTION('ref_axis',(-1.,0.,0.));
#5494=DIRECTION('center_axis',(0.,1.,0.));
#5495=DIRECTION('ref_axis',(-1.,0.,0.));
#5496=DIRECTION('',(0.,-1.,0.));
#5497=DIRECTION('center_axis',(0.,-1.,0.));
#5498=DIRECTION('ref_axis',(0.637423989748686,0.,-0.770513242775792));
#5499=DIRECTION('center_axis',(0.,1.,0.));
#5500=DIRECTION('ref_axis',(-0.63742398974869,0.,0.770513242775789));
#5501=DIRECTION('',(0.,1.,0.));
#5502=DIRECTION('center_axis',(0.,1.,0.));
#5503=DIRECTION('ref_axis',(-1.,0.,0.));
#5504=DIRECTION('center_axis',(0.,1.,0.));
#5505=DIRECTION('ref_axis',(-1.,0.,0.));
#5506=DIRECTION('',(0.,-1.,0.));
#5507=DIRECTION('center_axis',(0.,-1.,0.));
#5508=DIRECTION('ref_axis',(0.728968627421406,0.,-0.684547105928695));
#5509=DIRECTION('center_axis',(0.,1.,0.));
#5510=DIRECTION('ref_axis',(-0.728968627421411,0.,0.684547105928689));
#5511=DIRECTION('',(0.,1.,0.));
#5512=DIRECTION('center_axis',(0.,1.,0.));
#5513=DIRECTION('ref_axis',(-1.,0.,0.));
#5514=DIRECTION('center_axis',(0.,1.,0.));
#5515=DIRECTION('ref_axis',(-1.,0.,0.));
#5516=DIRECTION('',(0.,-1.,0.));
#5517=DIRECTION('center_axis',(0.,-1.,0.));
#5518=DIRECTION('ref_axis',(0.809016994374945,0.,-0.587785252292476));
#5519=DIRECTION('center_axis',(0.,1.,0.));
#5520=DIRECTION('ref_axis',(-0.809016994374947,0.,0.587785252292473));
#5521=DIRECTION('',(0.,1.,0.));
#5522=DIRECTION('center_axis',(0.,1.,0.));
#5523=DIRECTION('ref_axis',(-1.,0.,0.));
#5524=DIRECTION('center_axis',(0.,1.,0.));
#5525=DIRECTION('ref_axis',(-1.,0.,0.));
#5526=DIRECTION('',(0.,-1.,0.));
#5527=DIRECTION('center_axis',(0.,-1.,0.));
#5528=DIRECTION('ref_axis',(0.876306680043862,0.,-0.481753674101717));
#5529=DIRECTION('center_axis',(0.,1.,0.));
#5530=DIRECTION('ref_axis',(-0.876306680043864,0.,0.481753674101715));
#5531=DIRECTION('',(0.,1.,0.));
#5532=DIRECTION('center_axis',(0.,1.,0.));
#5533=DIRECTION('ref_axis',(-1.,0.,0.));
#5534=DIRECTION('center_axis',(0.,1.,0.));
#5535=DIRECTION('ref_axis',(-1.,0.,0.));
#5536=DIRECTION('',(0.,-1.,0.));
#5537=DIRECTION('center_axis',(0.,-1.,0.));
#5538=DIRECTION('ref_axis',(0.929776485888254,0.,-0.368124552684671));
#5539=DIRECTION('center_axis',(0.,1.,0.));
#5540=DIRECTION('ref_axis',(-0.929776485888251,0.,0.368124552684678));
#5541=DIRECTION('',(0.,1.,0.));
#5542=DIRECTION('center_axis',(0.,1.,0.));
#5543=DIRECTION('ref_axis',(-1.,0.,0.));
#5544=DIRECTION('center_axis',(0.,1.,0.));
#5545=DIRECTION('ref_axis',(-1.,0.,0.));
#5546=DIRECTION('',(0.,-1.,0.));
#5547=DIRECTION('center_axis',(0.,-1.,0.));
#5548=DIRECTION('ref_axis',(0.968583161128633,0.,-0.248689887164849));
#5549=DIRECTION('center_axis',(0.,1.,0.));
#5550=DIRECTION('ref_axis',(-0.968583161128631,0.,0.248689887164855));
#5551=DIRECTION('',(0.,1.,0.));
#5552=DIRECTION('center_axis',(0.,1.,0.));
#5553=DIRECTION('ref_axis',(-1.,0.,0.));
#5554=DIRECTION('center_axis',(0.,1.,0.));
#5555=DIRECTION('ref_axis',(-1.,0.,0.));
#5556=DIRECTION('',(0.,-1.,0.));
#5557=DIRECTION('center_axis',(0.,-1.,0.));
#5558=DIRECTION('ref_axis',(0.992114701314479,0.,-0.125333233564295));
#5559=DIRECTION('',(0.,1.,0.));
#5560=DIRECTION('center_axis',(0.,1.,0.));
#5561=DIRECTION('ref_axis',(-0.992114701314478,0.,0.125333233564304));
#5562=DIRECTION('center_axis',(0.,1.,0.));
#5563=DIRECTION('ref_axis',(-1.,0.,0.));
#5564=DIRECTION('center_axis',(0.,1.,0.));
#5565=DIRECTION('ref_axis',(-1.,0.,0.));
#5566=DIRECTION('center_axis',(0.,1.,0.));
#5567=DIRECTION('ref_axis',(-1.,0.,0.));
#5568=DIRECTION('center_axis',(0.,1.,0.));
#5569=DIRECTION('ref_axis',(-1.,0.,0.));
#5570=DIRECTION('',(0.866081999823741,0.,0.499901959969463));
#5571=DIRECTION('',(0.000113203176683692,0.,0.99999999359252));
#5572=DIRECTION('',(-0.865968796647057,0.,0.500098033623057));
#5573=DIRECTION('',(-0.86608199982374,0.,-0.499901959969463));
#5574=DIRECTION('',(-0.000113203176683005,0.,-0.99999999359252));
#5575=DIRECTION('',(0.865968796647057,0.,-0.500098033623056));
#5576=DIRECTION('center_axis',(0.,1.,0.));
#5577=DIRECTION('ref_axis',(-1.,0.,0.));
#5578=DIRECTION('',(0.,1.,0.));
#5579=DIRECTION('center_axis',(0.,-1.,0.));
#5580=DIRECTION('ref_axis',(1.,0.,1.22464679914735E-16));
#5581=DIRECTION('',(0.,-1.,0.));
#5582=DIRECTION('center_axis',(0.499901959969463,0.,-0.866081999823741));
#5583=DIRECTION('ref_axis',(0.866081999823741,0.,0.499901959969463));
#5584=DIRECTION('',(0.,-1.,0.));
#5585=DIRECTION('',(0.866081999823741,0.,0.499901959969463));
#5586=DIRECTION('',(0.,-1.,0.));
#5587=DIRECTION('center_axis',(-0.500098033623056,0.,-0.865968796647058));
#5588=DIRECTION('ref_axis',(0.865968796647058,0.,-0.500098033623056));
#5589=DIRECTION('',(0.,-1.,0.));
#5590=DIRECTION('',(0.865968796647058,0.,-0.500098033623056));
#5591=DIRECTION('center_axis',(-0.99999999359252,0.,0.000113203176683005));
#5592=DIRECTION('ref_axis',(-0.000113203176683005,0.,-0.99999999359252));
#5593=DIRECTION('',(0.,-1.,0.));
#5594=DIRECTION('',(-0.000113203176683005,0.,-0.99999999359252));
#5595=DIRECTION('center_axis',(-0.499901959969463,0.,0.86608199982374));
#5596=DIRECTION('ref_axis',(-0.86608199982374,0.,-0.499901959969463));
#5597=DIRECTION('',(0.,-1.,0.));
#5598=DIRECTION('',(-0.86608199982374,0.,-0.499901959969463));
#5599=DIRECTION('center_axis',(0.500098033623057,0.,0.865968796647057));
#5600=DIRECTION('ref_axis',(-0.865968796647057,0.,0.500098033623057));
#5601=DIRECTION('',(0.,-1.,0.));
#5602=DIRECTION('',(-0.865968796647057,0.,0.500098033623057));
#5603=DIRECTION('center_axis',(0.99999999359252,0.,-0.000113203176683692));
#5604=DIRECTION('ref_axis',(0.000113203176683692,0.,0.99999999359252));
#5605=DIRECTION('',(0.000113203176683692,0.,0.99999999359252));
#5606=DIRECTION('center_axis',(0.,1.,0.));
#5607=DIRECTION('ref_axis',(-1.,0.,0.));
#5608=DIRECTION('center_axis',(0.,1.,0.));
#5609=DIRECTION('ref_axis',(-1.,0.,0.));
#5610=DIRECTION('center_axis',(0.,-1.,0.));
#5611=DIRECTION('ref_axis',(-1.,0.,0.));
#5612=DIRECTION('',(0.,-1.,0.));
#5613=DIRECTION('center_axis',(0.,1.,0.));
#5614=DIRECTION('ref_axis',(-1.,0.,0.));
#5615=DIRECTION('center_axis',(-1.,0.,0.));
#5616=DIRECTION('ref_axis',(0.,0.,-1.));
#5617=DIRECTION('',(-1.,0.,0.));
#5618=DIRECTION('',(-1.,0.,0.));
#5619=DIRECTION('center_axis',(0.,1.,0.));
#5620=DIRECTION('ref_axis',(-1.,0.,0.));
#5621=DIRECTION('',(0.,-1.,0.));
#5622=DIRECTION('center_axis',(0.,-1.,0.));
#5623=DIRECTION('ref_axis',(-1.,0.,0.));
#5624=DIRECTION('center_axis',(-0.866025403784438,0.,-0.500000000000001));
#5625=DIRECTION('ref_axis',(0.500000000000001,0.,-0.866025403784438));
#5626=DIRECTION('',(0.,1.,0.));
#5627=DIRECTION('',(-0.500000000000001,0.,0.866025403784438));
#5628=DIRECTION('',(0.,-1.,0.));
#5629=DIRECTION('',(0.500000000000001,0.,-0.866025403784438));
#5630=DIRECTION('center_axis',(0.834511930120699,0.,-0.550989871491505));
#5631=DIRECTION('ref_axis',(0.550989871491505,0.,0.834511930120699));
#5632=DIRECTION('',(0.,-1.,0.));
#5633=DIRECTION('',(0.550989871491505,0.,0.834511930120699));
#5634=DIRECTION('',(-0.550989871491505,0.,-0.834511930120699));
#5635=DIRECTION('center_axis',(0.,1.,0.));
#5636=DIRECTION('ref_axis',(-1.,0.,0.));
#5637=DIRECTION('',(-0.0599152608792172,0.,-0.998203466991462));
#5638=DIRECTION('',(-0.866025403784439,0.,0.499999999999999));
#5639=DIRECTION('',(0.447213595499956,0.,-0.894427190999917));
#5640=DIRECTION('',(-1.,0.,-8.11734003345611E-16));
#5641=DIRECTION('',(0.834511930120699,0.,-0.550989871491505));
#5642=DIRECTION('',(-0.866025403784438,0.,-0.500000000000001));
#5643=DIRECTION('',(0.998203466991462,0.,-0.0599152608792177));
#5644=DIRECTION('',(-0.499999999999999,0.,-0.866025403784439));
#5645=DIRECTION('',(0.894427190999917,0.,0.447213595499956));
#5646=DIRECTION('',(7.50501663388243E-16,0.,-1.));
#5647=DIRECTION('',(0.550989871491505,0.,0.834511930120699));
#5648=DIRECTION('',(0.500000000000001,0.,-0.866025403784438));
#5649=DIRECTION('',(0.0599152608792178,0.,0.998203466991462));
#5650=DIRECTION('',(0.866025403784439,0.,-0.499999999999999));
#5651=DIRECTION('',(-0.447213595499956,0.,0.894427190999917));
#5652=DIRECTION('',(1.,0.,6.89269323430876E-16));
#5653=DIRECTION('',(-0.834511930120699,0.,0.550989871491506));
#5654=DIRECTION('',(0.866025403784438,0.,0.500000000000001));
#5655=DIRECTION('',(-0.998203466991462,0.,0.0599152608792179));
#5656=DIRECTION('',(0.499999999999999,0.,0.866025403784439));
#5657=DIRECTION('',(-0.894427190999917,0.,-0.447213595499956));
#5658=DIRECTION('',(-6.28036983473508E-16,0.,1.));
#5659=DIRECTION('center_axis',(0.,-1.,0.));
#5660=DIRECTION('ref_axis',(-1.,0.,0.));
#5661=DIRECTION('center_axis',(-0.499999999999999,0.,-0.866025403784439));
#5662=DIRECTION('ref_axis',(0.866025403784439,0.,-0.499999999999999));
#5663=DIRECTION('',(0.,1.,0.));
#5664=DIRECTION('',(0.,-1.,0.));
#5665=DIRECTION('',(0.866025403784439,0.,-0.499999999999999));
#5666=DIRECTION('center_axis',(0.998203466991462,0.,-0.0599152608792172));
#5667=DIRECTION('ref_axis',(0.0599152608792172,0.,0.998203466991462));
#5668=DIRECTION('',(0.0599152608792172,0.,0.998203466991462));
#5669=DIRECTION('center_axis',(0.,1.,0.));
#5670=DIRECTION('ref_axis',(-1.,0.,0.));
#5671=DIRECTION('',(6.28036983473508E-16,0.,-1.));
#5672=DIRECTION('',(0.894427190999917,0.,0.447213595499956));
#5673=DIRECTION('',(-0.499999999999999,0.,-0.866025403784439));
#5674=DIRECTION('',(0.998203466991462,0.,-0.0599152608792179));
#5675=DIRECTION('',(-0.866025403784438,0.,-0.500000000000001));
#5676=DIRECTION('',(0.834511930120699,0.,-0.550989871491506));
#5677=DIRECTION('',(-1.,0.,-6.89269323430876E-16));
#5678=DIRECTION('',(0.447213595499956,0.,-0.894427190999917));
#5679=DIRECTION('',(-0.866025403784439,0.,0.499999999999999));
#5680=DIRECTION('',(-0.0599152608792178,0.,-0.998203466991462));
#5681=DIRECTION('',(-0.500000000000001,0.,0.866025403784438));
#5682=DIRECTION('',(-0.550989871491505,0.,-0.834511930120699));
#5683=DIRECTION('',(-7.50501663388243E-16,0.,1.));
#5684=DIRECTION('',(-0.894427190999917,0.,-0.447213595499956));
#5685=DIRECTION('',(0.499999999999999,0.,0.866025403784439));
#5686=DIRECTION('',(-0.998203466991462,0.,0.0599152608792177));
#5687=DIRECTION('',(0.866025403784438,0.,0.500000000000001));
#5688=DIRECTION('',(-0.834511930120699,0.,0.550989871491505));
#5689=DIRECTION('',(1.,0.,8.11734003345611E-16));
#5690=DIRECTION('',(-0.447213595499956,0.,0.894427190999917));
#5691=DIRECTION('center_axis',(8.11734003345611E-16,0.,-1.));
#5692=DIRECTION('ref_axis',(1.,0.,8.11734003345611E-16));
#5693=DIRECTION('',(0.,1.,0.));
#5694=DIRECTION('',(0.,-1.,0.));
#5695=DIRECTION('center_axis',(0.894427190999917,0.,0.447213595499957));
#5696=DIRECTION('ref_axis',(-0.447213595499956,0.,0.894427190999917));
#5697=DIRECTION('center_axis',(0.500000000000001,0.,-0.866025403784438));
#5698=DIRECTION('ref_axis',(0.866025403784438,0.,0.500000000000001));
#5699=DIRECTION('',(0.,1.,0.));
#5700=DIRECTION('',(0.,-1.,0.));
#5701=DIRECTION('center_axis',(0.550989871491505,0.,0.834511930120699));
#5702=DIRECTION('ref_axis',(-0.834511930120699,0.,0.550989871491505));
#5703=DIRECTION('center_axis',(0.866025403784439,0.,-0.499999999999999));
#5704=DIRECTION('ref_axis',(0.499999999999999,0.,0.866025403784439));
#5705=DIRECTION('',(0.,1.,0.));
#5706=DIRECTION('',(0.,-1.,0.));
#5707=DIRECTION('center_axis',(0.0599152608792177,0.,0.998203466991462));
#5708=DIRECTION('ref_axis',(-0.998203466991462,0.,0.0599152608792177));
#5709=DIRECTION('center_axis',(1.,0.,7.50501663388243E-16));
#5710=DIRECTION('ref_axis',(-7.50501663388243E-16,0.,1.));
#5711=DIRECTION('',(0.,1.,0.));
#5712=DIRECTION('',(0.,-1.,0.));
#5713=DIRECTION('center_axis',(-0.447213595499956,0.,0.894427190999917));
#5714=DIRECTION('ref_axis',(-0.894427190999917,0.,-0.447213595499956));
#5715=DIRECTION('center_axis',(0.866025403784438,0.,0.500000000000001));
#5716=DIRECTION('ref_axis',(-0.500000000000001,0.,0.866025403784438));
#5717=DIRECTION('',(0.,1.,0.));
#5718=DIRECTION('',(0.,-1.,0.));
#5719=DIRECTION('center_axis',(-0.834511930120699,0.,0.550989871491506));
#5720=DIRECTION('ref_axis',(-0.550989871491505,0.,-0.834511930120699));
#5721=DIRECTION('center_axis',(0.499999999999999,0.,0.866025403784439));
#5722=DIRECTION('ref_axis',(-0.866025403784439,0.,0.499999999999999));
#5723=DIRECTION('',(0.,1.,0.));
#5724=DIRECTION('',(0.,-1.,0.));
#5725=DIRECTION('center_axis',(-0.998203466991462,0.,0.0599152608792178));
#5726=DIRECTION('ref_axis',(-0.0599152608792178,0.,-0.998203466991462));
#5727=DIRECTION('center_axis',(-6.89269323430876E-16,0.,1.));
#5728=DIRECTION('ref_axis',(-1.,0.,-6.89269323430876E-16));
#5729=DIRECTION('',(0.,1.,0.));
#5730=DIRECTION('',(0.,-1.,0.));
#5731=DIRECTION('center_axis',(-0.894427190999917,0.,-0.447213595499956));
#5732=DIRECTION('ref_axis',(0.447213595499956,0.,-0.894427190999917));
#5733=DIRECTION('center_axis',(-0.500000000000001,0.,0.866025403784438));
#5734=DIRECTION('ref_axis',(-0.866025403784438,0.,-0.500000000000001));
#5735=DIRECTION('',(0.,1.,0.));
#5736=DIRECTION('',(0.,-1.,0.));
#5737=DIRECTION('center_axis',(-0.550989871491506,0.,-0.834511930120699));
#5738=DIRECTION('ref_axis',(0.834511930120699,0.,-0.550989871491506));
#5739=DIRECTION('center_axis',(-0.866025403784439,0.,0.499999999999999));
#5740=DIRECTION('ref_axis',(-0.499999999999999,0.,-0.866025403784439));
#5741=DIRECTION('',(0.,1.,0.));
#5742=DIRECTION('',(0.,-1.,0.));
#5743=DIRECTION('center_axis',(-0.0599152608792179,0.,-0.998203466991462));
#5744=DIRECTION('ref_axis',(0.998203466991462,0.,-0.0599152608792179));
#5745=DIRECTION('center_axis',(-1.,0.,-6.28036983473508E-16));
#5746=DIRECTION('ref_axis',(6.28036983473508E-16,0.,-1.));
#5747=DIRECTION('',(0.,-1.,0.));
#5748=DIRECTION('center_axis',(0.447213595499956,0.,-0.894427190999917));
#5749=DIRECTION('ref_axis',(0.894427190999917,0.,0.447213595499956));
#5750=DIRECTION('center_axis',(0.,1.,0.));
#5751=DIRECTION('ref_axis',(-1.,0.,0.));
#5752=DIRECTION('',(0.,-1.,0.));
#5753=DIRECTION('',(0.,0.,1.));
#5754=DIRECTION('',(1.,0.,0.));
#5755=DIRECTION('axis',(0.,0.,1.));
#5756=DIRECTION('refdir',(1.,0.,0.));
#5757=DIRECTION('center_axis',(0.,1.,0.));
#5758=DIRECTION('ref_axis',(0.779624588809654,0.,-0.626247156100033));
#5759=DIRECTION('center_axis',(0.,-1.,0.));
#5760=DIRECTION('ref_axis',(0.779624588809654,0.,-0.626247156100033));
#5761=DIRECTION('',(0.,-1.,0.));
#5762=DIRECTION('center_axis',(0.,1.,0.));
#5763=DIRECTION('ref_axis',(0.779624588809654,0.,-0.626247156100033));
#5764=DIRECTION('',(0.,1.,0.));
#5765=DIRECTION('center_axis',(0.,1.,0.));
#5766=DIRECTION('ref_axis',(-1.,0.,0.));
#5767=DIRECTION('',(0.206010481049842,0.,0.978549784986749));
#5768=DIRECTION('center_axis',(0.,1.,0.));
#5769=DIRECTION('ref_axis',(0.994779860102577,0.,-0.102044254783386));
#5770=DIRECTION('',(0.00305184542668054,0.,-0.999995343108903));
#5771=DIRECTION('center_axis',(0.,1.,0.));
#5772=DIRECTION('ref_axis',(0.706026966401892,0.,0.708184949510607));
#5773=DIRECTION('',(1.,0.,0.));
#5774=DIRECTION('center_axis',(0.,1.,0.));
#5775=DIRECTION('ref_axis',(-0.498478748221955,0.,0.8669019192337));
#5776=DIRECTION('',(-0.503037875142141,0.,-0.864264367061653));
#5777=DIRECTION('center_axis',(0.,1.,0.));
#5778=DIRECTION('ref_axis',(-0.944434512269599,0.,-0.3286996380194));
#5779=DIRECTION('',(-0.328699638019399,0.,0.9444345122696));
#5780=DIRECTION('',(1.11022302462516E-15,0.,1.));
#5781=DIRECTION('',(0.911107922838356,0.,0.412167869855447));
#5782=DIRECTION('center_axis',(0.,-1.,0.));
#5783=DIRECTION('ref_axis',(-1.,0.,0.));
#5784=DIRECTION('center_axis',(0.978549784986749,0.,-0.206010481049842));
#5785=DIRECTION('ref_axis',(-0.206010481049842,0.,-0.978549784986749));
#5786=DIRECTION('',(-0.206010481049842,0.,-0.978549784986749));
#5787=DIRECTION('',(0.,1.,0.));
#5788=DIRECTION('center_axis',(0.,1.,0.));
#5789=DIRECTION('ref_axis',(0.994779860102577,0.,-0.102044254783386));
#5790=DIRECTION('center_axis',(0.,-1.,0.));
#5791=DIRECTION('ref_axis',(0.994779860102577,0.,-0.102044254783386));
#5792=DIRECTION('',(0.,-1.,0.));
#5793=DIRECTION('center_axis',(0.,1.,0.));
#5794=DIRECTION('ref_axis',(-0.498478748221955,0.,0.8669019192337));
#5795=DIRECTION('center_axis',(0.,-1.,0.));
#5796=DIRECTION('ref_axis',(-0.498478748221955,0.,0.8669019192337));
#5797=DIRECTION('',(0.,-1.,0.));
#5798=DIRECTION('',(0.,1.,0.));
#5799=DIRECTION('center_axis',(0.,0.,1.));
#5800=DIRECTION('ref_axis',(1.,0.,0.));
#5801=DIRECTION('',(0.,-1.,0.));
#5802=DIRECTION('',(1.,0.,0.));
#5803=DIRECTION('center_axis',(0.,1.,0.));
#5804=DIRECTION('ref_axis',(0.706026966401892,0.,0.708184949510607));
#5805=DIRECTION('center_axis',(0.,-1.,0.));
#5806=DIRECTION('ref_axis',(0.706026966401892,0.,0.708184949510607));
#5807=DIRECTION('',(0.,1.,0.));
#5808=DIRECTION('center_axis',(1.,0.,0.));
#5809=DIRECTION('ref_axis',(0.,0.,-1.));
#5810=DIRECTION('center_axis',(-1.,0.,0.));
#5811=DIRECTION('ref_axis',(0.,0.707106781186547,-0.707106781186548));
#5812=DIRECTION('',(0.,1.,0.));
#5813=DIRECTION('',(0.,0.,1.));
#5814=DIRECTION('',(0.,1.,0.));
#5815=DIRECTION('center_axis',(-1.,0.,0.));
#5816=DIRECTION('ref_axis',(0.,0.,1.));
#5817=DIRECTION('center_axis',(1.,0.,0.));
#5818=DIRECTION('ref_axis',(0.,0.707106781186547,0.707106781186548));
#5819=DIRECTION('',(-1.,0.,0.));
#5820=DIRECTION('center_axis',(1.,0.,0.));
#5821=DIRECTION('ref_axis',(0.,0.707106781186547,0.707106781186548));
#5822=DIRECTION('',(1.,0.,0.));
#5823=DIRECTION('center_axis',(1.,0.,0.));
#5824=DIRECTION('ref_axis',(0.,0.,1.));
#5825=DIRECTION('center_axis',(1.,0.,0.));
#5826=DIRECTION('ref_axis',(0.,0.,1.));
#5827=DIRECTION('',(1.,0.,0.));
#5828=DIRECTION('center_axis',(-1.,0.,0.));
#5829=DIRECTION('ref_axis',(0.,0.,1.));
#5830=DIRECTION('',(0.,1.,0.));
#5831=DIRECTION('',(0.,0.,-1.));
#5832=DIRECTION('',(0.,1.,0.));
#5833=DIRECTION('center_axis',(0.,0.,-1.));
#5834=DIRECTION('ref_axis',(-1.,0.,0.));
#5835=DIRECTION('',(1.,0.,0.));
#5836=DIRECTION('center_axis',(0.,0.,1.));
#5837=DIRECTION('ref_axis',(1.,0.,0.));
#5838=DIRECTION('',(-1.,0.,0.));
#5839=DIRECTION('center_axis',(0.,1.,0.));
#5840=DIRECTION('ref_axis',(-1.,0.,0.));
#5841=DIRECTION('center_axis',(0.,-1.,0.));
#5842=DIRECTION('ref_axis',(-1.,0.,0.));
#5843=DIRECTION('',(0.,-1.,0.));
#5844=DIRECTION('center_axis',(-1.,0.,1.11022302462516E-15));
#5845=DIRECTION('ref_axis',(1.11022302462516E-15,0.,1.));
#5846=DIRECTION('',(0.,1.,0.));
#5847=DIRECTION('',(1.11022302462516E-15,0.,1.));
#5848=DIRECTION('',(0.,1.,0.));
#5849=DIRECTION('center_axis',(0.412167869855447,0.,-0.911107922838356));
#5850=DIRECTION('ref_axis',(-0.911107922838356,0.,-0.412167869855447));
#5851=DIRECTION('',(-0.911107922838356,0.,-0.412167869855447));
#5852=DIRECTION('center_axis',(0.999995343108902,0.,0.00305184542668054));
#5853=DIRECTION('ref_axis',(0.00305184542668054,0.,-0.999995343108903));
#5854=DIRECTION('',(0.00305184542668054,0.,-0.999995343108903));
#5855=DIRECTION('center_axis',(-0.864264367061653,0.,0.503037875142141));
#5856=DIRECTION('ref_axis',(0.503037875142141,0.,0.864264367061653));
#5857=DIRECTION('',(0.503037875142141,0.,0.864264367061653));
#5858=DIRECTION('',(0.,1.,0.));
#5859=DIRECTION('center_axis',(0.,1.,0.));
#5860=DIRECTION('ref_axis',(-0.944434512269599,0.,-0.3286996380194));
#5861=DIRECTION('center_axis',(0.,1.,0.));
#5862=DIRECTION('ref_axis',(-0.944434512269599,0.,-0.3286996380194));
#5863=DIRECTION('',(0.,1.,0.));
#5864=DIRECTION('center_axis',(-0.9444345122696,0.,-0.328699638019399));
#5865=DIRECTION('ref_axis',(-0.328699638019399,0.,0.9444345122696));
#5866=DIRECTION('',(-0.328699638019399,0.,0.9444345122696));
#5867=DIRECTION('center_axis',(0.,1.,0.));
#5868=DIRECTION('ref_axis',(-1.,0.,0.));
#5869=DIRECTION('center_axis',(1.,0.,0.));
#5870=DIRECTION('ref_axis',(0.,0.707106781186547,0.707106781186548));
#5871=DIRECTION('center_axis',(-1.,0.,0.));
#5872=DIRECTION('ref_axis',(0.,0.707106781186547,0.707106781186548));
#5873=DIRECTION('',(-1.,0.,0.));
#5874=DIRECTION('center_axis',(1.,0.,-9.25185853854297E-17));
#5875=DIRECTION('ref_axis',(0.,0.707106781186547,0.707106781186548));
#5876=DIRECTION('',(1.,0.,0.));
#5877=DIRECTION('center_axis',(-1.,0.,9.25185853854297E-17));
#5878=DIRECTION('ref_axis',(9.25185853854297E-17,0.,1.));
#5879=DIRECTION('',(9.25185853854297E-17,0.,1.));
#5880=DIRECTION('center_axis',(1.,0.,-9.25185853854297E-17));
#5881=DIRECTION('ref_axis',(0.,0.707106781186547,-0.707106781186548));
#5882=DIRECTION('',(0.,1.,0.));
#5883=DIRECTION('',(-9.25185853854297E-17,0.,-1.));
#5884=DIRECTION('',(0.,1.,0.));
#5885=DIRECTION('center_axis',(1.,0.,-9.25185853854297E-17));
#5886=DIRECTION('ref_axis',(0.,0.,1.));
#5887=DIRECTION('center_axis',(0.,1.,0.));
#5888=DIRECTION('ref_axis',(0.,0.,1.));
#5889=DIRECTION('',(0.,0.,-1.));
#5890=DIRECTION('',(1.,0.,0.));
#5891=DIRECTION('center_axis',(-1.,0.,0.));
#5892=DIRECTION('ref_axis',(0.,0.707106781186547,-0.707106781186548));
#5893=DIRECTION('center_axis',(-1.,0.,0.));
#5894=DIRECTION('ref_axis',(0.,0.707106781186547,-0.707106781186548));
#5895=DIRECTION('',(-1.,0.,0.));
#5896=DIRECTION('center_axis',(1.,0.,0.));
#5897=DIRECTION('ref_axis',(0.,0.,-1.));
#5898=DIRECTION('',(0.,0.,-1.));
#5899=DIRECTION('',(0.,-1.,0.));
#5900=DIRECTION('',(0.,-0.554700196221038,-0.832050294340638));
#5901=DIRECTION('center_axis',(0.,0.832050294337575,-0.554700196225633));
#5902=DIRECTION('ref_axis',(0.,0.554700196225633,0.832050294337575));
#5903=DIRECTION('',(1.,0.,0.));
#5904=DIRECTION('',(-1.,0.,0.));
#5905=DIRECTION('',(0.,0.554700196225633,0.832050294337575));
#5906=DIRECTION('center_axis',(1.,0.,0.));
#5907=DIRECTION('ref_axis',(0.,0.,-1.));
#5908=DIRECTION('',(0.,0.,1.));
#5909=DIRECTION('',(0.,1.,0.));
#5910=DIRECTION('center_axis',(0.,1.,0.));
#5911=DIRECTION('ref_axis',(1.,0.,0.));
#5912=DIRECTION('',(1.,0.,0.));
#5913=DIRECTION('',(0.,0.,-1.));
#5914=DIRECTION('center_axis',(0.,1.,0.));
#5915=DIRECTION('ref_axis',(1.,0.,0.));
#5916=DIRECTION('',(0.,0.,1.));
#5917=DIRECTION('',(1.,0.,0.));
#5918=DIRECTION('center_axis',(0.,-1.,0.));
#5919=DIRECTION('ref_axis',(-1.,0.,0.));
#5920=DIRECTION('center_axis',(0.,-1.,0.));
#5921=DIRECTION('ref_axis',(-1.,0.,0.));
#5922=DIRECTION('',(1.,0.,0.));
#5923=DIRECTION('',(0.,0.,1.));
#5924=DIRECTION('',(-1.,0.,0.));
#5925=DIRECTION('center_axis',(0.,0.,-1.));
#5926=DIRECTION('ref_axis',(-1.,0.,0.));
#5927=DIRECTION('',(-1.,0.,0.));
#5928=DIRECTION('',(0.,1.,0.));
#5929=DIRECTION('',(-1.,3.1752378504276E-13,0.));
#5930=DIRECTION('center_axis',(0.,0.,1.));
#5931=DIRECTION('ref_axis',(2.39046877530345E-12,1.,0.));
#5932=DIRECTION('',(1.,-6.52109944990429E-14,0.));
#5933=DIRECTION('center_axis',(0.,0.,1.));
#5934=DIRECTION('ref_axis',(-3.10608681632265E-12,-1.,0.));
#5935=DIRECTION('center_axis',(0.,1.,0.));
#5936=DIRECTION('ref_axis',(0.,0.,1.));
#5937=DIRECTION('',(1.,0.,0.));
#5938=DIRECTION('',(0.,0.,-1.));
#5939=DIRECTION('',(-1.,0.,0.));
#5940=DIRECTION('',(0.,0.,1.));
#5941=DIRECTION('center_axis',(-3.08148791101958E-33,0.,1.));
#5942=DIRECTION('ref_axis',(1.,0.,3.08148791101958E-33));
#5943=DIRECTION('',(1.,0.,3.08148791101958E-33));
#5944=DIRECTION('',(0.,1.,0.));
#5945=DIRECTION('',(0.,1.,0.));
#5946=DIRECTION('',(1.,2.3917709917872E-12,3.08148791101958E-33));
#5947=DIRECTION('center_axis',(3.08148791101958E-33,0.,-1.));
#5948=DIRECTION('ref_axis',(2.48563074888085E-12,-1.,0.));
#5949=DIRECTION('',(-1.,-2.61662037066918E-12,-3.08148791101958E-33));
#5950=DIRECTION('center_axis',(3.08148791101958E-33,0.,-1.));
#5951=DIRECTION('ref_axis',(-2.39808173319112E-12,1.,0.));
#5952=DIRECTION('',(1.,-3.1752378504276E-13,3.08148791101958E-33));
#5953=DIRECTION('center_axis',(3.08148791101958E-33,0.,-1.));
#5954=DIRECTION('ref_axis',(-3.10608681632265E-12,-1.,0.));
#5955=DIRECTION('',(-1.,6.52109944990429E-14,-3.08148791101958E-33));
#5956=DIRECTION('center_axis',(3.08148791101958E-33,0.,-1.));
#5957=DIRECTION('ref_axis',(2.39046877530345E-12,1.,0.));
#5958=DIRECTION('center_axis',(0.,1.,0.));
#5959=DIRECTION('ref_axis',(1.,0.,0.));
#5960=DIRECTION('',(0.,0.,1.));
#5961=DIRECTION('center_axis',(0.,1.,0.));
#5962=DIRECTION('ref_axis',(1.,0.,0.));
#5963=DIRECTION('',(0.,0.,-1.));
#5964=DIRECTION('center_axis',(0.,1.,0.));
#5965=DIRECTION('ref_axis',(-1.,0.,0.));
#5966=DIRECTION('center_axis',(0.,1.,0.));
#5967=DIRECTION('ref_axis',(-1.,0.,0.));
#5968=DIRECTION('center_axis',(-2.3917709917872E-12,1.,0.));
#5969=DIRECTION('ref_axis',(1.,2.3917709917872E-12,0.));
#5970=DIRECTION('',(0.,0.,-1.));
#5971=DIRECTION('',(-1.,-2.3917709917872E-12,0.));
#5972=DIRECTION('',(0.,0.,-1.));
#5973=DIRECTION('center_axis',(0.,0.,-1.));
#5974=DIRECTION('ref_axis',(-2.39808173319112E-12,1.,0.));
#5975=DIRECTION('',(0.,0.,-1.));
#5976=DIRECTION('center_axis',(0.,0.,1.));
#5977=DIRECTION('ref_axis',(-2.39808173319112E-12,1.,0.));
#5978=DIRECTION('center_axis',(2.61662037066918E-12,-1.,0.));
#5979=DIRECTION('ref_axis',(-1.,-2.61662037066918E-12,0.));
#5980=DIRECTION('',(0.,0.,-1.));
#5981=DIRECTION('',(1.,2.61662037066918E-12,0.));
#5982=DIRECTION('center_axis',(0.,0.,-1.));
#5983=DIRECTION('ref_axis',(2.48563074888085E-12,-1.,0.));
#5984=DIRECTION('center_axis',(0.,0.,1.));
#5985=DIRECTION('ref_axis',(2.48563074888085E-12,-1.,0.));
#5986=DIRECTION('center_axis',(3.1752378504276E-13,1.,0.));
#5987=DIRECTION('ref_axis',(1.,-3.1752378504276E-13,0.));
#5988=DIRECTION('',(0.,0.,-1.));
#5989=DIRECTION('',(0.,0.,-1.));
#5990=DIRECTION('center_axis',(0.,0.,-1.));
#5991=DIRECTION('ref_axis',(2.39046877530345E-12,1.,0.));
#5992=DIRECTION('',(0.,0.,-1.));
#5993=DIRECTION('center_axis',(-6.52109944990429E-14,-1.,0.));
#5994=DIRECTION('ref_axis',(-1.,6.52109944990429E-14,0.));
#5995=DIRECTION('',(0.,0.,-1.));
#5996=DIRECTION('center_axis',(0.,0.,-1.));
#5997=DIRECTION('ref_axis',(-3.10608681632265E-12,-1.,0.));
#5998=DIRECTION('center_axis',(1.,0.,0.));
#5999=DIRECTION('ref_axis',(0.,0.,1.));
#6000=DIRECTION('',(1.,0.,0.));
#6001=DIRECTION('center_axis',(-1.,0.,0.));
#6002=DIRECTION('ref_axis',(0.,0.,1.));
#6003=DIRECTION('center_axis',(0.,0.,-1.));
#6004=DIRECTION('ref_axis',(-1.,0.,0.));
#6005=DIRECTION('',(0.,1.,0.));
#6006=DIRECTION('center_axis',(1.,0.,0.));
#6007=DIRECTION('ref_axis',(0.,0.,-1.));
#6008=DIRECTION('',(0.,1.,0.));
#6009=DIRECTION('center_axis',(0.,0.,1.));
#6010=DIRECTION('ref_axis',(1.,0.,0.));
#6011=DIRECTION('center_axis',(0.,-1.,0.));
#6012=DIRECTION('ref_axis',(-1.,0.,0.));
#6013=DIRECTION('center_axis',(0.,-1.,0.));
#6014=DIRECTION('ref_axis',(-1.,0.,0.));
#6015=DIRECTION('',(0.,-1.,0.));
#6016=DIRECTION('center_axis',(0.,1.,0.));
#6017=DIRECTION('ref_axis',(-1.,0.,0.));
#6018=DIRECTION('center_axis',(0.,1.,0.));
#6019=DIRECTION('ref_axis',(-1.,0.,0.));
#6020=DIRECTION('',(0.,-1.,0.));
#6021=DIRECTION('center_axis',(0.,1.,0.));
#6022=DIRECTION('ref_axis',(-1.,0.,0.));
#6023=DIRECTION('center_axis',(0.,-1.,0.));
#6024=DIRECTION('ref_axis',(-1.,0.,0.));
#6025=DIRECTION('center_axis',(0.,-1.,0.));
#6026=DIRECTION('ref_axis',(-1.,0.,0.));
#6027=DIRECTION('',(0.,-1.,0.));
#6028=DIRECTION('center_axis',(0.,1.,0.));
#6029=DIRECTION('ref_axis',(-1.,0.,0.));
#6030=DIRECTION('center_axis',(0.,1.,0.));
#6031=DIRECTION('ref_axis',(-1.,0.,0.));
#6032=DIRECTION('',(0.,-1.,0.));
#6033=DIRECTION('center_axis',(0.,1.,0.));
#6034=DIRECTION('ref_axis',(-1.,0.,0.));
#6035=DIRECTION('center_axis',(0.,0.,-1.));
#6036=DIRECTION('ref_axis',(-1.,0.,0.));
#6037=DIRECTION('',(0.,1.,0.));
#6038=DIRECTION('center_axis',(1.,0.,0.));
#6039=DIRECTION('ref_axis',(0.,0.,-1.));
#6040=DIRECTION('',(0.,1.,0.));
#6041=DIRECTION('center_axis',(-1.,0.,0.));
#6042=DIRECTION('ref_axis',(0.,0.,1.));
#6043=DIRECTION('',(0.,1.,0.));
#6044=DIRECTION('center_axis',(0.,1.,0.));
#6045=DIRECTION('ref_axis',(1.,0.,0.));
#6046=DIRECTION('center_axis',(1.,0.,0.));
#6047=DIRECTION('ref_axis',(0.,0.707106781186547,0.707106781186548));
#6048=DIRECTION('center_axis',(-1.,0.,0.));
#6049=DIRECTION('ref_axis',(0.,0.707106781186547,0.707106781186548));
#6050=DIRECTION('',(-1.,0.,0.));
#6051=DIRECTION('center_axis',(1.,0.,-9.25185853854297E-17));
#6052=DIRECTION('ref_axis',(0.,0.707106781186547,0.707106781186548));
#6053=DIRECTION('',(1.,0.,0.));
#6054=DIRECTION('center_axis',(-1.,0.,9.25185853854297E-17));
#6055=DIRECTION('ref_axis',(9.25185853854297E-17,0.,1.));
#6056=DIRECTION('',(9.25185853854297E-17,0.,1.));
#6057=DIRECTION('center_axis',(1.,0.,-9.25185853854297E-17));
#6058=DIRECTION('ref_axis',(0.,0.707106781186547,-0.707106781186548));
#6059=DIRECTION('',(0.,1.,0.));
#6060=DIRECTION('',(-9.25185853854297E-17,0.,-1.));
#6061=DIRECTION('',(0.,1.,0.));
#6062=DIRECTION('center_axis',(1.,0.,-9.25185853854297E-17));
#6063=DIRECTION('ref_axis',(0.,0.,1.));
#6064=DIRECTION('center_axis',(0.,1.,0.));
#6065=DIRECTION('ref_axis',(0.,0.,1.));
#6066=DIRECTION('',(0.,0.,-1.));
#6067=DIRECTION('',(1.,0.,0.));
#6068=DIRECTION('center_axis',(-1.,0.,0.));
#6069=DIRECTION('ref_axis',(0.,0.707106781186547,-0.707106781186548));
#6070=DIRECTION('center_axis',(-1.,0.,0.));
#6071=DIRECTION('ref_axis',(0.,0.707106781186547,-0.707106781186548));
#6072=DIRECTION('',(-1.,0.,0.));
#6073=DIRECTION('center_axis',(1.,0.,0.));
#6074=DIRECTION('ref_axis',(0.,0.,-1.));
#6075=DIRECTION('',(0.,0.,-1.));
#6076=DIRECTION('',(0.,-1.,0.));
#6077=DIRECTION('',(0.,-0.554700196221038,-0.832050294340638));
#6078=DIRECTION('center_axis',(0.,0.832050294337575,-0.554700196225633));
#6079=DIRECTION('ref_axis',(0.,0.554700196225633,0.832050294337575));
#6080=DIRECTION('',(1.,0.,0.));
#6081=DIRECTION('',(-1.,0.,0.));
#6082=DIRECTION('',(0.,0.554700196225633,0.832050294337575));
#6083=DIRECTION('center_axis',(1.,0.,0.));
#6084=DIRECTION('ref_axis',(0.,0.,-1.));
#6085=DIRECTION('',(0.,0.,1.));
#6086=DIRECTION('',(0.,1.,0.));
#6087=DIRECTION('center_axis',(0.,1.,0.));
#6088=DIRECTION('ref_axis',(1.,0.,0.));
#6089=DIRECTION('',(1.,0.,0.));
#6090=DIRECTION('',(0.,0.,-1.));
#6091=DIRECTION('center_axis',(0.,1.,0.));
#6092=DIRECTION('ref_axis',(1.,0.,0.));
#6093=DIRECTION('',(0.,0.,1.));
#6094=DIRECTION('',(1.,0.,0.));
#6095=DIRECTION('center_axis',(0.,-1.,0.));
#6096=DIRECTION('ref_axis',(-1.,0.,0.));
#6097=DIRECTION('center_axis',(0.,-1.,0.));
#6098=DIRECTION('ref_axis',(-1.,0.,0.));
#6099=DIRECTION('',(1.,0.,0.));
#6100=DIRECTION('',(0.,0.,1.));
#6101=DIRECTION('',(-1.,0.,0.));
#6102=DIRECTION('center_axis',(0.,0.,-1.));
#6103=DIRECTION('ref_axis',(-1.,0.,0.));
#6104=DIRECTION('',(-1.,0.,0.));
#6105=DIRECTION('',(0.,1.,0.));
#6106=DIRECTION('',(-1.,3.1752378504276E-13,0.));
#6107=DIRECTION('center_axis',(0.,0.,1.));
#6108=DIRECTION('ref_axis',(2.39046877530345E-12,1.,0.));
#6109=DIRECTION('',(1.,-6.52109944990429E-14,0.));
#6110=DIRECTION('center_axis',(0.,0.,1.));
#6111=DIRECTION('ref_axis',(-3.10608681632265E-12,-1.,0.));
#6112=DIRECTION('center_axis',(0.,1.,0.));
#6113=DIRECTION('ref_axis',(0.,0.,1.));
#6114=DIRECTION('',(1.,0.,0.));
#6115=DIRECTION('',(0.,0.,-1.));
#6116=DIRECTION('',(-1.,0.,0.));
#6117=DIRECTION('',(0.,0.,1.));
#6118=DIRECTION('center_axis',(-3.08148791101958E-33,0.,1.));
#6119=DIRECTION('ref_axis',(1.,0.,3.08148791101958E-33));
#6120=DIRECTION('',(1.,0.,3.08148791101958E-33));
#6121=DIRECTION('',(0.,1.,0.));
#6122=DIRECTION('',(0.,1.,0.));
#6123=DIRECTION('',(1.,2.3917709917872E-12,3.08148791101958E-33));
#6124=DIRECTION('center_axis',(3.08148791101958E-33,0.,-1.));
#6125=DIRECTION('ref_axis',(2.48563074888085E-12,-1.,0.));
#6126=DIRECTION('',(-1.,-2.61662037066918E-12,-3.08148791101958E-33));
#6127=DIRECTION('center_axis',(3.08148791101958E-33,0.,-1.));
#6128=DIRECTION('ref_axis',(-2.39808173319112E-12,1.,0.));
#6129=DIRECTION('',(1.,-3.1752378504276E-13,3.08148791101958E-33));
#6130=DIRECTION('center_axis',(3.08148791101958E-33,0.,-1.));
#6131=DIRECTION('ref_axis',(-3.10608681632265E-12,-1.,0.));
#6132=DIRECTION('',(-1.,6.52109944990429E-14,-3.08148791101958E-33));
#6133=DIRECTION('center_axis',(3.08148791101958E-33,0.,-1.));
#6134=DIRECTION('ref_axis',(2.39046877530345E-12,1.,0.));
#6135=DIRECTION('center_axis',(0.,1.,0.));
#6136=DIRECTION('ref_axis',(1.,0.,0.));
#6137=DIRECTION('',(0.,0.,1.));
#6138=DIRECTION('center_axis',(0.,1.,0.));
#6139=DIRECTION('ref_axis',(1.,0.,0.));
#6140=DIRECTION('',(0.,0.,-1.));
#6141=DIRECTION('center_axis',(0.,1.,0.));
#6142=DIRECTION('ref_axis',(-1.,0.,0.));
#6143=DIRECTION('center_axis',(0.,1.,0.));
#6144=DIRECTION('ref_axis',(-1.,0.,0.));
#6145=DIRECTION('center_axis',(-2.3917709917872E-12,1.,0.));
#6146=DIRECTION('ref_axis',(1.,2.3917709917872E-12,0.));
#6147=DIRECTION('',(0.,0.,-1.));
#6148=DIRECTION('',(-1.,-2.3917709917872E-12,0.));
#6149=DIRECTION('',(0.,0.,-1.));
#6150=DIRECTION('center_axis',(0.,0.,-1.));
#6151=DIRECTION('ref_axis',(-2.39808173319112E-12,1.,0.));
#6152=DIRECTION('',(0.,0.,-1.));
#6153=DIRECTION('center_axis',(0.,0.,1.));
#6154=DIRECTION('ref_axis',(-2.39808173319112E-12,1.,0.));
#6155=DIRECTION('center_axis',(2.61662037066918E-12,-1.,0.));
#6156=DIRECTION('ref_axis',(-1.,-2.61662037066918E-12,0.));
#6157=DIRECTION('',(0.,0.,-1.));
#6158=DIRECTION('',(1.,2.61662037066918E-12,0.));
#6159=DIRECTION('center_axis',(0.,0.,-1.));
#6160=DIRECTION('ref_axis',(2.48563074888085E-12,-1.,0.));
#6161=DIRECTION('center_axis',(0.,0.,1.));
#6162=DIRECTION('ref_axis',(2.48563074888085E-12,-1.,0.));
#6163=DIRECTION('center_axis',(3.1752378504276E-13,1.,0.));
#6164=DIRECTION('ref_axis',(1.,-3.1752378504276E-13,0.));
#6165=DIRECTION('',(0.,0.,-1.));
#6166=DIRECTION('',(0.,0.,-1.));
#6167=DIRECTION('center_axis',(0.,0.,-1.));
#6168=DIRECTION('ref_axis',(2.39046877530345E-12,1.,0.));
#6169=DIRECTION('',(0.,0.,-1.));
#6170=DIRECTION('center_axis',(-6.52109944990429E-14,-1.,0.));
#6171=DIRECTION('ref_axis',(-1.,6.52109944990429E-14,0.));
#6172=DIRECTION('',(0.,0.,-1.));
#6173=DIRECTION('center_axis',(0.,0.,-1.));
#6174=DIRECTION('ref_axis',(-3.10608681632265E-12,-1.,0.));
#6175=DIRECTION('center_axis',(1.,0.,0.));
#6176=DIRECTION('ref_axis',(0.,0.,1.));
#6177=DIRECTION('',(1.,0.,0.));
#6178=DIRECTION('center_axis',(-1.,0.,0.));
#6179=DIRECTION('ref_axis',(0.,0.,1.));
#6180=DIRECTION('center_axis',(0.,0.,-1.));
#6181=DIRECTION('ref_axis',(-1.,0.,0.));
#6182=DIRECTION('',(0.,1.,0.));
#6183=DIRECTION('center_axis',(1.,0.,0.));
#6184=DIRECTION('ref_axis',(0.,0.,-1.));
#6185=DIRECTION('',(0.,1.,0.));
#6186=DIRECTION('center_axis',(0.,0.,1.));
#6187=DIRECTION('ref_axis',(1.,0.,0.));
#6188=DIRECTION('center_axis',(0.,-1.,0.));
#6189=DIRECTION('ref_axis',(-1.,0.,0.));
#6190=DIRECTION('center_axis',(0.,-1.,0.));
#6191=DIRECTION('ref_axis',(-1.,0.,0.));
#6192=DIRECTION('',(0.,-1.,0.));
#6193=DIRECTION('center_axis',(0.,1.,0.));
#6194=DIRECTION('ref_axis',(-1.,0.,0.));
#6195=DIRECTION('center_axis',(0.,1.,0.));
#6196=DIRECTION('ref_axis',(-1.,0.,0.));
#6197=DIRECTION('',(0.,-1.,0.));
#6198=DIRECTION('center_axis',(0.,1.,0.));
#6199=DIRECTION('ref_axis',(-1.,0.,0.));
#6200=DIRECTION('center_axis',(0.,-1.,0.));
#6201=DIRECTION('ref_axis',(-1.,0.,0.));
#6202=DIRECTION('center_axis',(0.,-1.,0.));
#6203=DIRECTION('ref_axis',(-1.,0.,0.));
#6204=DIRECTION('',(0.,-1.,0.));
#6205=DIRECTION('center_axis',(0.,1.,0.));
#6206=DIRECTION('ref_axis',(-1.,0.,0.));
#6207=DIRECTION('center_axis',(0.,1.,0.));
#6208=DIRECTION('ref_axis',(-1.,0.,0.));
#6209=DIRECTION('',(0.,-1.,0.));
#6210=DIRECTION('center_axis',(0.,1.,0.));
#6211=DIRECTION('ref_axis',(-1.,0.,0.));
#6212=DIRECTION('center_axis',(0.,0.,-1.));
#6213=DIRECTION('ref_axis',(-1.,0.,0.));
#6214=DIRECTION('',(0.,1.,0.));
#6215=DIRECTION('center_axis',(1.,0.,0.));
#6216=DIRECTION('ref_axis',(0.,0.,-1.));
#6217=DIRECTION('',(0.,1.,0.));
#6218=DIRECTION('center_axis',(-1.,0.,0.));
#6219=DIRECTION('ref_axis',(0.,0.,1.));
#6220=DIRECTION('',(0.,1.,0.));
#6221=DIRECTION('center_axis',(0.,1.,0.));
#6222=DIRECTION('ref_axis',(1.,0.,0.));
#6223=DIRECTION('',(0.,0.,1.));
#6224=DIRECTION('',(1.,0.,0.));
#6225=DIRECTION('',(0.,0.,1.));
#6226=DIRECTION('',(1.,0.,0.));
#6227=CARTESIAN_POINT('',(0.,0.,0.));
#6228=CARTESIAN_POINT('',(0.,0.,0.));
#6229=CARTESIAN_POINT('',(0.,0.,0.));
#6230=CARTESIAN_POINT('Origin',(20.4375,18.2,-40.));
#6231=CARTESIAN_POINT('',(22.8,18.2,-40.));
#6232=CARTESIAN_POINT('Origin',(20.4375,18.2,-40.));
#6233=CARTESIAN_POINT('',(21.75,18.2,-40.));
#6234=CARTESIAN_POINT('Origin',(20.4375,18.2,-40.));
#6235=CARTESIAN_POINT('Origin',(26.0181454998069,26.45,-39.2950005226813));
#6236=CARTESIAN_POINT('',(26.0385415531603,26.45,-39.4813878908359));
#6237=CARTESIAN_POINT('',(26.0385415531603,18.95,-39.4813878908359));
#6238=CARTESIAN_POINT('',(26.0385415531603,26.45,-39.4813878908359));
#6239=CARTESIAN_POINT('',(25.9915481200832,26.45,-39.1093965642326));
#6240=CARTESIAN_POINT('Origin',(26.0181454998069,26.45,-39.2950005226813));
#6241=CARTESIAN_POINT('',(25.9915481200832,18.95,-39.1093965642326));
#6242=CARTESIAN_POINT('',(25.9915481200832,26.45,-39.1093965642326));
#6243=CARTESIAN_POINT('Origin',(26.0181454998069,18.95,-39.2950005226813));
#6244=CARTESIAN_POINT('Origin',(20.4375,18.95,-40.));
#6245=CARTESIAN_POINT('',(25.9293763349565,18.95,-38.783480653033));
#6246=CARTESIAN_POINT('Origin',(20.4375,18.95,-40.));
#6247=CARTESIAN_POINT('',(25.8361305833143,18.95,-38.4203124280722));
#6248=CARTESIAN_POINT('Origin',(25.8857805790295,18.95,-38.6011193082662));
#6249=CARTESIAN_POINT('',(25.7336009462625,18.95,-38.1047586520452));
#6250=CARTESIAN_POINT('Origin',(20.4375,18.95,-40.));
#6251=CARTESIAN_POINT('',(25.5955734172611,18.95,-37.7561409085808));
#6252=CARTESIAN_POINT('Origin',(25.6674930188756,18.95,-37.9292992780106));
#6253=CARTESIAN_POINT('',(25.4543028819086,18.95,-37.4559257392769));
#6254=CARTESIAN_POINT('Origin',(20.4375,18.95,-40.));
#6255=CARTESIAN_POINT('',(25.2736703521339,18.95,-37.1273563873774));
#6256=CARTESIAN_POINT('Origin',(25.3667253445677,18.95,-37.2901354351174));
#6257=CARTESIAN_POINT('',(25.0958868392142,18.95,-36.8472143973565));
#6258=CARTESIAN_POINT('Origin',(20.4375,18.95,-40.));
#6259=CARTESIAN_POINT('',(24.8754979915654,18.95,-36.5438751719793));
#6260=CARTESIAN_POINT('Origin',(24.9882208419995,18.95,-36.693707775207));
#6261=CARTESIAN_POINT('',(24.66400525328,18.95,-36.2882243677727));
#6262=CARTESIAN_POINT('Origin',(20.4375,18.95,-40.));
#6263=CARTESIAN_POINT('',(24.4073357515384,18.95,-36.0148991097079));
#6264=CARTESIAN_POINT('Origin',(24.5379487532841,18.95,-36.1494223187648));
#6265=CARTESIAN_POINT('',(24.1654691547097,18.95,-35.7877712572163));
#6266=CARTESIAN_POINT('Origin',(20.4375,18.95,-40.));
#6267=CARTESIAN_POINT('',(23.8765668302448,18.95,-35.5487704690603));
#6268=CARTESIAN_POINT('Origin',(24.02301013824,18.95,-35.6658627725794));
#6269=CARTESIAN_POINT('',(23.6081407555888,18.95,-35.3537475101972));
#6270=CARTESIAN_POINT('Origin',(20.4375,18.95,-40.));
#6271=CARTESIAN_POINT('',(23.2915617706392,18.95,-35.1528403771512));
#6272=CARTESIAN_POINT('Origin',(23.451525886436,18.95,-35.2506551595584));
#6273=CARTESIAN_POINT('',(23.0008094577033,18.95,-34.9929979404789));
#6274=CARTESIAN_POINT('Origin',(20.4375,18.95,-40.));
#6275=CARTESIAN_POINT('',(22.6615464519769,18.95,-34.8333528880473));
#6276=CARTESIAN_POINT('Origin',(22.832508645911,18.95,-34.9103475517923));
#6277=CARTESIAN_POINT('',(22.353053238423,18.95,-34.7112117842773));
#6278=CARTESIAN_POINT('Origin',(20.4375,18.95,-40.));
#6279=CARTESIAN_POINT('',(21.9964565921858,18.95,-34.5953465103043));
#6280=CARTESIAN_POINT('Origin',(22.1757206883313,18.95,-34.6503068035454));
#6281=CARTESIAN_POINT('',(21.6750876002767,18.95,-34.5128329776066));
#6282=CARTESIAN_POINT('Origin',(20.4375,18.95,-40.));
#6283=CARTESIAN_POINT('',(21.3067810556605,18.95,-34.4425747466772));
#6284=CARTESIAN_POINT('Origin',(21.4915199521338,18.95,-34.4746339127584));
#6285=CARTESIAN_POINT('',(20.9776044663751,18.95,-34.4009900727538));
#6286=CARTESIAN_POINT('Origin',(20.4375,18.95,-40.));
#6287=CARTESIAN_POINT('',(20.6033964376041,18.95,-34.37744689914));
#6288=CARTESIAN_POINT('Origin',(20.7906966916502,18.95,-34.386099345861));
#6289=CARTESIAN_POINT('',(20.2716035623959,18.95,-34.37744689914));
#6290=CARTESIAN_POINT('Origin',(20.4375,18.95,-40.));
#6291=CARTESIAN_POINT('',(19.8973955336249,18.95,-34.4009900727538));
#6292=CARTESIAN_POINT('Origin',(20.0843033083498,18.95,-34.386099345861));
#6293=CARTESIAN_POINT('',(19.5682189443395,18.95,-34.4425747466772));
#6294=CARTESIAN_POINT('Origin',(20.4375,18.95,-40.));
#6295=CARTESIAN_POINT('',(19.1999123997233,18.95,-34.5128329776066));
#6296=CARTESIAN_POINT('Origin',(19.3834800478662,18.95,-34.4746339127584));
#6297=CARTESIAN_POINT('',(18.8785434078142,18.95,-34.5953465103043));
#6298=CARTESIAN_POINT('Origin',(20.4375,18.95,-40.));
#6299=CARTESIAN_POINT('',(18.521946761577,18.95,-34.7112117842773));
#6300=CARTESIAN_POINT('Origin',(18.6992793116687,18.95,-34.6503068035454));
#6301=CARTESIAN_POINT('',(18.2134535480232,18.95,-34.8333528880473));
#6302=CARTESIAN_POINT('Origin',(20.4375,18.95,-40.));
#6303=CARTESIAN_POINT('',(17.8741905422967,18.95,-34.9929979404789));
#6304=CARTESIAN_POINT('Origin',(18.042491354089,18.95,-34.9103475517923));
#6305=CARTESIAN_POINT('',(17.5834382293608,18.95,-35.1528403771512));
#6306=CARTESIAN_POINT('Origin',(20.4375,18.95,-40.));
#6307=CARTESIAN_POINT('',(17.2668592444112,18.95,-35.3537475101972));
#6308=CARTESIAN_POINT('Origin',(17.423474113564,18.95,-35.2506551595584));
#6309=CARTESIAN_POINT('',(16.9984331697552,18.95,-35.5487704690603));
#6310=CARTESIAN_POINT('Origin',(20.4375,18.95,-40.));
#6311=CARTESIAN_POINT('',(16.7095308452903,18.95,-35.7877712572163));
#6312=CARTESIAN_POINT('Origin',(16.85198986176,18.95,-35.6658627725794));
#6313=CARTESIAN_POINT('',(16.4676642484616,18.95,-36.0148991097079));
#6314=CARTESIAN_POINT('Origin',(20.4375,18.95,-40.));
#6315=CARTESIAN_POINT('',(16.21099474672,18.95,-36.2882243677727));
#6316=CARTESIAN_POINT('Origin',(16.3370512467159,18.95,-36.1494223187648));
#6317=CARTESIAN_POINT('',(15.9995020084346,18.95,-36.5438751719793));
#6318=CARTESIAN_POINT('Origin',(20.4375,18.95,-40.));
#6319=CARTESIAN_POINT('',(15.7791131607858,18.95,-36.8472143973565));
#6320=CARTESIAN_POINT('Origin',(15.8867791580005,18.95,-36.693707775207));
#6321=CARTESIAN_POINT('',(15.6013296478661,18.95,-37.1273563873774));
#6322=CARTESIAN_POINT('Origin',(20.4375,18.95,-40.));
#6323=CARTESIAN_POINT('',(15.4206971180914,18.95,-37.4559257392769));
#6324=CARTESIAN_POINT('Origin',(15.5082746554323,18.95,-37.2901354351174));
#6325=CARTESIAN_POINT('',(15.2794265827389,18.95,-37.7561409085808));
#6326=CARTESIAN_POINT('Origin',(20.4375,18.95,-40.));
#6327=CARTESIAN_POINT('',(15.1413990537375,18.95,-38.1047586520452));
#6328=CARTESIAN_POINT('Origin',(15.2075069811244,18.95,-37.9292992780106));
#6329=CARTESIAN_POINT('',(15.0388694166857,18.95,-38.4203124280722));
#6330=CARTESIAN_POINT('Origin',(20.4375,18.95,-40.));
#6331=CARTESIAN_POINT('',(14.9456236650435,18.95,-38.783480653033));
#6332=CARTESIAN_POINT('Origin',(14.9892194209705,18.95,-38.6011193082662));
#6333=CARTESIAN_POINT('',(14.8834518799168,18.95,-39.1093965642326));
#6334=CARTESIAN_POINT('Origin',(20.4375,18.95,-40.));
#6335=CARTESIAN_POINT('',(14.8364584468397,18.95,-39.4813878908359));
#6336=CARTESIAN_POINT('Origin',(14.856854500193,18.95,-39.2950005226813));
#6337=CARTESIAN_POINT('',(14.8156249998292,18.95,-39.8125260485958));
#6338=CARTESIAN_POINT('Origin',(20.4375,18.95,-40.));
#6339=CARTESIAN_POINT('',(14.8156249998292,18.95,-40.1874739514042));
#6340=CARTESIAN_POINT('Origin',(14.8124996926636,18.95,-40.));
#6341=CARTESIAN_POINT('',(14.8364584468397,18.95,-40.5186121091641));
#6342=CARTESIAN_POINT('Origin',(20.4375,18.95,-40.));
#6343=CARTESIAN_POINT('',(14.8834518799168,18.95,-40.8906034357674));
#6344=CARTESIAN_POINT('Origin',(14.856854500193,18.95,-40.7049994773187));
#6345=CARTESIAN_POINT('',(14.9456236650435,18.95,-41.216519346967));
#6346=CARTESIAN_POINT('Origin',(20.4375,18.95,-40.));
#6347=CARTESIAN_POINT('',(15.0388694166857,18.95,-41.5796875719278));
#6348=CARTESIAN_POINT('Origin',(14.9892194209705,18.95,-41.3988806917338));
#6349=CARTESIAN_POINT('',(15.1413990537375,18.95,-41.8952413479548));
#6350=CARTESIAN_POINT('Origin',(20.4375,18.95,-40.));
#6351=CARTESIAN_POINT('',(15.2794265827389,18.95,-42.2438590914192));
#6352=CARTESIAN_POINT('Origin',(15.2075069811244,18.95,-42.0707007219894));
#6353=CARTESIAN_POINT('',(15.4206971180914,18.95,-42.5440742607231));
#6354=CARTESIAN_POINT('Origin',(20.4375,18.95,-40.));
#6355=CARTESIAN_POINT('',(15.6013296478661,18.95,-42.8726436126226));
#6356=CARTESIAN_POINT('Origin',(15.5082746554323,18.95,-42.7098645648826));
#6357=CARTESIAN_POINT('',(15.7791131607858,18.95,-43.1527856026435));
#6358=CARTESIAN_POINT('Origin',(20.4375,18.95,-40.));
#6359=CARTESIAN_POINT('',(15.9995020084346,18.95,-43.4561248280208));
#6360=CARTESIAN_POINT('Origin',(15.8867791580005,18.95,-43.306292224793));
#6361=CARTESIAN_POINT('',(16.21099474672,18.95,-43.7117756322273));
#6362=CARTESIAN_POINT('Origin',(20.4375,18.95,-40.));
#6363=CARTESIAN_POINT('',(16.4676642484616,18.95,-43.9851008902921));
#6364=CARTESIAN_POINT('Origin',(16.3370512467159,18.95,-43.8505776812352));
#6365=CARTESIAN_POINT('',(16.7095308452903,18.95,-44.2122287427837));
#6366=CARTESIAN_POINT('Origin',(20.4375,18.95,-40.));
#6367=CARTESIAN_POINT('',(16.9984331697552,18.95,-44.4512295309397));
#6368=CARTESIAN_POINT('Origin',(16.85198986176,18.95,-44.3341372274206));
#6369=CARTESIAN_POINT('',(17.2668592444112,18.95,-44.6462524898028));
#6370=CARTESIAN_POINT('Origin',(20.4375,18.95,-40.));
#6371=CARTESIAN_POINT('',(17.5834382293608,18.95,-44.8471596228488));
#6372=CARTESIAN_POINT('Origin',(17.423474113564,18.95,-44.7493448404416));
#6373=CARTESIAN_POINT('',(17.8741905422967,18.95,-45.0070020595211));
#6374=CARTESIAN_POINT('Origin',(20.4375,18.95,-40.));
#6375=CARTESIAN_POINT('',(18.2134535480231,18.95,-45.1666471119527));
#6376=CARTESIAN_POINT('Origin',(18.042491354089,18.95,-45.0896524482077));
#6377=CARTESIAN_POINT('',(18.521946761577,18.95,-45.2887882157227));
#6378=CARTESIAN_POINT('Origin',(20.4375,18.95,-40.));
#6379=CARTESIAN_POINT('',(18.8785434078142,18.95,-45.4046534896957));
#6380=CARTESIAN_POINT('Origin',(18.6992793116687,18.95,-45.3496931964546));
#6381=CARTESIAN_POINT('',(19.1999123997233,18.95,-45.4871670223934));
#6382=CARTESIAN_POINT('Origin',(20.4375,18.95,-40.));
#6383=CARTESIAN_POINT('',(19.5682189443395,18.95,-45.5574252533228));
#6384=CARTESIAN_POINT('Origin',(19.3834800478662,18.95,-45.5253660872416));
#6385=CARTESIAN_POINT('',(19.8973955336249,18.95,-45.5990099272462));
#6386=CARTESIAN_POINT('Origin',(20.4375,18.95,-40.));
#6387=CARTESIAN_POINT('',(20.2716035623959,18.95,-45.62255310086));
#6388=CARTESIAN_POINT('Origin',(20.0843033083498,18.95,-45.613900654139));
#6389=CARTESIAN_POINT('',(20.6033964376041,18.95,-45.62255310086));
#6390=CARTESIAN_POINT('Origin',(20.4375,18.95,-40.));
#6391=CARTESIAN_POINT('',(20.9776044663751,18.95,-45.5990099272462));
#6392=CARTESIAN_POINT('Origin',(20.7906966916502,18.95,-45.613900654139));
#6393=CARTESIAN_POINT('',(21.3067810556605,18.95,-45.5574252533228));
#6394=CARTESIAN_POINT('Origin',(20.4375,18.95,-40.));
#6395=CARTESIAN_POINT('',(21.6750876002767,18.95,-45.4871670223934));
#6396=CARTESIAN_POINT('Origin',(21.4915199521338,18.95,-45.5253660872415));
#6397=CARTESIAN_POINT('',(21.9964565921858,18.95,-45.4046534896957));
#6398=CARTESIAN_POINT('Origin',(20.4375,18.95,-40.));
#6399=CARTESIAN_POINT('',(22.353053238423,18.95,-45.2887882157227));
#6400=CARTESIAN_POINT('Origin',(22.1757206883313,18.95,-45.3496931964546));
#6401=CARTESIAN_POINT('',(22.6615464519768,18.95,-45.1666471119527));
#6402=CARTESIAN_POINT('Origin',(20.4375,18.95,-40.));
#6403=CARTESIAN_POINT('',(23.0008094577033,18.95,-45.0070020595211));
#6404=CARTESIAN_POINT('Origin',(22.832508645911,18.95,-45.0896524482077));
#6405=CARTESIAN_POINT('',(23.2915617706392,18.95,-44.8471596228488));
#6406=CARTESIAN_POINT('Origin',(20.4375,18.95,-40.));
#6407=CARTESIAN_POINT('',(23.6081407555888,18.95,-44.6462524898028));
#6408=CARTESIAN_POINT('Origin',(23.451525886436,18.95,-44.7493448404416));
#6409=CARTESIAN_POINT('',(23.8765668302448,18.95,-44.4512295309397));
#6410=CARTESIAN_POINT('Origin',(20.4375,18.95,-40.));
#6411=CARTESIAN_POINT('',(24.1654691547097,18.95,-44.2122287427837));
#6412=CARTESIAN_POINT('Origin',(24.02301013824,18.95,-44.3341372274206));
#6413=CARTESIAN_POINT('',(24.4073357515384,18.95,-43.9851008902921));
#6414=CARTESIAN_POINT('Origin',(20.4375,18.95,-40.));
#6415=CARTESIAN_POINT('',(24.66400525328,18.95,-43.7117756322273));
#6416=CARTESIAN_POINT('Origin',(24.5379487532841,18.95,-43.8505776812352));
#6417=CARTESIAN_POINT('',(24.8754979915654,18.95,-43.4561248280207));
#6418=CARTESIAN_POINT('Origin',(20.4375,18.95,-40.));
#6419=CARTESIAN_POINT('',(25.0958868392142,18.95,-43.1527856026435));
#6420=CARTESIAN_POINT('Origin',(24.9882208419995,18.95,-43.306292224793));
#6421=CARTESIAN_POINT('',(25.2736703521339,18.95,-42.8726436126226));
#6422=CARTESIAN_POINT('Origin',(20.4375,18.95,-40.));
#6423=CARTESIAN_POINT('',(25.4543028819086,18.95,-42.5440742607231));
#6424=CARTESIAN_POINT('Origin',(25.3667253445677,18.95,-42.7098645648826));
#6425=CARTESIAN_POINT('',(25.5955734172611,18.95,-42.2438590914192));
#6426=CARTESIAN_POINT('Origin',(20.4375,18.95,-40.));
#6427=CARTESIAN_POINT('',(25.7336009462625,18.95,-41.8952413479548));
#6428=CARTESIAN_POINT('Origin',(25.6674930188756,18.95,-42.0707007219894));
#6429=CARTESIAN_POINT('',(25.8361305833143,18.95,-41.5796875719278));
#6430=CARTESIAN_POINT('Origin',(20.4375,18.95,-40.));
#6431=CARTESIAN_POINT('',(25.9293763349565,18.95,-41.216519346967));
#6432=CARTESIAN_POINT('Origin',(25.8857805790295,18.95,-41.3988806917338));
#6433=CARTESIAN_POINT('',(25.9915481200832,18.95,-40.8906034357674));
#6434=CARTESIAN_POINT('Origin',(20.4375,18.95,-40.));
#6435=CARTESIAN_POINT('',(26.0385415531603,18.95,-40.5186121091641));
#6436=CARTESIAN_POINT('Origin',(26.0181454998069,18.95,-40.7049994773187));
#6437=CARTESIAN_POINT('',(26.0593750001708,18.95,-40.1874739514042));
#6438=CARTESIAN_POINT('Origin',(20.4375,18.95,-40.));
#6439=CARTESIAN_POINT('',(26.0593750001708,18.95,-39.8125260485958));
#6440=CARTESIAN_POINT('Origin',(26.0625003073364,18.95,-40.));
#6441=CARTESIAN_POINT('Origin',(20.4375,18.95,-40.));
#6442=CARTESIAN_POINT('',(24.1875,18.95,-40.));
#6443=CARTESIAN_POINT('Origin',(20.4375,18.95,-40.));
#6444=CARTESIAN_POINT('Origin',(20.4375,18.95,-40.));
#6445=CARTESIAN_POINT('',(25.9293763349565,26.45,-38.783480653033));
#6446=CARTESIAN_POINT('Origin',(20.4375,26.45,-40.));
#6447=CARTESIAN_POINT('',(25.9293763349565,26.45,-38.783480653033));
#6448=CARTESIAN_POINT('Origin',(25.8857805790295,26.45,-38.6011193082662));
#6449=CARTESIAN_POINT('',(25.8361305833143,26.45,-38.4203124280722));
#6450=CARTESIAN_POINT('Origin',(25.8857805790295,26.45,-38.6011193082662));
#6451=CARTESIAN_POINT('',(25.8361305833143,26.45,-38.4203124280722));
#6452=CARTESIAN_POINT('Origin',(20.4375,18.95,-40.));
#6453=CARTESIAN_POINT('',(25.7336009462625,26.45,-38.1047586520452));
#6454=CARTESIAN_POINT('Origin',(20.4375,26.45,-40.));
#6455=CARTESIAN_POINT('',(25.7336009462625,26.45,-38.1047586520452));
#6456=CARTESIAN_POINT('Origin',(25.6674930188756,26.45,-37.9292992780106));
#6457=CARTESIAN_POINT('',(25.5955734172611,26.45,-37.7561409085808));
#6458=CARTESIAN_POINT('Origin',(25.6674930188756,26.45,-37.9292992780106));
#6459=CARTESIAN_POINT('',(25.5955734172611,26.45,-37.7561409085807));
#6460=CARTESIAN_POINT('Origin',(20.4375,18.95,-40.));
#6461=CARTESIAN_POINT('',(25.4543028819086,26.45,-37.4559257392769));
#6462=CARTESIAN_POINT('Origin',(20.4375,26.45,-40.));
#6463=CARTESIAN_POINT('',(25.4543028819086,26.45,-37.4559257392769));
#6464=CARTESIAN_POINT('Origin',(25.3667253445677,26.45,-37.2901354351174));
#6465=CARTESIAN_POINT('',(25.2736703521339,26.45,-37.1273563873774));
#6466=CARTESIAN_POINT('Origin',(25.3667253445677,26.45,-37.2901354351174));
#6467=CARTESIAN_POINT('',(25.2736703521339,26.45,-37.1273563873774));
#6468=CARTESIAN_POINT('Origin',(20.4375,18.95,-40.));
#6469=CARTESIAN_POINT('',(25.0958868392142,26.45,-36.8472143973565));
#6470=CARTESIAN_POINT('Origin',(20.4375,26.45,-40.));
#6471=CARTESIAN_POINT('',(25.0958868392142,26.45,-36.8472143973565));
#6472=CARTESIAN_POINT('Origin',(24.9882208419995,26.45,-36.693707775207));
#6473=CARTESIAN_POINT('',(24.8754979915654,26.45,-36.5438751719793));
#6474=CARTESIAN_POINT('Origin',(24.9882208419995,26.45,-36.693707775207));
#6475=CARTESIAN_POINT('',(24.8754979915654,26.45,-36.5438751719792));
#6476=CARTESIAN_POINT('Origin',(20.4375,18.95,-40.));
#6477=CARTESIAN_POINT('',(24.66400525328,26.45,-36.2882243677727));
#6478=CARTESIAN_POINT('Origin',(20.4375,26.45,-40.));
#6479=CARTESIAN_POINT('',(24.66400525328,26.45,-36.2882243677727));
#6480=CARTESIAN_POINT('Origin',(24.5379487532841,26.45,-36.1494223187648));
#6481=CARTESIAN_POINT('',(24.4073357515384,26.45,-36.0148991097079));
#6482=CARTESIAN_POINT('Origin',(24.5379487532841,26.45,-36.1494223187648));
#6483=CARTESIAN_POINT('',(24.4073357515384,26.45,-36.0148991097078));
#6484=CARTESIAN_POINT('Origin',(20.4375,18.95,-40.));
#6485=CARTESIAN_POINT('',(24.1654691547097,26.45,-35.7877712572163));
#6486=CARTESIAN_POINT('Origin',(20.4375,26.45,-40.));
#6487=CARTESIAN_POINT('',(24.1654691547097,26.45,-35.7877712572163));
#6488=CARTESIAN_POINT('Origin',(24.02301013824,26.45,-35.6658627725794));
#6489=CARTESIAN_POINT('',(23.8765668302448,26.45,-35.5487704690603));
#6490=CARTESIAN_POINT('Origin',(24.02301013824,26.45,-35.6658627725794));
#6491=CARTESIAN_POINT('',(23.8765668302448,26.45,-35.5487704690603));
#6492=CARTESIAN_POINT('Origin',(20.4375,18.95,-40.));
#6493=CARTESIAN_POINT('',(23.6081407555888,26.45,-35.3537475101972));
#6494=CARTESIAN_POINT('Origin',(20.4375,26.45,-40.));
#6495=CARTESIAN_POINT('',(23.6081407555888,26.45,-35.3537475101972));
#6496=CARTESIAN_POINT('Origin',(23.451525886436,26.45,-35.2506551595584));
#6497=CARTESIAN_POINT('',(23.2915617706392,26.45,-35.1528403771512));
#6498=CARTESIAN_POINT('Origin',(23.451525886436,26.45,-35.2506551595584));
#6499=CARTESIAN_POINT('',(23.2915617706392,26.45,-35.1528403771512));
#6500=CARTESIAN_POINT('Origin',(20.4375,18.95,-40.));
#6501=CARTESIAN_POINT('',(23.0008094577033,26.45,-34.9929979404789));
#6502=CARTESIAN_POINT('Origin',(20.4375,26.45,-40.));
#6503=CARTESIAN_POINT('',(23.0008094577034,26.45,-34.9929979404789));
#6504=CARTESIAN_POINT('Origin',(22.832508645911,26.45,-34.9103475517923));
#6505=CARTESIAN_POINT('',(22.6615464519769,26.45,-34.8333528880473));
#6506=CARTESIAN_POINT('Origin',(22.832508645911,26.45,-34.9103475517923));
#6507=CARTESIAN_POINT('',(22.6615464519768,26.45,-34.8333528880473));
#6508=CARTESIAN_POINT('Origin',(20.4375,18.95,-40.));
#6509=CARTESIAN_POINT('',(22.353053238423,26.45,-34.7112117842773));
#6510=CARTESIAN_POINT('Origin',(20.4375,26.45,-40.));
#6511=CARTESIAN_POINT('',(22.353053238423,26.45,-34.7112117842773));
#6512=CARTESIAN_POINT('Origin',(22.1757206883313,26.45,-34.6503068035454));
#6513=CARTESIAN_POINT('',(21.9964565921858,26.45,-34.5953465103043));
#6514=CARTESIAN_POINT('Origin',(22.1757206883313,26.45,-34.6503068035454));
#6515=CARTESIAN_POINT('',(21.9964565921858,26.45,-34.5953465103043));
#6516=CARTESIAN_POINT('Origin',(20.4375,18.95,-40.));
#6517=CARTESIAN_POINT('',(21.6750876002767,26.45,-34.5128329776066));
#6518=CARTESIAN_POINT('Origin',(20.4375,26.45,-40.));
#6519=CARTESIAN_POINT('',(21.6750876002767,26.45,-34.5128329776066));
#6520=CARTESIAN_POINT('Origin',(21.4915199521338,26.45,-34.4746339127584));
#6521=CARTESIAN_POINT('',(21.3067810556605,26.45,-34.4425747466772));
#6522=CARTESIAN_POINT('Origin',(21.4915199521338,26.45,-34.4746339127584));
#6523=CARTESIAN_POINT('',(21.3067810556605,26.45,-34.4425747466772));
#6524=CARTESIAN_POINT('Origin',(20.4375,18.95,-40.));
#6525=CARTESIAN_POINT('',(20.9776044663751,26.45,-34.4009900727538));
#6526=CARTESIAN_POINT('Origin',(20.4375,26.45,-40.));
#6527=CARTESIAN_POINT('',(20.9776044663751,26.45,-34.4009900727538));
#6528=CARTESIAN_POINT('Origin',(20.7906966916502,26.45,-34.386099345861));
#6529=CARTESIAN_POINT('',(20.6033964376041,26.45,-34.37744689914));
#6530=CARTESIAN_POINT('Origin',(20.7906966916502,26.45,-34.386099345861));
#6531=CARTESIAN_POINT('',(20.6033964376041,26.45,-34.37744689914));
#6532=CARTESIAN_POINT('Origin',(20.4375,18.95,-40.));
#6533=CARTESIAN_POINT('',(20.2716035623959,26.45,-34.37744689914));
#6534=CARTESIAN_POINT('Origin',(20.4375,26.45,-40.));
#6535=CARTESIAN_POINT('',(20.2716035623959,26.45,-34.37744689914));
#6536=CARTESIAN_POINT('Origin',(20.0843033083498,26.45,-34.386099345861));
#6537=CARTESIAN_POINT('',(19.8973955336249,26.45,-34.4009900727538));
#6538=CARTESIAN_POINT('Origin',(20.0843033083498,26.45,-34.386099345861));
#6539=CARTESIAN_POINT('',(19.8973955336249,26.45,-34.4009900727538));
#6540=CARTESIAN_POINT('Origin',(20.4375,18.95,-40.));
#6541=CARTESIAN_POINT('',(19.5682189443395,26.45,-34.4425747466772));
#6542=CARTESIAN_POINT('Origin',(20.4375,26.45,-40.));
#6543=CARTESIAN_POINT('',(19.5682189443395,26.45,-34.4425747466772));
#6544=CARTESIAN_POINT('Origin',(19.3834800478662,26.45,-34.4746339127584));
#6545=CARTESIAN_POINT('',(19.1999123997233,26.45,-34.5128329776066));
#6546=CARTESIAN_POINT('Origin',(19.3834800478662,26.45,-34.4746339127584));
#6547=CARTESIAN_POINT('',(19.1999123997233,26.45,-34.5128329776066));
#6548=CARTESIAN_POINT('Origin',(20.4375,18.95,-40.));
#6549=CARTESIAN_POINT('',(18.8785434078142,26.45,-34.5953465103043));
#6550=CARTESIAN_POINT('Origin',(20.4375,26.45,-40.));
#6551=CARTESIAN_POINT('',(18.8785434078142,26.45,-34.5953465103043));
#6552=CARTESIAN_POINT('Origin',(18.6992793116687,26.45,-34.6503068035454));
#6553=CARTESIAN_POINT('',(18.521946761577,26.45,-34.7112117842773));
#6554=CARTESIAN_POINT('Origin',(18.6992793116687,26.45,-34.6503068035454));
#6555=CARTESIAN_POINT('',(18.521946761577,26.45,-34.7112117842773));
#6556=CARTESIAN_POINT('Origin',(20.4375,18.95,-40.));
#6557=CARTESIAN_POINT('',(18.2134535480232,26.45,-34.8333528880473));
#6558=CARTESIAN_POINT('Origin',(20.4375,26.45,-40.));
#6559=CARTESIAN_POINT('',(18.2134535480232,26.45,-34.8333528880473));
#6560=CARTESIAN_POINT('Origin',(18.042491354089,26.45,-34.9103475517923));
#6561=CARTESIAN_POINT('',(17.8741905422967,26.45,-34.9929979404789));
#6562=CARTESIAN_POINT('Origin',(18.042491354089,26.45,-34.9103475517923));
#6563=CARTESIAN_POINT('',(17.8741905422967,26.45,-34.9929979404789));
#6564=CARTESIAN_POINT('Origin',(20.4375,18.95,-40.));
#6565=CARTESIAN_POINT('',(17.5834382293608,26.45,-35.1528403771512));
#6566=CARTESIAN_POINT('Origin',(20.4375,26.45,-40.));
#6567=CARTESIAN_POINT('',(17.5834382293608,26.45,-35.1528403771512));
#6568=CARTESIAN_POINT('Origin',(17.423474113564,26.45,-35.2506551595584));
#6569=CARTESIAN_POINT('',(17.2668592444112,26.45,-35.3537475101972));
#6570=CARTESIAN_POINT('Origin',(17.423474113564,26.45,-35.2506551595584));
#6571=CARTESIAN_POINT('',(17.2668592444112,26.45,-35.3537475101972));
#6572=CARTESIAN_POINT('Origin',(20.4375,18.95,-40.));
#6573=CARTESIAN_POINT('',(16.9984331697552,26.45,-35.5487704690603));
#6574=CARTESIAN_POINT('Origin',(20.4375,26.45,-40.));
#6575=CARTESIAN_POINT('',(16.9984331697552,26.45,-35.5487704690603));
#6576=CARTESIAN_POINT('Origin',(16.85198986176,26.45,-35.6658627725794));
#6577=CARTESIAN_POINT('',(16.7095308452903,26.45,-35.7877712572163));
#6578=CARTESIAN_POINT('Origin',(16.85198986176,26.45,-35.6658627725794));
#6579=CARTESIAN_POINT('',(16.7095308452903,26.45,-35.7877712572163));
#6580=CARTESIAN_POINT('Origin',(20.4375,18.95,-40.));
#6581=CARTESIAN_POINT('',(16.4676642484616,26.45,-36.0148991097079));
#6582=CARTESIAN_POINT('Origin',(20.4375,26.45,-40.));
#6583=CARTESIAN_POINT('',(16.4676642484616,26.45,-36.0148991097078));
#6584=CARTESIAN_POINT('Origin',(16.3370512467159,26.45,-36.1494223187648));
#6585=CARTESIAN_POINT('',(16.21099474672,26.45,-36.2882243677727));
#6586=CARTESIAN_POINT('Origin',(16.3370512467159,26.45,-36.1494223187648));
#6587=CARTESIAN_POINT('',(16.21099474672,26.45,-36.2882243677727));
#6588=CARTESIAN_POINT('Origin',(20.4375,18.95,-40.));
#6589=CARTESIAN_POINT('',(15.9995020084346,26.45,-36.5438751719793));
#6590=CARTESIAN_POINT('Origin',(20.4375,26.45,-40.));
#6591=CARTESIAN_POINT('',(15.9995020084346,26.45,-36.5438751719792));
#6592=CARTESIAN_POINT('Origin',(15.8867791580005,26.45,-36.693707775207));
#6593=CARTESIAN_POINT('',(15.7791131607858,26.45,-36.8472143973565));
#6594=CARTESIAN_POINT('Origin',(15.8867791580005,26.45,-36.693707775207));
#6595=CARTESIAN_POINT('',(15.7791131607858,26.45,-36.8472143973565));
#6596=CARTESIAN_POINT('Origin',(20.4375,18.95,-40.));
#6597=CARTESIAN_POINT('',(15.6013296478661,26.45,-37.1273563873774));
#6598=CARTESIAN_POINT('Origin',(20.4375,26.45,-40.));
#6599=CARTESIAN_POINT('',(15.6013296478661,26.45,-37.1273563873774));
#6600=CARTESIAN_POINT('Origin',(15.5082746554323,26.45,-37.2901354351174));
#6601=CARTESIAN_POINT('',(15.4206971180914,26.45,-37.4559257392769));
#6602=CARTESIAN_POINT('Origin',(15.5082746554323,26.45,-37.2901354351174));
#6603=CARTESIAN_POINT('',(15.4206971180914,26.45,-37.4559257392769));
#6604=CARTESIAN_POINT('Origin',(20.4375,18.95,-40.));
#6605=CARTESIAN_POINT('',(15.2794265827389,26.45,-37.7561409085808));
#6606=CARTESIAN_POINT('Origin',(20.4375,26.45,-40.));
#6607=CARTESIAN_POINT('',(15.2794265827389,26.45,-37.7561409085807));
#6608=CARTESIAN_POINT('Origin',(15.2075069811244,26.45,-37.9292992780106));
#6609=CARTESIAN_POINT('',(15.1413990537375,26.45,-38.1047586520452));
#6610=CARTESIAN_POINT('Origin',(15.2075069811244,26.45,-37.9292992780106));
#6611=CARTESIAN_POINT('',(15.1413990537375,26.45,-38.1047586520452));
#6612=CARTESIAN_POINT('Origin',(20.4375,18.95,-40.));
#6613=CARTESIAN_POINT('',(15.0388694166857,26.45,-38.4203124280722));
#6614=CARTESIAN_POINT('Origin',(20.4375,26.45,-40.));
#6615=CARTESIAN_POINT('',(15.0388694166857,26.45,-38.4203124280722));
#6616=CARTESIAN_POINT('Origin',(14.9892194209705,26.45,-38.6011193082662));
#6617=CARTESIAN_POINT('',(14.9456236650435,26.45,-38.783480653033));
#6618=CARTESIAN_POINT('Origin',(14.9892194209705,26.45,-38.6011193082662));
#6619=CARTESIAN_POINT('',(14.9456236650435,26.45,-38.783480653033));
#6620=CARTESIAN_POINT('Origin',(20.4375,18.95,-40.));
#6621=CARTESIAN_POINT('',(14.8834518799168,26.45,-39.1093965642326));
#6622=CARTESIAN_POINT('Origin',(20.4375,26.45,-40.));
#6623=CARTESIAN_POINT('',(14.8834518799168,26.45,-39.1093965642326));
#6624=CARTESIAN_POINT('Origin',(14.856854500193,26.45,-39.2950005226813));
#6625=CARTESIAN_POINT('',(14.8364584468397,26.45,-39.4813878908359));
#6626=CARTESIAN_POINT('Origin',(14.856854500193,26.45,-39.2950005226813));
#6627=CARTESIAN_POINT('',(14.8364584468397,26.45,-39.4813878908359));
#6628=CARTESIAN_POINT('Origin',(20.4375,18.95,-40.));
#6629=CARTESIAN_POINT('',(14.8156249998292,26.45,-39.8125260485958));
#6630=CARTESIAN_POINT('Origin',(20.4375,26.45,-40.));
#6631=CARTESIAN_POINT('',(14.8156249998292,26.45,-39.8125260485958));
#6632=CARTESIAN_POINT('Origin',(14.8124996926636,26.45,-40.));
#6633=CARTESIAN_POINT('',(14.8156249998292,26.45,-40.1874739514042));
#6634=CARTESIAN_POINT('Origin',(14.8124996926636,26.45,-40.));
#6635=CARTESIAN_POINT('',(14.8156249998292,26.45,-40.1874739514042));
#6636=CARTESIAN_POINT('Origin',(20.4375,18.95,-40.));
#6637=CARTESIAN_POINT('',(14.8364584468397,26.45,-40.5186121091641));
#6638=CARTESIAN_POINT('Origin',(20.4375,26.45,-40.));
#6639=CARTESIAN_POINT('',(14.8364584468397,26.45,-40.5186121091641));
#6640=CARTESIAN_POINT('Origin',(14.856854500193,26.45,-40.7049994773187));
#6641=CARTESIAN_POINT('',(14.8834518799168,26.45,-40.8906034357674));
#6642=CARTESIAN_POINT('Origin',(14.856854500193,26.45,-40.7049994773187));
#6643=CARTESIAN_POINT('',(14.8834518799168,26.45,-40.8906034357674));
#6644=CARTESIAN_POINT('Origin',(20.4375,18.95,-40.));
#6645=CARTESIAN_POINT('',(14.9456236650435,26.45,-41.216519346967));
#6646=CARTESIAN_POINT('Origin',(20.4375,26.45,-40.));
#6647=CARTESIAN_POINT('',(14.9456236650435,26.45,-41.216519346967));
#6648=CARTESIAN_POINT('Origin',(14.9892194209705,26.45,-41.3988806917338));
#6649=CARTESIAN_POINT('',(15.0388694166857,26.45,-41.5796875719278));
#6650=CARTESIAN_POINT('Origin',(14.9892194209705,26.45,-41.3988806917338));
#6651=CARTESIAN_POINT('',(15.0388694166857,26.45,-41.5796875719278));
#6652=CARTESIAN_POINT('Origin',(20.4375,18.95,-40.));
#6653=CARTESIAN_POINT('',(15.1413990537375,26.45,-41.8952413479548));
#6654=CARTESIAN_POINT('Origin',(20.4375,26.45,-40.));
#6655=CARTESIAN_POINT('',(15.1413990537375,26.45,-41.8952413479548));
#6656=CARTESIAN_POINT('Origin',(15.2075069811244,26.45,-42.0707007219894));
#6657=CARTESIAN_POINT('',(15.2794265827389,26.45,-42.2438590914192));
#6658=CARTESIAN_POINT('Origin',(15.2075069811244,26.45,-42.0707007219894));
#6659=CARTESIAN_POINT('',(15.2794265827389,26.45,-42.2438590914192));
#6660=CARTESIAN_POINT('Origin',(20.4375,18.95,-40.));
#6661=CARTESIAN_POINT('',(15.4206971180914,26.45,-42.5440742607231));
#6662=CARTESIAN_POINT('Origin',(20.4375,26.45,-40.));
#6663=CARTESIAN_POINT('',(15.4206971180914,26.45,-42.5440742607231));
#6664=CARTESIAN_POINT('Origin',(15.5082746554323,26.45,-42.7098645648826));
#6665=CARTESIAN_POINT('',(15.6013296478661,26.45,-42.8726436126226));
#6666=CARTESIAN_POINT('Origin',(15.5082746554323,26.45,-42.7098645648826));
#6667=CARTESIAN_POINT('',(15.6013296478661,26.45,-42.8726436126226));
#6668=CARTESIAN_POINT('Origin',(20.4375,18.95,-40.));
#6669=CARTESIAN_POINT('',(15.7791131607858,26.45,-43.1527856026435));
#6670=CARTESIAN_POINT('Origin',(20.4375,26.45,-40.));
#6671=CARTESIAN_POINT('',(15.7791131607858,26.45,-43.1527856026435));
#6672=CARTESIAN_POINT('Origin',(15.8867791580005,26.45,-43.306292224793));
#6673=CARTESIAN_POINT('',(15.9995020084346,26.45,-43.4561248280208));
#6674=CARTESIAN_POINT('Origin',(15.8867791580005,26.45,-43.306292224793));
#6675=CARTESIAN_POINT('',(15.9995020084346,26.45,-43.4561248280208));
#6676=CARTESIAN_POINT('Origin',(20.4375,18.95,-40.));
#6677=CARTESIAN_POINT('',(16.21099474672,26.45,-43.7117756322273));
#6678=CARTESIAN_POINT('Origin',(20.4375,26.45,-40.));
#6679=CARTESIAN_POINT('',(16.21099474672,26.45,-43.7117756322273));
#6680=CARTESIAN_POINT('Origin',(16.3370512467159,26.45,-43.8505776812352));
#6681=CARTESIAN_POINT('',(16.4676642484616,26.45,-43.9851008902921));
#6682=CARTESIAN_POINT('Origin',(16.3370512467159,26.45,-43.8505776812352));
#6683=CARTESIAN_POINT('',(16.4676642484616,26.45,-43.9851008902922));
#6684=CARTESIAN_POINT('Origin',(20.4375,18.95,-40.));
#6685=CARTESIAN_POINT('',(16.7095308452903,26.45,-44.2122287427837));
#6686=CARTESIAN_POINT('Origin',(20.4375,26.45,-40.));
#6687=CARTESIAN_POINT('',(16.7095308452903,26.45,-44.2122287427837));
#6688=CARTESIAN_POINT('Origin',(16.85198986176,26.45,-44.3341372274206));
#6689=CARTESIAN_POINT('',(16.9984331697552,26.45,-44.4512295309397));
#6690=CARTESIAN_POINT('Origin',(16.85198986176,26.45,-44.3341372274206));
#6691=CARTESIAN_POINT('',(16.9984331697552,26.45,-44.4512295309397));
#6692=CARTESIAN_POINT('Origin',(20.4375,18.95,-40.));
#6693=CARTESIAN_POINT('',(17.2668592444112,26.45,-44.6462524898028));
#6694=CARTESIAN_POINT('Origin',(20.4375,26.45,-40.));
#6695=CARTESIAN_POINT('',(17.2668592444112,26.45,-44.6462524898028));
#6696=CARTESIAN_POINT('Origin',(17.423474113564,26.45,-44.7493448404416));
#6697=CARTESIAN_POINT('',(17.5834382293608,26.45,-44.8471596228488));
#6698=CARTESIAN_POINT('Origin',(17.423474113564,26.45,-44.7493448404416));
#6699=CARTESIAN_POINT('',(17.5834382293608,26.45,-44.8471596228488));
#6700=CARTESIAN_POINT('Origin',(20.4375,18.95,-40.));
#6701=CARTESIAN_POINT('',(17.8741905422967,26.45,-45.0070020595211));
#6702=CARTESIAN_POINT('Origin',(20.4375,26.45,-40.));
#6703=CARTESIAN_POINT('',(17.8741905422966,26.45,-45.0070020595211));
#6704=CARTESIAN_POINT('Origin',(18.042491354089,26.45,-45.0896524482077));
#6705=CARTESIAN_POINT('',(18.2134535480231,26.45,-45.1666471119527));
#6706=CARTESIAN_POINT('Origin',(18.042491354089,26.45,-45.0896524482077));
#6707=CARTESIAN_POINT('',(18.2134535480232,26.45,-45.1666471119527));
#6708=CARTESIAN_POINT('Origin',(20.4375,18.95,-40.));
#6709=CARTESIAN_POINT('',(18.521946761577,26.45,-45.2887882157227));
#6710=CARTESIAN_POINT('Origin',(20.4375,26.45,-40.));
#6711=CARTESIAN_POINT('',(18.521946761577,26.45,-45.2887882157227));
#6712=CARTESIAN_POINT('Origin',(18.6992793116687,26.45,-45.3496931964546));
#6713=CARTESIAN_POINT('',(18.8785434078142,26.45,-45.4046534896957));
#6714=CARTESIAN_POINT('Origin',(18.6992793116687,26.45,-45.3496931964546));
#6715=CARTESIAN_POINT('',(18.8785434078142,26.45,-45.4046534896957));
#6716=CARTESIAN_POINT('Origin',(20.4375,18.95,-40.));
#6717=CARTESIAN_POINT('',(19.1999123997233,26.45,-45.4871670223934));
#6718=CARTESIAN_POINT('Origin',(20.4375,26.45,-40.));
#6719=CARTESIAN_POINT('',(19.1999123997233,26.45,-45.4871670223934));
#6720=CARTESIAN_POINT('Origin',(19.3834800478662,26.45,-45.5253660872416));
#6721=CARTESIAN_POINT('',(19.5682189443395,26.45,-45.5574252533228));
#6722=CARTESIAN_POINT('Origin',(19.3834800478662,26.45,-45.5253660872416));
#6723=CARTESIAN_POINT('',(19.5682189443395,26.45,-45.5574252533228));
#6724=CARTESIAN_POINT('Origin',(20.4375,18.95,-40.));
#6725=CARTESIAN_POINT('',(19.8973955336249,26.45,-45.5990099272462));
#6726=CARTESIAN_POINT('Origin',(20.4375,26.45,-40.));
#6727=CARTESIAN_POINT('',(19.8973955336249,26.45,-45.5990099272462));
#6728=CARTESIAN_POINT('Origin',(20.0843033083498,26.45,-45.613900654139));
#6729=CARTESIAN_POINT('',(20.2716035623959,26.45,-45.62255310086));
#6730=CARTESIAN_POINT('Origin',(20.0843033083498,26.45,-45.613900654139));
#6731=CARTESIAN_POINT('',(20.2716035623959,26.45,-45.62255310086));
#6732=CARTESIAN_POINT('Origin',(20.4375,18.95,-40.));
#6733=CARTESIAN_POINT('',(20.6033964376041,26.45,-45.62255310086));
#6734=CARTESIAN_POINT('Origin',(20.4375,26.45,-40.));
#6735=CARTESIAN_POINT('',(20.6033964376041,26.45,-45.62255310086));
#6736=CARTESIAN_POINT('Origin',(20.7906966916502,26.45,-45.613900654139));
#6737=CARTESIAN_POINT('',(20.9776044663751,26.45,-45.5990099272462));
#6738=CARTESIAN_POINT('Origin',(20.7906966916502,26.45,-45.613900654139));
#6739=CARTESIAN_POINT('',(20.9776044663751,26.45,-45.5990099272462));
#6740=CARTESIAN_POINT('Origin',(20.4375,18.95,-40.));
#6741=CARTESIAN_POINT('',(21.3067810556605,26.45,-45.5574252533228));
#6742=CARTESIAN_POINT('Origin',(20.4375,26.45,-40.));
#6743=CARTESIAN_POINT('',(21.3067810556605,26.45,-45.5574252533228));
#6744=CARTESIAN_POINT('Origin',(21.4915199521338,26.45,-45.5253660872415));
#6745=CARTESIAN_POINT('',(21.6750876002767,26.45,-45.4871670223934));
#6746=CARTESIAN_POINT('Origin',(21.4915199521338,26.45,-45.5253660872415));
#6747=CARTESIAN_POINT('',(21.6750876002767,26.45,-45.4871670223934));
#6748=CARTESIAN_POINT('Origin',(20.4375,18.95,-40.));
#6749=CARTESIAN_POINT('',(21.9964565921858,26.45,-45.4046534896957));
#6750=CARTESIAN_POINT('Origin',(20.4375,26.45,-40.));
#6751=CARTESIAN_POINT('',(21.9964565921858,26.45,-45.4046534896957));
#6752=CARTESIAN_POINT('Origin',(22.1757206883313,26.45,-45.3496931964546));
#6753=CARTESIAN_POINT('',(22.353053238423,26.45,-45.2887882157227));
#6754=CARTESIAN_POINT('Origin',(22.1757206883313,26.45,-45.3496931964546));
#6755=CARTESIAN_POINT('',(22.353053238423,26.45,-45.2887882157227));
#6756=CARTESIAN_POINT('Origin',(20.4375,18.95,-40.));
#6757=CARTESIAN_POINT('',(22.6615464519768,26.45,-45.1666471119527));
#6758=CARTESIAN_POINT('Origin',(20.4375,26.45,-40.));
#6759=CARTESIAN_POINT('',(22.6615464519768,26.45,-45.1666471119527));
#6760=CARTESIAN_POINT('Origin',(22.832508645911,26.45,-45.0896524482077));
#6761=CARTESIAN_POINT('',(23.0008094577033,26.45,-45.0070020595211));
#6762=CARTESIAN_POINT('Origin',(22.832508645911,26.45,-45.0896524482077));
#6763=CARTESIAN_POINT('',(23.0008094577033,26.45,-45.0070020595211));
#6764=CARTESIAN_POINT('Origin',(20.4375,18.95,-40.));
#6765=CARTESIAN_POINT('',(23.2915617706392,26.45,-44.8471596228488));
#6766=CARTESIAN_POINT('Origin',(20.4375,26.45,-40.));
#6767=CARTESIAN_POINT('',(23.2915617706392,26.45,-44.8471596228488));
#6768=CARTESIAN_POINT('Origin',(23.451525886436,26.45,-44.7493448404416));
#6769=CARTESIAN_POINT('',(23.6081407555888,26.45,-44.6462524898028));
#6770=CARTESIAN_POINT('Origin',(23.451525886436,26.45,-44.7493448404416));
#6771=CARTESIAN_POINT('',(23.6081407555888,26.45,-44.6462524898028));
#6772=CARTESIAN_POINT('Origin',(20.4375,18.95,-40.));
#6773=CARTESIAN_POINT('',(23.8765668302448,26.45,-44.4512295309397));
#6774=CARTESIAN_POINT('Origin',(20.4375,26.45,-40.));
#6775=CARTESIAN_POINT('',(23.8765668302448,26.45,-44.4512295309397));
#6776=CARTESIAN_POINT('Origin',(24.02301013824,26.45,-44.3341372274206));
#6777=CARTESIAN_POINT('',(24.1654691547097,26.45,-44.2122287427837));
#6778=CARTESIAN_POINT('Origin',(24.02301013824,26.45,-44.3341372274206));
#6779=CARTESIAN_POINT('',(24.1654691547097,26.45,-44.2122287427837));
#6780=CARTESIAN_POINT('Origin',(20.4375,18.95,-40.));
#6781=CARTESIAN_POINT('',(24.4073357515384,26.45,-43.9851008902921));
#6782=CARTESIAN_POINT('Origin',(20.4375,26.45,-40.));
#6783=CARTESIAN_POINT('',(24.4073357515384,26.45,-43.9851008902921));
#6784=CARTESIAN_POINT('Origin',(24.5379487532841,26.45,-43.8505776812352));
#6785=CARTESIAN_POINT('',(24.66400525328,26.45,-43.7117756322273));
#6786=CARTESIAN_POINT('Origin',(24.5379487532841,26.45,-43.8505776812352));
#6787=CARTESIAN_POINT('',(24.66400525328,26.45,-43.7117756322273));
#6788=CARTESIAN_POINT('Origin',(20.4375,18.95,-40.));
#6789=CARTESIAN_POINT('',(24.8754979915654,26.45,-43.4561248280207));
#6790=CARTESIAN_POINT('Origin',(20.4375,26.45,-40.));
#6791=CARTESIAN_POINT('',(24.8754979915654,26.45,-43.4561248280208));
#6792=CARTESIAN_POINT('Origin',(24.9882208419995,26.45,-43.306292224793));
#6793=CARTESIAN_POINT('',(25.0958868392142,26.45,-43.1527856026435));
#6794=CARTESIAN_POINT('Origin',(24.9882208419995,26.45,-43.306292224793));
#6795=CARTESIAN_POINT('',(25.0958868392142,26.45,-43.1527856026435));
#6796=CARTESIAN_POINT('Origin',(20.4375,18.95,-40.));
#6797=CARTESIAN_POINT('',(25.2736703521339,26.45,-42.8726436126226));
#6798=CARTESIAN_POINT('Origin',(20.4375,26.45,-40.));
#6799=CARTESIAN_POINT('',(25.2736703521339,26.45,-42.8726436126226));
#6800=CARTESIAN_POINT('Origin',(25.3667253445677,26.45,-42.7098645648826));
#6801=CARTESIAN_POINT('',(25.4543028819086,26.45,-42.5440742607231));
#6802=CARTESIAN_POINT('Origin',(25.3667253445677,26.45,-42.7098645648826));
#6803=CARTESIAN_POINT('',(25.4543028819086,26.45,-42.5440742607231));
#6804=CARTESIAN_POINT('Origin',(20.4375,18.95,-40.));
#6805=CARTESIAN_POINT('',(25.5955734172611,26.45,-42.2438590914192));
#6806=CARTESIAN_POINT('Origin',(20.4375,26.45,-40.));
#6807=CARTESIAN_POINT('',(25.5955734172611,26.45,-42.2438590914193));
#6808=CARTESIAN_POINT('Origin',(25.6674930188756,26.45,-42.0707007219894));
#6809=CARTESIAN_POINT('',(25.7336009462625,26.45,-41.8952413479548));
#6810=CARTESIAN_POINT('Origin',(25.6674930188756,26.45,-42.0707007219894));
#6811=CARTESIAN_POINT('',(25.7336009462625,26.45,-41.8952413479548));
#6812=CARTESIAN_POINT('Origin',(20.4375,18.95,-40.));
#6813=CARTESIAN_POINT('',(25.8361305833143,26.45,-41.5796875719278));
#6814=CARTESIAN_POINT('Origin',(20.4375,26.45,-40.));
#6815=CARTESIAN_POINT('',(25.8361305833143,26.45,-41.5796875719278));
#6816=CARTESIAN_POINT('Origin',(25.8857805790295,26.45,-41.3988806917338));
#6817=CARTESIAN_POINT('',(25.9293763349565,26.45,-41.216519346967));
#6818=CARTESIAN_POINT('Origin',(25.8857805790295,26.45,-41.3988806917338));
#6819=CARTESIAN_POINT('',(25.9293763349565,26.45,-41.216519346967));
#6820=CARTESIAN_POINT('Origin',(20.4375,18.95,-40.));
#6821=CARTESIAN_POINT('',(25.9915481200832,26.45,-40.8906034357674));
#6822=CARTESIAN_POINT('Origin',(20.4375,26.45,-40.));
#6823=CARTESIAN_POINT('',(25.9915481200832,26.45,-40.8906034357674));
#6824=CARTESIAN_POINT('Origin',(26.0181454998069,26.45,-40.7049994773187));
#6825=CARTESIAN_POINT('',(26.0385415531603,26.45,-40.5186121091641));
#6826=CARTESIAN_POINT('',(26.0385415531603,26.45,-40.5186121091641));
#6827=CARTESIAN_POINT('Origin',(26.0181454998069,26.45,-40.7049994773187));
#6828=CARTESIAN_POINT('Origin',(20.4375,26.45,-40.));
#6829=CARTESIAN_POINT('',(26.0593750001708,26.45,-39.8125260485958));
#6830=CARTESIAN_POINT('Origin',(20.4375,26.45,-40.));
#6831=CARTESIAN_POINT('',(26.0593750001708,26.45,-40.1874739514042));
#6832=CARTESIAN_POINT('Origin',(26.0625003073364,26.45,-40.));
#6833=CARTESIAN_POINT('Origin',(20.4375,26.45,-40.));
#6834=CARTESIAN_POINT('',(20.437225496885,26.45,-42.424871115058));
#6835=CARTESIAN_POINT('',(22.5373627349858,26.45,-41.2126732842));
#6836=CARTESIAN_POINT('',(20.9622598064102,26.45,-42.1218216573435));
#6837=CARTESIAN_POINT('',(22.5376372381008,26.45,-38.787802169142));
#6838=CARTESIAN_POINT('',(22.5374313607646,26.45,-40.6064555054355));
#6839=CARTESIAN_POINT('',(20.437774503115,26.45,-37.575128884942));
#6840=CARTESIAN_POINT('',(22.0126715543544,26.45,-38.484633848092));
#6841=CARTESIAN_POINT('',(18.3376372650142,26.45,-38.7873267158));
#6842=CARTESIAN_POINT('',(19.9127401935898,26.45,-37.8781783426565));
#6843=CARTESIAN_POINT('',(18.3373627618992,26.45,-41.212197830858));
#6844=CARTESIAN_POINT('',(18.3375686392354,26.45,-39.3935444945645));
#6845=CARTESIAN_POINT('',(18.8623284456456,26.45,-41.515366151908));
#6846=CARTESIAN_POINT('Origin',(20.4375,18.95,-40.));
#6847=CARTESIAN_POINT('',(26.0593750001708,26.45,-39.8125260485958));
#6848=CARTESIAN_POINT('Origin',(26.0625003073364,26.45,-40.));
#6849=CARTESIAN_POINT('',(26.0593750001708,26.45,-40.1874739514042));
#6850=CARTESIAN_POINT('Origin',(20.437225496885,26.45,-42.424871115058));
#6851=CARTESIAN_POINT('',(20.437225496885,24.8,-42.424871115058));
#6852=CARTESIAN_POINT('',(20.437225496885,26.45,-42.424871115058));
#6853=CARTESIAN_POINT('',(22.5373627349858,24.8,-41.2126732842));
#6854=CARTESIAN_POINT('',(22.5373627349858,24.8,-41.2126732842));
#6855=CARTESIAN_POINT('',(22.5373627349858,26.45,-41.2126732842));
#6856=CARTESIAN_POINT('Origin',(18.3373627618992,26.45,-41.212197830858));
#6857=CARTESIAN_POINT('',(18.3373627618992,24.8,-41.212197830858));
#6858=CARTESIAN_POINT('',(18.3373627618992,26.45,-41.212197830858));
#6859=CARTESIAN_POINT('',(20.437225496885,24.8,-42.424871115058));
#6860=CARTESIAN_POINT('Origin',(18.3376372650142,26.45,-38.7873267158));
#6861=CARTESIAN_POINT('',(18.3376372650142,24.8,-38.7873267158));
#6862=CARTESIAN_POINT('',(18.3376372650142,26.45,-38.7873267158));
#6863=CARTESIAN_POINT('',(18.3373627618992,24.8,-41.212197830858));
#6864=CARTESIAN_POINT('Origin',(20.437774503115,26.45,-37.575128884942));
#6865=CARTESIAN_POINT('',(20.437774503115,24.8,-37.575128884942));
#6866=CARTESIAN_POINT('',(20.437774503115,26.45,-37.575128884942));
#6867=CARTESIAN_POINT('',(18.3376372650142,24.8,-38.7873267158));
#6868=CARTESIAN_POINT('Origin',(22.5376372381008,26.45,-38.787802169142));
#6869=CARTESIAN_POINT('',(22.5376372381008,24.8,-38.787802169142));
#6870=CARTESIAN_POINT('',(22.5376372381008,26.45,-38.787802169142));
#6871=CARTESIAN_POINT('',(20.437774503115,24.8,-37.575128884942));
#6872=CARTESIAN_POINT('Origin',(22.5373627349858,26.45,-41.2126732842));
#6873=CARTESIAN_POINT('',(22.5376372381008,24.8,-38.787802169142));
#6874=CARTESIAN_POINT('Origin',(20.4375,24.8,-40.));
#6875=CARTESIAN_POINT('',(21.75,24.8,-40.));
#6876=CARTESIAN_POINT('Origin',(20.4375,24.8,-40.));
#6877=CARTESIAN_POINT('Origin',(20.4375,26.45,-40.));
#6878=CARTESIAN_POINT('',(21.75,26.45,-40.));
#6879=CARTESIAN_POINT('Origin',(20.4375,18.95,-40.));
#6880=CARTESIAN_POINT('Origin',(24.1875,16.7,-42.325));
#6881=CARTESIAN_POINT('',(23.7474990558911,16.7,-41.7625));
#6882=CARTESIAN_POINT('Ctrl Pts',(23.7474990558911,16.7,-41.7625));
#6883=CARTESIAN_POINT('Ctrl Pts',(23.7474990558911,16.7695320864835,-41.7625));
#6884=CARTESIAN_POINT('Ctrl Pts',(23.7402841258659,16.8430696120189,-41.7762481181006));
#6885=CARTESIAN_POINT('Ctrl Pts',(23.7107938125945,16.9767603678716,-41.8300240495671));
#6886=CARTESIAN_POINT('Ctrl Pts',(23.6883930924421,17.0369163055662,-41.8699762987822));
#6887=CARTESIAN_POINT('Ctrl Pts',(23.6297498835087,17.1426754794345,-41.9687822050062));
#6888=CARTESIAN_POINT('Ctrl Pts',(23.5870240733645,17.1896211450798,-42.0373024352835));
#6889=CARTESIAN_POINT('Ctrl Pts',(23.4889277338682,17.2494571555218,-42.1814884678517));
#6890=CARTESIAN_POINT('Ctrl Pts',(23.4334674636369,17.2625,-42.2570298480916));
#6891=CARTESIAN_POINT('Ctrl Pts',(23.3189410837719,17.2625,-42.4019614689242));
#6892=CARTESIAN_POINT('Ctrl Pts',(23.2502886916496,17.2460345697665,-42.4820751510135));
#6893=CARTESIAN_POINT('Ctrl Pts',(23.1141671188031,17.1804570573447,-42.6282942001281));
#6894=CARTESIAN_POINT('Ctrl Pts',(23.0467255459373,17.1315659287044,-42.6945242521858));
#6895=CARTESIAN_POINT('Ctrl Pts',(22.9483591517009,17.027687747996,-42.7859108911488));
#6896=CARTESIAN_POINT('Ctrl Pts',(22.9070804344921,16.9717804168383,-42.8222684714945));
#6897=CARTESIAN_POINT('Ctrl Pts',(22.8625710974303,16.8758755313639,-42.8604041472403));
#6898=CARTESIAN_POINT('Ctrl Pts',(22.8505818609961,16.8418967454099,-42.8704778277799));
#6899=CARTESIAN_POINT('Ctrl Pts',(22.8343765681048,16.7718765646467,-42.8840247655001));
#6900=CARTESIAN_POINT('Ctrl Pts',(22.8301645711424,16.735834612948,-42.8875));
#6901=CARTESIAN_POINT('Ctrl Pts',(22.8301645711424,16.664165387052,-42.8875));
#6902=CARTESIAN_POINT('Ctrl Pts',(22.8343765681048,16.6281234353533,-42.8840247655001));
#6903=CARTESIAN_POINT('Ctrl Pts',(22.8505818609961,16.5581032545901,-42.8704778277799));
#6904=CARTESIAN_POINT('Ctrl Pts',(22.8625710974303,16.5241244686361,-42.8604041472403));
#6905=CARTESIAN_POINT('Ctrl Pts',(22.9070804344921,16.4282195831618,-42.8222684714945));
#6906=CARTESIAN_POINT('Ctrl Pts',(22.9483591517009,16.372312252004,-42.7859108911488));
#6907=CARTESIAN_POINT('Ctrl Pts',(23.0467255459373,16.2684340712956,-42.6945242521858));
#6908=CARTESIAN_POINT('Ctrl Pts',(23.1141671188031,16.2195429426553,-42.6282942001281));
#6909=CARTESIAN_POINT('Ctrl Pts',(23.2502886916496,16.1539654302335,-42.4820751510135));
#6910=CARTESIAN_POINT('Ctrl Pts',(23.3189410837719,16.1375,-42.4019614689242));
#6911=CARTESIAN_POINT('Ctrl Pts',(23.4334674636369,16.1375,-42.2570298480916));
#6912=CARTESIAN_POINT('Ctrl Pts',(23.4889277338682,16.1505428444782,-42.1814884678517));
#6913=CARTESIAN_POINT('Ctrl Pts',(23.5870240733645,16.2103788549202,-42.0373024352835));
#6914=CARTESIAN_POINT('Ctrl Pts',(23.6297498835087,16.2573245205655,-41.9687822050062));
#6915=CARTESIAN_POINT('Ctrl Pts',(23.6883930924421,16.3630836944338,-41.8699762987822));
#6916=CARTESIAN_POINT('Ctrl Pts',(23.7107938125945,16.4232396321284,-41.830024049567));
#6917=CARTESIAN_POINT('Ctrl Pts',(23.740284125866,16.5569303879811,-41.7762481181006));
#6918=CARTESIAN_POINT('Ctrl Pts',(23.7474990558911,16.6304679135165,-41.7625));
#6919=CARTESIAN_POINT('Ctrl Pts',(23.7474990558911,16.7,-41.7625));
#6920=CARTESIAN_POINT('',(22.0107132722552,16.7,-41.7625));
#6921=CARTESIAN_POINT('',(24.1875,16.7,-41.7625));
#6922=CARTESIAN_POINT('',(20.4375,17.2612486080161,-42.3625));
#6923=CARTESIAN_POINT('Ctrl Pts',(20.4375,17.2612486080161,-42.3625));
#6924=CARTESIAN_POINT('Ctrl Pts',(20.6738725535016,17.2612486080161,-42.3625));
#6925=CARTESIAN_POINT('Ctrl Pts',(20.9269834528746,17.2676585133701,-42.3243707858919));
#6926=CARTESIAN_POINT('Ctrl Pts',(21.2792853602236,17.2521256312874,-42.2108878277915));
#6927=CARTESIAN_POINT('Ctrl Pts',(21.3921876150404,17.2420214648975,-42.1641988642939));
#6928=CARTESIAN_POINT('Ctrl Pts',(21.602017496672,17.1988356441038,-42.0589036320342));
#6929=CARTESIAN_POINT('Ctrl Pts',(21.6990335301419,17.1664153969547,-42.0002033463984));
#6930=CARTESIAN_POINT('Ctrl Pts',(21.8194969038327,17.0881945310022,-41.9165817232867));
#6931=CARTESIAN_POINT('Ctrl Pts',(21.8550597937518,17.0594905437376,-41.890364090234));
#6932=CARTESIAN_POINT('Ctrl Pts',(21.9171779833238,16.9915385721996,-41.8421468960976));
#6933=CARTESIAN_POINT('Ctrl Pts',(21.943700966605,16.9521673816944,-41.8202795097611));
#6934=CARTESIAN_POINT('Ctrl Pts',(21.9775643021559,16.8815847476754,-41.7916366482631));
#6935=CARTESIAN_POINT('Ctrl Pts',(21.9901457166041,16.8466664509319,-41.7806795079353));
#6936=CARTESIAN_POINT('Ctrl Pts',(22.0067262269327,16.7735541207951,-41.7660852951152));
#6937=CARTESIAN_POINT('Ctrl Pts',(22.0107132722552,16.7353470293403,-41.7625));
#6938=CARTESIAN_POINT('Ctrl Pts',(22.0107132722552,16.7,-41.7625));
#6939=CARTESIAN_POINT('',(18.8642867277448,16.7,-41.7625));
#6940=CARTESIAN_POINT('Ctrl Pts',(18.8642867277448,16.7,-41.7625));
#6941=CARTESIAN_POINT('Ctrl Pts',(18.8642867277448,16.7353470293403,-41.7625));
#6942=CARTESIAN_POINT('Ctrl Pts',(18.8682737730673,16.7735541207951,-41.7660852951152));
#6943=CARTESIAN_POINT('Ctrl Pts',(18.8848542833959,16.8466664509319,-41.7806795079353));
#6944=CARTESIAN_POINT('Ctrl Pts',(18.8974356978441,16.8815847476754,-41.7916366482631));
#6945=CARTESIAN_POINT('Ctrl Pts',(18.931299033395,16.9521673816944,-41.8202795097611));
#6946=CARTESIAN_POINT('Ctrl Pts',(18.9578220166762,16.9915385721996,-41.8421468960976));
#6947=CARTESIAN_POINT('Ctrl Pts',(19.0199402062482,17.0594905437376,-41.890364090234));
#6948=CARTESIAN_POINT('Ctrl Pts',(19.0555030961673,17.0881945310022,-41.9165817232867));
#6949=CARTESIAN_POINT('Ctrl Pts',(19.1759664698581,17.1664153969547,-42.0002033463984));
#6950=CARTESIAN_POINT('Ctrl Pts',(19.272982503328,17.1988356441038,-42.0589036320342));
#6951=CARTESIAN_POINT('Ctrl Pts',(19.4828123849596,17.2420214648975,-42.1641988642939));
#6952=CARTESIAN_POINT('Ctrl Pts',(19.5957146397764,17.2521256312874,-42.2108878277915));
#6953=CARTESIAN_POINT('Ctrl Pts',(19.9480165471254,17.2676585133701,-42.3243707858919));
#6954=CARTESIAN_POINT('Ctrl Pts',(20.2011274464984,17.2612486080161,-42.3625));
#6955=CARTESIAN_POINT('Ctrl Pts',(20.4375,17.2612486080161,-42.3625));
#6956=CARTESIAN_POINT('',(17.1275009441089,16.7,-41.7625));
#6957=CARTESIAN_POINT('',(24.1875,16.7,-41.7625));
#6958=CARTESIAN_POINT('Ctrl Pts',(17.1275009441089,16.7,-41.7625));
#6959=CARTESIAN_POINT('Ctrl Pts',(17.1275009441089,16.6304679135165,-41.7625));
#6960=CARTESIAN_POINT('Ctrl Pts',(17.1347158741341,16.5569303879811,-41.7762481181006));
#6961=CARTESIAN_POINT('Ctrl Pts',(17.1642061874055,16.4232396321284,-41.8300240495671));
#6962=CARTESIAN_POINT('Ctrl Pts',(17.1866069075579,16.3630836944338,-41.8699762987822));
#6963=CARTESIAN_POINT('Ctrl Pts',(17.2452501164913,16.2573245205655,-41.9687822050062));
#6964=CARTESIAN_POINT('Ctrl Pts',(17.2879759266355,16.2103788549202,-42.0373024352835));
#6965=CARTESIAN_POINT('Ctrl Pts',(17.3860722661318,16.1505428444782,-42.1814884678517));
#6966=CARTESIAN_POINT('Ctrl Pts',(17.4415325363631,16.1375,-42.2570298480916));
#6967=CARTESIAN_POINT('Ctrl Pts',(17.5560589162281,16.1375,-42.4019614689242));
#6968=CARTESIAN_POINT('Ctrl Pts',(17.6247113083504,16.1539654302335,-42.4820751510135));
#6969=CARTESIAN_POINT('Ctrl Pts',(17.7608328811969,16.2195429426553,-42.6282942001281));
#6970=CARTESIAN_POINT('Ctrl Pts',(17.8282744540627,16.2684340712956,-42.6945242521858));
#6971=CARTESIAN_POINT('Ctrl Pts',(17.9266408482991,16.372312252004,-42.7859108911488));
#6972=CARTESIAN_POINT('Ctrl Pts',(17.9679195655079,16.4282195831618,-42.8222684714945));
#6973=CARTESIAN_POINT('Ctrl Pts',(18.0124289025697,16.5241244686361,-42.8604041472403));
#6974=CARTESIAN_POINT('Ctrl Pts',(18.0244181390039,16.5581032545901,-42.87047782778));
#6975=CARTESIAN_POINT('Ctrl Pts',(18.0406234318952,16.6281234353533,-42.8840247655001));
#6976=CARTESIAN_POINT('Ctrl Pts',(18.0448354288576,16.664165387052,-42.8875));
#6977=CARTESIAN_POINT('Ctrl Pts',(18.0448354288576,16.735834612948,-42.8875));
#6978=CARTESIAN_POINT('Ctrl Pts',(18.0406234318952,16.7718765646467,-42.8840247655001));
#6979=CARTESIAN_POINT('Ctrl Pts',(18.0244181390039,16.8418967454099,-42.87047782778));
#6980=CARTESIAN_POINT('Ctrl Pts',(18.0124289025697,16.8758755313639,-42.8604041472403));
#6981=CARTESIAN_POINT('Ctrl Pts',(17.9679195655079,16.9717804168383,-42.8222684714945));
#6982=CARTESIAN_POINT('Ctrl Pts',(17.9266408482991,17.027687747996,-42.7859108911488));
#6983=CARTESIAN_POINT('Ctrl Pts',(17.8282744540627,17.1315659287044,-42.6945242521858));
#6984=CARTESIAN_POINT('Ctrl Pts',(17.7608328811969,17.1804570573447,-42.6282942001281));
#6985=CARTESIAN_POINT('Ctrl Pts',(17.6247113083504,17.2460345697665,-42.4820751510135));
#6986=CARTESIAN_POINT('Ctrl Pts',(17.5560589162281,17.2625,-42.4019614689242));
#6987=CARTESIAN_POINT('Ctrl Pts',(17.4415325363631,17.2625,-42.2570298480916));
#6988=CARTESIAN_POINT('Ctrl Pts',(17.3860722661318,17.2494571555218,-42.1814884678517));
#6989=CARTESIAN_POINT('Ctrl Pts',(17.2879759266355,17.1896211450798,-42.0373024352835));
#6990=CARTESIAN_POINT('Ctrl Pts',(17.2452501164913,17.1426754794345,-41.9687822050062));
#6991=CARTESIAN_POINT('Ctrl Pts',(17.1866069075579,17.0369163055662,-41.8699762987822));
#6992=CARTESIAN_POINT('Ctrl Pts',(17.1642061874055,16.9767603678716,-41.8300240495671));
#6993=CARTESIAN_POINT('Ctrl Pts',(17.1347158741341,16.8430696120189,-41.7762481181006));
#6994=CARTESIAN_POINT('Ctrl Pts',(17.1275009441089,16.7695320864835,-41.7625));
#6995=CARTESIAN_POINT('Ctrl Pts',(17.1275009441089,16.7,-41.7625));
#6996=CARTESIAN_POINT('Ctrl Pts',(22.0107132722552,16.7,-41.7625));
#6997=CARTESIAN_POINT('Ctrl Pts',(22.0107132722552,16.6646529706597,-41.7625));
#6998=CARTESIAN_POINT('Ctrl Pts',(22.0067262269327,16.6264458792049,-41.7660852951152));
#6999=CARTESIAN_POINT('Ctrl Pts',(21.9901457166041,16.5533335490681,-41.7806795079353));
#7000=CARTESIAN_POINT('Ctrl Pts',(21.9775643021559,16.5184152523246,-41.7916366482631));
#7001=CARTESIAN_POINT('Ctrl Pts',(21.943700966605,16.4478326183056,-41.8202795097611));
#7002=CARTESIAN_POINT('Ctrl Pts',(21.9171779833238,16.4084614278004,-41.8421468960976));
#7003=CARTESIAN_POINT('Ctrl Pts',(21.8550597937518,16.3405094562624,-41.890364090234));
#7004=CARTESIAN_POINT('Ctrl Pts',(21.8194969038327,16.3118054689978,-41.9165817232867));
#7005=CARTESIAN_POINT('Ctrl Pts',(21.6990335301419,16.2335846030453,-42.0002033463984));
#7006=CARTESIAN_POINT('Ctrl Pts',(21.602017496672,16.2011643558962,-42.0589036320342));
#7007=CARTESIAN_POINT('Ctrl Pts',(21.3921876150404,16.1579785351025,-42.1641988642939));
#7008=CARTESIAN_POINT('Ctrl Pts',(21.2792853602236,16.1478743687126,-42.2108878277915));
#7009=CARTESIAN_POINT('Ctrl Pts',(20.9269834528746,16.1323414866299,-42.3243707858919));
#7010=CARTESIAN_POINT('Ctrl Pts',(20.6738725535016,16.1387513919839,-42.3625));
#7011=CARTESIAN_POINT('Ctrl Pts',(20.2011274464984,16.1387513919839,-42.3625));
#7012=CARTESIAN_POINT('Ctrl Pts',(19.9480165471254,16.1323414866299,-42.3243707858919));
#7013=CARTESIAN_POINT('Ctrl Pts',(19.5957146397764,16.1478743687126,-42.2108878277915));
#7014=CARTESIAN_POINT('Ctrl Pts',(19.4828123849596,16.1579785351025,-42.1641988642939));
#7015=CARTESIAN_POINT('Ctrl Pts',(19.272982503328,16.2011643558962,-42.0589036320342));
#7016=CARTESIAN_POINT('Ctrl Pts',(19.1759664698581,16.2335846030454,-42.0002033463984));
#7017=CARTESIAN_POINT('Ctrl Pts',(19.0555030961673,16.3118054689978,-41.9165817232867));
#7018=CARTESIAN_POINT('Ctrl Pts',(19.0199402062482,16.3405094562624,-41.890364090234));
#7019=CARTESIAN_POINT('Ctrl Pts',(18.9578220166762,16.4084614278004,-41.8421468960976));
#7020=CARTESIAN_POINT('Ctrl Pts',(18.931299033395,16.4478326183056,-41.8202795097611));
#7021=CARTESIAN_POINT('Ctrl Pts',(18.8974356978441,16.5184152523246,-41.7916366482631));
#7022=CARTESIAN_POINT('Ctrl Pts',(18.8848542833959,16.5533335490681,-41.7806795079353));
#7023=CARTESIAN_POINT('Ctrl Pts',(18.8682737730673,16.6264458792049,-41.7660852951152));
#7024=CARTESIAN_POINT('Ctrl Pts',(18.8642867277448,16.6646529706597,-41.7625));
#7025=CARTESIAN_POINT('Ctrl Pts',(18.8642867277448,16.7,-41.7625));
#7026=CARTESIAN_POINT('Origin',(20.4375,12.2,-40.));
#7027=CARTESIAN_POINT('',(24.1875,12.2,-40.));
#7028=CARTESIAN_POINT('',(24.1875,12.2,-40.));
#7029=CARTESIAN_POINT('Origin',(20.4375,12.2,-40.));
#7030=CARTESIAN_POINT('Origin',(25.2553186781912,12.2,-31.0947067322815));
#7031=CARTESIAN_POINT('',(25.4843948635559,8.45,-31.4914783241372));
#7032=CARTESIAN_POINT('',(25.4843948635559,12.2,-31.4914783241372));
#7033=CARTESIAN_POINT('',(25.4843948635559,12.2,-31.4914783241372));
#7034=CARTESIAN_POINT('',(28.2819691076408,8.45,-36.3370190528383));
#7035=CARTESIAN_POINT('',(26.581143892916,8.45,-33.3911033661408));
#7036=CARTESIAN_POINT('',(28.2819691076408,12.2,-36.3370190528383));
#7037=CARTESIAN_POINT('',(28.2819691076408,12.2,-36.3370190528383));
#7038=CARTESIAN_POINT('',(26.581143892916,12.2,-33.3911033661408));
#7039=CARTESIAN_POINT('Origin',(28.2819691076408,12.2,-36.3370190528383));
#7040=CARTESIAN_POINT('',(29.0625,12.2,-35.1548515118302));
#7041=CARTESIAN_POINT('',(29.0625,8.45,-35.1548515118302));
#7042=CARTESIAN_POINT('',(29.0625,12.2,-35.1548515118302));
#7043=CARTESIAN_POINT('',(26.2490852751521,12.2,-39.4159609690826));
#7044=CARTESIAN_POINT('',(26.2490852751521,8.45,-39.4159609690826));
#7045=CARTESIAN_POINT('Origin',(20.4375,8.45,-40.));
#7046=CARTESIAN_POINT('',(25.3995190528383,8.45,-32.9055308923592));
#7047=CARTESIAN_POINT('',(25.1784609690826,8.45,-36.5884147248479));
#7048=CARTESIAN_POINT('',(20.5539783241372,8.45,-30.1079566482743));
#7049=CARTESIAN_POINT('',(22.4536033661408,8.45,-31.2047056776344));
#7050=CARTESIAN_POINT('',(21.1875,8.45,-31.375));
#7051=CARTESIAN_POINT('',(22.8375,8.45,-34.675));
#7052=CARTESIAN_POINT('',(15.5923515118302,8.45,-31.375));
#7053=CARTESIAN_POINT('',(17.7858495705504,8.45,-31.375));
#7054=CARTESIAN_POINT('',(16.7745190528383,8.45,-32.1555308923592));
#7055=CARTESIAN_POINT('',(19.8534609690827,8.45,-34.1884147248479));
#7056=CARTESIAN_POINT('',(11.9289783241372,8.45,-34.9531051364441));
#7057=CARTESIAN_POINT('',(13.8286033661408,8.45,-33.856356107084));
#7058=CARTESIAN_POINT('',(13.3430308923592,8.45,-35.0379809471617));
#7059=CARTESIAN_POINT('',(17.0259147248479,8.45,-35.2590390309174));
#7060=CARTESIAN_POINT('',(10.5454566482743,8.45,-39.8835216758629));
#7061=CARTESIAN_POINT('',(11.6422056776344,8.45,-37.9838966338592));
#7062=CARTESIAN_POINT('',(11.8125,8.45,-39.25));
#7063=CARTESIAN_POINT('',(15.1125,8.45,-37.6));
#7064=CARTESIAN_POINT('',(11.8125,8.45,-44.8451484881698));
#7065=CARTESIAN_POINT('',(11.8125,8.45,-42.6516504294496));
#7066=CARTESIAN_POINT('',(12.5930308923592,8.45,-43.6629809471617));
#7067=CARTESIAN_POINT('',(14.6259147248479,8.45,-40.5840390309174));
#7068=CARTESIAN_POINT('',(15.3906051364441,8.45,-48.5085216758629));
#7069=CARTESIAN_POINT('',(14.293856107084,8.45,-46.6088966338592));
#7070=CARTESIAN_POINT('',(15.4754809471617,8.45,-47.0944691076408));
#7071=CARTESIAN_POINT('',(15.6965390309174,8.45,-43.4115852751521));
#7072=CARTESIAN_POINT('',(20.3210216758628,8.45,-49.8920433517257));
#7073=CARTESIAN_POINT('',(18.4213966338592,8.45,-48.7952943223656));
#7074=CARTESIAN_POINT('',(19.6875,8.45,-48.625));
#7075=CARTESIAN_POINT('',(18.0375,8.45,-45.325));
#7076=CARTESIAN_POINT('',(25.2826484881698,8.45,-48.625));
#7077=CARTESIAN_POINT('',(23.0891504294496,8.45,-48.625));
#7078=CARTESIAN_POINT('',(24.1004809471617,8.45,-47.8444691076408));
#7079=CARTESIAN_POINT('',(21.0215390309174,8.45,-45.8115852751521));
#7080=CARTESIAN_POINT('',(28.9460216758629,8.45,-45.0468948635559));
#7081=CARTESIAN_POINT('',(27.0463966338592,8.45,-46.143643892916));
#7082=CARTESIAN_POINT('',(27.5319691076408,8.45,-44.9620190528383));
#7083=CARTESIAN_POINT('',(23.8490852751521,8.45,-44.7409609690826));
#7084=CARTESIAN_POINT('',(30.3295433517257,8.45,-40.1164783241371));
#7085=CARTESIAN_POINT('',(29.2327943223656,8.45,-42.0161033661408));
#7086=CARTESIAN_POINT('',(29.0625,8.45,-40.75));
#7087=CARTESIAN_POINT('',(25.7625,8.45,-42.4));
#7088=CARTESIAN_POINT('',(29.0625,8.45,-37.3483495705504));
#7089=CARTESIAN_POINT('',(22.8,8.45,-40.));
#7090=CARTESIAN_POINT('Origin',(20.4375,8.45,-40.));
#7091=CARTESIAN_POINT('Origin',(20.1572067322815,12.2,-29.8788804629097));
#7092=CARTESIAN_POINT('',(20.5539783241371,12.2,-30.1079566482743));
#7093=CARTESIAN_POINT('',(20.5539783241371,12.2,-30.1079566482743));
#7094=CARTESIAN_POINT('',(25.3995190528383,12.2,-32.9055308923592));
#7095=CARTESIAN_POINT('',(25.3995190528383,12.2,-32.9055308923592));
#7096=CARTESIAN_POINT('',(22.4536033661408,12.2,-31.2047056776344));
#7097=CARTESIAN_POINT('Origin',(25.3995190528383,12.2,-32.9055308923592));
#7098=CARTESIAN_POINT('',(25.1784609690826,12.2,-36.5884147248479));
#7099=CARTESIAN_POINT('Origin',(20.4375,12.2,-40.));
#7100=CARTESIAN_POINT('',(29.0625,12.2,-40.75));
#7101=CARTESIAN_POINT('',(29.0625,12.2,-37.3483495705504));
#7102=CARTESIAN_POINT('',(30.3295433517257,12.2,-40.1164783241371));
#7103=CARTESIAN_POINT('',(25.7625,12.2,-42.4));
#7104=CARTESIAN_POINT('',(27.5319691076408,12.2,-44.9620190528383));
#7105=CARTESIAN_POINT('',(29.2327943223656,12.2,-42.0161033661408));
#7106=CARTESIAN_POINT('',(28.9460216758628,12.2,-45.0468948635559));
#7107=CARTESIAN_POINT('',(23.8490852751521,12.2,-44.7409609690826));
#7108=CARTESIAN_POINT('',(24.1004809471617,12.2,-47.8444691076408));
#7109=CARTESIAN_POINT('',(27.0463966338592,12.2,-46.143643892916));
#7110=CARTESIAN_POINT('',(25.2826484881699,12.2,-48.625));
#7111=CARTESIAN_POINT('',(21.0215390309174,12.2,-45.8115852751521));
#7112=CARTESIAN_POINT('',(19.6875,12.2,-48.625));
#7113=CARTESIAN_POINT('',(23.0891504294496,12.2,-48.625));
#7114=CARTESIAN_POINT('',(20.3210216758629,12.2,-49.8920433517257));
#7115=CARTESIAN_POINT('',(18.0375,12.2,-45.325));
#7116=CARTESIAN_POINT('',(15.4754809471617,12.2,-47.0944691076408));
#7117=CARTESIAN_POINT('',(18.4213966338592,12.2,-48.7952943223656));
#7118=CARTESIAN_POINT('',(15.3906051364441,12.2,-48.5085216758629));
#7119=CARTESIAN_POINT('',(15.6965390309174,12.2,-43.4115852751521));
#7120=CARTESIAN_POINT('',(12.5930308923592,12.2,-43.6629809471617));
#7121=CARTESIAN_POINT('',(14.293856107084,12.2,-46.6088966338592));
#7122=CARTESIAN_POINT('',(11.8125,12.2,-44.8451484881698));
#7123=CARTESIAN_POINT('',(14.6259147248479,12.2,-40.5840390309174));
#7124=CARTESIAN_POINT('',(11.8125,12.2,-39.25));
#7125=CARTESIAN_POINT('',(11.8125,12.2,-42.6516504294496));
#7126=CARTESIAN_POINT('',(10.5454566482743,12.2,-39.8835216758629));
#7127=CARTESIAN_POINT('',(15.1125,12.2,-37.6));
#7128=CARTESIAN_POINT('',(13.3430308923592,12.2,-35.0379809471617));
#7129=CARTESIAN_POINT('',(11.6422056776344,12.2,-37.9838966338592));
#7130=CARTESIAN_POINT('',(11.9289783241372,12.2,-34.9531051364441));
#7131=CARTESIAN_POINT('',(17.0259147248479,12.2,-35.2590390309174));
#7132=CARTESIAN_POINT('',(16.7745190528383,12.2,-32.1555308923592));
#7133=CARTESIAN_POINT('',(13.8286033661408,12.2,-33.856356107084));
#7134=CARTESIAN_POINT('',(15.5923515118302,12.2,-31.375));
#7135=CARTESIAN_POINT('',(19.8534609690827,12.2,-34.1884147248479));
#7136=CARTESIAN_POINT('',(21.1875,12.2,-31.375));
#7137=CARTESIAN_POINT('',(17.7858495705504,12.2,-31.375));
#7138=CARTESIAN_POINT('',(22.8375,12.2,-34.675));
#7139=CARTESIAN_POINT('Origin',(15.1341991411009,12.2,-31.375));
#7140=CARTESIAN_POINT('',(15.5923515118302,12.2,-31.375));
#7141=CARTESIAN_POINT('',(21.1875,12.2,-31.375));
#7142=CARTESIAN_POINT('Origin',(21.1875,12.2,-31.375));
#7143=CARTESIAN_POINT('Origin',(11.5322067322815,12.2,-35.1821813218088));
#7144=CARTESIAN_POINT('',(11.9289783241372,12.2,-34.9531051364441));
#7145=CARTESIAN_POINT('',(16.7745190528383,12.2,-32.1555308923592));
#7146=CARTESIAN_POINT('Origin',(16.7745190528383,12.2,-32.1555308923592));
#7147=CARTESIAN_POINT('Origin',(10.3163804629097,12.2,-40.2802932677185));
#7148=CARTESIAN_POINT('',(10.5454566482743,12.2,-39.8835216758629));
#7149=CARTESIAN_POINT('',(13.3430308923592,12.2,-35.0379809471617));
#7150=CARTESIAN_POINT('Origin',(13.3430308923592,12.2,-35.0379809471617));
#7151=CARTESIAN_POINT('Origin',(11.8125,12.2,-45.3033008588991));
#7152=CARTESIAN_POINT('',(11.8125,12.2,-44.8451484881699));
#7153=CARTESIAN_POINT('',(11.8125,12.2,-39.25));
#7154=CARTESIAN_POINT('Origin',(11.8125,12.2,-39.25));
#7155=CARTESIAN_POINT('Origin',(15.6196813218088,12.2,-48.9052932677185));
#7156=CARTESIAN_POINT('',(15.3906051364441,12.2,-48.5085216758629));
#7157=CARTESIAN_POINT('',(12.5930308923592,12.2,-43.6629809471617));
#7158=CARTESIAN_POINT('Origin',(12.5930308923592,12.2,-43.6629809471617));
#7159=CARTESIAN_POINT('Origin',(20.7177932677185,12.2,-50.1211195370903));
#7160=CARTESIAN_POINT('',(20.3210216758628,12.2,-49.8920433517257));
#7161=CARTESIAN_POINT('',(15.4754809471617,12.2,-47.0944691076408));
#7162=CARTESIAN_POINT('Origin',(15.4754809471617,12.2,-47.0944691076408));
#7163=CARTESIAN_POINT('Origin',(25.7408008588991,12.2,-48.625));
#7164=CARTESIAN_POINT('',(25.2826484881698,12.2,-48.625));
#7165=CARTESIAN_POINT('',(19.6875,12.2,-48.625));
#7166=CARTESIAN_POINT('Origin',(19.6875,12.2,-48.625));
#7167=CARTESIAN_POINT('Origin',(29.3427932677185,12.2,-44.8178186781912));
#7168=CARTESIAN_POINT('',(28.9460216758628,12.2,-45.0468948635559));
#7169=CARTESIAN_POINT('',(24.1004809471617,12.2,-47.8444691076408));
#7170=CARTESIAN_POINT('Origin',(24.1004809471617,12.2,-47.8444691076408));
#7171=CARTESIAN_POINT('Origin',(30.5586195370903,12.2,-39.7197067322815));
#7172=CARTESIAN_POINT('',(30.3295433517257,12.2,-40.1164783241371));
#7173=CARTESIAN_POINT('',(27.5319691076408,12.2,-44.9620190528383));
#7174=CARTESIAN_POINT('Origin',(27.5319691076408,12.2,-44.9620190528383));
#7175=CARTESIAN_POINT('Origin',(29.0625,12.2,-34.6966991411009));
#7176=CARTESIAN_POINT('',(29.0625,12.2,-40.75));
#7177=CARTESIAN_POINT('Origin',(29.0625,12.2,-40.75));
#7178=CARTESIAN_POINT('Origin',(20.4375,8.45,-40.));
#7179=CARTESIAN_POINT('',(22.8,8.45,-40.));
#7180=CARTESIAN_POINT('',(0.,0.,0.));
#7181=CARTESIAN_POINT('',(0.,0.,0.));
#7182=CARTESIAN_POINT('Origin',(29.2667525521769,8.45,-37.8682638066992));
#7183=CARTESIAN_POINT('',(30.0910882918878,11.075,-39.6904796523759));
#7184=CARTESIAN_POINT('',(31.2238521221504,11.075,-38.2802847687989));
#7185=CARTESIAN_POINT('Origin',(29.2667525521769,11.075,-37.8682638066992));
#7186=CARTESIAN_POINT('',(31.2238521221504,8.45,-38.2802847687989));
#7187=CARTESIAN_POINT('',(31.2238521221504,8.45,-38.2802847687989));
#7188=CARTESIAN_POINT('',(30.0910882918878,8.45,-39.6904796523759));
#7189=CARTESIAN_POINT('Origin',(29.2667525521769,8.45,-37.8682638066992));
#7190=CARTESIAN_POINT('',(30.0910882918878,8.45,-39.6904796523759));
#7191=CARTESIAN_POINT('Origin',(30.1880959038034,8.45,-26.8805736360774));
#7192=CARTESIAN_POINT('',(33.9060397620442,8.45,-25.5398934793033));
#7193=CARTESIAN_POINT('',(30.8570616937003,8.45,-40.0225393039369));
#7194=CARTESIAN_POINT('',(33.9382080992274,8.45,-25.2262999895886));
#7195=CARTESIAN_POINT('Origin',(32.4382150845641,8.45,-25.2308777577286));
#7196=CARTESIAN_POINT('',(33.90543118498,8.45,-14.4863190841478));
#7197=CARTESIAN_POINT('',(33.9031492756038,8.45,-13.7386079682179));
#7198=CARTESIAN_POINT('',(33.1554346776483,8.45,-13.7386079682179));
#7199=CARTESIAN_POINT('Origin',(33.1554346776483,8.45,-14.4886079682179));
#7200=CARTESIAN_POINT('',(32.8344080522563,8.45,-13.7386079682179));
#7201=CARTESIAN_POINT('',(32.4031492756038,8.45,-13.7386079682179));
#7202=CARTESIAN_POINT('',(32.1862097769601,8.45,-14.1113295618613));
#7203=CARTESIAN_POINT('Origin',(32.8344080522563,8.45,-14.4886079682179));
#7204=CARTESIAN_POINT('',(26.9465086235183,8.45,-23.1136079682179));
#7205=CARTESIAN_POINT('',(32.4031492756038,8.45,-13.7386079682179));
#7206=CARTESIAN_POINT('',(26.645870578989,8.45,-26.2326236425728));
#7207=CARTESIAN_POINT('Origin',(30.1875,8.45,-25.));
#7208=CARTESIAN_POINT('',(29.3570616937003,8.45,-34.0225393039369));
#7209=CARTESIAN_POINT('',(29.3570616937003,8.45,-34.0225393039369));
#7210=CARTESIAN_POINT('',(29.3570616937003,8.45,-40.0225393039369));
#7211=CARTESIAN_POINT('',(29.3570616937003,8.45,-40.0225393039369));
#7212=CARTESIAN_POINT('',(29.3570616937003,8.45,-40.0225393039369));
#7213=CARTESIAN_POINT('',(32.55,8.45,-25.));
#7214=CARTESIAN_POINT('Origin',(30.1875,8.45,-25.));
#7215=CARTESIAN_POINT('Origin',(33.9386918076068,8.45,-25.384796262881));
#7216=CARTESIAN_POINT('',(33.9060397620442,11.075,-25.5398934793033));
#7217=CARTESIAN_POINT('',(30.8570616937003,11.075,-40.0225393039369));
#7218=CARTESIAN_POINT('',(33.9060397620442,8.45,-25.5398934793033));
#7219=CARTESIAN_POINT('Origin',(32.4382150845641,8.45,-25.2308777577286));
#7220=CARTESIAN_POINT('',(33.9382080992274,11.075,-25.2262999895886));
#7221=CARTESIAN_POINT('Origin',(32.4382150845641,11.075,-25.2308777577286));
#7222=CARTESIAN_POINT('',(33.9382080992274,8.45,-25.2262999895886));
#7223=CARTESIAN_POINT('Origin',(32.8344080522563,8.45,-14.4886079682179));
#7224=CARTESIAN_POINT('',(32.8344080522563,11.075,-13.7386079682179));
#7225=CARTESIAN_POINT('',(32.1862097769601,11.075,-14.1113295618613));
#7226=CARTESIAN_POINT('Origin',(32.8344080522563,11.075,-14.4886079682179));
#7227=CARTESIAN_POINT('',(32.1862097769601,8.45,-14.1113295618613));
#7228=CARTESIAN_POINT('',(32.8344080522563,8.45,-13.7386079682179));
#7229=CARTESIAN_POINT('Origin',(32.4031492756038,8.45,-13.7386079682179));
#7230=CARTESIAN_POINT('',(33.1554346776483,11.075,-13.7386079682179));
#7231=CARTESIAN_POINT('',(33.1554346776483,8.45,-13.7386079682179));
#7232=CARTESIAN_POINT('',(32.4031492756038,11.075,-13.7386079682179));
#7233=CARTESIAN_POINT('Origin',(33.1554346776483,8.45,-14.4886079682179));
#7234=CARTESIAN_POINT('',(33.90543118498,11.075,-14.4863190841478));
#7235=CARTESIAN_POINT('Origin',(33.1554346776483,11.075,-14.4886079682179));
#7236=CARTESIAN_POINT('',(33.90543118498,8.45,-14.4863190841478));
#7237=CARTESIAN_POINT('Origin',(30.1070616937003,11.075,-29.5225393039369));
#7238=CARTESIAN_POINT('',(30.1070616937003,12.2,-29.5225393039369));
#7239=CARTESIAN_POINT('',(30.1070616937003,12.2,-31.7725393039369));
#7240=CARTESIAN_POINT('Origin',(30.1070616937003,12.2,-30.6475393039369));
#7241=CARTESIAN_POINT('',(30.1070616937003,11.075,-29.5225393039369));
#7242=CARTESIAN_POINT('',(30.1070616937003,11.075,-29.5225393039369));
#7243=CARTESIAN_POINT('',(30.1070616937003,11.075,-31.7725393039369));
#7244=CARTESIAN_POINT('',(30.1070616937003,11.075,-28.2015564700071));
#7245=CARTESIAN_POINT('',(30.1070616937003,11.075,-31.7725393039369));
#7246=CARTESIAN_POINT('',(30.1070616937003,12.2,-31.2100393039369));
#7247=CARTESIAN_POINT('Origin',(30.1070616937003,12.2,-30.6475393039369));
#7248=CARTESIAN_POINT('Origin',(28.9820616937003,12.2,-30.6475393039369));
#7249=CARTESIAN_POINT('',(28.6070616937003,12.2,-31.7725393039369));
#7250=CARTESIAN_POINT('',(29.7320616937003,12.2,-31.7725393039369));
#7251=CARTESIAN_POINT('',(28.6070616937003,12.2,-29.5225393039369));
#7252=CARTESIAN_POINT('Origin',(28.6070616937003,12.2,-30.6475393039369));
#7253=CARTESIAN_POINT('',(28.9820616937003,12.2,-29.5225393039369));
#7254=CARTESIAN_POINT('Origin',(28.6070616937003,12.2,-30.6475393039369));
#7255=CARTESIAN_POINT('',(28.6070616937003,12.2,-31.2100393039369));
#7256=CARTESIAN_POINT('Origin',(28.6070616937003,12.2,-30.6475393039369));
#7257=CARTESIAN_POINT('',(28.6070616937003,12.2,-31.2100393039369));
#7258=CARTESIAN_POINT('Origin',(28.6070616937003,11.075,-31.7725393039369));
#7259=CARTESIAN_POINT('',(28.6070616937003,11.075,-31.7725393039369));
#7260=CARTESIAN_POINT('',(28.6070616937003,11.075,-31.7725393039369));
#7261=CARTESIAN_POINT('',(28.6070616937003,11.075,-29.5225393039369));
#7262=CARTESIAN_POINT('',(28.6070616937003,11.075,-29.3265564700071));
#7263=CARTESIAN_POINT('',(28.6070616937003,11.075,-29.5225393039369));
#7264=CARTESIAN_POINT('Origin',(30.1070616937003,11.075,-31.7725393039369));
#7265=CARTESIAN_POINT('',(30.1475787987519,11.075,-31.7725393039369));
#7266=CARTESIAN_POINT('Origin',(28.6070616937003,11.075,-29.5225393039369));
#7267=CARTESIAN_POINT('',(29.3975787987519,11.075,-29.5225393039369));
#7268=CARTESIAN_POINT('Origin',(30.1875,8.45,-25.));
#7269=CARTESIAN_POINT('',(32.55,11.075,-25.));
#7270=CARTESIAN_POINT('Origin',(30.1875,11.075,-25.));
#7271=CARTESIAN_POINT('',(32.55,8.45,-25.));
#7272=CARTESIAN_POINT('Origin',(29.3570616937003,8.45,-40.0225393039369));
#7273=CARTESIAN_POINT('',(29.3570616937003,11.075,-34.0225393039369));
#7274=CARTESIAN_POINT('',(29.3570616937003,8.45,-34.0225393039369));
#7275=CARTESIAN_POINT('',(29.3570616937003,11.075,-40.0225393039369));
#7276=CARTESIAN_POINT('',(29.3570616937003,11.075,-40.0225393039369));
#7277=CARTESIAN_POINT('',(29.3570616937003,8.45,-40.0225393039369));
#7278=CARTESIAN_POINT('Origin',(31.0149564305424,8.45,-39.2725393039369));
#7279=CARTESIAN_POINT('',(29.3570616937003,11.075,-40.0225393039369));
#7280=CARTESIAN_POINT('Origin',(33.9031492756038,8.45,-13.7386079682179));
#7281=CARTESIAN_POINT('',(33.9031492756038,11.075,-13.7386079682179));
#7282=CARTESIAN_POINT('Origin',(26.9465086235183,8.45,-23.1136079682179));
#7283=CARTESIAN_POINT('',(26.9465086235183,11.075,-23.1136079682179));
#7284=CARTESIAN_POINT('',(32.4031492756038,11.075,-13.7386079682179));
#7285=CARTESIAN_POINT('',(26.9465086235183,8.45,-23.1136079682179));
#7286=CARTESIAN_POINT('Origin',(30.1875,8.45,-25.));
#7287=CARTESIAN_POINT('',(26.645870578989,11.075,-26.2326236425728));
#7288=CARTESIAN_POINT('Origin',(30.1875,11.075,-25.));
#7289=CARTESIAN_POINT('',(26.645870578989,8.45,-26.2326236425728));
#7290=CARTESIAN_POINT('Origin',(29.3570616937003,8.45,-34.0225393039369));
#7291=CARTESIAN_POINT('',(29.3570616937003,11.075,-34.0225393039369));
#7292=CARTESIAN_POINT('Origin',(30.1880959038034,11.075,-26.8805736360774));
#7293=CARTESIAN_POINT('Origin',(8.8125,11.45,-22.));
#7294=CARTESIAN_POINT('',(9.9375,11.45,-20.5));
#7295=CARTESIAN_POINT('',(9.9375,12.95,-22.));
#7296=CARTESIAN_POINT('Origin',(9.9375,11.45,-22.));
#7297=CARTESIAN_POINT('',(8.4375,12.95,-22.));
#7298=CARTESIAN_POINT('',(8.8125,12.95,-22.));
#7299=CARTESIAN_POINT('',(8.4375,11.45,-20.5));
#7300=CARTESIAN_POINT('Origin',(8.4375,11.45,-22.));
#7301=CARTESIAN_POINT('',(8.8125,11.45,-20.5));
#7302=CARTESIAN_POINT('Origin',(8.4375,8.45,-29.5));
#7303=CARTESIAN_POINT('',(8.4375,12.95,-28.));
#7304=CARTESIAN_POINT('',(8.4375,12.95,-20.5));
#7305=CARTESIAN_POINT('',(8.4375,11.45,-29.5));
#7306=CARTESIAN_POINT('Origin',(8.4375,11.45,-28.));
#7307=CARTESIAN_POINT('',(8.4375,8.45,-29.5));
#7308=CARTESIAN_POINT('',(8.4375,8.45,-29.5));
#7309=CARTESIAN_POINT('',(8.4375,8.45,-20.5));
#7310=CARTESIAN_POINT('',(8.4375,8.45,-31.));
#7311=CARTESIAN_POINT('',(8.4375,8.45,-20.5));
#7312=CARTESIAN_POINT('',(8.4375,11.45,-25.75));
#7313=CARTESIAN_POINT('Origin',(8.4375,11.45,-25.));
#7314=CARTESIAN_POINT('Origin',(9.1875,12.95,-25.));
#7315=CARTESIAN_POINT('',(9.9375,12.95,-28.));
#7316=CARTESIAN_POINT('',(9.9375,12.95,-29.5));
#7317=CARTESIAN_POINT('',(9.5625,12.95,-28.));
#7318=CARTESIAN_POINT('Origin',(9.5625,11.45,-28.));
#7319=CARTESIAN_POINT('',(9.9375,11.45,-29.5));
#7320=CARTESIAN_POINT('Origin',(9.9375,11.45,-28.));
#7321=CARTESIAN_POINT('',(9.5625,11.45,-29.5));
#7322=CARTESIAN_POINT('Origin',(19.6875,9.88025339223709,-16.3273372661356));
#7323=CARTESIAN_POINT('',(19.6875,8.45,-11.5));
#7324=CARTESIAN_POINT('',(19.6875,8.45,-25.0000002739562));
#7325=CARTESIAN_POINT('',(19.6875,8.45,-24.4136686330678));
#7326=CARTESIAN_POINT('',(19.6875,17.4500001825392,-11.5));
#7327=CARTESIAN_POINT('',(19.6875,9.16512669611855,-11.5));
#7328=CARTESIAN_POINT('',(19.6875,18.0124999999993,-10.6562502738007));
#7329=CARTESIAN_POINT('Origin',(19.6875,5.63750000000068,-29.2187502738034));
#7330=CARTESIAN_POINT('',(21.1875,8.45000003352761,-25.0000002235174));
#7331=CARTESIAN_POINT('',(20.0625,8.45,-25.0000002738088));
#7332=CARTESIAN_POINT('',(21.1875,17.4500001676381,-11.5000000223517));
#7333=CARTESIAN_POINT('',(35.4375,17.45,-11.5));
#7334=CARTESIAN_POINT('',(21.1875,5.63750000000068,-29.2187502738034));
#7335=CARTESIAN_POINT('Origin',(21.1875,9.88025339223709,-16.3273372661356));
#7336=CARTESIAN_POINT('',(21.1875,8.45,-11.5));
#7337=CARTESIAN_POINT('',(21.1875,8.45,-24.4136686330678));
#7338=CARTESIAN_POINT('',(21.1875,9.16512669611855,-11.5));
#7339=CARTESIAN_POINT('Origin',(20.4375,8.45,-32.5));
#7340=CARTESIAN_POINT('',(35.4375,8.45,-11.5));
#7341=CARTESIAN_POINT('',(27.9375,8.45,-11.5));
#7342=CARTESIAN_POINT('',(35.4375,8.45,-40.));
#7343=CARTESIAN_POINT('',(35.4375,8.45,-10.));
#7344=CARTESIAN_POINT('',(5.4375,8.45,-40.));
#7345=CARTESIAN_POINT('Origin',(20.4375,8.45,-40.));
#7346=CARTESIAN_POINT('',(5.4375,8.45,-11.5));
#7347=CARTESIAN_POINT('',(5.4375,8.45,-40.));
#7348=CARTESIAN_POINT('',(27.9375,8.45,-11.5));
#7349=CARTESIAN_POINT('',(22.6875,8.45,-40.));
#7350=CARTESIAN_POINT('Origin',(20.4375,8.45,-40.));
#7351=CARTESIAN_POINT('',(32.4375,8.45,-25.));
#7352=CARTESIAN_POINT('Origin',(30.1875,8.45,-25.));
#7353=CARTESIAN_POINT('',(9.9375,8.45,-29.5));
#7354=CARTESIAN_POINT('',(15.1875,8.45,-29.5));
#7355=CARTESIAN_POINT('',(9.9375,8.45,-20.5));
#7356=CARTESIAN_POINT('',(9.9375,8.45,-26.5));
#7357=CARTESIAN_POINT('',(14.4375,8.45,-20.5));
#7358=CARTESIAN_POINT('Origin',(35.4375,8.45,-11.5));
#7359=CARTESIAN_POINT('',(35.4375,17.45,-11.5));
#7360=CARTESIAN_POINT('',(35.4375,17.45,-11.5));
#7361=CARTESIAN_POINT('',(35.4375,8.45,-11.5));
#7362=CARTESIAN_POINT('',(31.3125000000039,13.1374999999998,-11.5));
#7363=CARTESIAN_POINT('',(24.1875000000031,13.1375000000021,-11.5));
#7364=CARTESIAN_POINT('',(29.8125000000023,13.1375000000003,-11.5));
#7365=CARTESIAN_POINT('',(24.1874999999969,10.5124999999979,-11.5));
#7366=CARTESIAN_POINT('Origin',(24.1875,11.825,-11.5));
#7367=CARTESIAN_POINT('',(31.3124999999959,10.5125,-11.5));
#7368=CARTESIAN_POINT('',(33.374999999998,10.5124999999998,-11.5));
#7369=CARTESIAN_POINT('Origin',(31.3125,11.825,-11.5));
#7370=CARTESIAN_POINT('Origin',(20.4375,17.45,-10.75));
#7371=CARTESIAN_POINT('',(5.4375,17.45,-10.));
#7372=CARTESIAN_POINT('',(35.4375,17.45,-10.));
#7373=CARTESIAN_POINT('',(5.4375,17.45,-10.));
#7374=CARTESIAN_POINT('',(35.4375,17.45,-10.));
#7375=CARTESIAN_POINT('',(5.4375,17.45,-11.5));
#7376=CARTESIAN_POINT('',(35.4375,17.45,-11.5));
#7377=CARTESIAN_POINT('',(5.4375,17.45,-11.5));
#7378=CARTESIAN_POINT('Origin',(5.4375,6.2,-10.));
#7379=CARTESIAN_POINT('',(5.4375,6.2,-10.));
#7380=CARTESIAN_POINT('',(35.4375,6.2,-10.));
#7381=CARTESIAN_POINT('',(5.4375,6.2,-10.));
#7382=CARTESIAN_POINT('',(35.4375,6.2,-10.));
#7383=CARTESIAN_POINT('',(5.4375,6.2,-10.));
#7384=CARTESIAN_POINT('',(9.56249999999685,13.1374999999996,-10.));
#7385=CARTESIAN_POINT('',(16.6874999999967,13.1374999999819,-10.));
#7386=CARTESIAN_POINT('',(7.49999999999013,13.1374999999946,-10.));
#7387=CARTESIAN_POINT('',(16.6875000000033,10.5125000000181,-10.));
#7388=CARTESIAN_POINT('Origin',(16.6875,11.825,-10.));
#7389=CARTESIAN_POINT('',(9.56250000000325,10.5124999999995,-10.));
#7390=CARTESIAN_POINT('',(11.062499999996,10.5125000000034,-10.));
#7391=CARTESIAN_POINT('Origin',(9.5625,11.825,-10.));
#7392=CARTESIAN_POINT('',(24.1875000000031,13.1375000000021,-10.));
#7393=CARTESIAN_POINT('',(31.3125000000039,13.1374999999998,-10.));
#7394=CARTESIAN_POINT('',(14.8125000000027,13.137500000005,-10.));
#7395=CARTESIAN_POINT('',(31.3124999999959,10.5125,-10.));
#7396=CARTESIAN_POINT('Origin',(31.3125,11.825,-10.));
#7397=CARTESIAN_POINT('',(24.1874999999969,10.5124999999979,-10.));
#7398=CARTESIAN_POINT('',(18.3749999999981,10.5125000000008,-10.));
#7399=CARTESIAN_POINT('Origin',(24.1875,11.825,-10.));
#7400=CARTESIAN_POINT('Origin',(20.4375,6.2,-32.5));
#7401=CARTESIAN_POINT('',(5.4375,6.2,-40.));
#7402=CARTESIAN_POINT('',(5.4375,6.2,-40.));
#7403=CARTESIAN_POINT('',(35.4375,6.2,-40.));
#7404=CARTESIAN_POINT('Origin',(20.4375,6.2,-40.));
#7405=CARTESIAN_POINT('',(35.4375,6.2,-10.));
#7406=CARTESIAN_POINT('',(21.75,6.2,-40.));
#7407=CARTESIAN_POINT('Origin',(20.4375,6.2,-40.));
#7408=CARTESIAN_POINT('',(31.5,6.2,-25.));
#7409=CARTESIAN_POINT('Origin',(30.1875,6.2,-25.));
#7410=CARTESIAN_POINT('Origin',(9.56249999999685,13.1374999999996,-10.));
#7411=CARTESIAN_POINT('',(9.56249999999685,13.1374999999996,-11.5));
#7412=CARTESIAN_POINT('',(9.56249999999685,13.1374999999996,-10.));
#7413=CARTESIAN_POINT('',(16.6874999999967,13.1374999999819,-11.5));
#7414=CARTESIAN_POINT('',(22.4999999999928,13.1375000000305,-11.5));
#7415=CARTESIAN_POINT('',(16.6874999999967,13.1374999999819,-10.));
#7416=CARTESIAN_POINT('Origin',(9.5625,11.825,-10.));
#7417=CARTESIAN_POINT('',(9.56250000000325,10.5124999999995,-11.5));
#7418=CARTESIAN_POINT('',(9.56250000000325,10.5124999999995,-10.));
#7419=CARTESIAN_POINT('Origin',(9.5625,11.825,-11.5));
#7420=CARTESIAN_POINT('Origin',(16.6875000000033,10.5125000000181,-10.));
#7421=CARTESIAN_POINT('',(16.6875000000033,10.5125000000181,-11.5));
#7422=CARTESIAN_POINT('',(16.6875000000033,10.5125000000181,-10.));
#7423=CARTESIAN_POINT('',(26.0624999999989,10.5125000000427,-11.5));
#7424=CARTESIAN_POINT('Origin',(16.6875,11.825,-10.));
#7425=CARTESIAN_POINT('Origin',(16.6875,11.825,-11.5));
#7426=CARTESIAN_POINT('Origin',(24.1875000000031,13.1375000000021,-10.));
#7427=CARTESIAN_POINT('',(24.1875000000031,13.1375000000021,-10.));
#7428=CARTESIAN_POINT('',(31.3125000000039,13.1374999999998,-10.));
#7429=CARTESIAN_POINT('Origin',(24.1875,11.825,-10.));
#7430=CARTESIAN_POINT('',(24.1874999999969,10.5124999999979,-10.));
#7431=CARTESIAN_POINT('Origin',(31.3124999999959,10.5125,-10.));
#7432=CARTESIAN_POINT('',(31.3124999999959,10.5125,-10.));
#7433=CARTESIAN_POINT('Origin',(31.3125,11.825,-10.));
#7434=CARTESIAN_POINT('Origin',(8.4375,11.45,-25.));
#7435=CARTESIAN_POINT('',(9.9375,11.45,-25.75));
#7436=CARTESIAN_POINT('',(8.4375,11.45,-25.75));
#7437=CARTESIAN_POINT('Origin',(9.9375,11.45,-25.));
#7438=CARTESIAN_POINT('Origin',(9.9375,8.45,-29.5));
#7439=CARTESIAN_POINT('',(9.9375,8.45,-29.5));
#7440=CARTESIAN_POINT('Origin',(9.9375,8.45,-20.5));
#7441=CARTESIAN_POINT('',(9.9375,8.45,-20.5));
#7442=CARTESIAN_POINT('Origin',(8.4375,8.45,-20.5));
#7443=CARTESIAN_POINT('Origin',(30.1875,11.45,-25.));
#7444=CARTESIAN_POINT('',(31.5,11.45,-25.));
#7445=CARTESIAN_POINT('Origin',(30.1875,11.45,-25.));
#7446=CARTESIAN_POINT('',(31.5,11.45,-25.));
#7447=CARTESIAN_POINT('Origin',(30.1875,8.45,-25.));
#7448=CARTESIAN_POINT('',(32.4375,11.45,-25.));
#7449=CARTESIAN_POINT('Origin',(30.1875,11.45,-25.));
#7450=CARTESIAN_POINT('',(32.4375,8.45,-25.));
#7451=CARTESIAN_POINT('Origin',(30.1875,11.45,-25.));
#7452=CARTESIAN_POINT('Origin',(20.4375,15.95,-40.));
#7453=CARTESIAN_POINT('',(21.75,15.95,-40.));
#7454=CARTESIAN_POINT('Origin',(20.4375,15.95,-40.));
#7455=CARTESIAN_POINT('',(21.75,15.95,-40.));
#7456=CARTESIAN_POINT('Origin',(20.4375,8.45,-40.));
#7457=CARTESIAN_POINT('',(22.6875,15.95,-40.));
#7458=CARTESIAN_POINT('Origin',(20.4375,15.95,-40.));
#7459=CARTESIAN_POINT('',(22.6875,8.45,-40.));
#7460=CARTESIAN_POINT('Origin',(20.4375,15.95,-40.));
#7461=CARTESIAN_POINT('Origin',(35.4375,8.45,-11.5));
#7462=CARTESIAN_POINT('',(5.4375,8.45,-11.5));
#7463=CARTESIAN_POINT('Origin',(35.4375,6.2,-10.));
#7464=CARTESIAN_POINT('',(35.4375,6.2,-40.));
#7465=CARTESIAN_POINT('Origin',(5.4375,6.2,-40.));
#7466=CARTESIAN_POINT('',(5.4375,6.2,-40.));
#7467=CARTESIAN_POINT('Origin',(20.4375,6.2,-40.));
#7468=CARTESIAN_POINT('Origin',(8.8125,11.45,-22.));
#7469=CARTESIAN_POINT('',(9.9375,11.45,-20.5));
#7470=CARTESIAN_POINT('',(9.9375,12.95,-22.));
#7471=CARTESIAN_POINT('Origin',(9.9375,11.45,-22.));
#7472=CARTESIAN_POINT('',(8.4375,12.95,-22.));
#7473=CARTESIAN_POINT('',(8.8125,12.95,-22.));
#7474=CARTESIAN_POINT('',(8.4375,11.45,-20.5));
#7475=CARTESIAN_POINT('Origin',(8.4375,11.45,-22.));
#7476=CARTESIAN_POINT('',(8.8125,11.45,-20.5));
#7477=CARTESIAN_POINT('Origin',(8.4375,8.45,-29.5));
#7478=CARTESIAN_POINT('',(8.4375,12.95,-28.));
#7479=CARTESIAN_POINT('',(8.4375,12.95,-20.5));
#7480=CARTESIAN_POINT('',(8.4375,11.45,-29.5));
#7481=CARTESIAN_POINT('Origin',(8.4375,11.45,-28.));
#7482=CARTESIAN_POINT('',(8.4375,8.45,-29.5));
#7483=CARTESIAN_POINT('',(8.4375,8.45,-29.5));
#7484=CARTESIAN_POINT('',(8.4375,8.45,-20.5));
#7485=CARTESIAN_POINT('',(8.4375,8.45,-31.));
#7486=CARTESIAN_POINT('',(8.4375,8.45,-20.5));
#7487=CARTESIAN_POINT('',(8.4375,11.45,-25.75));
#7488=CARTESIAN_POINT('Origin',(8.4375,11.45,-25.));
#7489=CARTESIAN_POINT('Origin',(9.1875,12.95,-25.));
#7490=CARTESIAN_POINT('',(9.9375,12.95,-28.));
#7491=CARTESIAN_POINT('',(9.9375,12.95,-29.5));
#7492=CARTESIAN_POINT('',(9.5625,12.95,-28.));
#7493=CARTESIAN_POINT('Origin',(9.5625,11.45,-28.));
#7494=CARTESIAN_POINT('',(9.9375,11.45,-29.5));
#7495=CARTESIAN_POINT('Origin',(9.9375,11.45,-28.));
#7496=CARTESIAN_POINT('',(9.5625,11.45,-29.5));
#7497=CARTESIAN_POINT('Origin',(19.6875,9.88025339223709,-16.3273372661356));
#7498=CARTESIAN_POINT('',(19.6875,8.45,-11.5));
#7499=CARTESIAN_POINT('',(19.6875,8.45,-25.0000002739562));
#7500=CARTESIAN_POINT('',(19.6875,8.45,-24.4136686330678));
#7501=CARTESIAN_POINT('',(19.6875,17.4500001825392,-11.5));
#7502=CARTESIAN_POINT('',(19.6875,9.16512669611855,-11.5));
#7503=CARTESIAN_POINT('',(19.6875,18.0124999999993,-10.6562502738007));
#7504=CARTESIAN_POINT('Origin',(19.6875,5.63750000000068,-29.2187502738034));
#7505=CARTESIAN_POINT('',(21.1875,8.45000003352761,-25.0000002235174));
#7506=CARTESIAN_POINT('',(20.0625,8.45,-25.0000002738088));
#7507=CARTESIAN_POINT('',(21.1875,17.4500001676381,-11.5000000223517));
#7508=CARTESIAN_POINT('',(35.4375,17.45,-11.5));
#7509=CARTESIAN_POINT('',(21.1875,5.63750000000068,-29.2187502738034));
#7510=CARTESIAN_POINT('Origin',(21.1875,9.88025339223709,-16.3273372661356));
#7511=CARTESIAN_POINT('',(21.1875,8.45,-11.5));
#7512=CARTESIAN_POINT('',(21.1875,8.45,-24.4136686330678));
#7513=CARTESIAN_POINT('',(21.1875,9.16512669611855,-11.5));
#7514=CARTESIAN_POINT('Origin',(20.4375,8.45,-32.5));
#7515=CARTESIAN_POINT('',(35.4375,8.45,-11.5));
#7516=CARTESIAN_POINT('',(27.9375,8.45,-11.5));
#7517=CARTESIAN_POINT('',(35.4375,8.45,-40.));
#7518=CARTESIAN_POINT('',(35.4375,8.45,-10.));
#7519=CARTESIAN_POINT('',(5.4375,8.45,-40.));
#7520=CARTESIAN_POINT('Origin',(20.4375,8.45,-40.));
#7521=CARTESIAN_POINT('',(5.4375,8.45,-11.5));
#7522=CARTESIAN_POINT('',(5.4375,8.45,-40.));
#7523=CARTESIAN_POINT('',(27.9375,8.45,-11.5));
#7524=CARTESIAN_POINT('',(22.6875,8.45,-40.));
#7525=CARTESIAN_POINT('Origin',(20.4375,8.45,-40.));
#7526=CARTESIAN_POINT('',(32.4375,8.45,-25.));
#7527=CARTESIAN_POINT('Origin',(30.1875,8.45,-25.));
#7528=CARTESIAN_POINT('',(9.9375,8.45,-29.5));
#7529=CARTESIAN_POINT('',(15.1875,8.45,-29.5));
#7530=CARTESIAN_POINT('',(9.9375,8.45,-20.5));
#7531=CARTESIAN_POINT('',(9.9375,8.45,-26.5));
#7532=CARTESIAN_POINT('',(14.4375,8.45,-20.5));
#7533=CARTESIAN_POINT('Origin',(35.4375,8.45,-11.5));
#7534=CARTESIAN_POINT('',(35.4375,17.45,-11.5));
#7535=CARTESIAN_POINT('',(35.4375,17.45,-11.5));
#7536=CARTESIAN_POINT('',(35.4375,8.45,-11.5));
#7537=CARTESIAN_POINT('',(31.3125000000039,13.1374999999998,-11.5));
#7538=CARTESIAN_POINT('',(24.1875000000031,13.1375000000021,-11.5));
#7539=CARTESIAN_POINT('',(29.8125000000023,13.1375000000003,-11.5));
#7540=CARTESIAN_POINT('',(24.1874999999969,10.5124999999979,-11.5));
#7541=CARTESIAN_POINT('Origin',(24.1875,11.825,-11.5));
#7542=CARTESIAN_POINT('',(31.3124999999959,10.5125,-11.5));
#7543=CARTESIAN_POINT('',(33.374999999998,10.5124999999998,-11.5));
#7544=CARTESIAN_POINT('Origin',(31.3125,11.825,-11.5));
#7545=CARTESIAN_POINT('Origin',(20.4375,17.45,-10.75));
#7546=CARTESIAN_POINT('',(5.4375,17.45,-10.));
#7547=CARTESIAN_POINT('',(35.4375,17.45,-10.));
#7548=CARTESIAN_POINT('',(5.4375,17.45,-10.));
#7549=CARTESIAN_POINT('',(35.4375,17.45,-10.));
#7550=CARTESIAN_POINT('',(5.4375,17.45,-11.5));
#7551=CARTESIAN_POINT('',(35.4375,17.45,-11.5));
#7552=CARTESIAN_POINT('',(5.4375,17.45,-11.5));
#7553=CARTESIAN_POINT('Origin',(5.4375,6.2,-10.));
#7554=CARTESIAN_POINT('',(5.4375,6.2,-10.));
#7555=CARTESIAN_POINT('',(35.4375,6.2,-10.));
#7556=CARTESIAN_POINT('',(5.4375,6.2,-10.));
#7557=CARTESIAN_POINT('',(35.4375,6.2,-10.));
#7558=CARTESIAN_POINT('',(5.4375,6.2,-10.));
#7559=CARTESIAN_POINT('',(9.56249999999685,13.1374999999996,-10.));
#7560=CARTESIAN_POINT('',(16.6874999999967,13.1374999999819,-10.));
#7561=CARTESIAN_POINT('',(7.49999999999013,13.1374999999946,-10.));
#7562=CARTESIAN_POINT('',(16.6875000000033,10.5125000000181,-10.));
#7563=CARTESIAN_POINT('Origin',(16.6875,11.825,-10.));
#7564=CARTESIAN_POINT('',(9.56250000000325,10.5124999999995,-10.));
#7565=CARTESIAN_POINT('',(11.062499999996,10.5125000000034,-10.));
#7566=CARTESIAN_POINT('Origin',(9.5625,11.825,-10.));
#7567=CARTESIAN_POINT('',(24.1875000000031,13.1375000000021,-10.));
#7568=CARTESIAN_POINT('',(31.3125000000039,13.1374999999998,-10.));
#7569=CARTESIAN_POINT('',(14.8125000000027,13.137500000005,-10.));
#7570=CARTESIAN_POINT('',(31.3124999999959,10.5125,-10.));
#7571=CARTESIAN_POINT('Origin',(31.3125,11.825,-10.));
#7572=CARTESIAN_POINT('',(24.1874999999969,10.5124999999979,-10.));
#7573=CARTESIAN_POINT('',(18.3749999999981,10.5125000000008,-10.));
#7574=CARTESIAN_POINT('Origin',(24.1875,11.825,-10.));
#7575=CARTESIAN_POINT('Origin',(20.4375,6.2,-32.5));
#7576=CARTESIAN_POINT('',(5.4375,6.2,-40.));
#7577=CARTESIAN_POINT('',(5.4375,6.2,-40.));
#7578=CARTESIAN_POINT('',(35.4375,6.2,-40.));
#7579=CARTESIAN_POINT('Origin',(20.4375,6.2,-40.));
#7580=CARTESIAN_POINT('',(35.4375,6.2,-10.));
#7581=CARTESIAN_POINT('',(21.75,6.2,-40.));
#7582=CARTESIAN_POINT('Origin',(20.4375,6.2,-40.));
#7583=CARTESIAN_POINT('',(31.5,6.2,-25.));
#7584=CARTESIAN_POINT('Origin',(30.1875,6.2,-25.));
#7585=CARTESIAN_POINT('Origin',(9.56249999999685,13.1374999999996,-10.));
#7586=CARTESIAN_POINT('',(9.56249999999685,13.1374999999996,-11.5));
#7587=CARTESIAN_POINT('',(9.56249999999685,13.1374999999996,-10.));
#7588=CARTESIAN_POINT('',(16.6874999999967,13.1374999999819,-11.5));
#7589=CARTESIAN_POINT('',(22.4999999999928,13.1375000000305,-11.5));
#7590=CARTESIAN_POINT('',(16.6874999999967,13.1374999999819,-10.));
#7591=CARTESIAN_POINT('Origin',(9.5625,11.825,-10.));
#7592=CARTESIAN_POINT('',(9.56250000000325,10.5124999999995,-11.5));
#7593=CARTESIAN_POINT('',(9.56250000000325,10.5124999999995,-10.));
#7594=CARTESIAN_POINT('Origin',(9.5625,11.825,-11.5));
#7595=CARTESIAN_POINT('Origin',(16.6875000000033,10.5125000000181,-10.));
#7596=CARTESIAN_POINT('',(16.6875000000033,10.5125000000181,-11.5));
#7597=CARTESIAN_POINT('',(16.6875000000033,10.5125000000181,-10.));
#7598=CARTESIAN_POINT('',(26.0624999999989,10.5125000000427,-11.5));
#7599=CARTESIAN_POINT('Origin',(16.6875,11.825,-10.));
#7600=CARTESIAN_POINT('Origin',(16.6875,11.825,-11.5));
#7601=CARTESIAN_POINT('Origin',(24.1875000000031,13.1375000000021,-10.));
#7602=CARTESIAN_POINT('',(24.1875000000031,13.1375000000021,-10.));
#7603=CARTESIAN_POINT('',(31.3125000000039,13.1374999999998,-10.));
#7604=CARTESIAN_POINT('Origin',(24.1875,11.825,-10.));
#7605=CARTESIAN_POINT('',(24.1874999999969,10.5124999999979,-10.));
#7606=CARTESIAN_POINT('Origin',(31.3124999999959,10.5125,-10.));
#7607=CARTESIAN_POINT('',(31.3124999999959,10.5125,-10.));
#7608=CARTESIAN_POINT('Origin',(31.3125,11.825,-10.));
#7609=CARTESIAN_POINT('Origin',(8.4375,11.45,-25.));
#7610=CARTESIAN_POINT('',(9.9375,11.45,-25.75));
#7611=CARTESIAN_POINT('',(8.4375,11.45,-25.75));
#7612=CARTESIAN_POINT('Origin',(9.9375,11.45,-25.));
#7613=CARTESIAN_POINT('Origin',(9.9375,8.45,-29.5));
#7614=CARTESIAN_POINT('',(9.9375,8.45,-29.5));
#7615=CARTESIAN_POINT('Origin',(9.9375,8.45,-20.5));
#7616=CARTESIAN_POINT('',(9.9375,8.45,-20.5));
#7617=CARTESIAN_POINT('Origin',(8.4375,8.45,-20.5));
#7618=CARTESIAN_POINT('Origin',(30.1875,11.45,-25.));
#7619=CARTESIAN_POINT('',(31.5,11.45,-25.));
#7620=CARTESIAN_POINT('Origin',(30.1875,11.45,-25.));
#7621=CARTESIAN_POINT('',(31.5,11.45,-25.));
#7622=CARTESIAN_POINT('Origin',(30.1875,8.45,-25.));
#7623=CARTESIAN_POINT('',(32.4375,11.45,-25.));
#7624=CARTESIAN_POINT('Origin',(30.1875,11.45,-25.));
#7625=CARTESIAN_POINT('',(32.4375,8.45,-25.));
#7626=CARTESIAN_POINT('Origin',(30.1875,11.45,-25.));
#7627=CARTESIAN_POINT('Origin',(20.4375,15.95,-40.));
#7628=CARTESIAN_POINT('',(21.75,15.95,-40.));
#7629=CARTESIAN_POINT('Origin',(20.4375,15.95,-40.));
#7630=CARTESIAN_POINT('',(21.75,15.95,-40.));
#7631=CARTESIAN_POINT('Origin',(20.4375,8.45,-40.));
#7632=CARTESIAN_POINT('',(22.6875,15.95,-40.));
#7633=CARTESIAN_POINT('Origin',(20.4375,15.95,-40.));
#7634=CARTESIAN_POINT('',(22.6875,8.45,-40.));
#7635=CARTESIAN_POINT('Origin',(20.4375,15.95,-40.));
#7636=CARTESIAN_POINT('Origin',(35.4375,8.45,-11.5));
#7637=CARTESIAN_POINT('',(5.4375,8.45,-11.5));
#7638=CARTESIAN_POINT('Origin',(35.4375,6.2,-10.));
#7639=CARTESIAN_POINT('',(35.4375,6.2,-40.));
#7640=CARTESIAN_POINT('Origin',(5.4375,6.2,-40.));
#7641=CARTESIAN_POINT('',(5.4375,6.2,-40.));
#7642=CARTESIAN_POINT('Origin',(20.4375,6.2,-40.));
#7643=CARTESIAN_POINT('',(0.,0.,0.));
#7644=CARTESIAN_POINT('',(0.,0.,0.));
#7645=UNCERTAINTY_MEASURE_WITH_UNIT(LENGTH_MEASURE(0.01),#7655,
'DISTANCE_ACCURACY_VALUE',
'Maximum model space distance between geometric entities at asserted c
onnectivities');
#7646=UNCERTAINTY_MEASURE_WITH_UNIT(LENGTH_MEASURE(0.01),#7655,
'DISTANCE_ACCURACY_VALUE',
'Maximum model space distance between geometric entities at asserted c
onnectivities');
#7647=UNCERTAINTY_MEASURE_WITH_UNIT(LENGTH_MEASURE(0.01),#7655,
'DISTANCE_ACCURACY_VALUE',
'Maximum model space distance between geometric entities at asserted c
onnectivities');
#7648=UNCERTAINTY_MEASURE_WITH_UNIT(LENGTH_MEASURE(0.01),#7655,
'DISTANCE_ACCURACY_VALUE',
'Maximum model space distance between geometric entities at asserted c
onnectivities');
#7649=UNCERTAINTY_MEASURE_WITH_UNIT(LENGTH_MEASURE(0.01),#7655,
'DISTANCE_ACCURACY_VALUE',
'Maximum model space distance between geometric entities at asserted c
onnectivities');
#7650=(
GEOMETRIC_REPRESENTATION_CONTEXT(3)
GLOBAL_UNCERTAINTY_ASSIGNED_CONTEXT((#7645))
GLOBAL_UNIT_ASSIGNED_CONTEXT((#7655,#7657,#7658))
REPRESENTATION_CONTEXT('','3D')
);
#7651=(
GEOMETRIC_REPRESENTATION_CONTEXT(3)
GLOBAL_UNCERTAINTY_ASSIGNED_CONTEXT((#7646))
GLOBAL_UNIT_ASSIGNED_CONTEXT((#7655,#7657,#7658))
REPRESENTATION_CONTEXT('','3D')
);
#7652=(
GEOMETRIC_REPRESENTATION_CONTEXT(3)
GLOBAL_UNCERTAINTY_ASSIGNED_CONTEXT((#7647))
GLOBAL_UNIT_ASSIGNED_CONTEXT((#7655,#7657,#7658))
REPRESENTATION_CONTEXT('','3D')
);
#7653=(
GEOMETRIC_REPRESENTATION_CONTEXT(3)
GLOBAL_UNCERTAINTY_ASSIGNED_CONTEXT((#7648))
GLOBAL_UNIT_ASSIGNED_CONTEXT((#7655,#7657,#7658))
REPRESENTATION_CONTEXT('','3D')
);
#7654=(
GEOMETRIC_REPRESENTATION_CONTEXT(3)
GLOBAL_UNCERTAINTY_ASSIGNED_CONTEXT((#7649))
GLOBAL_UNIT_ASSIGNED_CONTEXT((#7655,#7657,#7658))
REPRESENTATION_CONTEXT('','3D')
);
#7655=(
LENGTH_UNIT()
NAMED_UNIT(*)
SI_UNIT(.MILLI.,.METRE.)
);
#7656=(
LENGTH_UNIT()
NAMED_UNIT(*)
SI_UNIT($,.METRE.)
);
#7657=(
NAMED_UNIT(*)
PLANE_ANGLE_UNIT()
SI_UNIT($,.RADIAN.)
);
#7658=(
NAMED_UNIT(*)
SI_UNIT($,.STERADIAN.)
SOLID_ANGLE_UNIT()
);
#7659=SHAPE_DEFINITION_REPRESENTATION(#7663,#7670);
#7660=SHAPE_DEFINITION_REPRESENTATION(#7664,#7671);
#7661=SHAPE_DEFINITION_REPRESENTATION(#7665,#7672);
#7662=SHAPE_DEFINITION_REPRESENTATION(#7667,#7673);
#7663=PRODUCT_DEFINITION_SHAPE('',$,#7675);
#7664=PRODUCT_DEFINITION_SHAPE('',$,#7676);
#7665=PRODUCT_DEFINITION_SHAPE('',$,#7677);
#7666=PRODUCT_DEFINITION_SHAPE($,$,#26);
#7667=PRODUCT_DEFINITION_SHAPE('',$,#7678);
#7668=PRODUCT_DEFINITION_SHAPE($,$,#27);
#7669=PRODUCT_DEFINITION_SHAPE($,$,#28);
#7670=SHAPE_REPRESENTATION('',(#4354,#4858,#4859),#7650);
#7671=SHAPE_REPRESENTATION('',(#4355,#4703),#7651);
#7672=SHAPE_REPRESENTATION('',(#4356),#7652);
#7673=SHAPE_REPRESENTATION('',(#4704),#7653);
#7674=PRODUCT_DEFINITION_CONTEXT('part definition',#7688,'design');
#7675=PRODUCT_DEFINITION('RatchetHousing','RatchetHousing v2',#7679,#7674);
#7676=PRODUCT_DEFINITION('Ratchet','Ratchet',#7680,#7674);
#7677=PRODUCT_DEFINITION('BoltHead','BoltHead',#7681,#7674);
#7678=PRODUCT_DEFINITION('Pawl','Pawl',#7682,#7674);
#7679=PRODUCT_DEFINITION_FORMATION('',$,#7690);
#7680=PRODUCT_DEFINITION_FORMATION('',$,#7691);
#7681=PRODUCT_DEFINITION_FORMATION('',$,#7692);
#7682=PRODUCT_DEFINITION_FORMATION('',$,#7693);
#7683=PRODUCT_RELATED_PRODUCT_CATEGORY('RatchetHousing v2',
'RatchetHousing v2',(#7690));
#7684=PRODUCT_RELATED_PRODUCT_CATEGORY('Ratchet','Ratchet',(#7691));
#7685=PRODUCT_RELATED_PRODUCT_CATEGORY('BoltHead','BoltHead',(#7692));
#7686=PRODUCT_RELATED_PRODUCT_CATEGORY('Pawl','Pawl',(#7693));
#7687=APPLICATION_PROTOCOL_DEFINITION('international standard',
'automotive_design',2009,#7688);
#7688=APPLICATION_CONTEXT(
'Core Data for Automotive Mechanical Design Process');
#7689=PRODUCT_CONTEXT('part definition',#7688,'mechanical');
#7690=PRODUCT('RatchetHousing','RatchetHousing v2',$,(#7689));
#7691=PRODUCT('Ratchet','Ratchet',$,(#7689));
#7692=PRODUCT('BoltHead','BoltHead',$,(#7689));
#7693=PRODUCT('Pawl','Pawl',$,(#7689));
#7694=PRESENTATION_STYLE_ASSIGNMENT((#7695));
#7695=SURFACE_STYLE_USAGE(.BOTH.,#7696);
#7696=SURFACE_SIDE_STYLE('',(#7697));
#7697=SURFACE_STYLE_FILL_AREA(#7698);
#7698=FILL_AREA_STYLE('A\X\E7o - Acetinado',(#7699));
#7699=FILL_AREA_STYLE_COLOUR('A\X\E7o - Acetinado',#7700);
#7700=COLOUR_RGB('A\X\E7o - Acetinado',0.627450980392157,0.627450980392157,
0.627450980392157);
ENDSEC;
END-ISO-10303-21;
