ISO-10303-21;
HEADER;
/* Generated by software containing ST-Developer
 * from STEP Tools, Inc. (www.steptools.com) 
 */

FILE_DESCRIPTION(
/* description */ (''),
/* implementation_level */ '2;1');

FILE_NAME(
/* name */ 'Serpentine_Support_v1.step',
/* time_stamp */ '2026-09-05T22:40:24-03:00',
/* author */ (''),
/* organization */ (''),
/* preprocessor_version */ 'ST-DEVELOPER v20.2',
/* originating_system */ 'Autodesk Translation Framework v15.15.0.0',
/* authorisation */ '');

FILE_SCHEMA (('AUTOMOTIVE_DESIGN { 1 0 10303 214 3 1 1 }'));
ENDSEC;

DATA;
#10=MECHANICAL_DESIGN_GEOMETRIC_PRESENTATION_REPRESENTATION('',(#21,#22),
#2863);
#11=ITEM_DEFINED_TRANSFORMATION($,$,#1710,#1873);
#12=(
REPRESENTATION_RELATIONSHIP($,$,#2874,#2873)
REPRESENTATION_RELATIONSHIP_WITH_TRANSFORMATION(#11)
SHAPE_REPRESENTATION_RELATIONSHIP()
);
#13=CONTEXT_DEPENDENT_SHAPE_REPRESENTATION(#12,#2872);
#14=NEXT_ASSEMBLY_USAGE_OCCURRENCE('Componente2:1','Componente2:1',
'Componente2:1',#2876,#2877,'Componente2:1');
#15=ELLIPSE('',#1816,608.276253029822,600.);
#16=ELLIPSE('',#1818,608.276253029822,600.);
#17=SHAPE_REPRESENTATION_RELATIONSHIP('SRR','None',#2874,#19);
#18=SHAPE_REPRESENTATION_RELATIONSHIP('SRR','None',#2873,#20);
#19=ADVANCED_BREP_SHAPE_REPRESENTATION('',(#23),#2862);
#20=ADVANCED_BREP_SHAPE_REPRESENTATION('',(#24),#2861);
#21=STYLED_ITEM('',(#2887),#23);
#22=STYLED_ITEM('',(#2887),#24);
#23=MANIFOLD_SOLID_BREP('Body1',#1695);
#24=MANIFOLD_SOLID_BREP('Body1',#1696);
#25=FACE_BOUND('',#185,.T.);
#26=FACE_BOUND('',#192,.T.);
#27=FACE_BOUND('',#197,.T.);
#28=FACE_BOUND('',#203,.T.);
#29=FACE_BOUND('',#210,.T.);
#30=FACE_BOUND('',#212,.T.);
#31=FACE_BOUND('',#215,.T.);
#32=FACE_BOUND('',#217,.T.);
#33=FACE_BOUND('',#225,.T.);
#34=FACE_BOUND('',#232,.T.);
#35=FACE_BOUND('',#237,.T.);
#36=FACE_BOUND('',#240,.T.);
#37=FACE_BOUND('',#249,.T.);
#38=FACE_BOUND('',#251,.T.);
#39=FACE_BOUND('',#253,.T.);
#40=FACE_BOUND('',#261,.T.);
#41=FACE_BOUND('',#266,.T.);
#42=FACE_BOUND('',#268,.T.);
#43=FACE_BOUND('',#276,.T.);
#44=FACE_BOUND('',#286,.T.);
#45=PLANE('',#1715);
#46=PLANE('',#1716);
#47=PLANE('',#1722);
#48=PLANE('',#1725);
#49=PLANE('',#1730);
#50=PLANE('',#1731);
#51=PLANE('',#1737);
#52=PLANE('',#1738);
#53=PLANE('',#1745);
#54=PLANE('',#1749);
#55=PLANE('',#1754);
#56=PLANE('',#1761);
#57=PLANE('',#1765);
#58=PLANE('',#1766);
#59=PLANE('',#1767);
#60=PLANE('',#1770);
#61=PLANE('',#1780);
#62=PLANE('',#1785);
#63=PLANE('',#1786);
#64=PLANE('',#1787);
#65=PLANE('',#1788);
#66=PLANE('',#1789);
#67=PLANE('',#1796);
#68=PLANE('',#1802);
#69=PLANE('',#1803);
#70=PLANE('',#1806);
#71=PLANE('',#1807);
#72=PLANE('',#1810);
#73=PLANE('',#1813);
#74=PLANE('',#1820);
#75=PLANE('',#1822);
#76=PLANE('',#1825);
#77=PLANE('',#1834);
#78=PLANE('',#1839);
#79=PLANE('',#1840);
#80=PLANE('',#1841);
#81=PLANE('',#1842);
#82=PLANE('',#1843);
#83=PLANE('',#1844);
#84=PLANE('',#1847);
#85=PLANE('',#1854);
#86=PLANE('',#1859);
#87=PLANE('',#1862);
#88=PLANE('',#1864);
#89=PLANE('',#1865);
#90=PLANE('',#1866);
#91=PLANE('',#1867);
#92=PLANE('',#1868);
#93=PLANE('',#1869);
#94=PLANE('',#1871);
#95=PLANE('',#1872);
#96=FACE_OUTER_BOUND('',#182,.T.);
#97=FACE_OUTER_BOUND('',#183,.T.);
#98=FACE_OUTER_BOUND('',#184,.T.);
#99=FACE_OUTER_BOUND('',#186,.T.);
#100=FACE_OUTER_BOUND('',#187,.T.);
#101=FACE_OUTER_BOUND('',#188,.T.);
#102=FACE_OUTER_BOUND('',#189,.T.);
#103=FACE_OUTER_BOUND('',#190,.T.);
#104=FACE_OUTER_BOUND('',#191,.T.);
#105=FACE_OUTER_BOUND('',#193,.T.);
#106=FACE_OUTER_BOUND('',#194,.T.);
#107=FACE_OUTER_BOUND('',#195,.T.);
#108=FACE_OUTER_BOUND('',#196,.T.);
#109=FACE_OUTER_BOUND('',#198,.T.);
#110=FACE_OUTER_BOUND('',#199,.T.);
#111=FACE_OUTER_BOUND('',#200,.T.);
#112=FACE_OUTER_BOUND('',#201,.T.);
#113=FACE_OUTER_BOUND('',#202,.T.);
#114=FACE_OUTER_BOUND('',#204,.T.);
#115=FACE_OUTER_BOUND('',#205,.T.);
#116=FACE_OUTER_BOUND('',#206,.T.);
#117=FACE_OUTER_BOUND('',#207,.T.);
#118=FACE_OUTER_BOUND('',#208,.T.);
#119=FACE_OUTER_BOUND('',#209,.T.);
#120=FACE_OUTER_BOUND('',#211,.T.);
#121=FACE_OUTER_BOUND('',#213,.T.);
#122=FACE_OUTER_BOUND('',#214,.T.);
#123=FACE_OUTER_BOUND('',#216,.T.);
#124=FACE_OUTER_BOUND('',#218,.T.);
#125=FACE_OUTER_BOUND('',#219,.T.);
#126=FACE_OUTER_BOUND('',#220,.T.);
#127=FACE_OUTER_BOUND('',#221,.T.);
#128=FACE_OUTER_BOUND('',#222,.T.);
#129=FACE_OUTER_BOUND('',#223,.T.);
#130=FACE_OUTER_BOUND('',#224,.T.);
#131=FACE_OUTER_BOUND('',#226,.T.);
#132=FACE_OUTER_BOUND('',#227,.T.);
#133=FACE_OUTER_BOUND('',#228,.T.);
#134=FACE_OUTER_BOUND('',#229,.T.);
#135=FACE_OUTER_BOUND('',#230,.T.);
#136=FACE_OUTER_BOUND('',#231,.T.);
#137=FACE_OUTER_BOUND('',#233,.T.);
#138=FACE_OUTER_BOUND('',#234,.T.);
#139=FACE_OUTER_BOUND('',#235,.T.);
#140=FACE_OUTER_BOUND('',#236,.T.);
#141=FACE_OUTER_BOUND('',#238,.T.);
#142=FACE_OUTER_BOUND('',#239,.T.);
#143=FACE_OUTER_BOUND('',#241,.T.);
#144=FACE_OUTER_BOUND('',#242,.T.);
#145=FACE_OUTER_BOUND('',#243,.T.);
#146=FACE_OUTER_BOUND('',#244,.T.);
#147=FACE_OUTER_BOUND('',#245,.T.);
#148=FACE_OUTER_BOUND('',#246,.T.);
#149=FACE_OUTER_BOUND('',#247,.T.);
#150=FACE_OUTER_BOUND('',#248,.T.);
#151=FACE_OUTER_BOUND('',#250,.T.);
#152=FACE_OUTER_BOUND('',#252,.T.);
#153=FACE_OUTER_BOUND('',#254,.T.);
#154=FACE_OUTER_BOUND('',#255,.T.);
#155=FACE_OUTER_BOUND('',#256,.T.);
#156=FACE_OUTER_BOUND('',#257,.T.);
#157=FACE_OUTER_BOUND('',#258,.T.);
#158=FACE_OUTER_BOUND('',#259,.T.);
#159=FACE_OUTER_BOUND('',#260,.T.);
#160=FACE_OUTER_BOUND('',#262,.T.);
#161=FACE_OUTER_BOUND('',#263,.T.);
#162=FACE_OUTER_BOUND('',#264,.T.);
#163=FACE_OUTER_BOUND('',#265,.T.);
#164=FACE_OUTER_BOUND('',#267,.T.);
#165=FACE_OUTER_BOUND('',#269,.T.);
#166=FACE_OUTER_BOUND('',#270,.T.);
#167=FACE_OUTER_BOUND('',#271,.T.);
#168=FACE_OUTER_BOUND('',#272,.T.);
#169=FACE_OUTER_BOUND('',#273,.T.);
#170=FACE_OUTER_BOUND('',#274,.T.);
#171=FACE_OUTER_BOUND('',#275,.T.);
#172=FACE_OUTER_BOUND('',#277,.T.);
#173=FACE_OUTER_BOUND('',#278,.T.);
#174=FACE_OUTER_BOUND('',#279,.T.);
#175=FACE_OUTER_BOUND('',#280,.T.);
#176=FACE_OUTER_BOUND('',#281,.T.);
#177=FACE_OUTER_BOUND('',#282,.T.);
#178=FACE_OUTER_BOUND('',#283,.T.);
#179=FACE_OUTER_BOUND('',#284,.T.);
#180=FACE_OUTER_BOUND('',#285,.T.);
#181=FACE_OUTER_BOUND('',#287,.T.);
#182=EDGE_LOOP('',(#1092,#1093,#1094,#1095,#1096,#1097));
#183=EDGE_LOOP('',(#1098,#1099,#1100,#1101));
#184=EDGE_LOOP('',(#1102,#1103,#1104,#1105,#1106,#1107,#1108,#1109,#1110));
#185=EDGE_LOOP('',(#1111));
#186=EDGE_LOOP('',(#1112,#1113,#1114,#1115,#1116,#1117));
#187=EDGE_LOOP('',(#1118,#1119,#1120,#1121));
#188=EDGE_LOOP('',(#1122,#1123,#1124,#1125,#1126,#1127,#1128));
#189=EDGE_LOOP('',(#1129,#1130,#1131,#1132));
#190=EDGE_LOOP('',(#1133,#1134,#1135,#1136));
#191=EDGE_LOOP('',(#1137,#1138,#1139,#1140,#1141,#1142,#1143));
#192=EDGE_LOOP('',(#1144));
#193=EDGE_LOOP('',(#1145,#1146,#1147,#1148));
#194=EDGE_LOOP('',(#1149,#1150,#1151,#1152));
#195=EDGE_LOOP('',(#1153,#1154,#1155,#1156));
#196=EDGE_LOOP('',(#1157,#1158,#1159,#1160));
#197=EDGE_LOOP('',(#1161));
#198=EDGE_LOOP('',(#1162,#1163,#1164,#1165));
#199=EDGE_LOOP('',(#1166,#1167,#1168,#1169));
#200=EDGE_LOOP('',(#1170,#1171,#1172,#1173,#1174,#1175,#1176));
#201=EDGE_LOOP('',(#1177,#1178,#1179,#1180));
#202=EDGE_LOOP('',(#1181,#1182,#1183,#1184));
#203=EDGE_LOOP('',(#1185));
#204=EDGE_LOOP('',(#1186,#1187,#1188,#1189,#1190,#1191,#1192,#1193));
#205=EDGE_LOOP('',(#1194,#1195,#1196,#1197));
#206=EDGE_LOOP('',(#1198,#1199,#1200,#1201,#1202,#1203));
#207=EDGE_LOOP('',(#1204,#1205,#1206,#1207));
#208=EDGE_LOOP('',(#1208,#1209,#1210,#1211));
#209=EDGE_LOOP('',(#1212,#1213,#1214,#1215,#1216,#1217,#1218,#1219,#1220,
#1221,#1222,#1223,#1224));
#210=EDGE_LOOP('',(#1225));
#211=EDGE_LOOP('',(#1226,#1227,#1228,#1229));
#212=EDGE_LOOP('',(#1230));
#213=EDGE_LOOP('',(#1231,#1232,#1233,#1234,#1235));
#214=EDGE_LOOP('',(#1236,#1237,#1238,#1239));
#215=EDGE_LOOP('',(#1240));
#216=EDGE_LOOP('',(#1241,#1242,#1243,#1244,#1245,#1246,#1247,#1248,#1249,
#1250,#1251,#1252,#1253,#1254));
#217=EDGE_LOOP('',(#1255));
#218=EDGE_LOOP('',(#1256,#1257,#1258,#1259));
#219=EDGE_LOOP('',(#1260,#1261,#1262,#1263));
#220=EDGE_LOOP('',(#1264,#1265,#1266,#1267));
#221=EDGE_LOOP('',(#1268,#1269,#1270,#1271));
#222=EDGE_LOOP('',(#1272,#1273,#1274,#1275));
#223=EDGE_LOOP('',(#1276,#1277,#1278,#1279));
#224=EDGE_LOOP('',(#1280,#1281,#1282,#1283));
#225=EDGE_LOOP('',(#1284));
#226=EDGE_LOOP('',(#1285,#1286,#1287,#1288,#1289,#1290,#1291,#1292));
#227=EDGE_LOOP('',(#1293,#1294,#1295,#1296));
#228=EDGE_LOOP('',(#1297,#1298,#1299,#1300,#1301,#1302,#1303,#1304));
#229=EDGE_LOOP('',(#1305,#1306,#1307,#1308));
#230=EDGE_LOOP('',(#1309,#1310,#1311,#1312));
#231=EDGE_LOOP('',(#1313,#1314,#1315,#1316));
#232=EDGE_LOOP('',(#1317));
#233=EDGE_LOOP('',(#1318,#1319,#1320,#1321));
#234=EDGE_LOOP('',(#1322,#1323,#1324,#1325,#1326));
#235=EDGE_LOOP('',(#1327,#1328,#1329,#1330,#1331,#1332,#1333));
#236=EDGE_LOOP('',(#1334,#1335,#1336,#1337));
#237=EDGE_LOOP('',(#1338));
#238=EDGE_LOOP('',(#1339,#1340,#1341,#1342));
#239=EDGE_LOOP('',(#1343,#1344,#1345,#1346,#1347,#1348,#1349,#1350,#1351));
#240=EDGE_LOOP('',(#1352));
#241=EDGE_LOOP('',(#1353,#1354,#1355,#1356,#1357,#1358));
#242=EDGE_LOOP('',(#1359,#1360,#1361,#1362));
#243=EDGE_LOOP('',(#1363,#1364,#1365,#1366,#1367,#1368,#1369,#1370));
#244=EDGE_LOOP('',(#1371,#1372,#1373,#1374));
#245=EDGE_LOOP('',(#1375,#1376,#1377,#1378,#1379,#1380,#1381,#1382));
#246=EDGE_LOOP('',(#1383,#1384,#1385,#1386,#1387));
#247=EDGE_LOOP('',(#1388,#1389,#1390,#1391,#1392));
#248=EDGE_LOOP('',(#1393,#1394,#1395,#1396,#1397,#1398,#1399,#1400,#1401,
#1402));
#249=EDGE_LOOP('',(#1403));
#250=EDGE_LOOP('',(#1404,#1405,#1406,#1407));
#251=EDGE_LOOP('',(#1408));
#252=EDGE_LOOP('',(#1409,#1410,#1411,#1412,#1413,#1414,#1415,#1416,#1417));
#253=EDGE_LOOP('',(#1418));
#254=EDGE_LOOP('',(#1419,#1420,#1421,#1422));
#255=EDGE_LOOP('',(#1423,#1424,#1425,#1426));
#256=EDGE_LOOP('',(#1427,#1428,#1429,#1430));
#257=EDGE_LOOP('',(#1431,#1432,#1433,#1434));
#258=EDGE_LOOP('',(#1435,#1436,#1437,#1438));
#259=EDGE_LOOP('',(#1439,#1440,#1441,#1442));
#260=EDGE_LOOP('',(#1443,#1444,#1445,#1446));
#261=EDGE_LOOP('',(#1447));
#262=EDGE_LOOP('',(#1448,#1449,#1450,#1451,#1452,#1453,#1454,#1455));
#263=EDGE_LOOP('',(#1456,#1457,#1458,#1459));
#264=EDGE_LOOP('',(#1460,#1461,#1462,#1463,#1464,#1465,#1466,#1467));
#265=EDGE_LOOP('',(#1468,#1469,#1470,#1471,#1472,#1473,#1474,#1475,#1476));
#266=EDGE_LOOP('',(#1477));
#267=EDGE_LOOP('',(#1478,#1479,#1480,#1481));
#268=EDGE_LOOP('',(#1482));
#269=EDGE_LOOP('',(#1483,#1484,#1485,#1486));
#270=EDGE_LOOP('',(#1487,#1488,#1489,#1490));
#271=EDGE_LOOP('',(#1491,#1492,#1493,#1494,#1495,#1496,#1497));
#272=EDGE_LOOP('',(#1498,#1499,#1500,#1501,#1502,#1503));
#273=EDGE_LOOP('',(#1504,#1505,#1506,#1507,#1508,#1509,#1510));
#274=EDGE_LOOP('',(#1511,#1512,#1513,#1514));
#275=EDGE_LOOP('',(#1515,#1516,#1517,#1518));
#276=EDGE_LOOP('',(#1519));
#277=EDGE_LOOP('',(#1520,#1521,#1522,#1523));
#278=EDGE_LOOP('',(#1524,#1525,#1526,#1527,#1528));
#279=EDGE_LOOP('',(#1529,#1530,#1531,#1532,#1533,#1534));
#280=EDGE_LOOP('',(#1535,#1536,#1537,#1538,#1539,#1540));
#281=EDGE_LOOP('',(#1541,#1542,#1543,#1544,#1545,#1546,#1547,#1548,#1549,
#1550));
#282=EDGE_LOOP('',(#1551,#1552,#1553,#1554));
#283=EDGE_LOOP('',(#1555,#1556,#1557,#1558));
#284=EDGE_LOOP('',(#1559,#1560,#1561,#1562));
#285=EDGE_LOOP('',(#1563,#1564,#1565,#1566,#1567,#1568));
#286=EDGE_LOOP('',(#1569));
#287=EDGE_LOOP('',(#1570,#1571,#1572,#1573));
#288=LINE('',#2376,#453);
#289=LINE('',#2380,#454);
#290=LINE('',#2383,#455);
#291=LINE('',#2386,#456);
#292=LINE('',#2388,#457);
#293=LINE('',#2389,#458);
#294=LINE('',#2392,#459);
#295=LINE('',#2398,#460);
#296=LINE('',#2403,#461);
#297=LINE('',#2408,#462);
#298=LINE('',#2410,#463);
#299=LINE('',#2412,#464);
#300=LINE('',#2413,#465);
#301=LINE('',#2417,#466);
#302=LINE('',#2422,#467);
#303=LINE('',#2424,#468);
#304=LINE('',#2426,#469);
#305=LINE('',#2430,#470);
#306=LINE('',#2433,#471);
#307=LINE('',#2435,#472);
#308=LINE('',#2440,#473);
#309=LINE('',#2445,#474);
#310=LINE('',#2447,#475);
#311=LINE('',#2449,#476);
#312=LINE('',#2452,#477);
#313=LINE('',#2455,#478);
#314=LINE('',#2460,#479);
#315=LINE('',#2465,#480);
#316=LINE('',#2469,#481);
#317=LINE('',#2472,#482);
#318=LINE('',#2480,#483);
#319=LINE('',#2483,#484);
#320=LINE('',#2486,#485);
#321=LINE('',#2488,#486);
#322=LINE('',#2490,#487);
#323=LINE('',#2492,#488);
#324=LINE('',#2493,#489);
#325=LINE('',#2499,#490);
#326=LINE('',#2502,#491);
#327=LINE('',#2507,#492);
#328=LINE('',#2510,#493);
#329=LINE('',#2512,#494);
#330=LINE('',#2514,#495);
#331=LINE('',#2518,#496);
#332=LINE('',#2520,#497);
#333=LINE('',#2522,#498);
#334=LINE('',#2526,#499);
#335=LINE('',#2527,#500);
#336=LINE('',#2531,#501);
#337=LINE('',#2533,#502);
#338=LINE('',#2539,#503);
#339=LINE('',#2541,#504);
#340=LINE('',#2542,#505);
#341=LINE('',#2550,#506);
#342=LINE('',#2552,#507);
#343=LINE('',#2556,#508);
#344=LINE('',#2558,#509);
#345=LINE('',#2560,#510);
#346=LINE('',#2564,#511);
#347=LINE('',#2566,#512);
#348=LINE('',#2568,#513);
#349=LINE('',#2572,#514);
#350=LINE('',#2573,#515);
#351=LINE('',#2578,#516);
#352=LINE('',#2581,#517);
#353=LINE('',#2584,#518);
#354=LINE('',#2587,#519);
#355=LINE('',#2590,#520);
#356=LINE('',#2591,#521);
#357=LINE('',#2595,#522);
#358=LINE('',#2599,#523);
#359=LINE('',#2602,#524);
#360=LINE('',#2603,#525);
#361=LINE('',#2606,#526);
#362=LINE('',#2607,#527);
#363=LINE('',#2610,#528);
#364=LINE('',#2611,#529);
#365=LINE('',#2612,#530);
#366=LINE('',#2615,#531);
#367=LINE('',#2617,#532);
#368=LINE('',#2618,#533);
#369=LINE('',#2620,#534);
#370=LINE('',#2625,#535);
#371=LINE('',#2631,#536);
#372=LINE('',#2635,#537);
#373=LINE('',#2636,#538);
#374=LINE('',#2640,#539);
#375=LINE('',#2645,#540);
#376=LINE('',#2649,#541);
#377=LINE('',#2650,#542);
#378=LINE('',#2651,#543);
#379=LINE('',#2655,#544);
#380=LINE('',#2659,#545);
#381=LINE('',#2660,#546);
#382=LINE('',#2663,#547);
#383=LINE('',#2665,#548);
#384=LINE('',#2666,#549);
#385=LINE('',#2671,#550);
#386=LINE('',#2672,#551);
#387=LINE('',#2675,#552);
#388=LINE('',#2677,#553);
#389=LINE('',#2679,#554);
#390=LINE('',#2681,#555);
#391=LINE('',#2683,#556);
#392=LINE('',#2684,#557);
#393=LINE('',#2689,#558);
#394=LINE('',#2690,#559);
#395=LINE('',#2693,#560);
#396=LINE('',#2695,#561);
#397=LINE('',#2697,#562);
#398=LINE('',#2699,#563);
#399=LINE('',#2701,#564);
#400=LINE('',#2702,#565);
#401=LINE('',#2707,#566);
#402=LINE('',#2713,#567);
#403=LINE('',#2715,#568);
#404=LINE('',#2717,#569);
#405=LINE('',#2719,#570);
#406=LINE('',#2720,#571);
#407=LINE('',#2722,#572);
#408=LINE('',#2723,#573);
#409=LINE('',#2731,#574);
#410=LINE('',#2733,#575);
#411=LINE('',#2734,#576);
#412=LINE('',#2742,#577);
#413=LINE('',#2744,#578);
#414=LINE('',#2747,#579);
#415=LINE('',#2751,#580);
#416=LINE('',#2752,#581);
#417=LINE('',#2757,#582);
#418=LINE('',#2760,#583);
#419=LINE('',#2763,#584);
#420=LINE('',#2766,#585);
#421=LINE('',#2769,#586);
#422=LINE('',#2770,#587);
#423=LINE('',#2774,#588);
#424=LINE('',#2778,#589);
#425=LINE('',#2781,#590);
#426=LINE('',#2782,#591);
#427=LINE('',#2785,#592);
#428=LINE('',#2786,#593);
#429=LINE('',#2789,#594);
#430=LINE('',#2790,#595);
#431=LINE('',#2791,#596);
#432=LINE('',#2794,#597);
#433=LINE('',#2796,#598);
#434=LINE('',#2797,#599);
#435=LINE('',#2799,#600);
#436=LINE('',#2803,#601);
#437=LINE('',#2808,#602);
#438=LINE('',#2810,#603);
#439=LINE('',#2813,#604);
#440=LINE('',#2818,#605);
#441=LINE('',#2824,#606);
#442=LINE('',#2825,#607);
#443=LINE('',#2828,#608);
#444=LINE('',#2830,#609);
#445=LINE('',#2834,#610);
#446=LINE('',#2838,#611);
#447=LINE('',#2839,#612);
#448=LINE('',#2845,#613);
#449=LINE('',#2846,#614);
#450=LINE('',#2850,#615);
#451=LINE('',#2852,#616);
#452=LINE('',#2854,#617);
#453=VECTOR('',#1882,10.);
#454=VECTOR('',#1885,10.);
#455=VECTOR('',#1888,10.);
#456=VECTOR('',#1891,10.);
#457=VECTOR('',#1892,10.);
#458=VECTOR('',#1893,10.);
#459=VECTOR('',#1896,10.);
#460=VECTOR('',#1901,10.);
#461=VECTOR('',#1906,10.);
#462=VECTOR('',#1911,10.);
#463=VECTOR('',#1912,10.);
#464=VECTOR('',#1913,10.);
#465=VECTOR('',#1914,10.);
#466=VECTOR('',#1919,10.);
#467=VECTOR('',#1924,10.);
#468=VECTOR('',#1925,10.);
#469=VECTOR('',#1926,10.);
#470=VECTOR('',#1931,3.);
#471=VECTOR('',#1934,3.);
#472=VECTOR('',#1937,10.);
#473=VECTOR('',#1942,10.);
#474=VECTOR('',#1949,1.75);
#475=VECTOR('',#1952,10.);
#476=VECTOR('',#1955,10.);
#477=VECTOR('',#1958,10.);
#478=VECTOR('',#1961,10.);
#479=VECTOR('',#1966,1.75);
#480=VECTOR('',#1973,10.);
#481=VECTOR('',#1978,10.);
#482=VECTOR('',#1983,10.);
#483=VECTOR('',#1992,10.);
#484=VECTOR('',#1995,10.);
#485=VECTOR('',#1998,10.);
#486=VECTOR('',#1999,10.);
#487=VECTOR('',#2000,10.);
#488=VECTOR('',#2001,10.);
#489=VECTOR('',#2002,10.);
#490=VECTOR('',#2007,10.);
#491=VECTOR('',#2010,10.);
#492=VECTOR('',#2015,2.74999999999999);
#493=VECTOR('',#2020,10.);
#494=VECTOR('',#2021,10.);
#495=VECTOR('',#2022,10.);
#496=VECTOR('',#2025,10.);
#497=VECTOR('',#2026,10.);
#498=VECTOR('',#2027,10.);
#499=VECTOR('',#2030,10.);
#500=VECTOR('',#2031,10.);
#501=VECTOR('',#2036,10.);
#502=VECTOR('',#2039,10.);
#503=VECTOR('',#2044,10.);
#504=VECTOR('',#2045,10.);
#505=VECTOR('',#2046,10.);
#506=VECTOR('',#2053,10.);
#507=VECTOR('',#2054,10.);
#508=VECTOR('',#2057,10.);
#509=VECTOR('',#2058,10.);
#510=VECTOR('',#2059,10.);
#511=VECTOR('',#2062,10.);
#512=VECTOR('',#2063,10.);
#513=VECTOR('',#2064,10.);
#514=VECTOR('',#2067,10.);
#515=VECTOR('',#2068,10.);
#516=VECTOR('',#2073,10.);
#517=VECTOR('',#2076,10.);
#518=VECTOR('',#2079,10.);
#519=VECTOR('',#2082,10.);
#520=VECTOR('',#2085,10.);
#521=VECTOR('',#2086,10.);
#522=VECTOR('',#2091,1.75);
#523=VECTOR('',#2096,1.75);
#524=VECTOR('',#2099,10.);
#525=VECTOR('',#2100,10.);
#526=VECTOR('',#2103,10.);
#527=VECTOR('',#2104,10.);
#528=VECTOR('',#2107,10.);
#529=VECTOR('',#2108,10.);
#530=VECTOR('',#2109,10.);
#531=VECTOR('',#2112,10.);
#532=VECTOR('',#2113,10.);
#533=VECTOR('',#2114,10.);
#534=VECTOR('',#2117,10.);
#535=VECTOR('',#2122,1.75);
#536=VECTOR('',#2129,10.);
#537=VECTOR('',#2134,10.);
#538=VECTOR('',#2135,10.);
#539=VECTOR('',#2140,10.);
#540=VECTOR('',#2145,10.);
#541=VECTOR('',#2150,10.);
#542=VECTOR('',#2151,10.);
#543=VECTOR('',#2152,10.);
#544=VECTOR('',#2157,10.);
#545=VECTOR('',#2162,10.);
#546=VECTOR('',#2163,10.);
#547=VECTOR('',#2166,10.);
#548=VECTOR('',#2167,600.);
#549=VECTOR('',#2168,10.);
#550=VECTOR('',#2173,10.);
#551=VECTOR('',#2174,10.);
#552=VECTOR('',#2177,10.);
#553=VECTOR('',#2178,10.);
#554=VECTOR('',#2179,10.);
#555=VECTOR('',#2180,10.);
#556=VECTOR('',#2181,10.);
#557=VECTOR('',#2182,10.);
#558=VECTOR('',#2187,10.);
#559=VECTOR('',#2188,10.);
#560=VECTOR('',#2191,10.);
#561=VECTOR('',#2192,10.);
#562=VECTOR('',#2193,10.);
#563=VECTOR('',#2194,10.);
#564=VECTOR('',#2195,10.);
#565=VECTOR('',#2196,10.);
#566=VECTOR('',#2203,10.);
#567=VECTOR('',#2208,600.);
#568=VECTOR('',#2211,10.);
#569=VECTOR('',#2214,10.);
#570=VECTOR('',#2215,10.);
#571=VECTOR('',#2216,10.);
#572=VECTOR('',#2217,10.);
#573=VECTOR('',#2218,10.);
#574=VECTOR('',#2225,10.);
#575=VECTOR('',#2226,10.);
#576=VECTOR('',#2227,10.);
#577=VECTOR('',#2234,10.);
#578=VECTOR('',#2235,10.);
#579=VECTOR('',#2238,10.);
#580=VECTOR('',#2241,10.);
#581=VECTOR('',#2242,10.);
#582=VECTOR('',#2247,10.);
#583=VECTOR('',#2250,10.);
#584=VECTOR('',#2253,10.);
#585=VECTOR('',#2256,10.);
#586=VECTOR('',#2259,10.);
#587=VECTOR('',#2260,10.);
#588=VECTOR('',#2265,1.75);
#589=VECTOR('',#2270,1.75);
#590=VECTOR('',#2273,10.);
#591=VECTOR('',#2274,10.);
#592=VECTOR('',#2277,10.);
#593=VECTOR('',#2278,10.);
#594=VECTOR('',#2281,10.);
#595=VECTOR('',#2282,10.);
#596=VECTOR('',#2283,10.);
#597=VECTOR('',#2286,10.);
#598=VECTOR('',#2287,10.);
#599=VECTOR('',#2288,10.);
#600=VECTOR('',#2291,10.);
#601=VECTOR('',#2296,10.);
#602=VECTOR('',#2301,10.);
#603=VECTOR('',#2302,10.);
#604=VECTOR('',#2305,10.);
#605=VECTOR('',#2310,1.75);
#606=VECTOR('',#2317,10.);
#607=VECTOR('',#2318,10.);
#608=VECTOR('',#2321,10.);
#609=VECTOR('',#2324,10.);
#610=VECTOR('',#2329,10.);
#611=VECTOR('',#2336,10.);
#612=VECTOR('',#2337,10.);
#613=VECTOR('',#2348,10.);
#614=VECTOR('',#2349,10.);
#615=VECTOR('',#2356,10.);
#616=VECTOR('',#2359,10.);
#617=VECTOR('',#2362,7.);
#618=CIRCLE('',#1712,1.);
#619=CIRCLE('',#1713,1.);
#620=CIRCLE('',#1714,1.);
#621=CIRCLE('',#1717,1.);
#622=CIRCLE('',#1718,20.4999996768312);
#623=CIRCLE('',#1719,4.);
#624=CIRCLE('',#1720,3.);
#625=CIRCLE('',#1721,1.75);
#626=CIRCLE('',#1724,1.);
#627=CIRCLE('',#1726,17.5);
#628=CIRCLE('',#1727,20.4999996768312);
#629=CIRCLE('',#1729,3.);
#630=CIRCLE('',#1732,4.);
#631=CIRCLE('',#1733,20.4999996768312);
#632=CIRCLE('',#1734,1.75);
#633=CIRCLE('',#1739,5.);
#634=CIRCLE('',#1740,1.75);
#635=CIRCLE('',#1742,1.75);
#636=CIRCLE('',#1744,5.);
#637=CIRCLE('',#1746,20.4999996768312);
#638=CIRCLE('',#1747,17.5);
#639=CIRCLE('',#1752,12.5);
#640=CIRCLE('',#1753,12.5);
#641=CIRCLE('',#1756,12.);
#642=CIRCLE('',#1757,12.);
#643=CIRCLE('',#1759,2.74999999999999);
#644=CIRCLE('',#1760,2.74999999999999);
#645=CIRCLE('',#1762,6.5);
#646=CIRCLE('',#1763,6.5);
#647=CIRCLE('',#1764,7.);
#648=CIRCLE('',#1768,4.);
#649=CIRCLE('',#1769,1.75);
#650=CIRCLE('',#1771,4.);
#651=CIRCLE('',#1772,17.5);
#652=CIRCLE('',#1773,20.5);
#653=CIRCLE('',#1774,20.5);
#654=CIRCLE('',#1775,1.75);
#655=CIRCLE('',#1777,4.);
#656=CIRCLE('',#1779,4.);
#657=CIRCLE('',#1782,1.75);
#658=CIRCLE('',#1784,1.75);
#659=CIRCLE('',#1791,1.75);
#660=CIRCLE('',#1792,1.75);
#661=CIRCLE('',#1794,5.);
#662=CIRCLE('',#1795,5.);
#663=CIRCLE('',#1798,20.5);
#664=CIRCLE('',#1800,17.5);
#665=CIRCLE('',#1801,17.5);
#666=CIRCLE('',#1805,20.5);
#667=CIRCLE('',#1809,6.5);
#668=CIRCLE('',#1812,6.5);
#669=CIRCLE('',#1815,600.);
#670=CIRCLE('',#1819,600.);
#671=CIRCLE('',#1821,7.);
#672=CIRCLE('',#1823,4.);
#673=CIRCLE('',#1824,1.75);
#674=CIRCLE('',#1826,4.);
#675=CIRCLE('',#1827,17.5);
#676=CIRCLE('',#1828,20.5);
#677=CIRCLE('',#1829,1.75);
#678=CIRCLE('',#1831,4.);
#679=CIRCLE('',#1833,4.);
#680=CIRCLE('',#1836,1.75);
#681=CIRCLE('',#1838,1.75);
#682=CIRCLE('',#1845,20.5);
#683=CIRCLE('',#1846,17.5);
#684=CIRCLE('',#1848,5.);
#685=CIRCLE('',#1849,1.75);
#686=CIRCLE('',#1851,1.75);
#687=CIRCLE('',#1853,5.);
#688=CIRCLE('',#1855,17.5);
#689=CIRCLE('',#1856,20.5);
#690=CIRCLE('',#1858,17.5);
#691=CIRCLE('',#1860,20.5);
#692=VERTEX_POINT('',#2372);
#693=VERTEX_POINT('',#2373);
#694=VERTEX_POINT('',#2375);
#695=VERTEX_POINT('',#2377);
#696=VERTEX_POINT('',#2379);
#697=VERTEX_POINT('',#2381);
#698=VERTEX_POINT('',#2385);
#699=VERTEX_POINT('',#2387);
#700=VERTEX_POINT('',#2391);
#701=VERTEX_POINT('',#2393);
#702=VERTEX_POINT('',#2395);
#703=VERTEX_POINT('',#2397);
#704=VERTEX_POINT('',#2399);
#705=VERTEX_POINT('',#2401);
#706=VERTEX_POINT('',#2404);
#707=VERTEX_POINT('',#2407);
#708=VERTEX_POINT('',#2409);
#709=VERTEX_POINT('',#2411);
#710=VERTEX_POINT('',#2415);
#711=VERTEX_POINT('',#2419);
#712=VERTEX_POINT('',#2421);
#713=VERTEX_POINT('',#2423);
#714=VERTEX_POINT('',#2425);
#715=VERTEX_POINT('',#2429);
#716=VERTEX_POINT('',#2431);
#717=VERTEX_POINT('',#2437);
#718=VERTEX_POINT('',#2439);
#719=VERTEX_POINT('',#2442);
#720=VERTEX_POINT('',#2451);
#721=VERTEX_POINT('',#2453);
#722=VERTEX_POINT('',#2456);
#723=VERTEX_POINT('',#2459);
#724=VERTEX_POINT('',#2463);
#725=VERTEX_POINT('',#2468);
#726=VERTEX_POINT('',#2476);
#727=VERTEX_POINT('',#2477);
#728=VERTEX_POINT('',#2479);
#729=VERTEX_POINT('',#2481);
#730=VERTEX_POINT('',#2485);
#731=VERTEX_POINT('',#2487);
#732=VERTEX_POINT('',#2489);
#733=VERTEX_POINT('',#2491);
#734=VERTEX_POINT('',#2495);
#735=VERTEX_POINT('',#2496);
#736=VERTEX_POINT('',#2498);
#737=VERTEX_POINT('',#2500);
#738=VERTEX_POINT('',#2504);
#739=VERTEX_POINT('',#2506);
#740=VERTEX_POINT('',#2511);
#741=VERTEX_POINT('',#2513);
#742=VERTEX_POINT('',#2515);
#743=VERTEX_POINT('',#2517);
#744=VERTEX_POINT('',#2519);
#745=VERTEX_POINT('',#2521);
#746=VERTEX_POINT('',#2523);
#747=VERTEX_POINT('',#2525);
#748=VERTEX_POINT('',#2528);
#749=VERTEX_POINT('',#2535);
#750=VERTEX_POINT('',#2536);
#751=VERTEX_POINT('',#2538);
#752=VERTEX_POINT('',#2540);
#753=VERTEX_POINT('',#2543);
#754=VERTEX_POINT('',#2546);
#755=VERTEX_POINT('',#2547);
#756=VERTEX_POINT('',#2549);
#757=VERTEX_POINT('',#2551);
#758=VERTEX_POINT('',#2553);
#759=VERTEX_POINT('',#2555);
#760=VERTEX_POINT('',#2557);
#761=VERTEX_POINT('',#2559);
#762=VERTEX_POINT('',#2561);
#763=VERTEX_POINT('',#2563);
#764=VERTEX_POINT('',#2565);
#765=VERTEX_POINT('',#2567);
#766=VERTEX_POINT('',#2569);
#767=VERTEX_POINT('',#2571);
#768=VERTEX_POINT('',#2574);
#769=VERTEX_POINT('',#2577);
#770=VERTEX_POINT('',#2579);
#771=VERTEX_POINT('',#2583);
#772=VERTEX_POINT('',#2585);
#773=VERTEX_POINT('',#2589);
#774=VERTEX_POINT('',#2593);
#775=VERTEX_POINT('',#2597);
#776=VERTEX_POINT('',#2601);
#777=VERTEX_POINT('',#2605);
#778=VERTEX_POINT('',#2609);
#779=VERTEX_POINT('',#2614);
#780=VERTEX_POINT('',#2616);
#781=VERTEX_POINT('',#2622);
#782=VERTEX_POINT('',#2624);
#783=VERTEX_POINT('',#2628);
#784=VERTEX_POINT('',#2630);
#785=VERTEX_POINT('',#2634);
#786=VERTEX_POINT('',#2638);
#787=VERTEX_POINT('',#2642);
#788=VERTEX_POINT('',#2643);
#789=VERTEX_POINT('',#2648);
#790=VERTEX_POINT('',#2654);
#791=VERTEX_POINT('',#2658);
#792=VERTEX_POINT('',#2662);
#793=VERTEX_POINT('',#2664);
#794=VERTEX_POINT('',#2668);
#795=VERTEX_POINT('',#2669);
#796=VERTEX_POINT('',#2674);
#797=VERTEX_POINT('',#2676);
#798=VERTEX_POINT('',#2678);
#799=VERTEX_POINT('',#2680);
#800=VERTEX_POINT('',#2682);
#801=VERTEX_POINT('',#2686);
#802=VERTEX_POINT('',#2687);
#803=VERTEX_POINT('',#2692);
#804=VERTEX_POINT('',#2694);
#805=VERTEX_POINT('',#2696);
#806=VERTEX_POINT('',#2698);
#807=VERTEX_POINT('',#2700);
#808=VERTEX_POINT('',#2705);
#809=VERTEX_POINT('',#2709);
#810=VERTEX_POINT('',#2710);
#811=VERTEX_POINT('',#2712);
#812=VERTEX_POINT('',#2718);
#813=VERTEX_POINT('',#2721);
#814=VERTEX_POINT('',#2724);
#815=VERTEX_POINT('',#2727);
#816=VERTEX_POINT('',#2728);
#817=VERTEX_POINT('',#2730);
#818=VERTEX_POINT('',#2732);
#819=VERTEX_POINT('',#2735);
#820=VERTEX_POINT('',#2738);
#821=VERTEX_POINT('',#2739);
#822=VERTEX_POINT('',#2741);
#823=VERTEX_POINT('',#2743);
#824=VERTEX_POINT('',#2745);
#825=VERTEX_POINT('',#2748);
#826=VERTEX_POINT('',#2750);
#827=VERTEX_POINT('',#2753);
#828=VERTEX_POINT('',#2756);
#829=VERTEX_POINT('',#2758);
#830=VERTEX_POINT('',#2762);
#831=VERTEX_POINT('',#2764);
#832=VERTEX_POINT('',#2768);
#833=VERTEX_POINT('',#2772);
#834=VERTEX_POINT('',#2776);
#835=VERTEX_POINT('',#2780);
#836=VERTEX_POINT('',#2784);
#837=VERTEX_POINT('',#2788);
#838=VERTEX_POINT('',#2793);
#839=VERTEX_POINT('',#2795);
#840=VERTEX_POINT('',#2802);
#841=VERTEX_POINT('',#2806);
#842=VERTEX_POINT('',#2807);
#843=VERTEX_POINT('',#2809);
#844=VERTEX_POINT('',#2811);
#845=VERTEX_POINT('',#2814);
#846=VERTEX_POINT('',#2817);
#847=VERTEX_POINT('',#2821);
#848=VERTEX_POINT('',#2822);
#849=VERTEX_POINT('',#2827);
#850=VERTEX_POINT('',#2833);
#851=EDGE_CURVE('',#692,#693,#618,.T.);
#852=EDGE_CURVE('',#693,#694,#288,.T.);
#853=EDGE_CURVE('',#694,#695,#619,.T.);
#854=EDGE_CURVE('',#695,#696,#289,.T.);
#855=EDGE_CURVE('',#696,#697,#620,.T.);
#856=EDGE_CURVE('',#697,#692,#290,.T.);
#857=EDGE_CURVE('',#698,#695,#291,.T.);
#858=EDGE_CURVE('',#698,#699,#292,.T.);
#859=EDGE_CURVE('',#696,#699,#293,.T.);
#860=EDGE_CURVE('',#694,#700,#294,.T.);
#861=EDGE_CURVE('',#700,#701,#621,.T.);
#862=EDGE_CURVE('',#702,#701,#622,.T.);
#863=EDGE_CURVE('',#703,#702,#295,.T.);
#864=EDGE_CURVE('',#704,#703,#623,.T.);
#865=EDGE_CURVE('',#705,#704,#624,.T.);
#866=EDGE_CURVE('',#705,#698,#296,.T.);
#867=EDGE_CURVE('',#706,#706,#625,.T.);
#868=EDGE_CURVE('',#707,#693,#297,.T.);
#869=EDGE_CURVE('',#708,#707,#298,.T.);
#870=EDGE_CURVE('',#709,#708,#299,.T.);
#871=EDGE_CURVE('',#700,#709,#300,.T.);
#872=EDGE_CURVE('',#709,#710,#626,.T.);
#873=EDGE_CURVE('',#710,#701,#301,.T.);
#874=EDGE_CURVE('',#708,#711,#627,.T.);
#875=EDGE_CURVE('',#711,#712,#302,.T.);
#876=EDGE_CURVE('',#712,#713,#303,.T.);
#877=EDGE_CURVE('',#714,#713,#304,.T.);
#878=EDGE_CURVE('',#714,#710,#628,.T.);
#879=EDGE_CURVE('',#704,#715,#305,.T.);
#880=EDGE_CURVE('',#715,#716,#629,.T.);
#881=EDGE_CURVE('',#716,#705,#306,.T.);
#882=EDGE_CURVE('',#699,#716,#307,.T.);
#883=EDGE_CURVE('',#717,#715,#630,.T.);
#884=EDGE_CURVE('',#718,#717,#308,.T.);
#885=EDGE_CURVE('',#697,#718,#631,.T.);
#886=EDGE_CURVE('',#719,#719,#632,.T.);
#887=EDGE_CURVE('',#706,#719,#309,.T.);
#888=EDGE_CURVE('',#703,#717,#310,.T.);
#889=EDGE_CURVE('',#718,#702,#311,.T.);
#890=EDGE_CURVE('',#714,#720,#312,.T.);
#891=EDGE_CURVE('',#713,#721,#633,.T.);
#892=EDGE_CURVE('',#721,#720,#313,.T.);
#893=EDGE_CURVE('',#722,#722,#634,.T.);
#894=EDGE_CURVE('',#722,#723,#314,.T.);
#895=EDGE_CURVE('',#723,#723,#635,.T.);
#896=EDGE_CURVE('',#712,#724,#636,.T.);
#897=EDGE_CURVE('',#724,#721,#315,.T.);
#898=EDGE_CURVE('',#692,#720,#637,.T.);
#899=EDGE_CURVE('',#724,#725,#316,.T.);
#900=EDGE_CURVE('',#725,#707,#638,.T.);
#901=EDGE_CURVE('',#711,#725,#317,.T.);
#902=EDGE_CURVE('',#726,#727,#639,.T.);
#903=EDGE_CURVE('',#727,#728,#318,.T.);
#904=EDGE_CURVE('',#728,#729,#640,.T.);
#905=EDGE_CURVE('',#729,#726,#319,.T.);
#906=EDGE_CURVE('',#727,#730,#320,.T.);
#907=EDGE_CURVE('',#731,#730,#321,.T.);
#908=EDGE_CURVE('',#731,#732,#322,.T.);
#909=EDGE_CURVE('',#732,#733,#323,.T.);
#910=EDGE_CURVE('',#728,#733,#324,.T.);
#911=EDGE_CURVE('',#734,#735,#641,.T.);
#912=EDGE_CURVE('',#736,#734,#325,.T.);
#913=EDGE_CURVE('',#737,#736,#642,.T.);
#914=EDGE_CURVE('',#737,#735,#326,.T.);
#915=EDGE_CURVE('',#738,#738,#643,.T.);
#916=EDGE_CURVE('',#738,#739,#327,.T.);
#917=EDGE_CURVE('',#739,#739,#644,.T.);
#918=EDGE_CURVE('',#729,#737,#328,.T.);
#919=EDGE_CURVE('',#733,#740,#329,.T.);
#920=EDGE_CURVE('',#740,#741,#330,.T.);
#921=EDGE_CURVE('',#742,#741,#645,.T.);
#922=EDGE_CURVE('',#742,#743,#331,.T.);
#923=EDGE_CURVE('',#744,#743,#332,.T.);
#924=EDGE_CURVE('',#745,#744,#333,.T.);
#925=EDGE_CURVE('',#746,#745,#646,.T.);
#926=EDGE_CURVE('',#746,#747,#334,.T.);
#927=EDGE_CURVE('',#747,#735,#335,.T.);
#928=EDGE_CURVE('',#748,#748,#647,.T.);
#929=EDGE_CURVE('',#726,#736,#336,.T.);
#930=EDGE_CURVE('',#730,#734,#337,.T.);
#931=EDGE_CURVE('',#749,#750,#648,.T.);
#932=EDGE_CURVE('',#751,#749,#338,.T.);
#933=EDGE_CURVE('',#752,#751,#339,.T.);
#934=EDGE_CURVE('',#752,#750,#340,.T.);
#935=EDGE_CURVE('',#753,#753,#649,.T.);
#936=EDGE_CURVE('',#754,#755,#650,.T.);
#937=EDGE_CURVE('',#756,#754,#341,.T.);
#938=EDGE_CURVE('',#757,#756,#342,.T.);
#939=EDGE_CURVE('',#757,#758,#651,.T.);
#940=EDGE_CURVE('',#758,#759,#343,.T.);
#941=EDGE_CURVE('',#759,#760,#344,.T.);
#942=EDGE_CURVE('',#761,#760,#345,.T.);
#943=EDGE_CURVE('',#761,#762,#652,.T.);
#944=EDGE_CURVE('',#763,#762,#346,.T.);
#945=EDGE_CURVE('',#764,#763,#347,.T.);
#946=EDGE_CURVE('',#765,#764,#348,.T.);
#947=EDGE_CURVE('',#765,#766,#653,.T.);
#948=EDGE_CURVE('',#767,#766,#349,.T.);
#949=EDGE_CURVE('',#767,#755,#350,.T.);
#950=EDGE_CURVE('',#768,#768,#654,.T.);
#951=EDGE_CURVE('',#750,#769,#351,.T.);
#952=EDGE_CURVE('',#769,#770,#655,.T.);
#953=EDGE_CURVE('',#770,#749,#352,.T.);
#954=EDGE_CURVE('',#755,#771,#353,.T.);
#955=EDGE_CURVE('',#771,#772,#656,.T.);
#956=EDGE_CURVE('',#772,#754,#354,.T.);
#957=EDGE_CURVE('',#773,#772,#355,.T.);
#958=EDGE_CURVE('',#756,#773,#356,.T.);
#959=EDGE_CURVE('',#774,#774,#657,.T.);
#960=EDGE_CURVE('',#774,#768,#357,.T.);
#961=EDGE_CURVE('',#775,#775,#658,.T.);
#962=EDGE_CURVE('',#775,#753,#358,.T.);
#963=EDGE_CURVE('',#776,#770,#359,.T.);
#964=EDGE_CURVE('',#751,#776,#360,.T.);
#965=EDGE_CURVE('',#777,#771,#361,.T.);
#966=EDGE_CURVE('',#773,#777,#362,.T.);
#967=EDGE_CURVE('',#776,#778,#363,.T.);
#968=EDGE_CURVE('',#778,#757,#364,.T.);
#969=EDGE_CURVE('',#777,#752,#365,.T.);
#970=EDGE_CURVE('',#779,#766,#366,.T.);
#971=EDGE_CURVE('',#779,#780,#367,.T.);
#972=EDGE_CURVE('',#780,#767,#368,.T.);
#973=EDGE_CURVE('',#780,#769,#369,.T.);
#974=EDGE_CURVE('',#781,#781,#659,.T.);
#975=EDGE_CURVE('',#781,#782,#370,.T.);
#976=EDGE_CURVE('',#782,#782,#660,.T.);
#977=EDGE_CURVE('',#783,#759,#661,.T.);
#978=EDGE_CURVE('',#783,#784,#371,.T.);
#979=EDGE_CURVE('',#760,#784,#662,.T.);
#980=EDGE_CURVE('',#761,#785,#372,.T.);
#981=EDGE_CURVE('',#784,#785,#373,.T.);
#982=EDGE_CURVE('',#786,#785,#663,.T.);
#983=EDGE_CURVE('',#762,#786,#374,.T.);
#984=EDGE_CURVE('',#787,#788,#664,.T.);
#985=EDGE_CURVE('',#788,#758,#375,.T.);
#986=EDGE_CURVE('',#778,#787,#665,.T.);
#987=EDGE_CURVE('',#789,#787,#376,.T.);
#988=EDGE_CURVE('',#786,#789,#377,.T.);
#989=EDGE_CURVE('',#788,#783,#378,.T.);
#990=EDGE_CURVE('',#790,#765,#379,.T.);
#991=EDGE_CURVE('',#779,#790,#666,.T.);
#992=EDGE_CURVE('',#791,#790,#380,.T.);
#993=EDGE_CURVE('',#787,#791,#381,.T.);
#994=EDGE_CURVE('',#764,#792,#382,.T.);
#995=EDGE_CURVE('',#793,#792,#383,.T.);
#996=EDGE_CURVE('',#793,#791,#384,.T.);
#997=EDGE_CURVE('',#794,#795,#667,.T.);
#998=EDGE_CURVE('',#795,#746,#385,.T.);
#999=EDGE_CURVE('',#745,#794,#386,.T.);
#1000=EDGE_CURVE('',#796,#744,#387,.T.);
#1001=EDGE_CURVE('',#796,#797,#388,.T.);
#1002=EDGE_CURVE('',#797,#798,#389,.T.);
#1003=EDGE_CURVE('',#798,#799,#390,.T.);
#1004=EDGE_CURVE('',#800,#799,#391,.T.);
#1005=EDGE_CURVE('',#794,#800,#392,.T.);
#1006=EDGE_CURVE('',#801,#802,#668,.F.);
#1007=EDGE_CURVE('',#801,#742,#393,.T.);
#1008=EDGE_CURVE('',#741,#802,#394,.T.);
#1009=EDGE_CURVE('',#801,#803,#395,.T.);
#1010=EDGE_CURVE('',#804,#803,#396,.T.);
#1011=EDGE_CURVE('',#804,#805,#397,.T.);
#1012=EDGE_CURVE('',#805,#806,#398,.T.);
#1013=EDGE_CURVE('',#806,#807,#399,.T.);
#1014=EDGE_CURVE('',#743,#807,#400,.T.);
#1015=EDGE_CURVE('',#793,#800,#669,.F.);
#1016=EDGE_CURVE('',#808,#792,#15,.F.);
#1017=EDGE_CURVE('',#808,#794,#401,.T.);
#1018=EDGE_CURVE('',#809,#810,#16,.T.);
#1019=EDGE_CURVE('',#810,#811,#402,.T.);
#1020=EDGE_CURVE('',#811,#803,#670,.T.);
#1021=EDGE_CURVE('',#809,#801,#403,.T.);
#1022=EDGE_CURVE('',#808,#809,#404,.T.);
#1023=EDGE_CURVE('',#812,#802,#405,.T.);
#1024=EDGE_CURVE('',#732,#812,#406,.T.);
#1025=EDGE_CURVE('',#813,#731,#407,.T.);
#1026=EDGE_CURVE('',#795,#813,#408,.T.);
#1027=EDGE_CURVE('',#814,#814,#671,.T.);
#1028=EDGE_CURVE('',#815,#816,#672,.T.);
#1029=EDGE_CURVE('',#817,#815,#409,.T.);
#1030=EDGE_CURVE('',#818,#817,#410,.T.);
#1031=EDGE_CURVE('',#818,#816,#411,.T.);
#1032=EDGE_CURVE('',#819,#819,#673,.T.);
#1033=EDGE_CURVE('',#820,#821,#674,.T.);
#1034=EDGE_CURVE('',#822,#820,#412,.T.);
#1035=EDGE_CURVE('',#823,#822,#413,.T.);
#1036=EDGE_CURVE('',#823,#824,#675,.T.);
#1037=EDGE_CURVE('',#799,#824,#414,.T.);
#1038=EDGE_CURVE('',#798,#825,#676,.T.);
#1039=EDGE_CURVE('',#826,#825,#415,.T.);
#1040=EDGE_CURVE('',#826,#821,#416,.T.);
#1041=EDGE_CURVE('',#827,#827,#677,.T.);
#1042=EDGE_CURVE('',#816,#828,#417,.T.);
#1043=EDGE_CURVE('',#828,#829,#678,.T.);
#1044=EDGE_CURVE('',#829,#815,#418,.T.);
#1045=EDGE_CURVE('',#821,#830,#419,.T.);
#1046=EDGE_CURVE('',#830,#831,#679,.T.);
#1047=EDGE_CURVE('',#831,#820,#420,.T.);
#1048=EDGE_CURVE('',#832,#831,#421,.T.);
#1049=EDGE_CURVE('',#822,#832,#422,.T.);
#1050=EDGE_CURVE('',#833,#833,#680,.T.);
#1051=EDGE_CURVE('',#833,#827,#423,.T.);
#1052=EDGE_CURVE('',#834,#834,#681,.T.);
#1053=EDGE_CURVE('',#834,#819,#424,.T.);
#1054=EDGE_CURVE('',#835,#829,#425,.T.);
#1055=EDGE_CURVE('',#817,#835,#426,.T.);
#1056=EDGE_CURVE('',#836,#830,#427,.T.);
#1057=EDGE_CURVE('',#832,#836,#428,.T.);
#1058=EDGE_CURVE('',#835,#837,#429,.T.);
#1059=EDGE_CURVE('',#837,#823,#430,.T.);
#1060=EDGE_CURVE('',#836,#818,#431,.T.);
#1061=EDGE_CURVE('',#838,#825,#432,.T.);
#1062=EDGE_CURVE('',#838,#839,#433,.T.);
#1063=EDGE_CURVE('',#839,#826,#434,.T.);
#1064=EDGE_CURVE('',#839,#828,#435,.T.);
#1065=EDGE_CURVE('',#838,#797,#682,.T.);
#1066=EDGE_CURVE('',#840,#796,#436,.T.);
#1067=EDGE_CURVE('',#837,#840,#683,.T.);
#1068=EDGE_CURVE('',#841,#842,#437,.T.);
#1069=EDGE_CURVE('',#841,#843,#438,.T.);
#1070=EDGE_CURVE('',#843,#844,#684,.T.);
#1071=EDGE_CURVE('',#844,#842,#439,.T.);
#1072=EDGE_CURVE('',#845,#845,#685,.T.);
#1073=EDGE_CURVE('',#845,#846,#440,.T.);
#1074=EDGE_CURVE('',#846,#846,#686,.T.);
#1075=EDGE_CURVE('',#847,#848,#687,.T.);
#1076=EDGE_CURVE('',#847,#844,#441,.T.);
#1077=EDGE_CURVE('',#848,#843,#442,.T.);
#1078=EDGE_CURVE('',#849,#847,#443,.T.);
#1079=EDGE_CURVE('',#840,#849,#688,.T.);
#1080=EDGE_CURVE('',#807,#840,#444,.T.);
#1081=EDGE_CURVE('',#806,#842,#689,.T.);
#1082=EDGE_CURVE('',#849,#850,#445,.T.);
#1083=EDGE_CURVE('',#824,#850,#690,.T.);
#1084=EDGE_CURVE('',#841,#805,#691,.T.);
#1085=EDGE_CURVE('',#824,#804,#446,.T.);
#1086=EDGE_CURVE('',#850,#848,#447,.T.);
#1087=EDGE_CURVE('',#789,#811,#448,.T.);
#1088=EDGE_CURVE('',#810,#763,#449,.T.);
#1089=EDGE_CURVE('',#812,#740,#450,.T.);
#1090=EDGE_CURVE('',#813,#747,#451,.T.);
#1091=EDGE_CURVE('',#748,#814,#452,.T.);
#1092=ORIENTED_EDGE('',*,*,#851,.T.);
#1093=ORIENTED_EDGE('',*,*,#852,.T.);
#1094=ORIENTED_EDGE('',*,*,#853,.T.);
#1095=ORIENTED_EDGE('',*,*,#854,.T.);
#1096=ORIENTED_EDGE('',*,*,#855,.T.);
#1097=ORIENTED_EDGE('',*,*,#856,.T.);
#1098=ORIENTED_EDGE('',*,*,#854,.F.);
#1099=ORIENTED_EDGE('',*,*,#857,.F.);
#1100=ORIENTED_EDGE('',*,*,#858,.T.);
#1101=ORIENTED_EDGE('',*,*,#859,.F.);
#1102=ORIENTED_EDGE('',*,*,#853,.F.);
#1103=ORIENTED_EDGE('',*,*,#860,.T.);
#1104=ORIENTED_EDGE('',*,*,#861,.T.);
#1105=ORIENTED_EDGE('',*,*,#862,.F.);
#1106=ORIENTED_EDGE('',*,*,#863,.F.);
#1107=ORIENTED_EDGE('',*,*,#864,.F.);
#1108=ORIENTED_EDGE('',*,*,#865,.F.);
#1109=ORIENTED_EDGE('',*,*,#866,.T.);
#1110=ORIENTED_EDGE('',*,*,#857,.T.);
#1111=ORIENTED_EDGE('',*,*,#867,.T.);
#1112=ORIENTED_EDGE('',*,*,#852,.F.);
#1113=ORIENTED_EDGE('',*,*,#868,.F.);
#1114=ORIENTED_EDGE('',*,*,#869,.F.);
#1115=ORIENTED_EDGE('',*,*,#870,.F.);
#1116=ORIENTED_EDGE('',*,*,#871,.F.);
#1117=ORIENTED_EDGE('',*,*,#860,.F.);
#1118=ORIENTED_EDGE('',*,*,#872,.T.);
#1119=ORIENTED_EDGE('',*,*,#873,.T.);
#1120=ORIENTED_EDGE('',*,*,#861,.F.);
#1121=ORIENTED_EDGE('',*,*,#871,.T.);
#1122=ORIENTED_EDGE('',*,*,#872,.F.);
#1123=ORIENTED_EDGE('',*,*,#870,.T.);
#1124=ORIENTED_EDGE('',*,*,#874,.T.);
#1125=ORIENTED_EDGE('',*,*,#875,.T.);
#1126=ORIENTED_EDGE('',*,*,#876,.T.);
#1127=ORIENTED_EDGE('',*,*,#877,.F.);
#1128=ORIENTED_EDGE('',*,*,#878,.T.);
#1129=ORIENTED_EDGE('',*,*,#865,.T.);
#1130=ORIENTED_EDGE('',*,*,#879,.T.);
#1131=ORIENTED_EDGE('',*,*,#880,.T.);
#1132=ORIENTED_EDGE('',*,*,#881,.T.);
#1133=ORIENTED_EDGE('',*,*,#881,.F.);
#1134=ORIENTED_EDGE('',*,*,#882,.F.);
#1135=ORIENTED_EDGE('',*,*,#858,.F.);
#1136=ORIENTED_EDGE('',*,*,#866,.F.);
#1137=ORIENTED_EDGE('',*,*,#855,.F.);
#1138=ORIENTED_EDGE('',*,*,#859,.T.);
#1139=ORIENTED_EDGE('',*,*,#882,.T.);
#1140=ORIENTED_EDGE('',*,*,#880,.F.);
#1141=ORIENTED_EDGE('',*,*,#883,.F.);
#1142=ORIENTED_EDGE('',*,*,#884,.F.);
#1143=ORIENTED_EDGE('',*,*,#885,.F.);
#1144=ORIENTED_EDGE('',*,*,#886,.T.);
#1145=ORIENTED_EDGE('',*,*,#867,.F.);
#1146=ORIENTED_EDGE('',*,*,#887,.T.);
#1147=ORIENTED_EDGE('',*,*,#886,.F.);
#1148=ORIENTED_EDGE('',*,*,#887,.F.);
#1149=ORIENTED_EDGE('',*,*,#879,.F.);
#1150=ORIENTED_EDGE('',*,*,#864,.T.);
#1151=ORIENTED_EDGE('',*,*,#888,.T.);
#1152=ORIENTED_EDGE('',*,*,#883,.T.);
#1153=ORIENTED_EDGE('',*,*,#888,.F.);
#1154=ORIENTED_EDGE('',*,*,#863,.T.);
#1155=ORIENTED_EDGE('',*,*,#889,.F.);
#1156=ORIENTED_EDGE('',*,*,#884,.T.);
#1157=ORIENTED_EDGE('',*,*,#890,.F.);
#1158=ORIENTED_EDGE('',*,*,#877,.T.);
#1159=ORIENTED_EDGE('',*,*,#891,.T.);
#1160=ORIENTED_EDGE('',*,*,#892,.T.);
#1161=ORIENTED_EDGE('',*,*,#893,.T.);
#1162=ORIENTED_EDGE('',*,*,#893,.F.);
#1163=ORIENTED_EDGE('',*,*,#894,.T.);
#1164=ORIENTED_EDGE('',*,*,#895,.T.);
#1165=ORIENTED_EDGE('',*,*,#894,.F.);
#1166=ORIENTED_EDGE('',*,*,#896,.T.);
#1167=ORIENTED_EDGE('',*,*,#897,.T.);
#1168=ORIENTED_EDGE('',*,*,#891,.F.);
#1169=ORIENTED_EDGE('',*,*,#876,.F.);
#1170=ORIENTED_EDGE('',*,*,#851,.F.);
#1171=ORIENTED_EDGE('',*,*,#898,.T.);
#1172=ORIENTED_EDGE('',*,*,#892,.F.);
#1173=ORIENTED_EDGE('',*,*,#897,.F.);
#1174=ORIENTED_EDGE('',*,*,#899,.T.);
#1175=ORIENTED_EDGE('',*,*,#900,.T.);
#1176=ORIENTED_EDGE('',*,*,#868,.T.);
#1177=ORIENTED_EDGE('',*,*,#869,.T.);
#1178=ORIENTED_EDGE('',*,*,#900,.F.);
#1179=ORIENTED_EDGE('',*,*,#901,.F.);
#1180=ORIENTED_EDGE('',*,*,#874,.F.);
#1181=ORIENTED_EDGE('',*,*,#901,.T.);
#1182=ORIENTED_EDGE('',*,*,#899,.F.);
#1183=ORIENTED_EDGE('',*,*,#896,.F.);
#1184=ORIENTED_EDGE('',*,*,#875,.F.);
#1185=ORIENTED_EDGE('',*,*,#895,.F.);
#1186=ORIENTED_EDGE('',*,*,#856,.F.);
#1187=ORIENTED_EDGE('',*,*,#885,.T.);
#1188=ORIENTED_EDGE('',*,*,#889,.T.);
#1189=ORIENTED_EDGE('',*,*,#862,.T.);
#1190=ORIENTED_EDGE('',*,*,#873,.F.);
#1191=ORIENTED_EDGE('',*,*,#878,.F.);
#1192=ORIENTED_EDGE('',*,*,#890,.T.);
#1193=ORIENTED_EDGE('',*,*,#898,.F.);
#1194=ORIENTED_EDGE('',*,*,#902,.T.);
#1195=ORIENTED_EDGE('',*,*,#903,.T.);
#1196=ORIENTED_EDGE('',*,*,#904,.T.);
#1197=ORIENTED_EDGE('',*,*,#905,.T.);
#1198=ORIENTED_EDGE('',*,*,#903,.F.);
#1199=ORIENTED_EDGE('',*,*,#906,.T.);
#1200=ORIENTED_EDGE('',*,*,#907,.F.);
#1201=ORIENTED_EDGE('',*,*,#908,.T.);
#1202=ORIENTED_EDGE('',*,*,#909,.T.);
#1203=ORIENTED_EDGE('',*,*,#910,.F.);
#1204=ORIENTED_EDGE('',*,*,#911,.F.);
#1205=ORIENTED_EDGE('',*,*,#912,.F.);
#1206=ORIENTED_EDGE('',*,*,#913,.F.);
#1207=ORIENTED_EDGE('',*,*,#914,.T.);
#1208=ORIENTED_EDGE('',*,*,#915,.T.);
#1209=ORIENTED_EDGE('',*,*,#916,.T.);
#1210=ORIENTED_EDGE('',*,*,#917,.F.);
#1211=ORIENTED_EDGE('',*,*,#916,.F.);
#1212=ORIENTED_EDGE('',*,*,#914,.F.);
#1213=ORIENTED_EDGE('',*,*,#918,.F.);
#1214=ORIENTED_EDGE('',*,*,#904,.F.);
#1215=ORIENTED_EDGE('',*,*,#910,.T.);
#1216=ORIENTED_EDGE('',*,*,#919,.T.);
#1217=ORIENTED_EDGE('',*,*,#920,.T.);
#1218=ORIENTED_EDGE('',*,*,#921,.F.);
#1219=ORIENTED_EDGE('',*,*,#922,.T.);
#1220=ORIENTED_EDGE('',*,*,#923,.F.);
#1221=ORIENTED_EDGE('',*,*,#924,.F.);
#1222=ORIENTED_EDGE('',*,*,#925,.F.);
#1223=ORIENTED_EDGE('',*,*,#926,.T.);
#1224=ORIENTED_EDGE('',*,*,#927,.T.);
#1225=ORIENTED_EDGE('',*,*,#928,.T.);
#1226=ORIENTED_EDGE('',*,*,#905,.F.);
#1227=ORIENTED_EDGE('',*,*,#918,.T.);
#1228=ORIENTED_EDGE('',*,*,#913,.T.);
#1229=ORIENTED_EDGE('',*,*,#929,.F.);
#1230=ORIENTED_EDGE('',*,*,#915,.F.);
#1231=ORIENTED_EDGE('',*,*,#912,.T.);
#1232=ORIENTED_EDGE('',*,*,#930,.F.);
#1233=ORIENTED_EDGE('',*,*,#906,.F.);
#1234=ORIENTED_EDGE('',*,*,#902,.F.);
#1235=ORIENTED_EDGE('',*,*,#929,.T.);
#1236=ORIENTED_EDGE('',*,*,#931,.F.);
#1237=ORIENTED_EDGE('',*,*,#932,.F.);
#1238=ORIENTED_EDGE('',*,*,#933,.F.);
#1239=ORIENTED_EDGE('',*,*,#934,.T.);
#1240=ORIENTED_EDGE('',*,*,#935,.T.);
#1241=ORIENTED_EDGE('',*,*,#936,.F.);
#1242=ORIENTED_EDGE('',*,*,#937,.F.);
#1243=ORIENTED_EDGE('',*,*,#938,.F.);
#1244=ORIENTED_EDGE('',*,*,#939,.T.);
#1245=ORIENTED_EDGE('',*,*,#940,.T.);
#1246=ORIENTED_EDGE('',*,*,#941,.T.);
#1247=ORIENTED_EDGE('',*,*,#942,.F.);
#1248=ORIENTED_EDGE('',*,*,#943,.T.);
#1249=ORIENTED_EDGE('',*,*,#944,.F.);
#1250=ORIENTED_EDGE('',*,*,#945,.F.);
#1251=ORIENTED_EDGE('',*,*,#946,.F.);
#1252=ORIENTED_EDGE('',*,*,#947,.T.);
#1253=ORIENTED_EDGE('',*,*,#948,.F.);
#1254=ORIENTED_EDGE('',*,*,#949,.T.);
#1255=ORIENTED_EDGE('',*,*,#950,.T.);
#1256=ORIENTED_EDGE('',*,*,#931,.T.);
#1257=ORIENTED_EDGE('',*,*,#951,.T.);
#1258=ORIENTED_EDGE('',*,*,#952,.T.);
#1259=ORIENTED_EDGE('',*,*,#953,.T.);
#1260=ORIENTED_EDGE('',*,*,#936,.T.);
#1261=ORIENTED_EDGE('',*,*,#954,.T.);
#1262=ORIENTED_EDGE('',*,*,#955,.T.);
#1263=ORIENTED_EDGE('',*,*,#956,.T.);
#1264=ORIENTED_EDGE('',*,*,#956,.F.);
#1265=ORIENTED_EDGE('',*,*,#957,.F.);
#1266=ORIENTED_EDGE('',*,*,#958,.F.);
#1267=ORIENTED_EDGE('',*,*,#937,.T.);
#1268=ORIENTED_EDGE('',*,*,#959,.F.);
#1269=ORIENTED_EDGE('',*,*,#960,.T.);
#1270=ORIENTED_EDGE('',*,*,#950,.F.);
#1271=ORIENTED_EDGE('',*,*,#960,.F.);
#1272=ORIENTED_EDGE('',*,*,#961,.F.);
#1273=ORIENTED_EDGE('',*,*,#962,.T.);
#1274=ORIENTED_EDGE('',*,*,#935,.F.);
#1275=ORIENTED_EDGE('',*,*,#962,.F.);
#1276=ORIENTED_EDGE('',*,*,#953,.F.);
#1277=ORIENTED_EDGE('',*,*,#963,.F.);
#1278=ORIENTED_EDGE('',*,*,#964,.F.);
#1279=ORIENTED_EDGE('',*,*,#932,.T.);
#1280=ORIENTED_EDGE('',*,*,#955,.F.);
#1281=ORIENTED_EDGE('',*,*,#965,.F.);
#1282=ORIENTED_EDGE('',*,*,#966,.F.);
#1283=ORIENTED_EDGE('',*,*,#957,.T.);
#1284=ORIENTED_EDGE('',*,*,#959,.T.);
#1285=ORIENTED_EDGE('',*,*,#964,.T.);
#1286=ORIENTED_EDGE('',*,*,#967,.T.);
#1287=ORIENTED_EDGE('',*,*,#968,.T.);
#1288=ORIENTED_EDGE('',*,*,#938,.T.);
#1289=ORIENTED_EDGE('',*,*,#958,.T.);
#1290=ORIENTED_EDGE('',*,*,#966,.T.);
#1291=ORIENTED_EDGE('',*,*,#969,.T.);
#1292=ORIENTED_EDGE('',*,*,#933,.T.);
#1293=ORIENTED_EDGE('',*,*,#970,.F.);
#1294=ORIENTED_EDGE('',*,*,#971,.T.);
#1295=ORIENTED_EDGE('',*,*,#972,.T.);
#1296=ORIENTED_EDGE('',*,*,#948,.T.);
#1297=ORIENTED_EDGE('',*,*,#951,.F.);
#1298=ORIENTED_EDGE('',*,*,#934,.F.);
#1299=ORIENTED_EDGE('',*,*,#969,.F.);
#1300=ORIENTED_EDGE('',*,*,#965,.T.);
#1301=ORIENTED_EDGE('',*,*,#954,.F.);
#1302=ORIENTED_EDGE('',*,*,#949,.F.);
#1303=ORIENTED_EDGE('',*,*,#972,.F.);
#1304=ORIENTED_EDGE('',*,*,#973,.T.);
#1305=ORIENTED_EDGE('',*,*,#974,.F.);
#1306=ORIENTED_EDGE('',*,*,#975,.T.);
#1307=ORIENTED_EDGE('',*,*,#976,.F.);
#1308=ORIENTED_EDGE('',*,*,#975,.F.);
#1309=ORIENTED_EDGE('',*,*,#977,.F.);
#1310=ORIENTED_EDGE('',*,*,#978,.T.);
#1311=ORIENTED_EDGE('',*,*,#979,.F.);
#1312=ORIENTED_EDGE('',*,*,#941,.F.);
#1313=ORIENTED_EDGE('',*,*,#980,.F.);
#1314=ORIENTED_EDGE('',*,*,#942,.T.);
#1315=ORIENTED_EDGE('',*,*,#979,.T.);
#1316=ORIENTED_EDGE('',*,*,#981,.T.);
#1317=ORIENTED_EDGE('',*,*,#974,.T.);
#1318=ORIENTED_EDGE('',*,*,#980,.T.);
#1319=ORIENTED_EDGE('',*,*,#982,.F.);
#1320=ORIENTED_EDGE('',*,*,#983,.F.);
#1321=ORIENTED_EDGE('',*,*,#943,.F.);
#1322=ORIENTED_EDGE('',*,*,#984,.T.);
#1323=ORIENTED_EDGE('',*,*,#985,.T.);
#1324=ORIENTED_EDGE('',*,*,#939,.F.);
#1325=ORIENTED_EDGE('',*,*,#968,.F.);
#1326=ORIENTED_EDGE('',*,*,#986,.T.);
#1327=ORIENTED_EDGE('',*,*,#984,.F.);
#1328=ORIENTED_EDGE('',*,*,#987,.F.);
#1329=ORIENTED_EDGE('',*,*,#988,.F.);
#1330=ORIENTED_EDGE('',*,*,#982,.T.);
#1331=ORIENTED_EDGE('',*,*,#981,.F.);
#1332=ORIENTED_EDGE('',*,*,#978,.F.);
#1333=ORIENTED_EDGE('',*,*,#989,.F.);
#1334=ORIENTED_EDGE('',*,*,#989,.T.);
#1335=ORIENTED_EDGE('',*,*,#977,.T.);
#1336=ORIENTED_EDGE('',*,*,#940,.F.);
#1337=ORIENTED_EDGE('',*,*,#985,.F.);
#1338=ORIENTED_EDGE('',*,*,#976,.T.);
#1339=ORIENTED_EDGE('',*,*,#970,.T.);
#1340=ORIENTED_EDGE('',*,*,#947,.F.);
#1341=ORIENTED_EDGE('',*,*,#990,.F.);
#1342=ORIENTED_EDGE('',*,*,#991,.F.);
#1343=ORIENTED_EDGE('',*,*,#952,.F.);
#1344=ORIENTED_EDGE('',*,*,#973,.F.);
#1345=ORIENTED_EDGE('',*,*,#971,.F.);
#1346=ORIENTED_EDGE('',*,*,#991,.T.);
#1347=ORIENTED_EDGE('',*,*,#992,.F.);
#1348=ORIENTED_EDGE('',*,*,#993,.F.);
#1349=ORIENTED_EDGE('',*,*,#986,.F.);
#1350=ORIENTED_EDGE('',*,*,#967,.F.);
#1351=ORIENTED_EDGE('',*,*,#963,.T.);
#1352=ORIENTED_EDGE('',*,*,#961,.T.);
#1353=ORIENTED_EDGE('',*,*,#992,.T.);
#1354=ORIENTED_EDGE('',*,*,#990,.T.);
#1355=ORIENTED_EDGE('',*,*,#946,.T.);
#1356=ORIENTED_EDGE('',*,*,#994,.T.);
#1357=ORIENTED_EDGE('',*,*,#995,.F.);
#1358=ORIENTED_EDGE('',*,*,#996,.T.);
#1359=ORIENTED_EDGE('',*,*,#997,.T.);
#1360=ORIENTED_EDGE('',*,*,#998,.T.);
#1361=ORIENTED_EDGE('',*,*,#925,.T.);
#1362=ORIENTED_EDGE('',*,*,#999,.T.);
#1363=ORIENTED_EDGE('',*,*,#999,.F.);
#1364=ORIENTED_EDGE('',*,*,#924,.T.);
#1365=ORIENTED_EDGE('',*,*,#1000,.F.);
#1366=ORIENTED_EDGE('',*,*,#1001,.T.);
#1367=ORIENTED_EDGE('',*,*,#1002,.T.);
#1368=ORIENTED_EDGE('',*,*,#1003,.T.);
#1369=ORIENTED_EDGE('',*,*,#1004,.F.);
#1370=ORIENTED_EDGE('',*,*,#1005,.F.);
#1371=ORIENTED_EDGE('',*,*,#1006,.F.);
#1372=ORIENTED_EDGE('',*,*,#1007,.T.);
#1373=ORIENTED_EDGE('',*,*,#921,.T.);
#1374=ORIENTED_EDGE('',*,*,#1008,.T.);
#1375=ORIENTED_EDGE('',*,*,#1007,.F.);
#1376=ORIENTED_EDGE('',*,*,#1009,.T.);
#1377=ORIENTED_EDGE('',*,*,#1010,.F.);
#1378=ORIENTED_EDGE('',*,*,#1011,.T.);
#1379=ORIENTED_EDGE('',*,*,#1012,.T.);
#1380=ORIENTED_EDGE('',*,*,#1013,.T.);
#1381=ORIENTED_EDGE('',*,*,#1014,.F.);
#1382=ORIENTED_EDGE('',*,*,#922,.F.);
#1383=ORIENTED_EDGE('',*,*,#1015,.F.);
#1384=ORIENTED_EDGE('',*,*,#995,.T.);
#1385=ORIENTED_EDGE('',*,*,#1016,.F.);
#1386=ORIENTED_EDGE('',*,*,#1017,.T.);
#1387=ORIENTED_EDGE('',*,*,#1005,.T.);
#1388=ORIENTED_EDGE('',*,*,#1018,.T.);
#1389=ORIENTED_EDGE('',*,*,#1019,.T.);
#1390=ORIENTED_EDGE('',*,*,#1020,.T.);
#1391=ORIENTED_EDGE('',*,*,#1009,.F.);
#1392=ORIENTED_EDGE('',*,*,#1021,.F.);
#1393=ORIENTED_EDGE('',*,*,#1022,.T.);
#1394=ORIENTED_EDGE('',*,*,#1021,.T.);
#1395=ORIENTED_EDGE('',*,*,#1006,.T.);
#1396=ORIENTED_EDGE('',*,*,#1023,.F.);
#1397=ORIENTED_EDGE('',*,*,#1024,.F.);
#1398=ORIENTED_EDGE('',*,*,#908,.F.);
#1399=ORIENTED_EDGE('',*,*,#1025,.F.);
#1400=ORIENTED_EDGE('',*,*,#1026,.F.);
#1401=ORIENTED_EDGE('',*,*,#997,.F.);
#1402=ORIENTED_EDGE('',*,*,#1017,.F.);
#1403=ORIENTED_EDGE('',*,*,#1027,.F.);
#1404=ORIENTED_EDGE('',*,*,#1028,.F.);
#1405=ORIENTED_EDGE('',*,*,#1029,.F.);
#1406=ORIENTED_EDGE('',*,*,#1030,.F.);
#1407=ORIENTED_EDGE('',*,*,#1031,.T.);
#1408=ORIENTED_EDGE('',*,*,#1032,.T.);
#1409=ORIENTED_EDGE('',*,*,#1033,.F.);
#1410=ORIENTED_EDGE('',*,*,#1034,.F.);
#1411=ORIENTED_EDGE('',*,*,#1035,.F.);
#1412=ORIENTED_EDGE('',*,*,#1036,.T.);
#1413=ORIENTED_EDGE('',*,*,#1037,.F.);
#1414=ORIENTED_EDGE('',*,*,#1003,.F.);
#1415=ORIENTED_EDGE('',*,*,#1038,.T.);
#1416=ORIENTED_EDGE('',*,*,#1039,.F.);
#1417=ORIENTED_EDGE('',*,*,#1040,.T.);
#1418=ORIENTED_EDGE('',*,*,#1041,.T.);
#1419=ORIENTED_EDGE('',*,*,#1028,.T.);
#1420=ORIENTED_EDGE('',*,*,#1042,.T.);
#1421=ORIENTED_EDGE('',*,*,#1043,.T.);
#1422=ORIENTED_EDGE('',*,*,#1044,.T.);
#1423=ORIENTED_EDGE('',*,*,#1033,.T.);
#1424=ORIENTED_EDGE('',*,*,#1045,.T.);
#1425=ORIENTED_EDGE('',*,*,#1046,.T.);
#1426=ORIENTED_EDGE('',*,*,#1047,.T.);
#1427=ORIENTED_EDGE('',*,*,#1047,.F.);
#1428=ORIENTED_EDGE('',*,*,#1048,.F.);
#1429=ORIENTED_EDGE('',*,*,#1049,.F.);
#1430=ORIENTED_EDGE('',*,*,#1034,.T.);
#1431=ORIENTED_EDGE('',*,*,#1050,.F.);
#1432=ORIENTED_EDGE('',*,*,#1051,.T.);
#1433=ORIENTED_EDGE('',*,*,#1041,.F.);
#1434=ORIENTED_EDGE('',*,*,#1051,.F.);
#1435=ORIENTED_EDGE('',*,*,#1052,.F.);
#1436=ORIENTED_EDGE('',*,*,#1053,.T.);
#1437=ORIENTED_EDGE('',*,*,#1032,.F.);
#1438=ORIENTED_EDGE('',*,*,#1053,.F.);
#1439=ORIENTED_EDGE('',*,*,#1044,.F.);
#1440=ORIENTED_EDGE('',*,*,#1054,.F.);
#1441=ORIENTED_EDGE('',*,*,#1055,.F.);
#1442=ORIENTED_EDGE('',*,*,#1029,.T.);
#1443=ORIENTED_EDGE('',*,*,#1046,.F.);
#1444=ORIENTED_EDGE('',*,*,#1056,.F.);
#1445=ORIENTED_EDGE('',*,*,#1057,.F.);
#1446=ORIENTED_EDGE('',*,*,#1048,.T.);
#1447=ORIENTED_EDGE('',*,*,#1050,.T.);
#1448=ORIENTED_EDGE('',*,*,#1055,.T.);
#1449=ORIENTED_EDGE('',*,*,#1058,.T.);
#1450=ORIENTED_EDGE('',*,*,#1059,.T.);
#1451=ORIENTED_EDGE('',*,*,#1035,.T.);
#1452=ORIENTED_EDGE('',*,*,#1049,.T.);
#1453=ORIENTED_EDGE('',*,*,#1057,.T.);
#1454=ORIENTED_EDGE('',*,*,#1060,.T.);
#1455=ORIENTED_EDGE('',*,*,#1030,.T.);
#1456=ORIENTED_EDGE('',*,*,#1061,.F.);
#1457=ORIENTED_EDGE('',*,*,#1062,.T.);
#1458=ORIENTED_EDGE('',*,*,#1063,.T.);
#1459=ORIENTED_EDGE('',*,*,#1039,.T.);
#1460=ORIENTED_EDGE('',*,*,#1042,.F.);
#1461=ORIENTED_EDGE('',*,*,#1031,.F.);
#1462=ORIENTED_EDGE('',*,*,#1060,.F.);
#1463=ORIENTED_EDGE('',*,*,#1056,.T.);
#1464=ORIENTED_EDGE('',*,*,#1045,.F.);
#1465=ORIENTED_EDGE('',*,*,#1040,.F.);
#1466=ORIENTED_EDGE('',*,*,#1063,.F.);
#1467=ORIENTED_EDGE('',*,*,#1064,.T.);
#1468=ORIENTED_EDGE('',*,*,#1043,.F.);
#1469=ORIENTED_EDGE('',*,*,#1064,.F.);
#1470=ORIENTED_EDGE('',*,*,#1062,.F.);
#1471=ORIENTED_EDGE('',*,*,#1065,.T.);
#1472=ORIENTED_EDGE('',*,*,#1001,.F.);
#1473=ORIENTED_EDGE('',*,*,#1066,.F.);
#1474=ORIENTED_EDGE('',*,*,#1067,.F.);
#1475=ORIENTED_EDGE('',*,*,#1058,.F.);
#1476=ORIENTED_EDGE('',*,*,#1054,.T.);
#1477=ORIENTED_EDGE('',*,*,#1052,.T.);
#1478=ORIENTED_EDGE('',*,*,#1068,.F.);
#1479=ORIENTED_EDGE('',*,*,#1069,.T.);
#1480=ORIENTED_EDGE('',*,*,#1070,.T.);
#1481=ORIENTED_EDGE('',*,*,#1071,.T.);
#1482=ORIENTED_EDGE('',*,*,#1072,.T.);
#1483=ORIENTED_EDGE('',*,*,#1072,.F.);
#1484=ORIENTED_EDGE('',*,*,#1073,.T.);
#1485=ORIENTED_EDGE('',*,*,#1074,.F.);
#1486=ORIENTED_EDGE('',*,*,#1073,.F.);
#1487=ORIENTED_EDGE('',*,*,#1075,.F.);
#1488=ORIENTED_EDGE('',*,*,#1076,.T.);
#1489=ORIENTED_EDGE('',*,*,#1070,.F.);
#1490=ORIENTED_EDGE('',*,*,#1077,.F.);
#1491=ORIENTED_EDGE('',*,*,#1078,.F.);
#1492=ORIENTED_EDGE('',*,*,#1079,.F.);
#1493=ORIENTED_EDGE('',*,*,#1080,.F.);
#1494=ORIENTED_EDGE('',*,*,#1013,.F.);
#1495=ORIENTED_EDGE('',*,*,#1081,.T.);
#1496=ORIENTED_EDGE('',*,*,#1071,.F.);
#1497=ORIENTED_EDGE('',*,*,#1076,.F.);
#1498=ORIENTED_EDGE('',*,*,#1079,.T.);
#1499=ORIENTED_EDGE('',*,*,#1082,.T.);
#1500=ORIENTED_EDGE('',*,*,#1083,.F.);
#1501=ORIENTED_EDGE('',*,*,#1036,.F.);
#1502=ORIENTED_EDGE('',*,*,#1059,.F.);
#1503=ORIENTED_EDGE('',*,*,#1067,.T.);
#1504=ORIENTED_EDGE('',*,*,#1084,.T.);
#1505=ORIENTED_EDGE('',*,*,#1011,.F.);
#1506=ORIENTED_EDGE('',*,*,#1085,.F.);
#1507=ORIENTED_EDGE('',*,*,#1083,.T.);
#1508=ORIENTED_EDGE('',*,*,#1086,.T.);
#1509=ORIENTED_EDGE('',*,*,#1077,.T.);
#1510=ORIENTED_EDGE('',*,*,#1069,.F.);
#1511=ORIENTED_EDGE('',*,*,#1061,.T.);
#1512=ORIENTED_EDGE('',*,*,#1038,.F.);
#1513=ORIENTED_EDGE('',*,*,#1002,.F.);
#1514=ORIENTED_EDGE('',*,*,#1065,.F.);
#1515=ORIENTED_EDGE('',*,*,#1078,.T.);
#1516=ORIENTED_EDGE('',*,*,#1075,.T.);
#1517=ORIENTED_EDGE('',*,*,#1086,.F.);
#1518=ORIENTED_EDGE('',*,*,#1082,.F.);
#1519=ORIENTED_EDGE('',*,*,#1074,.T.);
#1520=ORIENTED_EDGE('',*,*,#1068,.T.);
#1521=ORIENTED_EDGE('',*,*,#1081,.F.);
#1522=ORIENTED_EDGE('',*,*,#1012,.F.);
#1523=ORIENTED_EDGE('',*,*,#1084,.F.);
#1524=ORIENTED_EDGE('',*,*,#1080,.T.);
#1525=ORIENTED_EDGE('',*,*,#1066,.T.);
#1526=ORIENTED_EDGE('',*,*,#1000,.T.);
#1527=ORIENTED_EDGE('',*,*,#923,.T.);
#1528=ORIENTED_EDGE('',*,*,#1014,.T.);
#1529=ORIENTED_EDGE('',*,*,#988,.T.);
#1530=ORIENTED_EDGE('',*,*,#1087,.T.);
#1531=ORIENTED_EDGE('',*,*,#1019,.F.);
#1532=ORIENTED_EDGE('',*,*,#1088,.T.);
#1533=ORIENTED_EDGE('',*,*,#944,.T.);
#1534=ORIENTED_EDGE('',*,*,#983,.T.);
#1535=ORIENTED_EDGE('',*,*,#1022,.F.);
#1536=ORIENTED_EDGE('',*,*,#1016,.T.);
#1537=ORIENTED_EDGE('',*,*,#994,.F.);
#1538=ORIENTED_EDGE('',*,*,#945,.T.);
#1539=ORIENTED_EDGE('',*,*,#1088,.F.);
#1540=ORIENTED_EDGE('',*,*,#1018,.F.);
#1541=ORIENTED_EDGE('',*,*,#993,.T.);
#1542=ORIENTED_EDGE('',*,*,#996,.F.);
#1543=ORIENTED_EDGE('',*,*,#1015,.T.);
#1544=ORIENTED_EDGE('',*,*,#1004,.T.);
#1545=ORIENTED_EDGE('',*,*,#1037,.T.);
#1546=ORIENTED_EDGE('',*,*,#1085,.T.);
#1547=ORIENTED_EDGE('',*,*,#1010,.T.);
#1548=ORIENTED_EDGE('',*,*,#1020,.F.);
#1549=ORIENTED_EDGE('',*,*,#1087,.F.);
#1550=ORIENTED_EDGE('',*,*,#987,.T.);
#1551=ORIENTED_EDGE('',*,*,#1008,.F.);
#1552=ORIENTED_EDGE('',*,*,#920,.F.);
#1553=ORIENTED_EDGE('',*,*,#1089,.F.);
#1554=ORIENTED_EDGE('',*,*,#1023,.T.);
#1555=ORIENTED_EDGE('',*,*,#998,.F.);
#1556=ORIENTED_EDGE('',*,*,#1026,.T.);
#1557=ORIENTED_EDGE('',*,*,#1090,.T.);
#1558=ORIENTED_EDGE('',*,*,#926,.F.);
#1559=ORIENTED_EDGE('',*,*,#928,.F.);
#1560=ORIENTED_EDGE('',*,*,#1091,.T.);
#1561=ORIENTED_EDGE('',*,*,#1027,.T.);
#1562=ORIENTED_EDGE('',*,*,#1091,.F.);
#1563=ORIENTED_EDGE('',*,*,#911,.T.);
#1564=ORIENTED_EDGE('',*,*,#927,.F.);
#1565=ORIENTED_EDGE('',*,*,#1090,.F.);
#1566=ORIENTED_EDGE('',*,*,#1025,.T.);
#1567=ORIENTED_EDGE('',*,*,#907,.T.);
#1568=ORIENTED_EDGE('',*,*,#930,.T.);
#1569=ORIENTED_EDGE('',*,*,#917,.T.);
#1570=ORIENTED_EDGE('',*,*,#1024,.T.);
#1571=ORIENTED_EDGE('',*,*,#1089,.T.);
#1572=ORIENTED_EDGE('',*,*,#919,.F.);
#1573=ORIENTED_EDGE('',*,*,#909,.F.);
#1574=CYLINDRICAL_SURFACE('',#1711,1.);
#1575=CYLINDRICAL_SURFACE('',#1723,1.);
#1576=CYLINDRICAL_SURFACE('',#1728,3.);
#1577=CYLINDRICAL_SURFACE('',#1735,1.75);
#1578=CYLINDRICAL_SURFACE('',#1736,4.);
#1579=CYLINDRICAL_SURFACE('',#1741,1.75);
#1580=CYLINDRICAL_SURFACE('',#1743,5.);
#1581=CYLINDRICAL_SURFACE('',#1748,17.5);
#1582=CYLINDRICAL_SURFACE('',#1750,20.4999996768312);
#1583=CYLINDRICAL_SURFACE('',#1751,12.5);
#1584=CYLINDRICAL_SURFACE('',#1755,12.);
#1585=CYLINDRICAL_SURFACE('',#1758,2.74999999999999);
#1586=CYLINDRICAL_SURFACE('',#1776,4.);
#1587=CYLINDRICAL_SURFACE('',#1778,4.);
#1588=CYLINDRICAL_SURFACE('',#1781,1.75);
#1589=CYLINDRICAL_SURFACE('',#1783,1.75);
#1590=CYLINDRICAL_SURFACE('',#1790,1.75);
#1591=CYLINDRICAL_SURFACE('',#1793,5.);
#1592=CYLINDRICAL_SURFACE('',#1797,20.5);
#1593=CYLINDRICAL_SURFACE('',#1799,17.5);
#1594=CYLINDRICAL_SURFACE('',#1804,20.5);
#1595=CYLINDRICAL_SURFACE('',#1808,6.5);
#1596=CYLINDRICAL_SURFACE('',#1811,6.5);
#1597=CYLINDRICAL_SURFACE('',#1814,600.);
#1598=CYLINDRICAL_SURFACE('',#1817,600.);
#1599=CYLINDRICAL_SURFACE('',#1830,4.);
#1600=CYLINDRICAL_SURFACE('',#1832,4.);
#1601=CYLINDRICAL_SURFACE('',#1835,1.75);
#1602=CYLINDRICAL_SURFACE('',#1837,1.75);
#1603=CYLINDRICAL_SURFACE('',#1850,1.75);
#1604=CYLINDRICAL_SURFACE('',#1852,5.);
#1605=CYLINDRICAL_SURFACE('',#1857,17.5);
#1606=CYLINDRICAL_SURFACE('',#1861,20.5);
#1607=CYLINDRICAL_SURFACE('',#1863,20.5);
#1608=CYLINDRICAL_SURFACE('',#1870,7.);
#1609=ADVANCED_FACE('',(#96),#1574,.T.);
#1610=ADVANCED_FACE('',(#97),#45,.F.);
#1611=ADVANCED_FACE('',(#98,#25),#46,.T.);
#1612=ADVANCED_FACE('',(#99),#47,.T.);
#1613=ADVANCED_FACE('',(#100),#1575,.T.);
#1614=ADVANCED_FACE('',(#101),#48,.F.);
#1615=ADVANCED_FACE('',(#102),#1576,.T.);
#1616=ADVANCED_FACE('',(#103),#49,.F.);
#1617=ADVANCED_FACE('',(#104,#26),#50,.T.);
#1618=ADVANCED_FACE('',(#105),#1577,.F.);
#1619=ADVANCED_FACE('',(#106),#1578,.T.);
#1620=ADVANCED_FACE('',(#107),#51,.T.);
#1621=ADVANCED_FACE('',(#108,#27),#52,.T.);
#1622=ADVANCED_FACE('',(#109),#1579,.F.);
#1623=ADVANCED_FACE('',(#110),#1580,.T.);
#1624=ADVANCED_FACE('',(#111),#53,.T.);
#1625=ADVANCED_FACE('',(#112),#1581,.F.);
#1626=ADVANCED_FACE('',(#113,#28),#54,.T.);
#1627=ADVANCED_FACE('',(#114),#1582,.T.);
#1628=ADVANCED_FACE('',(#115),#1583,.F.);
#1629=ADVANCED_FACE('',(#116),#55,.T.);
#1630=ADVANCED_FACE('',(#117),#1584,.T.);
#1631=ADVANCED_FACE('',(#118),#1585,.F.);
#1632=ADVANCED_FACE('',(#119,#29),#56,.T.);
#1633=ADVANCED_FACE('',(#120,#30),#57,.T.);
#1634=ADVANCED_FACE('',(#121),#58,.T.);
#1635=ADVANCED_FACE('',(#122,#31),#59,.T.);
#1636=ADVANCED_FACE('',(#123,#32),#60,.T.);
#1637=ADVANCED_FACE('',(#124),#1586,.T.);
#1638=ADVANCED_FACE('',(#125),#1587,.T.);
#1639=ADVANCED_FACE('',(#126),#61,.T.);
#1640=ADVANCED_FACE('',(#127),#1588,.F.);
#1641=ADVANCED_FACE('',(#128),#1589,.F.);
#1642=ADVANCED_FACE('',(#129),#62,.T.);
#1643=ADVANCED_FACE('',(#130,#33),#63,.T.);
#1644=ADVANCED_FACE('',(#131),#64,.T.);
#1645=ADVANCED_FACE('',(#132),#65,.T.);
#1646=ADVANCED_FACE('',(#133),#66,.T.);
#1647=ADVANCED_FACE('',(#134),#1590,.F.);
#1648=ADVANCED_FACE('',(#135),#1591,.T.);
#1649=ADVANCED_FACE('',(#136,#34),#67,.F.);
#1650=ADVANCED_FACE('',(#137),#1592,.T.);
#1651=ADVANCED_FACE('',(#138),#1593,.F.);
#1652=ADVANCED_FACE('',(#139),#68,.T.);
#1653=ADVANCED_FACE('',(#140,#35),#69,.T.);
#1654=ADVANCED_FACE('',(#141),#1594,.T.);
#1655=ADVANCED_FACE('',(#142,#36),#70,.T.);
#1656=ADVANCED_FACE('',(#143),#71,.T.);
#1657=ADVANCED_FACE('',(#144),#1595,.F.);
#1658=ADVANCED_FACE('',(#145),#72,.T.);
#1659=ADVANCED_FACE('',(#146),#1596,.F.);
#1660=ADVANCED_FACE('',(#147),#73,.T.);
#1661=ADVANCED_FACE('',(#148),#1597,.F.);
#1662=ADVANCED_FACE('',(#149),#1598,.F.);
#1663=ADVANCED_FACE('',(#150,#37),#74,.F.);
#1664=ADVANCED_FACE('',(#151,#38),#75,.T.);
#1665=ADVANCED_FACE('',(#152,#39),#76,.F.);
#1666=ADVANCED_FACE('',(#153),#1599,.T.);
#1667=ADVANCED_FACE('',(#154),#1600,.T.);
#1668=ADVANCED_FACE('',(#155),#77,.T.);
#1669=ADVANCED_FACE('',(#156),#1601,.F.);
#1670=ADVANCED_FACE('',(#157),#1602,.F.);
#1671=ADVANCED_FACE('',(#158),#78,.T.);
#1672=ADVANCED_FACE('',(#159,#40),#79,.T.);
#1673=ADVANCED_FACE('',(#160),#80,.T.);
#1674=ADVANCED_FACE('',(#161),#81,.T.);
#1675=ADVANCED_FACE('',(#162),#82,.T.);
#1676=ADVANCED_FACE('',(#163,#41),#83,.T.);
#1677=ADVANCED_FACE('',(#164,#42),#84,.F.);
#1678=ADVANCED_FACE('',(#165),#1603,.F.);
#1679=ADVANCED_FACE('',(#166),#1604,.T.);
#1680=ADVANCED_FACE('',(#167),#85,.T.);
#1681=ADVANCED_FACE('',(#168),#1605,.F.);
#1682=ADVANCED_FACE('',(#169),#86,.F.);
#1683=ADVANCED_FACE('',(#170),#1606,.T.);
#1684=ADVANCED_FACE('',(#171,#43),#87,.T.);
#1685=ADVANCED_FACE('',(#172),#1607,.T.);
#1686=ADVANCED_FACE('',(#173),#88,.T.);
#1687=ADVANCED_FACE('',(#174),#89,.T.);
#1688=ADVANCED_FACE('',(#175),#90,.T.);
#1689=ADVANCED_FACE('',(#176),#91,.T.);
#1690=ADVANCED_FACE('',(#177),#92,.T.);
#1691=ADVANCED_FACE('',(#178),#93,.T.);
#1692=ADVANCED_FACE('',(#179),#1608,.F.);
#1693=ADVANCED_FACE('',(#180,#44),#94,.T.);
#1694=ADVANCED_FACE('',(#181),#95,.T.);
#1695=CLOSED_SHELL('',(#1609,#1610,#1611,#1612,#1613,#1614,#1615,#1616,
#1617,#1618,#1619,#1620,#1621,#1622,#1623,#1624,#1625,#1626,#1627));
#1696=CLOSED_SHELL('',(#1628,#1629,#1630,#1631,#1632,#1633,#1634,#1635,
#1636,#1637,#1638,#1639,#1640,#1641,#1642,#1643,#1644,#1645,#1646,#1647,
#1648,#1649,#1650,#1651,#1652,#1653,#1654,#1655,#1656,#1657,#1658,#1659,
#1660,#1661,#1662,#1663,#1664,#1665,#1666,#1667,#1668,#1669,#1670,#1671,
#1672,#1673,#1674,#1675,#1676,#1677,#1678,#1679,#1680,#1681,#1682,#1683,
#1684,#1685,#1686,#1687,#1688,#1689,#1690,#1691,#1692,#1693,#1694));
#1697=DERIVED_UNIT_ELEMENT(#1699,1.);
#1698=DERIVED_UNIT_ELEMENT(#2865,-3.);
#1699=(
MASS_UNIT()
NAMED_UNIT(*)
SI_UNIT(.KILO.,.GRAM.)
);
#1700=DERIVED_UNIT((#1697,#1698));
#1701=MEASURE_REPRESENTATION_ITEM('density measure',
POSITIVE_RATIO_MEASURE(7850.),#1700);
#1702=PROPERTY_DEFINITION_REPRESENTATION(#1707,#1704);
#1703=PROPERTY_DEFINITION_REPRESENTATION(#1708,#1705);
#1704=REPRESENTATION('material name',(#1706),#2862);
#1705=REPRESENTATION('density',(#1701),#2862);
#1706=DESCRIPTIVE_REPRESENTATION_ITEM('Steel','Steel');
#1707=PROPERTY_DEFINITION('material property','material name',#2877);
#1708=PROPERTY_DEFINITION('material property','density of part',#2877);
#1709=AXIS2_PLACEMENT_3D('',#2369,#1874,#1875);
#1710=AXIS2_PLACEMENT_3D('',#2370,#1876,#1877);
#1711=AXIS2_PLACEMENT_3D('',#2371,#1878,#1879);
#1712=AXIS2_PLACEMENT_3D('',#2374,#1880,#1881);
#1713=AXIS2_PLACEMENT_3D('',#2378,#1883,#1884);
#1714=AXIS2_PLACEMENT_3D('',#2382,#1886,#1887);
#1715=AXIS2_PLACEMENT_3D('',#2384,#1889,#1890);
#1716=AXIS2_PLACEMENT_3D('',#2390,#1894,#1895);
#1717=AXIS2_PLACEMENT_3D('',#2394,#1897,#1898);
#1718=AXIS2_PLACEMENT_3D('',#2396,#1899,#1900);
#1719=AXIS2_PLACEMENT_3D('',#2400,#1902,#1903);
#1720=AXIS2_PLACEMENT_3D('',#2402,#1904,#1905);
#1721=AXIS2_PLACEMENT_3D('',#2405,#1907,#1908);
#1722=AXIS2_PLACEMENT_3D('',#2406,#1909,#1910);
#1723=AXIS2_PLACEMENT_3D('',#2414,#1915,#1916);
#1724=AXIS2_PLACEMENT_3D('',#2416,#1917,#1918);
#1725=AXIS2_PLACEMENT_3D('',#2418,#1920,#1921);
#1726=AXIS2_PLACEMENT_3D('',#2420,#1922,#1923);
#1727=AXIS2_PLACEMENT_3D('',#2427,#1927,#1928);
#1728=AXIS2_PLACEMENT_3D('',#2428,#1929,#1930);
#1729=AXIS2_PLACEMENT_3D('',#2432,#1932,#1933);
#1730=AXIS2_PLACEMENT_3D('',#2434,#1935,#1936);
#1731=AXIS2_PLACEMENT_3D('',#2436,#1938,#1939);
#1732=AXIS2_PLACEMENT_3D('',#2438,#1940,#1941);
#1733=AXIS2_PLACEMENT_3D('',#2441,#1943,#1944);
#1734=AXIS2_PLACEMENT_3D('',#2443,#1945,#1946);
#1735=AXIS2_PLACEMENT_3D('',#2444,#1947,#1948);
#1736=AXIS2_PLACEMENT_3D('',#2446,#1950,#1951);
#1737=AXIS2_PLACEMENT_3D('',#2448,#1953,#1954);
#1738=AXIS2_PLACEMENT_3D('',#2450,#1956,#1957);
#1739=AXIS2_PLACEMENT_3D('',#2454,#1959,#1960);
#1740=AXIS2_PLACEMENT_3D('',#2457,#1962,#1963);
#1741=AXIS2_PLACEMENT_3D('',#2458,#1964,#1965);
#1742=AXIS2_PLACEMENT_3D('',#2461,#1967,#1968);
#1743=AXIS2_PLACEMENT_3D('',#2462,#1969,#1970);
#1744=AXIS2_PLACEMENT_3D('',#2464,#1971,#1972);
#1745=AXIS2_PLACEMENT_3D('',#2466,#1974,#1975);
#1746=AXIS2_PLACEMENT_3D('',#2467,#1976,#1977);
#1747=AXIS2_PLACEMENT_3D('',#2470,#1979,#1980);
#1748=AXIS2_PLACEMENT_3D('',#2471,#1981,#1982);
#1749=AXIS2_PLACEMENT_3D('',#2473,#1984,#1985);
#1750=AXIS2_PLACEMENT_3D('',#2474,#1986,#1987);
#1751=AXIS2_PLACEMENT_3D('',#2475,#1988,#1989);
#1752=AXIS2_PLACEMENT_3D('',#2478,#1990,#1991);
#1753=AXIS2_PLACEMENT_3D('',#2482,#1993,#1994);
#1754=AXIS2_PLACEMENT_3D('',#2484,#1996,#1997);
#1755=AXIS2_PLACEMENT_3D('',#2494,#2003,#2004);
#1756=AXIS2_PLACEMENT_3D('',#2497,#2005,#2006);
#1757=AXIS2_PLACEMENT_3D('',#2501,#2008,#2009);
#1758=AXIS2_PLACEMENT_3D('',#2503,#2011,#2012);
#1759=AXIS2_PLACEMENT_3D('',#2505,#2013,#2014);
#1760=AXIS2_PLACEMENT_3D('',#2508,#2016,#2017);
#1761=AXIS2_PLACEMENT_3D('',#2509,#2018,#2019);
#1762=AXIS2_PLACEMENT_3D('',#2516,#2023,#2024);
#1763=AXIS2_PLACEMENT_3D('',#2524,#2028,#2029);
#1764=AXIS2_PLACEMENT_3D('',#2529,#2032,#2033);
#1765=AXIS2_PLACEMENT_3D('',#2530,#2034,#2035);
#1766=AXIS2_PLACEMENT_3D('',#2532,#2037,#2038);
#1767=AXIS2_PLACEMENT_3D('',#2534,#2040,#2041);
#1768=AXIS2_PLACEMENT_3D('',#2537,#2042,#2043);
#1769=AXIS2_PLACEMENT_3D('',#2544,#2047,#2048);
#1770=AXIS2_PLACEMENT_3D('',#2545,#2049,#2050);
#1771=AXIS2_PLACEMENT_3D('',#2548,#2051,#2052);
#1772=AXIS2_PLACEMENT_3D('',#2554,#2055,#2056);
#1773=AXIS2_PLACEMENT_3D('',#2562,#2060,#2061);
#1774=AXIS2_PLACEMENT_3D('',#2570,#2065,#2066);
#1775=AXIS2_PLACEMENT_3D('',#2575,#2069,#2070);
#1776=AXIS2_PLACEMENT_3D('',#2576,#2071,#2072);
#1777=AXIS2_PLACEMENT_3D('',#2580,#2074,#2075);
#1778=AXIS2_PLACEMENT_3D('',#2582,#2077,#2078);
#1779=AXIS2_PLACEMENT_3D('',#2586,#2080,#2081);
#1780=AXIS2_PLACEMENT_3D('',#2588,#2083,#2084);
#1781=AXIS2_PLACEMENT_3D('',#2592,#2087,#2088);
#1782=AXIS2_PLACEMENT_3D('',#2594,#2089,#2090);
#1783=AXIS2_PLACEMENT_3D('',#2596,#2092,#2093);
#1784=AXIS2_PLACEMENT_3D('',#2598,#2094,#2095);
#1785=AXIS2_PLACEMENT_3D('',#2600,#2097,#2098);
#1786=AXIS2_PLACEMENT_3D('',#2604,#2101,#2102);
#1787=AXIS2_PLACEMENT_3D('',#2608,#2105,#2106);
#1788=AXIS2_PLACEMENT_3D('',#2613,#2110,#2111);
#1789=AXIS2_PLACEMENT_3D('',#2619,#2115,#2116);
#1790=AXIS2_PLACEMENT_3D('',#2621,#2118,#2119);
#1791=AXIS2_PLACEMENT_3D('',#2623,#2120,#2121);
#1792=AXIS2_PLACEMENT_3D('',#2626,#2123,#2124);
#1793=AXIS2_PLACEMENT_3D('',#2627,#2125,#2126);
#1794=AXIS2_PLACEMENT_3D('',#2629,#2127,#2128);
#1795=AXIS2_PLACEMENT_3D('',#2632,#2130,#2131);
#1796=AXIS2_PLACEMENT_3D('',#2633,#2132,#2133);
#1797=AXIS2_PLACEMENT_3D('',#2637,#2136,#2137);
#1798=AXIS2_PLACEMENT_3D('',#2639,#2138,#2139);
#1799=AXIS2_PLACEMENT_3D('',#2641,#2141,#2142);
#1800=AXIS2_PLACEMENT_3D('',#2644,#2143,#2144);
#1801=AXIS2_PLACEMENT_3D('',#2646,#2146,#2147);
#1802=AXIS2_PLACEMENT_3D('',#2647,#2148,#2149);
#1803=AXIS2_PLACEMENT_3D('',#2652,#2153,#2154);
#1804=AXIS2_PLACEMENT_3D('',#2653,#2155,#2156);
#1805=AXIS2_PLACEMENT_3D('',#2656,#2158,#2159);
#1806=AXIS2_PLACEMENT_3D('',#2657,#2160,#2161);
#1807=AXIS2_PLACEMENT_3D('',#2661,#2164,#2165);
#1808=AXIS2_PLACEMENT_3D('',#2667,#2169,#2170);
#1809=AXIS2_PLACEMENT_3D('',#2670,#2171,#2172);
#1810=AXIS2_PLACEMENT_3D('',#2673,#2175,#2176);
#1811=AXIS2_PLACEMENT_3D('',#2685,#2183,#2184);
#1812=AXIS2_PLACEMENT_3D('',#2688,#2185,#2186);
#1813=AXIS2_PLACEMENT_3D('',#2691,#2189,#2190);
#1814=AXIS2_PLACEMENT_3D('',#2703,#2197,#2198);
#1815=AXIS2_PLACEMENT_3D('',#2704,#2199,#2200);
#1816=AXIS2_PLACEMENT_3D('',#2706,#2201,#2202);
#1817=AXIS2_PLACEMENT_3D('',#2708,#2204,#2205);
#1818=AXIS2_PLACEMENT_3D('',#2711,#2206,#2207);
#1819=AXIS2_PLACEMENT_3D('',#2714,#2209,#2210);
#1820=AXIS2_PLACEMENT_3D('',#2716,#2212,#2213);
#1821=AXIS2_PLACEMENT_3D('',#2725,#2219,#2220);
#1822=AXIS2_PLACEMENT_3D('',#2726,#2221,#2222);
#1823=AXIS2_PLACEMENT_3D('',#2729,#2223,#2224);
#1824=AXIS2_PLACEMENT_3D('',#2736,#2228,#2229);
#1825=AXIS2_PLACEMENT_3D('',#2737,#2230,#2231);
#1826=AXIS2_PLACEMENT_3D('',#2740,#2232,#2233);
#1827=AXIS2_PLACEMENT_3D('',#2746,#2236,#2237);
#1828=AXIS2_PLACEMENT_3D('',#2749,#2239,#2240);
#1829=AXIS2_PLACEMENT_3D('',#2754,#2243,#2244);
#1830=AXIS2_PLACEMENT_3D('',#2755,#2245,#2246);
#1831=AXIS2_PLACEMENT_3D('',#2759,#2248,#2249);
#1832=AXIS2_PLACEMENT_3D('',#2761,#2251,#2252);
#1833=AXIS2_PLACEMENT_3D('',#2765,#2254,#2255);
#1834=AXIS2_PLACEMENT_3D('',#2767,#2257,#2258);
#1835=AXIS2_PLACEMENT_3D('',#2771,#2261,#2262);
#1836=AXIS2_PLACEMENT_3D('',#2773,#2263,#2264);
#1837=AXIS2_PLACEMENT_3D('',#2775,#2266,#2267);
#1838=AXIS2_PLACEMENT_3D('',#2777,#2268,#2269);
#1839=AXIS2_PLACEMENT_3D('',#2779,#2271,#2272);
#1840=AXIS2_PLACEMENT_3D('',#2783,#2275,#2276);
#1841=AXIS2_PLACEMENT_3D('',#2787,#2279,#2280);
#1842=AXIS2_PLACEMENT_3D('',#2792,#2284,#2285);
#1843=AXIS2_PLACEMENT_3D('',#2798,#2289,#2290);
#1844=AXIS2_PLACEMENT_3D('',#2800,#2292,#2293);
#1845=AXIS2_PLACEMENT_3D('',#2801,#2294,#2295);
#1846=AXIS2_PLACEMENT_3D('',#2804,#2297,#2298);
#1847=AXIS2_PLACEMENT_3D('',#2805,#2299,#2300);
#1848=AXIS2_PLACEMENT_3D('',#2812,#2303,#2304);
#1849=AXIS2_PLACEMENT_3D('',#2815,#2306,#2307);
#1850=AXIS2_PLACEMENT_3D('',#2816,#2308,#2309);
#1851=AXIS2_PLACEMENT_3D('',#2819,#2311,#2312);
#1852=AXIS2_PLACEMENT_3D('',#2820,#2313,#2314);
#1853=AXIS2_PLACEMENT_3D('',#2823,#2315,#2316);
#1854=AXIS2_PLACEMENT_3D('',#2826,#2319,#2320);
#1855=AXIS2_PLACEMENT_3D('',#2829,#2322,#2323);
#1856=AXIS2_PLACEMENT_3D('',#2831,#2325,#2326);
#1857=AXIS2_PLACEMENT_3D('',#2832,#2327,#2328);
#1858=AXIS2_PLACEMENT_3D('',#2835,#2330,#2331);
#1859=AXIS2_PLACEMENT_3D('',#2836,#2332,#2333);
#1860=AXIS2_PLACEMENT_3D('',#2837,#2334,#2335);
#1861=AXIS2_PLACEMENT_3D('',#2840,#2338,#2339);
#1862=AXIS2_PLACEMENT_3D('',#2841,#2340,#2341);
#1863=AXIS2_PLACEMENT_3D('',#2842,#2342,#2343);
#1864=AXIS2_PLACEMENT_3D('',#2843,#2344,#2345);
#1865=AXIS2_PLACEMENT_3D('',#2844,#2346,#2347);
#1866=AXIS2_PLACEMENT_3D('',#2847,#2350,#2351);
#1867=AXIS2_PLACEMENT_3D('',#2848,#2352,#2353);
#1868=AXIS2_PLACEMENT_3D('',#2849,#2354,#2355);
#1869=AXIS2_PLACEMENT_3D('',#2851,#2357,#2358);
#1870=AXIS2_PLACEMENT_3D('',#2853,#2360,#2361);
#1871=AXIS2_PLACEMENT_3D('',#2855,#2363,#2364);
#1872=AXIS2_PLACEMENT_3D('',#2856,#2365,#2366);
#1873=AXIS2_PLACEMENT_3D('',#2857,#2367,#2368);
#1874=DIRECTION('axis',(0.,0.,1.));
#1875=DIRECTION('refdir',(1.,0.,0.));
#1876=DIRECTION('axis',(0.,0.,1.));
#1877=DIRECTION('refdir',(1.,0.,0.));
#1878=DIRECTION('center_axis',(0.,-1.,0.));
#1879=DIRECTION('ref_axis',(0.707106781186551,0.,-0.707106781186544));
#1880=DIRECTION('center_axis',(0.,1.,0.));
#1881=DIRECTION('ref_axis',(0.707106781186551,0.,-0.707106781186544));
#1882=DIRECTION('',(0.,1.,0.));
#1883=DIRECTION('center_axis',(0.,-1.,0.));
#1884=DIRECTION('ref_axis',(0.707106781186551,0.,-0.707106781186544));
#1885=DIRECTION('',(0.,-1.,0.));
#1886=DIRECTION('center_axis',(0.,1.,0.));
#1887=DIRECTION('ref_axis',(0.707106781186551,0.,-0.707106781186544));
#1888=DIRECTION('',(0.,-1.,0.));
#1889=DIRECTION('center_axis',(-1.,0.,0.));
#1890=DIRECTION('ref_axis',(0.,-1.,0.));
#1891=DIRECTION('',(0.,0.,-1.));
#1892=DIRECTION('',(0.,-1.,0.));
#1893=DIRECTION('',(0.,0.,1.));
#1894=DIRECTION('center_axis',(0.,1.,0.));
#1895=DIRECTION('ref_axis',(-1.,0.,0.));
#1896=DIRECTION('',(-1.,0.,0.));
#1897=DIRECTION('center_axis',(0.,-1.,0.));
#1898=DIRECTION('ref_axis',(0.725011052375049,0.,-0.688737231412695));
#1899=DIRECTION('center_axis',(0.,1.,0.));
#1900=DIRECTION('ref_axis',(1.,0.,0.));
#1901=DIRECTION('',(-1.,0.,0.));
#1902=DIRECTION('center_axis',(0.,-1.,0.));
#1903=DIRECTION('ref_axis',(0.707106781186546,0.,0.707106781186549));
#1904=DIRECTION('center_axis',(0.,-1.,0.));
#1905=DIRECTION('ref_axis',(0.,0.,1.));
#1906=DIRECTION('',(-1.,0.,0.));
#1907=DIRECTION('center_axis',(0.,-1.,0.));
#1908=DIRECTION('ref_axis',(-1.,0.,0.));
#1909=DIRECTION('center_axis',(0.,0.,-1.));
#1910=DIRECTION('ref_axis',(1.,0.,0.));
#1911=DIRECTION('',(1.,0.,0.));
#1912=DIRECTION('',(0.,-1.,0.));
#1913=DIRECTION('',(-1.,0.,0.));
#1914=DIRECTION('',(0.,1.,0.));
#1915=DIRECTION('center_axis',(0.,1.,0.));
#1916=DIRECTION('ref_axis',(0.725011052375049,0.,-0.688737231412695));
#1917=DIRECTION('center_axis',(0.,-1.,0.));
#1918=DIRECTION('ref_axis',(0.725011052375049,0.,-0.688737231412695));
#1919=DIRECTION('',(0.,-1.,0.));
#1920=DIRECTION('center_axis',(0.,-1.,0.));
#1921=DIRECTION('ref_axis',(-1.,0.,0.));
#1922=DIRECTION('center_axis',(0.,-1.,0.));
#1923=DIRECTION('ref_axis',(1.,0.,0.));
#1924=DIRECTION('',(-1.,0.,0.));
#1925=DIRECTION('',(0.,0.,1.));
#1926=DIRECTION('',(-1.,0.,0.));
#1927=DIRECTION('center_axis',(0.,1.,0.));
#1928=DIRECTION('ref_axis',(1.,0.,0.));
#1929=DIRECTION('center_axis',(0.,-1.,0.));
#1930=DIRECTION('ref_axis',(0.,0.,1.));
#1931=DIRECTION('',(0.,-1.,0.));
#1932=DIRECTION('center_axis',(0.,1.,0.));
#1933=DIRECTION('ref_axis',(0.,0.,1.));
#1934=DIRECTION('',(0.,1.,0.));
#1935=DIRECTION('center_axis',(0.,0.,1.));
#1936=DIRECTION('ref_axis',(1.,0.,0.));
#1937=DIRECTION('',(1.,0.,0.));
#1938=DIRECTION('center_axis',(0.,-1.,0.));
#1939=DIRECTION('ref_axis',(1.,0.,0.));
#1940=DIRECTION('center_axis',(0.,1.,0.));
#1941=DIRECTION('ref_axis',(0.707106781186546,0.,0.707106781186549));
#1942=DIRECTION('',(1.,0.,0.));
#1943=DIRECTION('center_axis',(0.,-1.,0.));
#1944=DIRECTION('ref_axis',(1.,0.,0.));
#1945=DIRECTION('center_axis',(0.,1.,0.));
#1946=DIRECTION('ref_axis',(-1.,0.,0.));
#1947=DIRECTION('center_axis',(0.,-1.,0.));
#1948=DIRECTION('ref_axis',(-1.,0.,0.));
#1949=DIRECTION('',(0.,-1.,0.));
#1950=DIRECTION('center_axis',(0.,1.,0.));
#1951=DIRECTION('ref_axis',(0.707106781186546,0.,0.707106781186549));
#1952=DIRECTION('',(0.,-1.,0.));
#1953=DIRECTION('center_axis',(0.,0.,1.));
#1954=DIRECTION('ref_axis',(1.,0.,0.));
#1955=DIRECTION('',(0.,1.,0.));
#1956=DIRECTION('center_axis',(0.,0.,1.));
#1957=DIRECTION('ref_axis',(1.,0.,0.));
#1958=DIRECTION('',(0.,-1.,0.));
#1959=DIRECTION('center_axis',(0.,0.,1.));
#1960=DIRECTION('ref_axis',(0.,1.,0.));
#1961=DIRECTION('',(1.,0.,0.));
#1962=DIRECTION('center_axis',(0.,0.,-1.));
#1963=DIRECTION('ref_axis',(1.,0.,0.));
#1964=DIRECTION('center_axis',(0.,0.,1.));
#1965=DIRECTION('ref_axis',(1.,0.,0.));
#1966=DIRECTION('',(0.,0.,-1.));
#1967=DIRECTION('center_axis',(0.,0.,-1.));
#1968=DIRECTION('ref_axis',(1.,0.,0.));
#1969=DIRECTION('center_axis',(0.,0.,1.));
#1970=DIRECTION('ref_axis',(0.,1.,0.));
#1971=DIRECTION('center_axis',(0.,0.,1.));
#1972=DIRECTION('ref_axis',(0.,1.,0.));
#1973=DIRECTION('',(0.,0.,1.));
#1974=DIRECTION('center_axis',(0.,-1.,0.));
#1975=DIRECTION('ref_axis',(-1.,0.,0.));
#1976=DIRECTION('center_axis',(0.,-1.,0.));
#1977=DIRECTION('ref_axis',(1.,0.,0.));
#1978=DIRECTION('',(1.,0.,0.));
#1979=DIRECTION('center_axis',(0.,1.,0.));
#1980=DIRECTION('ref_axis',(1.,0.,0.));
#1981=DIRECTION('center_axis',(0.,-1.,0.));
#1982=DIRECTION('ref_axis',(1.,0.,0.));
#1983=DIRECTION('',(0.,-1.,0.));
#1984=DIRECTION('center_axis',(0.,0.,-1.));
#1985=DIRECTION('ref_axis',(1.,0.,0.));
#1986=DIRECTION('center_axis',(0.,-1.,0.));
#1987=DIRECTION('ref_axis',(1.,0.,0.));
#1988=DIRECTION('center_axis',(0.,-1.,0.));
#1989=DIRECTION('ref_axis',(0.707106781186547,0.,0.707106781186547));
#1990=DIRECTION('center_axis',(0.,-1.,0.));
#1991=DIRECTION('ref_axis',(0.707106781186547,0.,0.707106781186547));
#1992=DIRECTION('',(0.,1.,0.));
#1993=DIRECTION('center_axis',(0.,1.,0.));
#1994=DIRECTION('ref_axis',(0.707106781186547,0.,0.707106781186547));
#1995=DIRECTION('',(0.,-1.,0.));
#1996=DIRECTION('center_axis',(0.,0.,-1.));
#1997=DIRECTION('ref_axis',(-1.,0.,0.));
#1998=DIRECTION('',(1.,0.,0.));
#1999=DIRECTION('',(0.,1.,0.));
#2000=DIRECTION('',(-1.,0.,0.));
#2001=DIRECTION('',(0.,1.,0.));
#2002=DIRECTION('',(-1.,0.,0.));
#2003=DIRECTION('center_axis',(1.,0.,0.));
#2004=DIRECTION('ref_axis',(0.,7.32886932972519E-5,-0.999999997314384));
#2005=DIRECTION('center_axis',(1.,0.,0.));
#2006=DIRECTION('ref_axis',(0.,0.,1.));
#2007=DIRECTION('',(1.,0.,0.));
#2008=DIRECTION('center_axis',(-1.,0.,0.));
#2009=DIRECTION('ref_axis',(0.,0.,1.));
#2010=DIRECTION('',(1.,0.,0.));
#2011=DIRECTION('center_axis',(1.,0.,0.));
#2012=DIRECTION('ref_axis',(0.,0.,1.));
#2013=DIRECTION('center_axis',(-1.,0.,0.));
#2014=DIRECTION('ref_axis',(0.,0.,1.));
#2015=DIRECTION('',(1.,0.,0.));
#2016=DIRECTION('center_axis',(-1.,0.,0.));
#2017=DIRECTION('ref_axis',(0.,0.,1.));
#2018=DIRECTION('center_axis',(0.,1.,0.));
#2019=DIRECTION('ref_axis',(1.,0.,0.));
#2020=DIRECTION('',(0.,0.,-1.));
#2021=DIRECTION('',(1.86756843092096E-33,0.,1.));
#2022=DIRECTION('',(1.,0.,0.));
#2023=DIRECTION('center_axis',(0.,1.,0.));
#2024=DIRECTION('ref_axis',(0.707106781186548,0.,-0.707106781186547));
#2025=DIRECTION('',(0.,0.,1.));
#2026=DIRECTION('',(-1.,0.,0.));
#2027=DIRECTION('',(0.,0.,1.));
#2028=DIRECTION('center_axis',(0.,1.,0.));
#2029=DIRECTION('ref_axis',(-0.707106781186547,-6.90840681820861E-16,-0.707106781186548));
#2030=DIRECTION('',(1.,0.,0.));
#2031=DIRECTION('',(0.,0.,-1.));
#2032=DIRECTION('center_axis',(0.,-1.,0.));
#2033=DIRECTION('ref_axis',(1.,0.,0.));
#2034=DIRECTION('center_axis',(-1.,0.,0.));
#2035=DIRECTION('ref_axis',(0.,1.,0.));
#2036=DIRECTION('',(0.,0.,-1.));
#2037=DIRECTION('center_axis',(0.,-1.,0.));
#2038=DIRECTION('ref_axis',(-1.,0.,0.));
#2039=DIRECTION('',(0.,0.,-1.));
#2040=DIRECTION('center_axis',(0.,-1.,0.));
#2041=DIRECTION('ref_axis',(1.,0.,0.));
#2042=DIRECTION('center_axis',(0.,1.,0.));
#2043=DIRECTION('ref_axis',(0.707106781186546,0.,0.707106781186549));
#2044=DIRECTION('',(0.,0.,1.));
#2045=DIRECTION('',(-1.,0.,0.));
#2046=DIRECTION('',(0.,0.,1.));
#2047=DIRECTION('center_axis',(0.,1.,0.));
#2048=DIRECTION('ref_axis',(-1.,0.,0.));
#2049=DIRECTION('center_axis',(0.,-1.,0.));
#2050=DIRECTION('ref_axis',(0.,0.,-1.));
#2051=DIRECTION('center_axis',(0.,1.,0.));
#2052=DIRECTION('ref_axis',(0.707106781186546,0.,0.707106781186549));
#2053=DIRECTION('',(0.,0.,1.));
#2054=DIRECTION('',(1.,0.,0.));
#2055=DIRECTION('center_axis',(0.,1.,0.));
#2056=DIRECTION('ref_axis',(1.,0.,0.));
#2057=DIRECTION('',(-1.,0.,0.));
#2058=DIRECTION('',(0.,0.,-1.));
#2059=DIRECTION('',(-1.,0.,0.));
#2060=DIRECTION('center_axis',(0.,-1.,0.));
#2061=DIRECTION('ref_axis',(1.,0.,0.));
#2062=DIRECTION('',(0.,0.,1.));
#2063=DIRECTION('',(-1.,0.,0.));
#2064=DIRECTION('',(0.,0.,-1.));
#2065=DIRECTION('center_axis',(0.,-1.,0.));
#2066=DIRECTION('ref_axis',(1.,0.,0.));
#2067=DIRECTION('',(-1.,0.,0.));
#2068=DIRECTION('',(0.,0.,1.));
#2069=DIRECTION('center_axis',(0.,1.,0.));
#2070=DIRECTION('ref_axis',(-1.,0.,0.));
#2071=DIRECTION('center_axis',(0.,-1.,0.));
#2072=DIRECTION('ref_axis',(-0.707106781186546,0.,0.707106781186549));
#2073=DIRECTION('',(0.,1.,0.));
#2074=DIRECTION('center_axis',(0.,-1.,0.));
#2075=DIRECTION('ref_axis',(-0.707106781186546,0.,0.707106781186549));
#2076=DIRECTION('',(0.,-1.,0.));
#2077=DIRECTION('center_axis',(0.,-1.,0.));
#2078=DIRECTION('ref_axis',(-0.707106781186546,0.,0.707106781186549));
#2079=DIRECTION('',(0.,1.,0.));
#2080=DIRECTION('center_axis',(0.,-1.,0.));
#2081=DIRECTION('ref_axis',(-0.707106781186546,0.,0.707106781186549));
#2082=DIRECTION('',(0.,-1.,0.));
#2083=DIRECTION('center_axis',(-1.,0.,0.));
#2084=DIRECTION('ref_axis',(0.,-1.,0.));
#2085=DIRECTION('',(0.,0.,1.));
#2086=DIRECTION('',(0.,1.,0.));
#2087=DIRECTION('center_axis',(0.,-1.,0.));
#2088=DIRECTION('ref_axis',(-1.,0.,0.));
#2089=DIRECTION('center_axis',(0.,-1.,0.));
#2090=DIRECTION('ref_axis',(-1.,0.,0.));
#2091=DIRECTION('',(0.,-1.,0.));
#2092=DIRECTION('center_axis',(0.,-1.,0.));
#2093=DIRECTION('ref_axis',(-1.,0.,0.));
#2094=DIRECTION('center_axis',(0.,-1.,0.));
#2095=DIRECTION('ref_axis',(-1.,0.,0.));
#2096=DIRECTION('',(0.,-1.,0.));
#2097=DIRECTION('center_axis',(-1.,0.,0.));
#2098=DIRECTION('ref_axis',(0.,-1.,0.));
#2099=DIRECTION('',(0.,0.,1.));
#2100=DIRECTION('',(0.,1.,0.));
#2101=DIRECTION('center_axis',(0.,1.,0.));
#2102=DIRECTION('ref_axis',(-1.,0.,0.));
#2103=DIRECTION('',(0.,0.,1.));
#2104=DIRECTION('',(1.,0.,0.));
#2105=DIRECTION('center_axis',(0.,0.,1.));
#2106=DIRECTION('ref_axis',(-1.,0.,0.));
#2107=DIRECTION('',(-1.,0.,0.));
#2108=DIRECTION('',(0.,-1.,0.));
#2109=DIRECTION('',(0.,1.,0.));
#2110=DIRECTION('center_axis',(0.,0.,-1.));
#2111=DIRECTION('ref_axis',(-1.,0.,0.));
#2112=DIRECTION('',(0.,-1.,0.));
#2113=DIRECTION('',(1.,0.,0.));
#2114=DIRECTION('',(0.,-1.,0.));
#2115=DIRECTION('center_axis',(1.,0.,0.));
#2116=DIRECTION('ref_axis',(0.,-1.,0.));
#2117=DIRECTION('',(0.,0.,1.));
#2118=DIRECTION('center_axis',(0.,0.,-1.));
#2119=DIRECTION('ref_axis',(1.,0.,0.));
#2120=DIRECTION('center_axis',(0.,0.,1.));
#2121=DIRECTION('ref_axis',(1.,0.,0.));
#2122=DIRECTION('',(0.,0.,1.));
#2123=DIRECTION('center_axis',(0.,0.,-1.));
#2124=DIRECTION('ref_axis',(1.,0.,0.));
#2125=DIRECTION('center_axis',(0.,0.,-1.));
#2126=DIRECTION('ref_axis',(-1.,-1.22464679914735E-16,0.));
#2127=DIRECTION('center_axis',(0.,0.,1.));
#2128=DIRECTION('ref_axis',(1.,0.,0.));
#2129=DIRECTION('',(0.,0.,-1.));
#2130=DIRECTION('center_axis',(0.,0.,-1.));
#2131=DIRECTION('ref_axis',(1.,0.,0.));
#2132=DIRECTION('center_axis',(0.,0.,1.));
#2133=DIRECTION('ref_axis',(1.,0.,0.));
#2134=DIRECTION('',(0.,1.,0.));
#2135=DIRECTION('',(1.,0.,0.));
#2136=DIRECTION('center_axis',(0.,-1.,0.));
#2137=DIRECTION('ref_axis',(1.,0.,0.));
#2138=DIRECTION('center_axis',(0.,1.,0.));
#2139=DIRECTION('ref_axis',(1.,0.,0.));
#2140=DIRECTION('',(0.,1.,0.));
#2141=DIRECTION('center_axis',(0.,-1.,0.));
#2142=DIRECTION('ref_axis',(1.,0.,0.));
#2143=DIRECTION('center_axis',(0.,1.,0.));
#2144=DIRECTION('ref_axis',(1.,0.,0.));
#2145=DIRECTION('',(0.,-1.,0.));
#2146=DIRECTION('center_axis',(0.,1.,0.));
#2147=DIRECTION('ref_axis',(1.,0.,0.));
#2148=DIRECTION('center_axis',(0.,1.,0.));
#2149=DIRECTION('ref_axis',(1.,0.,0.));
#2150=DIRECTION('',(1.,0.,0.));
#2151=DIRECTION('',(0.,0.,1.));
#2152=DIRECTION('',(-1.,0.,0.));
#2153=DIRECTION('center_axis',(0.,0.,1.));
#2154=DIRECTION('ref_axis',(-1.,0.,0.));
#2155=DIRECTION('center_axis',(0.,-1.,0.));
#2156=DIRECTION('ref_axis',(1.,0.,0.));
#2157=DIRECTION('',(0.,-1.,0.));
#2158=DIRECTION('center_axis',(0.,1.,0.));
#2159=DIRECTION('ref_axis',(1.,0.,0.));
#2160=DIRECTION('center_axis',(0.,1.,0.));
#2161=DIRECTION('ref_axis',(1.,0.,0.));
#2162=DIRECTION('',(0.,0.,-1.));
#2163=DIRECTION('',(1.,0.,0.));
#2164=DIRECTION('center_axis',(1.,0.,0.));
#2165=DIRECTION('ref_axis',(0.,0.,-1.));
#2166=DIRECTION('',(0.,0.986393923832144,-0.164398987305357));
#2167=DIRECTION('',(0.,0.,-1.));
#2168=DIRECTION('',(0.,-1.,4.93432455388959E-17));
#2169=DIRECTION('center_axis',(9.76996261670138E-16,-1.,0.));
#2170=DIRECTION('ref_axis',(-0.707106781186547,-6.90840681820861E-16,-0.707106781186548));
#2171=DIRECTION('center_axis',(0.,-1.,0.));
#2172=DIRECTION('ref_axis',(-0.707106781186547,-6.90840681820861E-16,-0.707106781186548));
#2173=DIRECTION('',(-9.76996261670138E-16,1.,0.));
#2174=DIRECTION('',(9.76996261670138E-16,-1.,0.));
#2175=DIRECTION('center_axis',(1.,9.76996261670138E-16,0.));
#2176=DIRECTION('ref_axis',(-9.76996261670138E-16,1.,0.));
#2177=DIRECTION('',(-9.76996261670138E-16,1.,0.));
#2178=DIRECTION('',(0.,0.,-1.));
#2179=DIRECTION('',(0.,-1.,0.));
#2180=DIRECTION('',(0.,0.,1.));
#2181=DIRECTION('',(-9.76996261670138E-16,1.,0.));
#2182=DIRECTION('',(0.,0.,1.));
#2183=DIRECTION('center_axis',(0.,1.,0.));
#2184=DIRECTION('ref_axis',(0.707106781186548,0.,-0.707106781186547));
#2185=DIRECTION('center_axis',(0.,-1.,0.));
#2186=DIRECTION('ref_axis',(0.707106781186548,0.,-0.707106781186547));
#2187=DIRECTION('',(0.,1.,0.));
#2188=DIRECTION('',(0.,-1.,0.));
#2189=DIRECTION('center_axis',(-1.,0.,0.));
#2190=DIRECTION('ref_axis',(0.,-1.,0.));
#2191=DIRECTION('',(0.,0.,1.));
#2192=DIRECTION('',(0.,-1.,0.));
#2193=DIRECTION('',(0.,0.,-1.));
#2194=DIRECTION('',(0.,1.,0.));
#2195=DIRECTION('',(0.,0.,1.));
#2196=DIRECTION('',(0.,-1.,0.));
#2197=DIRECTION('center_axis',(0.,0.,1.));
#2198=DIRECTION('ref_axis',(-0.998333333333333,0.0577109656439365,0.));
#2199=DIRECTION('center_axis',(0.,0.,1.));
#2200=DIRECTION('ref_axis',(-0.998333333333333,0.0577109656439365,0.));
#2201=DIRECTION('center_axis',(0.,-0.164398987305357,-0.986393923832144));
#2202=DIRECTION('ref_axis',(1.97121104205984E-16,0.986393923832144,-0.164398987305357));
#2203=DIRECTION('',(0.,0.,1.));
#2204=DIRECTION('center_axis',(0.,0.,-1.));
#2205=DIRECTION('ref_axis',(0.998333333333333,0.0577109656439365,0.));
#2206=DIRECTION('center_axis',(0.,-0.164398987305357,-0.986393923832144));
#2207=DIRECTION('ref_axis',(-1.97121104205984E-16,0.986393923832144,-0.164398987305357));
#2208=DIRECTION('',(0.,0.,1.));
#2209=DIRECTION('center_axis',(0.,0.,1.));
#2210=DIRECTION('ref_axis',(0.998333333333333,0.0577109656439365,0.));
#2211=DIRECTION('',(0.,0.,1.));
#2212=DIRECTION('center_axis',(0.,1.,0.));
#2213=DIRECTION('ref_axis',(1.,0.,0.));
#2214=DIRECTION('',(-1.,0.,0.));
#2215=DIRECTION('',(1.,0.,0.));
#2216=DIRECTION('',(1.86756843092096E-33,0.,1.));
#2217=DIRECTION('',(0.,0.,-1.));
#2218=DIRECTION('',(1.,0.,0.));
#2219=DIRECTION('center_axis',(0.,-1.,0.));
#2220=DIRECTION('ref_axis',(1.,0.,0.));
#2221=DIRECTION('center_axis',(0.,-1.,0.));
#2222=DIRECTION('ref_axis',(1.,0.,0.));
#2223=DIRECTION('center_axis',(0.,1.,0.));
#2224=DIRECTION('ref_axis',(0.707106781186548,0.,0.707106781186548));
#2225=DIRECTION('',(0.,0.,1.));
#2226=DIRECTION('',(-1.,0.,0.));
#2227=DIRECTION('',(0.,0.,1.));
#2228=DIRECTION('center_axis',(0.,1.,0.));
#2229=DIRECTION('ref_axis',(-1.,0.,0.));
#2230=DIRECTION('center_axis',(0.,1.,0.));
#2231=DIRECTION('ref_axis',(1.,0.,0.));
#2232=DIRECTION('center_axis',(0.,1.,0.));
#2233=DIRECTION('ref_axis',(0.707106781186548,0.,0.707106781186548));
#2234=DIRECTION('',(0.,0.,1.));
#2235=DIRECTION('',(1.,0.,0.));
#2236=DIRECTION('center_axis',(0.,1.,0.));
#2237=DIRECTION('ref_axis',(1.,0.,0.));
#2238=DIRECTION('',(-1.,0.,0.));
#2239=DIRECTION('center_axis',(0.,-1.,0.));
#2240=DIRECTION('ref_axis',(1.,0.,0.));
#2241=DIRECTION('',(-1.,0.,0.));
#2242=DIRECTION('',(0.,0.,1.));
#2243=DIRECTION('center_axis',(0.,1.,0.));
#2244=DIRECTION('ref_axis',(-1.,0.,0.));
#2245=DIRECTION('center_axis',(0.,-1.,0.));
#2246=DIRECTION('ref_axis',(-0.707106781186548,0.,0.707106781186548));
#2247=DIRECTION('',(0.,1.,0.));
#2248=DIRECTION('center_axis',(0.,-1.,0.));
#2249=DIRECTION('ref_axis',(-0.707106781186548,0.,0.707106781186548));
#2250=DIRECTION('',(0.,-1.,0.));
#2251=DIRECTION('center_axis',(0.,-1.,0.));
#2252=DIRECTION('ref_axis',(-0.707106781186548,0.,0.707106781186548));
#2253=DIRECTION('',(0.,1.,0.));
#2254=DIRECTION('center_axis',(0.,-1.,0.));
#2255=DIRECTION('ref_axis',(-0.707106781186548,0.,0.707106781186548));
#2256=DIRECTION('',(0.,-1.,0.));
#2257=DIRECTION('center_axis',(-1.,0.,0.));
#2258=DIRECTION('ref_axis',(0.,-1.,0.));
#2259=DIRECTION('',(0.,0.,1.));
#2260=DIRECTION('',(0.,1.,0.));
#2261=DIRECTION('center_axis',(0.,-1.,0.));
#2262=DIRECTION('ref_axis',(-1.,0.,0.));
#2263=DIRECTION('center_axis',(0.,-1.,0.));
#2264=DIRECTION('ref_axis',(-1.,0.,0.));
#2265=DIRECTION('',(0.,-1.,0.));
#2266=DIRECTION('center_axis',(0.,-1.,0.));
#2267=DIRECTION('ref_axis',(-1.,0.,0.));
#2268=DIRECTION('center_axis',(0.,-1.,0.));
#2269=DIRECTION('ref_axis',(-1.,0.,0.));
#2270=DIRECTION('',(0.,-1.,0.));
#2271=DIRECTION('center_axis',(-1.,0.,0.));
#2272=DIRECTION('ref_axis',(0.,-1.,0.));
#2273=DIRECTION('',(0.,0.,1.));
#2274=DIRECTION('',(0.,1.,0.));
#2275=DIRECTION('center_axis',(0.,1.,0.));
#2276=DIRECTION('ref_axis',(-1.,0.,0.));
#2277=DIRECTION('',(0.,0.,1.));
#2278=DIRECTION('',(1.,0.,0.));
#2279=DIRECTION('center_axis',(0.,0.,1.));
#2280=DIRECTION('ref_axis',(-1.,0.,0.));
#2281=DIRECTION('',(-1.,0.,0.));
#2282=DIRECTION('',(0.,-1.,0.));
#2283=DIRECTION('',(0.,1.,0.));
#2284=DIRECTION('center_axis',(0.,0.,-1.));
#2285=DIRECTION('ref_axis',(-1.,0.,0.));
#2286=DIRECTION('',(0.,-1.,0.));
#2287=DIRECTION('',(1.,0.,0.));
#2288=DIRECTION('',(0.,-1.,0.));
#2289=DIRECTION('center_axis',(1.,0.,0.));
#2290=DIRECTION('ref_axis',(0.,-1.,0.));
#2291=DIRECTION('',(0.,0.,1.));
#2292=DIRECTION('center_axis',(0.,1.,0.));
#2293=DIRECTION('ref_axis',(1.,0.,0.));
#2294=DIRECTION('center_axis',(0.,1.,0.));
#2295=DIRECTION('ref_axis',(1.,0.,0.));
#2296=DIRECTION('',(1.,0.,0.));
#2297=DIRECTION('center_axis',(0.,1.,0.));
#2298=DIRECTION('ref_axis',(1.,0.,0.));
#2299=DIRECTION('center_axis',(0.,0.,1.));
#2300=DIRECTION('ref_axis',(1.,0.,0.));
#2301=DIRECTION('',(0.,1.,0.));
#2302=DIRECTION('',(-1.,0.,0.));
#2303=DIRECTION('center_axis',(0.,0.,-1.));
#2304=DIRECTION('ref_axis',(1.,0.,0.));
#2305=DIRECTION('',(1.,0.,0.));
#2306=DIRECTION('center_axis',(0.,0.,1.));
#2307=DIRECTION('ref_axis',(1.,0.,0.));
#2308=DIRECTION('center_axis',(0.,0.,-1.));
#2309=DIRECTION('ref_axis',(1.,0.,0.));
#2310=DIRECTION('',(0.,0.,1.));
#2311=DIRECTION('center_axis',(0.,0.,-1.));
#2312=DIRECTION('ref_axis',(1.,0.,0.));
#2313=DIRECTION('center_axis',(0.,0.,-1.));
#2314=DIRECTION('ref_axis',(-1.,-1.22464679914735E-16,0.));
#2315=DIRECTION('center_axis',(0.,0.,1.));
#2316=DIRECTION('ref_axis',(1.,0.,0.));
#2317=DIRECTION('',(0.,0.,-1.));
#2318=DIRECTION('',(0.,0.,-1.));
#2319=DIRECTION('center_axis',(0.,1.,0.));
#2320=DIRECTION('ref_axis',(1.,0.,0.));
#2321=DIRECTION('',(-1.,0.,0.));
#2322=DIRECTION('center_axis',(0.,1.,0.));
#2323=DIRECTION('ref_axis',(1.,0.,0.));
#2324=DIRECTION('',(1.,0.,0.));
#2325=DIRECTION('center_axis',(0.,1.,0.));
#2326=DIRECTION('ref_axis',(1.,0.,0.));
#2327=DIRECTION('center_axis',(0.,-1.,0.));
#2328=DIRECTION('ref_axis',(1.,0.,0.));
#2329=DIRECTION('',(0.,-1.,0.));
#2330=DIRECTION('center_axis',(0.,1.,0.));
#2331=DIRECTION('ref_axis',(1.,0.,0.));
#2332=DIRECTION('center_axis',(0.,1.,0.));
#2333=DIRECTION('ref_axis',(1.,0.,0.));
#2334=DIRECTION('center_axis',(0.,-1.,0.));
#2335=DIRECTION('ref_axis',(1.,0.,0.));
#2336=DIRECTION('',(-1.,0.,0.));
#2337=DIRECTION('',(-1.,0.,0.));
#2338=DIRECTION('center_axis',(0.,-1.,0.));
#2339=DIRECTION('ref_axis',(1.,0.,0.));
#2340=DIRECTION('center_axis',(0.,0.,1.));
#2341=DIRECTION('ref_axis',(-1.,0.,0.));
#2342=DIRECTION('center_axis',(0.,-1.,0.));
#2343=DIRECTION('ref_axis',(1.,0.,0.));
#2344=DIRECTION('center_axis',(0.,0.,1.));
#2345=DIRECTION('ref_axis',(1.,0.,0.));
#2346=DIRECTION('center_axis',(-1.,0.,0.));
#2347=DIRECTION('ref_axis',(0.,0.,1.));
#2348=DIRECTION('',(0.,1.,-4.93432455388959E-17));
#2349=DIRECTION('',(0.,-0.986393923832144,0.164398987305357));
#2350=DIRECTION('center_axis',(0.,-0.164398987305357,-0.986393923832144));
#2351=DIRECTION('ref_axis',(0.,0.986393923832144,-0.164398987305357));
#2352=DIRECTION('center_axis',(0.,0.,1.));
#2353=DIRECTION('ref_axis',(1.,0.,0.));
#2354=DIRECTION('center_axis',(0.,0.,1.));
#2355=DIRECTION('ref_axis',(1.,0.,0.));
#2356=DIRECTION('',(0.,1.,0.));
#2357=DIRECTION('center_axis',(0.,0.,1.));
#2358=DIRECTION('ref_axis',(1.,0.,0.));
#2359=DIRECTION('',(0.,1.,0.));
#2360=DIRECTION('center_axis',(0.,1.,0.));
#2361=DIRECTION('ref_axis',(1.,0.,0.));
#2362=DIRECTION('',(0.,-1.,0.));
#2363=DIRECTION('center_axis',(1.,0.,0.));
#2364=DIRECTION('ref_axis',(0.,0.,-1.));
#2365=DIRECTION('center_axis',(-1.,0.,1.86756843092096E-33));
#2366=DIRECTION('ref_axis',(1.86756843092096E-33,0.,1.));
#2367=DIRECTION('',(1.50053580671994E-16,1.23259516440783E-32,1.));
#2368=DIRECTION('',(1.,6.12421545692477E-17,-1.50053580671994E-16));
#2369=CARTESIAN_POINT('',(0.,0.,0.));
#2370=CARTESIAN_POINT('',(0.,0.,0.));
#2371=CARTESIAN_POINT('Origin',(32.0000004917383,-84.2499998509884,43.5));
#2372=CARTESIAN_POINT('',(32.9836070489031,-90.,43.3196721299895));
#2373=CARTESIAN_POINT('',(32.0000004917383,-90.,42.5));
#2374=CARTESIAN_POINT('Origin',(32.0000004917383,-90.,43.5));
#2375=CARTESIAN_POINT('',(32.0000004917383,-83.4999997019768,42.5));
#2376=CARTESIAN_POINT('',(32.0000004917383,-84.2499998509884,42.5));
#2377=CARTESIAN_POINT('',(33.0000004917383,-83.4999997019768,43.5));
#2378=CARTESIAN_POINT('Origin',(32.0000004917383,-83.4999997019768,43.5));
#2379=CARTESIAN_POINT('',(33.0000004917383,-86.5,43.5));
#2380=CARTESIAN_POINT('',(33.0000004917383,-84.2499998509884,43.5));
#2381=CARTESIAN_POINT('',(32.9836070489031,-86.5,43.3196721299895));
#2382=CARTESIAN_POINT('Origin',(32.0000004917383,-86.5,43.5));
#2383=CARTESIAN_POINT('',(32.9836070489031,-84.2499998509884,43.3196721299895));
#2384=CARTESIAN_POINT('Origin',(33.0000004917383,-83.4999997019768,42.5));
#2385=CARTESIAN_POINT('',(33.0000004917383,-83.4999997019768,44.));
#2386=CARTESIAN_POINT('',(33.0000004917383,-83.4999997019768,42.5));
#2387=CARTESIAN_POINT('',(33.0000004917383,-86.5,44.));
#2388=CARTESIAN_POINT('',(33.0000004917383,-83.4999997019768,44.));
#2389=CARTESIAN_POINT('',(33.0000004917383,-86.5,42.5));
#2390=CARTESIAN_POINT('Origin',(44.0000008149072,-83.4999997019768,42.5));
#2391=CARTESIAN_POINT('',(31.974342585463,-83.4999997019768,42.5));
#2392=CARTESIAN_POINT('',(37.0000008149072,-83.4999997019768,42.5));
#2393=CARTESIAN_POINT('',(32.9730267953758,-83.4999997019768,43.5512820521319));
#2394=CARTESIAN_POINT('Origin',(31.974342585463,-83.4999997019768,43.5));
#2395=CARTESIAN_POINT('',(31.374586552085,-83.4999997019768,50.5));
#2396=CARTESIAN_POINT('Origin',(12.5000008149072,-83.4999997019768,42.5));
#2397=CARTESIAN_POINT('',(40.0000008149071,-83.4999997019768,50.5));
#2398=CARTESIAN_POINT('',(30.0000008149072,-83.4999997019768,50.5));
#2399=CARTESIAN_POINT('',(43.4641024300449,-83.4999997019768,48.5));
#2400=CARTESIAN_POINT('Origin',(40.0000008149071,-83.4999997019768,46.5));
#2401=CARTESIAN_POINT('',(40.8660262186916,-83.4999997019768,44.));
#2402=CARTESIAN_POINT('Origin',(40.8660262186916,-83.4999997019768,47.));
#2403=CARTESIAN_POINT('',(41.2500007341149,-83.4999997019768,44.));
#2404=CARTESIAN_POINT('',(41.7500008149072,-83.4999997019768,47.5));
#2405=CARTESIAN_POINT('Origin',(40.0000008149072,-83.4999997019768,47.5));
#2406=CARTESIAN_POINT('Origin',(30.0000008149072,-85.,42.5));
#2407=CARTESIAN_POINT('',(30.0000008149072,-90.,42.5));
#2408=CARTESIAN_POINT('',(30.0000008149072,-90.,42.5));
#2409=CARTESIAN_POINT('',(30.0000008149072,-80.,42.5));
#2410=CARTESIAN_POINT('',(30.0000008149072,-85.,42.5));
#2411=CARTESIAN_POINT('',(31.974342585463,-80.,42.5));
#2412=CARTESIAN_POINT('',(30.0000008149072,-80.,42.5));
#2413=CARTESIAN_POINT('',(31.974342585463,-85.,42.5));
#2414=CARTESIAN_POINT('Origin',(31.974342585463,-85.,43.5));
#2415=CARTESIAN_POINT('',(32.9730267953758,-80.,43.5512820521319));
#2416=CARTESIAN_POINT('Origin',(31.974342585463,-80.,43.5));
#2417=CARTESIAN_POINT('',(32.9730267953758,-85.,43.5512820521319));
#2418=CARTESIAN_POINT('Origin',(12.5000001862645,-80.,52.7499998384156));
#2419=CARTESIAN_POINT('',(-4.99999918509285,-80.,42.5));
#2420=CARTESIAN_POINT('Origin',(12.5000008149072,-80.,42.5));
#2421=CARTESIAN_POINT('',(-12.9999991850929,-80.,42.5));
#2422=CARTESIAN_POINT('',(-4.99999918509285,-80.,42.5));
#2423=CARTESIAN_POINT('',(-12.9999991850929,-80.,45.5));
#2424=CARTESIAN_POINT('',(-12.9999991850929,-80.,42.5));
#2425=CARTESIAN_POINT('',(-7.7792986490802,-80.,45.5));
#2426=CARTESIAN_POINT('',(-4.99999918509285,-80.,45.5));
#2427=CARTESIAN_POINT('Origin',(12.5000008149072,-80.,42.5));
#2428=CARTESIAN_POINT('Origin',(40.8660262186916,-85.7499999254942,47.));
#2429=CARTESIAN_POINT('',(43.4641024300449,-86.5,48.5));
#2430=CARTESIAN_POINT('',(43.4641024300449,-85.7499999254942,48.5));
#2431=CARTESIAN_POINT('',(40.8660262186916,-86.5,44.));
#2432=CARTESIAN_POINT('Origin',(40.8660262186916,-86.5,47.));
#2433=CARTESIAN_POINT('',(40.8660262186916,-85.7499999254942,44.));
#2434=CARTESIAN_POINT('Origin',(38.5000006533227,-84.9999998509884,44.));
#2435=CARTESIAN_POINT('',(34.2500007341149,-86.5,44.));
#2436=CARTESIAN_POINT('Origin',(30.0000008149072,-86.5,42.5));
#2437=CARTESIAN_POINT('',(40.0000008149071,-86.5,50.5));
#2438=CARTESIAN_POINT('Origin',(40.0000008149071,-86.5,46.5));
#2439=CARTESIAN_POINT('',(31.374586552085,-86.5,50.5));
#2440=CARTESIAN_POINT('',(44.0000008149072,-86.5,50.5));
#2441=CARTESIAN_POINT('Origin',(12.5000008149072,-86.5,42.5));
#2442=CARTESIAN_POINT('',(41.7500008149072,-86.5,47.5));
#2443=CARTESIAN_POINT('Origin',(40.0000008149072,-86.5,47.5));
#2444=CARTESIAN_POINT('Origin',(40.0000008149072,-83.4999997019768,47.5));
#2445=CARTESIAN_POINT('',(41.7500008149072,-83.4999997019768,47.5));
#2446=CARTESIAN_POINT('Origin',(40.0000008149071,-85.7499999254942,46.5));
#2447=CARTESIAN_POINT('',(40.0000008149071,-85.7499999254942,50.5));
#2448=CARTESIAN_POINT('Origin',(37.0000008149072,-84.9999998509884,50.5));
#2449=CARTESIAN_POINT('',(31.374586552085,-85.,50.5));
#2450=CARTESIAN_POINT('Origin',(-11.4999991850929,-85.,45.5));
#2451=CARTESIAN_POINT('',(-7.7792986490802,-90.,45.5));
#2452=CARTESIAN_POINT('',(-7.7792986490802,-85.,45.5));
#2453=CARTESIAN_POINT('',(-12.9999991850929,-90.,45.5));
#2454=CARTESIAN_POINT('Origin',(-12.9999991850929,-85.,45.5));
#2455=CARTESIAN_POINT('',(-12.9999991850929,-90.,45.5));
#2456=CARTESIAN_POINT('',(-14.7499991850929,-85.,45.5));
#2457=CARTESIAN_POINT('Origin',(-12.9999991850929,-85.,45.5));
#2458=CARTESIAN_POINT('Origin',(-12.9999991850929,-85.,42.5));
#2459=CARTESIAN_POINT('',(-14.7499991850929,-85.,42.5));
#2460=CARTESIAN_POINT('',(-14.7499991850929,-85.,42.5));
#2461=CARTESIAN_POINT('Origin',(-12.9999991850929,-85.,42.5));
#2462=CARTESIAN_POINT('Origin',(-12.9999991850929,-85.,42.5));
#2463=CARTESIAN_POINT('',(-12.9999991850929,-90.,42.5));
#2464=CARTESIAN_POINT('Origin',(-12.9999991850929,-85.,42.5));
#2465=CARTESIAN_POINT('',(-12.9999991850929,-90.,42.5));
#2466=CARTESIAN_POINT('Origin',(12.5000001862645,-90.,52.7499998384156));
#2467=CARTESIAN_POINT('Origin',(12.5000008149072,-90.,42.5));
#2468=CARTESIAN_POINT('',(-4.99999918509285,-90.,42.5));
#2469=CARTESIAN_POINT('',(-12.9999991850929,-90.,42.5));
#2470=CARTESIAN_POINT('Origin',(12.5000008149072,-90.,42.5));
#2471=CARTESIAN_POINT('Origin',(12.5000008149072,-85.,42.5));
#2472=CARTESIAN_POINT('',(-4.99999918509285,-85.,42.5));
#2473=CARTESIAN_POINT('Origin',(-7.99999886192401,-85.,42.5));
#2474=CARTESIAN_POINT('Origin',(12.5000008149072,-85.,42.5));
#2475=CARTESIAN_POINT('Origin',(7.5,13.,-45.5));
#2476=CARTESIAN_POINT('',(20.,26.,-45.5));
#2477=CARTESIAN_POINT('',(7.5,26.,-33.));
#2478=CARTESIAN_POINT('Origin',(7.5,26.,-45.5));
#2479=CARTESIAN_POINT('',(7.5,50.,-33.));
#2480=CARTESIAN_POINT('',(7.5,13.,-33.));
#2481=CARTESIAN_POINT('',(20.,50.,-45.5));
#2482=CARTESIAN_POINT('Origin',(7.5,50.,-45.5));
#2483=CARTESIAN_POINT('',(20.,13.,-45.5));
#2484=CARTESIAN_POINT('Origin',(25.,0.,-33.));
#2485=CARTESIAN_POINT('',(25.,26.,-33.));
#2486=CARTESIAN_POINT('',(25.,26.,-33.));
#2487=CARTESIAN_POINT('',(25.,0.,-33.));
#2488=CARTESIAN_POINT('',(25.,0.,-33.));
#2489=CARTESIAN_POINT('',(-6.16297582203915E-32,0.,-33.));
#2490=CARTESIAN_POINT('',(25.,0.,-33.));
#2491=CARTESIAN_POINT('',(0.,50.,-33.));
#2492=CARTESIAN_POINT('',(-6.16297582203915E-32,0.,-33.));
#2493=CARTESIAN_POINT('',(25.,50.,-33.));
#2494=CARTESIAN_POINT('Origin',(20.,38.,-81.));
#2495=CARTESIAN_POINT('',(25.,26.,-81.0017601356474));
#2496=CARTESIAN_POINT('',(25.,50.,-81.0000012069941));
#2497=CARTESIAN_POINT('Origin',(25.,38.,-81.));
#2498=CARTESIAN_POINT('',(20.,26.0000003873734,-81.0017601356474));
#2499=CARTESIAN_POINT('',(20.,26.0000003873734,-81.0017601356474));
#2500=CARTESIAN_POINT('',(20.,50.,-81.0000012069941));
#2501=CARTESIAN_POINT('Origin',(20.,38.,-81.));
#2502=CARTESIAN_POINT('',(20.,50.,-81.0000012069941));
#2503=CARTESIAN_POINT('Origin',(20.,38.,-81.));
#2504=CARTESIAN_POINT('',(20.,38.,-83.75));
#2505=CARTESIAN_POINT('Origin',(20.,38.,-81.));
#2506=CARTESIAN_POINT('',(25.,38.,-83.75));
#2507=CARTESIAN_POINT('',(20.,38.,-83.75));
#2508=CARTESIAN_POINT('Origin',(25.,38.,-81.));
#2509=CARTESIAN_POINT('Origin',(12.5,50.,-16.5));
#2510=CARTESIAN_POINT('',(20.,50.,-33.));
#2511=CARTESIAN_POINT('',(0.,50.,0.));
#2512=CARTESIAN_POINT('',(-6.16297582203915E-32,50.,-33.));
#2513=CARTESIAN_POINT('',(2.5,50.,0.));
#2514=CARTESIAN_POINT('',(0.,50.,0.));
#2515=CARTESIAN_POINT('',(9.,50.,6.5));
#2516=CARTESIAN_POINT('Origin',(2.5,50.,6.5));
#2517=CARTESIAN_POINT('',(9.,50.,25.));
#2518=CARTESIAN_POINT('',(9.,50.,0.));
#2519=CARTESIAN_POINT('',(16.,50.,25.));
#2520=CARTESIAN_POINT('',(16.,50.,25.));
#2521=CARTESIAN_POINT('',(16.,50.,6.5));
#2522=CARTESIAN_POINT('',(16.,50.,0.));
#2523=CARTESIAN_POINT('',(22.5,50.,0.));
#2524=CARTESIAN_POINT('Origin',(22.5,50.,6.5));
#2525=CARTESIAN_POINT('',(25.,50.,0.));
#2526=CARTESIAN_POINT('',(0.,50.,0.));
#2527=CARTESIAN_POINT('',(25.,50.,0.));
#2528=CARTESIAN_POINT('',(4.96620240510748,50.,-17.5));
#2529=CARTESIAN_POINT('Origin',(11.9662024051075,50.,-17.5));
#2530=CARTESIAN_POINT('Origin',(20.,26.,-33.));
#2531=CARTESIAN_POINT('',(20.,26.,-33.));
#2532=CARTESIAN_POINT('Origin',(25.,26.,-33.));
#2533=CARTESIAN_POINT('',(25.,26.,-33.));
#2534=CARTESIAN_POINT('Origin',(36.0000008149072,-82.9999997019768,42.5));
#2535=CARTESIAN_POINT('',(36.0000008149072,-82.9999997019768,46.5));
#2536=CARTESIAN_POINT('',(44.0000008149072,-82.9999997019768,46.5));
#2537=CARTESIAN_POINT('Origin',(40.0000008149072,-82.9999997019768,46.5));
#2538=CARTESIAN_POINT('',(36.0000008149072,-82.9999997019768,42.5));
#2539=CARTESIAN_POINT('',(36.0000008149072,-82.9999997019768,42.5));
#2540=CARTESIAN_POINT('',(44.0000008149072,-82.9999997019768,42.5));
#2541=CARTESIAN_POINT('',(34.5000008149072,-82.9999997019768,42.5));
#2542=CARTESIAN_POINT('',(44.0000008149072,-82.9999997019768,42.5));
#2543=CARTESIAN_POINT('',(41.7500008149072,-82.9999997019768,47.5));
#2544=CARTESIAN_POINT('Origin',(40.0000008149072,-82.9999997019768,47.5));
#2545=CARTESIAN_POINT('Origin',(12.5,-90.,25.));
#2546=CARTESIAN_POINT('',(36.0000008149072,-90.,46.5));
#2547=CARTESIAN_POINT('',(44.0000008149072,-90.,46.5));
#2548=CARTESIAN_POINT('Origin',(40.0000008149072,-90.,46.5));
#2549=CARTESIAN_POINT('',(36.0000008149072,-90.,42.5));
#2550=CARTESIAN_POINT('',(36.0000008149072,-90.,42.5));
#2551=CARTESIAN_POINT('',(30.0000008149072,-90.,42.5));
#2552=CARTESIAN_POINT('',(30.0000008149072,-90.,42.5));
#2553=CARTESIAN_POINT('',(-4.99999918509285,-90.,42.5));
#2554=CARTESIAN_POINT('Origin',(12.5000008149071,-90.,42.5));
#2555=CARTESIAN_POINT('',(-12.9999991850929,-90.,42.5));
#2556=CARTESIAN_POINT('',(33.0000008149072,-90.,42.5));
#2557=CARTESIAN_POINT('',(-12.9999991850929,-90.,39.5));
#2558=CARTESIAN_POINT('',(-12.9999991850929,-90.,42.5));
#2559=CARTESIAN_POINT('',(-7.77929897576611,-90.,39.5));
#2560=CARTESIAN_POINT('',(-4.99999918509285,-90.,39.5));
#2561=CARTESIAN_POINT('',(10.,-90.,22.1530101507505));
#2562=CARTESIAN_POINT('Origin',(12.5000008149071,-90.,42.5));
#2563=CARTESIAN_POINT('',(10.,-90.,15.));
#2564=CARTESIAN_POINT('',(10.,-90.,25.));
#2565=CARTESIAN_POINT('',(15.,-90.,15.));
#2566=CARTESIAN_POINT('',(12.5,-90.,15.));
#2567=CARTESIAN_POINT('',(15.,-90.,22.1530099504979));
#2568=CARTESIAN_POINT('',(15.,-90.,25.));
#2569=CARTESIAN_POINT('',(32.7793006055804,-90.,39.5));
#2570=CARTESIAN_POINT('Origin',(12.5000008149071,-90.,42.5));
#2571=CARTESIAN_POINT('',(44.0000008149072,-90.,39.5));
#2572=CARTESIAN_POINT('',(30.0000008149072,-90.,39.5));
#2573=CARTESIAN_POINT('',(44.0000008149072,-90.,42.5));
#2574=CARTESIAN_POINT('',(41.7500008149072,-90.,47.5));
#2575=CARTESIAN_POINT('Origin',(40.0000008149072,-90.,47.5));
#2576=CARTESIAN_POINT('Origin',(40.0000008149072,-80.7499997019768,46.5));
#2577=CARTESIAN_POINT('',(44.0000008149072,-79.9999997019768,46.5));
#2578=CARTESIAN_POINT('',(44.0000008149072,-80.7499997019768,46.5));
#2579=CARTESIAN_POINT('',(36.0000008149072,-79.9999997019768,46.5));
#2580=CARTESIAN_POINT('Origin',(40.0000008149072,-80.,46.5));
#2581=CARTESIAN_POINT('',(36.0000008149072,-80.7499997019768,46.5));
#2582=CARTESIAN_POINT('Origin',(40.0000008149072,-87.75,46.5));
#2583=CARTESIAN_POINT('',(44.0000008149072,-87.,46.5));
#2584=CARTESIAN_POINT('',(44.0000008149072,-84.2499998509884,46.5));
#2585=CARTESIAN_POINT('',(36.0000008149072,-87.,46.5));
#2586=CARTESIAN_POINT('Origin',(40.0000008149072,-87.,46.5));
#2587=CARTESIAN_POINT('',(36.0000008149072,-87.75,46.5));
#2588=CARTESIAN_POINT('Origin',(36.0000008149072,-87.,42.5));
#2589=CARTESIAN_POINT('',(36.0000008149072,-87.,42.5));
#2590=CARTESIAN_POINT('',(36.0000008149072,-87.,42.5));
#2591=CARTESIAN_POINT('',(36.0000008149072,-83.5,42.5));
#2592=CARTESIAN_POINT('Origin',(40.0000008149072,-80.,47.5));
#2593=CARTESIAN_POINT('',(41.7500008149072,-87.,47.5));
#2594=CARTESIAN_POINT('Origin',(40.0000008149072,-87.,47.5));
#2595=CARTESIAN_POINT('',(41.7500008149072,-80.,47.5));
#2596=CARTESIAN_POINT('Origin',(40.0000008149072,-80.,47.5));
#2597=CARTESIAN_POINT('',(41.7500008149072,-80.,47.5));
#2598=CARTESIAN_POINT('Origin',(40.0000008149072,-80.,47.5));
#2599=CARTESIAN_POINT('',(41.7500008149072,-80.,47.5));
#2600=CARTESIAN_POINT('Origin',(36.0000008149072,-79.9999997019768,42.5));
#2601=CARTESIAN_POINT('',(36.0000008149072,-79.9999997019768,42.5));
#2602=CARTESIAN_POINT('',(36.0000008149072,-79.9999997019768,42.5));
#2603=CARTESIAN_POINT('',(36.0000008149072,-79.9999998509884,42.5));
#2604=CARTESIAN_POINT('Origin',(44.0000008149072,-87.,42.5));
#2605=CARTESIAN_POINT('',(44.0000008149072,-87.,42.5));
#2606=CARTESIAN_POINT('',(44.0000008149072,-87.,42.5));
#2607=CARTESIAN_POINT('',(38.5000008149072,-87.,42.5));
#2608=CARTESIAN_POINT('Origin',(33.0000008149072,-80.,42.5));
#2609=CARTESIAN_POINT('',(30.0000008149072,-80.,42.5));
#2610=CARTESIAN_POINT('',(44.0000008149072,-79.9999997019768,42.5));
#2611=CARTESIAN_POINT('',(30.0000008149072,-80.,42.5));
#2612=CARTESIAN_POINT('',(44.0000008149072,-90.,42.5));
#2613=CARTESIAN_POINT('Origin',(37.0000008149072,-84.9999998509884,39.5));
#2614=CARTESIAN_POINT('',(32.7793006055804,-79.9999997019768,39.5));
#2615=CARTESIAN_POINT('',(32.7793006055804,-80.,39.5));
#2616=CARTESIAN_POINT('',(44.0000008149072,-79.9999997019768,39.5));
#2617=CARTESIAN_POINT('',(44.0000008149072,-79.9999997019768,39.5));
#2618=CARTESIAN_POINT('',(44.0000008149072,-90.,39.5));
#2619=CARTESIAN_POINT('Origin',(44.0000008149072,-79.9999997019768,42.5));
#2620=CARTESIAN_POINT('',(44.0000008149072,-79.9999997019768,42.5));
#2621=CARTESIAN_POINT('Origin',(-12.9999991850929,-85.,42.5));
#2622=CARTESIAN_POINT('',(-14.7499991850929,-85.,39.5));
#2623=CARTESIAN_POINT('Origin',(-12.9999991850929,-85.,39.5));
#2624=CARTESIAN_POINT('',(-14.7499991850929,-85.,42.5));
#2625=CARTESIAN_POINT('',(-14.7499991850929,-85.,42.5));
#2626=CARTESIAN_POINT('Origin',(-12.9999991850929,-85.,42.5));
#2627=CARTESIAN_POINT('Origin',(-12.9999991850929,-85.,42.5));
#2628=CARTESIAN_POINT('',(-12.9999991850929,-80.,42.5));
#2629=CARTESIAN_POINT('Origin',(-12.9999991850929,-85.,42.5));
#2630=CARTESIAN_POINT('',(-12.9999991850929,-80.,39.5));
#2631=CARTESIAN_POINT('',(-12.9999991850929,-80.,42.5));
#2632=CARTESIAN_POINT('Origin',(-12.9999991850929,-85.,39.5));
#2633=CARTESIAN_POINT('Origin',(-11.4999991850929,-85.,39.5));
#2634=CARTESIAN_POINT('',(-7.77929897576611,-80.,39.5));
#2635=CARTESIAN_POINT('',(-7.77929897576611,-80.,39.5));
#2636=CARTESIAN_POINT('',(-12.9999991850929,-80.,39.5));
#2637=CARTESIAN_POINT('Origin',(12.5000008149071,-80.,42.5));
#2638=CARTESIAN_POINT('',(10.,-80.,22.1530101507505));
#2639=CARTESIAN_POINT('Origin',(12.5000008149071,-80.,42.5));
#2640=CARTESIAN_POINT('',(10.,-80.,22.1530101507505));
#2641=CARTESIAN_POINT('Origin',(12.5000008149071,-80.,42.5));
#2642=CARTESIAN_POINT('',(12.5000008149071,-80.,25.));
#2643=CARTESIAN_POINT('',(-4.99999918509285,-80.,42.5));
#2644=CARTESIAN_POINT('Origin',(12.5000008149071,-80.,42.5));
#2645=CARTESIAN_POINT('',(-4.99999918509285,-80.,42.5));
#2646=CARTESIAN_POINT('Origin',(12.5000008149071,-80.,42.5));
#2647=CARTESIAN_POINT('Origin',(12.5000008149071,-80.,32.25));
#2648=CARTESIAN_POINT('',(10.,-80.,25.));
#2649=CARTESIAN_POINT('',(12.5000004074536,-80.,25.));
#2650=CARTESIAN_POINT('',(10.,-80.,22.375));
#2651=CARTESIAN_POINT('',(33.0000008149072,-80.,42.5));
#2652=CARTESIAN_POINT('Origin',(-4.99999918509285,-80.,42.5));
#2653=CARTESIAN_POINT('Origin',(12.5000008149071,-80.,42.5));
#2654=CARTESIAN_POINT('',(15.,-80.,22.1530099504979));
#2655=CARTESIAN_POINT('',(15.,-80.,22.1530099504979));
#2656=CARTESIAN_POINT('Origin',(12.5000008149071,-80.,42.5));
#2657=CARTESIAN_POINT('Origin',(12.5000008149071,-80.,32.25));
#2658=CARTESIAN_POINT('',(15.,-80.,25.));
#2659=CARTESIAN_POINT('',(15.,-80.,22.375));
#2660=CARTESIAN_POINT('',(12.5000004074536,-80.,25.));
#2661=CARTESIAN_POINT('Origin',(15.,-45.,12.5));
#2662=CARTESIAN_POINT('',(15.,-34.6265793863619,5.77109656439365));
#2663=CARTESIAN_POINT('',(15.,-90.,15.));
#2664=CARTESIAN_POINT('',(15.,-34.6265793863619,25.));
#2665=CARTESIAN_POINT('',(15.,-34.6265793863619,0.));
#2666=CARTESIAN_POINT('',(15.,3.4972024612444E-15,25.));
#2667=CARTESIAN_POINT('Origin',(22.5,1.4166445794217E-14,6.5));
#2668=CARTESIAN_POINT('',(16.,0.,6.5));
#2669=CARTESIAN_POINT('',(22.5,0.,0.));
#2670=CARTESIAN_POINT('Origin',(22.5,9.76996261670138E-15,6.5));
#2671=CARTESIAN_POINT('',(22.5,1.4166445794217E-14,0.));
#2672=CARTESIAN_POINT('',(16.,7.8159700933611E-15,6.5));
#2673=CARTESIAN_POINT('Origin',(16.,0.,0.));
#2674=CARTESIAN_POINT('',(16.,20.,25.));
#2675=CARTESIAN_POINT('',(16.,0.,25.));
#2676=CARTESIAN_POINT('',(16.,20.,22.3009899820721));
#2677=CARTESIAN_POINT('',(16.,20.,16.125));
#2678=CARTESIAN_POINT('',(16.,10.,22.3009899820721));
#2679=CARTESIAN_POINT('',(16.,20.,22.3009899820721));
#2680=CARTESIAN_POINT('',(16.,10.,25.));
#2681=CARTESIAN_POINT('',(16.,10.,16.125));
#2682=CARTESIAN_POINT('',(16.,0.,25.));
#2683=CARTESIAN_POINT('',(16.,0.,25.));
#2684=CARTESIAN_POINT('',(16.,0.,0.));
#2685=CARTESIAN_POINT('Origin',(2.5,25.,6.5));
#2686=CARTESIAN_POINT('',(9.,0.,6.5));
#2687=CARTESIAN_POINT('',(2.5,0.,0.));
#2688=CARTESIAN_POINT('Origin',(2.5,0.,6.5));
#2689=CARTESIAN_POINT('',(9.,25.,6.5));
#2690=CARTESIAN_POINT('',(2.5,25.,0.));
#2691=CARTESIAN_POINT('Origin',(9.,50.,0.));
#2692=CARTESIAN_POINT('',(9.,0.,25.));
#2693=CARTESIAN_POINT('',(9.,0.,0.));
#2694=CARTESIAN_POINT('',(9.,10.,25.));
#2695=CARTESIAN_POINT('',(9.,50.,25.));
#2696=CARTESIAN_POINT('',(9.,10.,22.3009902644796));
#2697=CARTESIAN_POINT('',(9.,10.,16.125));
#2698=CARTESIAN_POINT('',(9.,20.,22.3009902644796));
#2699=CARTESIAN_POINT('',(9.,20.,22.3009902644796));
#2700=CARTESIAN_POINT('',(9.,20.,25.));
#2701=CARTESIAN_POINT('',(9.,20.,16.125));
#2702=CARTESIAN_POINT('',(9.,50.,25.));
#2703=CARTESIAN_POINT('Origin',(615.,-34.6265793863619,0.));
#2704=CARTESIAN_POINT('Origin',(615.,-34.6265793863619,25.));
#2705=CARTESIAN_POINT('',(16.,0.,0.));
#2706=CARTESIAN_POINT('Origin',(615.,-34.6265793863619,5.77109656439366));
#2707=CARTESIAN_POINT('',(16.,0.,0.));
#2708=CARTESIAN_POINT('Origin',(-590.,-34.6265793863619,0.));
#2709=CARTESIAN_POINT('',(9.,0.,0.));
#2710=CARTESIAN_POINT('',(10.,-34.6265793863619,5.77109656439365));
#2711=CARTESIAN_POINT('Origin',(-590.,-34.6265793863619,5.77109656439366));
#2712=CARTESIAN_POINT('',(10.,-34.6265793863619,25.));
#2713=CARTESIAN_POINT('',(10.,-34.6265793863619,0.));
#2714=CARTESIAN_POINT('Origin',(-590.,-34.6265793863619,25.));
#2715=CARTESIAN_POINT('',(9.,0.,0.));
#2716=CARTESIAN_POINT('Origin',(12.5,0.,-16.5));
#2717=CARTESIAN_POINT('',(12.5,-8.88178419700125E-15,-1.11022302462516E-15));
#2718=CARTESIAN_POINT('',(-6.84227765783602E-48,0.,0.));
#2719=CARTESIAN_POINT('',(0.,0.,0.));
#2720=CARTESIAN_POINT('',(-6.16297582203915E-32,0.,-33.));
#2721=CARTESIAN_POINT('',(25.,0.,0.));
#2722=CARTESIAN_POINT('',(25.,0.,0.));
#2723=CARTESIAN_POINT('',(0.,0.,0.));
#2724=CARTESIAN_POINT('',(4.96620240510748,0.,-17.5));
#2725=CARTESIAN_POINT('Origin',(11.9662024051075,0.,-17.5));
#2726=CARTESIAN_POINT('Origin',(36.0000008149072,17.0000002980232,42.5));
#2727=CARTESIAN_POINT('',(36.0000008149072,17.0000002980232,46.5));
#2728=CARTESIAN_POINT('',(44.0000008149072,17.0000002980232,46.5));
#2729=CARTESIAN_POINT('Origin',(40.0000008149072,17.0000002980232,46.5));
#2730=CARTESIAN_POINT('',(36.0000008149072,17.0000002980232,42.5));
#2731=CARTESIAN_POINT('',(36.0000008149072,17.0000002980232,42.5));
#2732=CARTESIAN_POINT('',(44.0000008149072,17.0000002980232,42.5));
#2733=CARTESIAN_POINT('',(34.5000008149072,17.0000002980232,42.5));
#2734=CARTESIAN_POINT('',(44.0000008149072,17.0000002980232,42.5));
#2735=CARTESIAN_POINT('',(41.7500008149072,17.0000002980232,47.5));
#2736=CARTESIAN_POINT('Origin',(40.0000008149072,17.0000002980232,47.5));
#2737=CARTESIAN_POINT('Origin',(12.5000008149071,10.,32.25));
#2738=CARTESIAN_POINT('',(36.0000008149072,10.,46.5));
#2739=CARTESIAN_POINT('',(44.0000008149072,10.,46.5));
#2740=CARTESIAN_POINT('Origin',(40.0000008149072,10.,46.5));
#2741=CARTESIAN_POINT('',(36.0000008149072,10.,42.5));
#2742=CARTESIAN_POINT('',(36.0000008149072,10.,42.5));
#2743=CARTESIAN_POINT('',(30.0000008149072,10.,42.5));
#2744=CARTESIAN_POINT('',(30.0000008149072,10.,42.5));
#2745=CARTESIAN_POINT('',(12.5000008149071,10.,25.));
#2746=CARTESIAN_POINT('Origin',(12.5000008149071,10.,42.5));
#2747=CARTESIAN_POINT('',(12.5000004074536,10.,25.));
#2748=CARTESIAN_POINT('',(32.7793006055804,10.,39.5));
#2749=CARTESIAN_POINT('Origin',(12.5000008149071,10.,42.5));
#2750=CARTESIAN_POINT('',(44.0000008149072,10.,39.5));
#2751=CARTESIAN_POINT('',(30.0000008149072,10.,39.5));
#2752=CARTESIAN_POINT('',(44.0000008149072,10.,42.5));
#2753=CARTESIAN_POINT('',(41.7500008149072,10.,47.5));
#2754=CARTESIAN_POINT('Origin',(40.0000008149072,10.,47.5));
#2755=CARTESIAN_POINT('Origin',(40.0000008149072,19.2500002980232,46.5));
#2756=CARTESIAN_POINT('',(44.0000008149072,20.0000002980232,46.5));
#2757=CARTESIAN_POINT('',(44.0000008149072,19.2500002980232,46.5));
#2758=CARTESIAN_POINT('',(36.0000008149072,20.0000002980232,46.5));
#2759=CARTESIAN_POINT('Origin',(40.0000008149072,20.,46.5));
#2760=CARTESIAN_POINT('',(36.0000008149072,19.2500002980232,46.5));
#2761=CARTESIAN_POINT('Origin',(40.0000008149072,12.25,46.5));
#2762=CARTESIAN_POINT('',(44.0000008149072,13.,46.5));
#2763=CARTESIAN_POINT('',(44.0000008149072,15.7500001490116,46.5));
#2764=CARTESIAN_POINT('',(36.0000008149072,13.,46.5));
#2765=CARTESIAN_POINT('Origin',(40.0000008149072,13.,46.5));
#2766=CARTESIAN_POINT('',(36.0000008149072,12.25,46.5));
#2767=CARTESIAN_POINT('Origin',(36.0000008149072,13.,42.5));
#2768=CARTESIAN_POINT('',(36.0000008149072,13.,42.5));
#2769=CARTESIAN_POINT('',(36.0000008149072,13.,42.5));
#2770=CARTESIAN_POINT('',(36.0000008149072,16.5,42.5));
#2771=CARTESIAN_POINT('Origin',(40.0000008149072,20.,47.5));
#2772=CARTESIAN_POINT('',(41.7500008149072,13.,47.5));
#2773=CARTESIAN_POINT('Origin',(40.0000008149072,13.,47.5));
#2774=CARTESIAN_POINT('',(41.7500008149072,20.,47.5));
#2775=CARTESIAN_POINT('Origin',(40.0000008149072,20.,47.5));
#2776=CARTESIAN_POINT('',(41.7500008149072,20.,47.5));
#2777=CARTESIAN_POINT('Origin',(40.0000008149072,20.,47.5));
#2778=CARTESIAN_POINT('',(41.7500008149072,20.,47.5));
#2779=CARTESIAN_POINT('Origin',(36.0000008149072,20.0000002980232,42.5));
#2780=CARTESIAN_POINT('',(36.0000008149072,20.0000002980232,42.5));
#2781=CARTESIAN_POINT('',(36.0000008149072,20.0000002980232,42.5));
#2782=CARTESIAN_POINT('',(36.0000008149072,20.0000001490116,42.5));
#2783=CARTESIAN_POINT('Origin',(44.0000008149072,13.,42.5));
#2784=CARTESIAN_POINT('',(44.0000008149072,13.,42.5));
#2785=CARTESIAN_POINT('',(44.0000008149072,13.,42.5));
#2786=CARTESIAN_POINT('',(38.5000008149072,13.,42.5));
#2787=CARTESIAN_POINT('Origin',(33.0000008149072,20.,42.5));
#2788=CARTESIAN_POINT('',(30.0000008149072,20.,42.5));
#2789=CARTESIAN_POINT('',(44.0000008149072,20.0000002980232,42.5));
#2790=CARTESIAN_POINT('',(30.0000008149072,20.,42.5));
#2791=CARTESIAN_POINT('',(44.0000008149072,10.,42.5));
#2792=CARTESIAN_POINT('Origin',(37.0000008149072,15.0000001490116,39.5));
#2793=CARTESIAN_POINT('',(32.7793006055804,20.0000002980232,39.5));
#2794=CARTESIAN_POINT('',(32.7793006055804,20.,39.5));
#2795=CARTESIAN_POINT('',(44.0000008149072,20.0000002980232,39.5));
#2796=CARTESIAN_POINT('',(44.0000008149072,20.0000002980232,39.5));
#2797=CARTESIAN_POINT('',(44.0000008149072,10.,39.5));
#2798=CARTESIAN_POINT('Origin',(44.0000008149072,20.0000002980232,42.5));
#2799=CARTESIAN_POINT('',(44.0000008149072,20.0000002980232,42.5));
#2800=CARTESIAN_POINT('Origin',(12.5000008149071,20.,32.25));
#2801=CARTESIAN_POINT('Origin',(12.5000008149071,20.,42.5));
#2802=CARTESIAN_POINT('',(12.5000008149071,20.,25.));
#2803=CARTESIAN_POINT('',(12.5000004074536,20.,25.));
#2804=CARTESIAN_POINT('Origin',(12.5000008149071,20.,42.5));
#2805=CARTESIAN_POINT('Origin',(-11.4999991850929,15.,39.5));
#2806=CARTESIAN_POINT('',(-7.77929897576611,10.,39.5));
#2807=CARTESIAN_POINT('',(-7.77929897576611,20.,39.5));
#2808=CARTESIAN_POINT('',(-7.77929897576611,20.,39.5));
#2809=CARTESIAN_POINT('',(-12.9999991850929,10.,39.5));
#2810=CARTESIAN_POINT('',(-4.99999918509285,10.,39.5));
#2811=CARTESIAN_POINT('',(-12.9999991850929,20.,39.5));
#2812=CARTESIAN_POINT('Origin',(-12.9999991850929,15.,39.5));
#2813=CARTESIAN_POINT('',(-12.9999991850929,20.,39.5));
#2814=CARTESIAN_POINT('',(-14.7499991850929,15.,39.5));
#2815=CARTESIAN_POINT('Origin',(-12.9999991850929,15.,39.5));
#2816=CARTESIAN_POINT('Origin',(-12.9999991850929,15.,42.5));
#2817=CARTESIAN_POINT('',(-14.7499991850929,15.,42.5));
#2818=CARTESIAN_POINT('',(-14.7499991850929,15.,42.5));
#2819=CARTESIAN_POINT('Origin',(-12.9999991850929,15.,42.5));
#2820=CARTESIAN_POINT('Origin',(-12.9999991850929,15.,42.5));
#2821=CARTESIAN_POINT('',(-12.9999991850929,20.,42.5));
#2822=CARTESIAN_POINT('',(-12.9999991850929,10.,42.5));
#2823=CARTESIAN_POINT('Origin',(-12.9999991850929,15.,42.5));
#2824=CARTESIAN_POINT('',(-12.9999991850929,20.,42.5));
#2825=CARTESIAN_POINT('',(-12.9999991850929,10.,42.5));
#2826=CARTESIAN_POINT('Origin',(12.5000008149071,20.,32.25));
#2827=CARTESIAN_POINT('',(-4.99999918509285,20.,42.5));
#2828=CARTESIAN_POINT('',(33.0000008149072,20.,42.5));
#2829=CARTESIAN_POINT('Origin',(12.5000008149071,20.,42.5));
#2830=CARTESIAN_POINT('',(12.5000004074536,20.,25.));
#2831=CARTESIAN_POINT('Origin',(12.5000008149071,20.,42.5));
#2832=CARTESIAN_POINT('Origin',(12.5000008149071,20.,42.5));
#2833=CARTESIAN_POINT('',(-4.99999918509285,10.,42.5));
#2834=CARTESIAN_POINT('',(-4.99999918509285,20.,42.5));
#2835=CARTESIAN_POINT('Origin',(12.5000008149071,10.,42.5));
#2836=CARTESIAN_POINT('Origin',(12.5000008149071,10.,32.25));
#2837=CARTESIAN_POINT('Origin',(12.5000008149071,10.,42.5));
#2838=CARTESIAN_POINT('',(12.5000004074536,10.,25.));
#2839=CARTESIAN_POINT('',(33.0000008149072,10.,42.5));
#2840=CARTESIAN_POINT('Origin',(12.5000008149071,20.,42.5));
#2841=CARTESIAN_POINT('Origin',(-4.99999918509285,20.,42.5));
#2842=CARTESIAN_POINT('Origin',(12.5000008149071,20.,42.5));
#2843=CARTESIAN_POINT('Origin',(12.5,25.,25.));
#2844=CARTESIAN_POINT('Origin',(10.,-45.,12.5));
#2845=CARTESIAN_POINT('',(10.,3.4972024612444E-15,25.));
#2846=CARTESIAN_POINT('',(10.,-90.,15.));
#2847=CARTESIAN_POINT('Origin',(12.5,-90.,15.));
#2848=CARTESIAN_POINT('Origin',(12.5,25.,25.));
#2849=CARTESIAN_POINT('Origin',(0.,0.,0.));
#2850=CARTESIAN_POINT('',(-6.84227765783602E-48,0.,0.));
#2851=CARTESIAN_POINT('Origin',(0.,0.,0.));
#2852=CARTESIAN_POINT('',(25.,0.,0.));
#2853=CARTESIAN_POINT('Origin',(11.9662024051075,0.,-17.5));
#2854=CARTESIAN_POINT('',(4.96620240510748,0.,-17.5));
#2855=CARTESIAN_POINT('Origin',(25.,0.,0.));
#2856=CARTESIAN_POINT('Origin',(-6.16297582203915E-32,0.,-33.));
#2857=CARTESIAN_POINT('',(-1.44025416592974E-15,4.59625536413545E-17,1.65460093543013E-15));
#2858=UNCERTAINTY_MEASURE_WITH_UNIT(LENGTH_MEASURE(0.01),#2864,
'DISTANCE_ACCURACY_VALUE',
'Maximum model space distance between geometric entities at asserted c
onnectivities');
#2859=UNCERTAINTY_MEASURE_WITH_UNIT(LENGTH_MEASURE(0.01),#2864,
'DISTANCE_ACCURACY_VALUE',
'Maximum model space distance between geometric entities at asserted c
onnectivities');
#2860=UNCERTAINTY_MEASURE_WITH_UNIT(LENGTH_MEASURE(0.01),#2864,
'DISTANCE_ACCURACY_VALUE',
'Maximum model space distance between geometric entities at asserted c
onnectivities');
#2861=(
GEOMETRIC_REPRESENTATION_CONTEXT(3)
GLOBAL_UNCERTAINTY_ASSIGNED_CONTEXT((#2858))
GLOBAL_UNIT_ASSIGNED_CONTEXT((#2864,#2866,#2867))
REPRESENTATION_CONTEXT('','3D')
);
#2862=(
GEOMETRIC_REPRESENTATION_CONTEXT(3)
GLOBAL_UNCERTAINTY_ASSIGNED_CONTEXT((#2859))
GLOBAL_UNIT_ASSIGNED_CONTEXT((#2864,#2866,#2867))
REPRESENTATION_CONTEXT('','3D')
);
#2863=(
GEOMETRIC_REPRESENTATION_CONTEXT(3)
GLOBAL_UNCERTAINTY_ASSIGNED_CONTEXT((#2860))
GLOBAL_UNIT_ASSIGNED_CONTEXT((#2864,#2866,#2867))
REPRESENTATION_CONTEXT('','3D')
);
#2864=(
LENGTH_UNIT()
NAMED_UNIT(*)
SI_UNIT(.MILLI.,.METRE.)
);
#2865=(
LENGTH_UNIT()
NAMED_UNIT(*)
SI_UNIT($,.METRE.)
);
#2866=(
NAMED_UNIT(*)
PLANE_ANGLE_UNIT()
SI_UNIT($,.RADIAN.)
);
#2867=(
NAMED_UNIT(*)
SI_UNIT($,.STERADIAN.)
SOLID_ANGLE_UNIT()
);
#2868=SHAPE_DEFINITION_REPRESENTATION(#2870,#2873);
#2869=SHAPE_DEFINITION_REPRESENTATION(#2871,#2874);
#2870=PRODUCT_DEFINITION_SHAPE('',$,#2876);
#2871=PRODUCT_DEFINITION_SHAPE('',$,#2877);
#2872=PRODUCT_DEFINITION_SHAPE($,$,#14);
#2873=SHAPE_REPRESENTATION('',(#1709,#1873),#2861);
#2874=SHAPE_REPRESENTATION('',(#1710),#2862);
#2875=PRODUCT_DEFINITION_CONTEXT('part definition',#2883,'design');
#2876=PRODUCT_DEFINITION('Serpentine_Support_v1',
'Serpentine_Support_v1 v2',#2878,#2875);
#2877=PRODUCT_DEFINITION('Componente2','Componente2',#2879,#2875);
#2878=PRODUCT_DEFINITION_FORMATION('',$,#2885);
#2879=PRODUCT_DEFINITION_FORMATION('',$,#2886);
#2880=PRODUCT_RELATED_PRODUCT_CATEGORY('Serpentine_Support_v1 v2',
'Serpentine_Support_v1 v2',(#2885));
#2881=PRODUCT_RELATED_PRODUCT_CATEGORY('Componente2','Componente2',(#2886));
#2882=APPLICATION_PROTOCOL_DEFINITION('international standard',
'automotive_design',2009,#2883);
#2883=APPLICATION_CONTEXT(
'Core Data for Automotive Mechanical Design Process');
#2884=PRODUCT_CONTEXT('part definition',#2883,'mechanical');
#2885=PRODUCT('Serpentine_Support_v1','Serpentine_Support_v1 v2',$,(#2884));
#2886=PRODUCT('Componente2','Componente2',$,(#2884));
#2887=PRESENTATION_STYLE_ASSIGNMENT((#2888));
#2888=SURFACE_STYLE_USAGE(.BOTH.,#2889);
#2889=SURFACE_SIDE_STYLE('',(#2890));
#2890=SURFACE_STYLE_FILL_AREA(#2891);
#2891=FILL_AREA_STYLE('Steel - Satin',(#2892));
#2892=FILL_AREA_STYLE_COLOUR('Steel - Satin',#2893);
#2893=COLOUR_RGB('Steel - Satin',0.627450980392157,0.627450980392157,0.627450980392157);
ENDSEC;
END-ISO-10303-21;
