ISO-10303-21;
HEADER;
/* Generated by software containing ST-Developer
 * from STEP Tools, Inc. (www.steptools.com) 
 */

FILE_DESCRIPTION(
/* description */ (''),
/* implementation_level */ '2;1');

FILE_NAME(
/* name */ 'MainSupport.step',
/* time_stamp */ '2026-09-05T21:34:46-03:00',
/* author */ (''),
/* organization */ (''),
/* preprocessor_version */ 'ST-DEVELOPER v20.2',
/* originating_system */ 'Autodesk Translation Framework v15.15.0.0',
/* authorisation */ '');

FILE_SCHEMA (('AUTOMOTIVE_DESIGN { 1 0 10303 214 3 1 1 }'));
ENDSEC;

DATA;
#10=MECHANICAL_DESIGN_GEOMETRIC_PRESENTATION_REPRESENTATION('',(#13),#8264);
#11=SHAPE_REPRESENTATION_RELATIONSHIP('SRR','None',#8271,#12);
#12=ADVANCED_BREP_SHAPE_REPRESENTATION('',(#14),#8263);
#13=STYLED_ITEM('',(#8280),#14);
#14=MANIFOLD_SOLID_BREP('Corpo1',#5166);
#15=ELLIPSE('',#5389,1.4142135623731,1.);
#16=ELLIPSE('',#5391,1.41421356237308,1.);
#17=ELLIPSE('',#5419,1.41421356237311,1.);
#18=ELLIPSE('',#5420,1.41421356237309,1.);
#19=SPHERICAL_SURFACE('',#5382,1.);
#20=SPHERICAL_SURFACE('',#5392,0.999999999999996);
#21=SPHERICAL_SURFACE('',#5397,1.00000000000001);
#22=SPHERICAL_SURFACE('',#5404,1.);
#23=SPHERICAL_SURFACE('',#5408,1.);
#24=SPHERICAL_SURFACE('',#5414,1.00000000000001);
#25=CYLINDRICAL_SURFACE('',#5350,10.);
#26=CYLINDRICAL_SURFACE('',#5373,7.);
#27=CYLINDRICAL_SURFACE('',#5386,1.);
#28=CYLINDRICAL_SURFACE('',#5388,1.);
#29=CYLINDRICAL_SURFACE('',#5390,1.);
#30=CYLINDRICAL_SURFACE('',#5396,1.);
#31=CYLINDRICAL_SURFACE('',#5401,1.);
#32=CYLINDRICAL_SURFACE('',#5403,1.);
#33=CYLINDRICAL_SURFACE('',#5412,1.);
#34=CYLINDRICAL_SURFACE('',#5413,1.);
#35=CYLINDRICAL_SURFACE('',#5418,1.);
#36=CYLINDRICAL_SURFACE('',#5421,1.);
#37=CYLINDRICAL_SURFACE('',#5422,1.);
#38=CYLINDRICAL_SURFACE('',#5423,1.);
#39=CYLINDRICAL_SURFACE('',#5424,1.);
#40=CYLINDRICAL_SURFACE('',#5425,1.);
#41=CYLINDRICAL_SURFACE('',#5426,1.);
#42=CYLINDRICAL_SURFACE('',#5438,4.24999999999991);
#43=CYLINDRICAL_SURFACE('',#5466,11.1);
#44=CYLINDRICAL_SURFACE('',#5468,1.6);
#45=CYLINDRICAL_SURFACE('',#5470,1.6);
#46=CYLINDRICAL_SURFACE('',#5472,1.6);
#47=CYLINDRICAL_SURFACE('',#5474,1.6);
#48=CYLINDRICAL_SURFACE('',#5476,1.6);
#49=CYLINDRICAL_SURFACE('',#5478,11.1);
#50=CYLINDRICAL_SURFACE('',#5480,1.6);
#51=CYLINDRICAL_SURFACE('',#5482,1.6);
#52=CYLINDRICAL_SURFACE('',#5483,1.6);
#53=CYLINDRICAL_SURFACE('',#5485,6.55);
#54=CYLINDRICAL_SURFACE('',#5500,7.);
#55=CYLINDRICAL_SURFACE('',#5502,4.24999999999991);
#56=FACE_BOUND('',#608,.T.);
#57=FACE_BOUND('',#609,.T.);
#58=FACE_BOUND('',#610,.T.);
#59=FACE_BOUND('',#611,.T.);
#60=FACE_BOUND('',#612,.T.);
#61=FACE_BOUND('',#613,.T.);
#62=FACE_BOUND('',#614,.T.);
#63=FACE_BOUND('',#615,.T.);
#64=FACE_BOUND('',#616,.T.);
#65=FACE_BOUND('',#617,.T.);
#66=FACE_BOUND('',#618,.T.);
#67=FACE_BOUND('',#619,.T.);
#68=FACE_BOUND('',#620,.T.);
#69=FACE_BOUND('',#621,.T.);
#70=FACE_BOUND('',#622,.T.);
#71=FACE_BOUND('',#623,.T.);
#72=FACE_BOUND('',#624,.T.);
#73=FACE_BOUND('',#625,.T.);
#74=FACE_BOUND('',#626,.T.);
#75=FACE_BOUND('',#627,.T.);
#76=FACE_BOUND('',#628,.T.);
#77=FACE_BOUND('',#629,.T.);
#78=FACE_BOUND('',#630,.T.);
#79=FACE_BOUND('',#631,.T.);
#80=FACE_BOUND('',#632,.T.);
#81=FACE_BOUND('',#633,.T.);
#82=FACE_BOUND('',#634,.T.);
#83=FACE_BOUND('',#635,.T.);
#84=FACE_BOUND('',#636,.T.);
#85=FACE_BOUND('',#637,.T.);
#86=FACE_BOUND('',#638,.T.);
#87=FACE_BOUND('',#639,.T.);
#88=FACE_BOUND('',#640,.T.);
#89=FACE_BOUND('',#641,.T.);
#90=FACE_BOUND('',#642,.T.);
#91=FACE_BOUND('',#643,.T.);
#92=FACE_BOUND('',#644,.T.);
#93=FACE_BOUND('',#645,.T.);
#94=FACE_BOUND('',#646,.T.);
#95=FACE_BOUND('',#647,.T.);
#96=FACE_BOUND('',#648,.T.);
#97=FACE_BOUND('',#649,.T.);
#98=FACE_BOUND('',#707,.T.);
#99=FACE_BOUND('',#708,.T.);
#100=FACE_BOUND('',#709,.T.);
#101=FACE_BOUND('',#710,.T.);
#102=FACE_BOUND('',#711,.T.);
#103=FACE_BOUND('',#712,.T.);
#104=FACE_BOUND('',#713,.T.);
#105=FACE_BOUND('',#714,.T.);
#106=FACE_BOUND('',#715,.T.);
#107=FACE_BOUND('',#716,.T.);
#108=FACE_BOUND('',#717,.T.);
#109=FACE_BOUND('',#718,.T.);
#110=FACE_BOUND('',#719,.T.);
#111=FACE_BOUND('',#720,.T.);
#112=FACE_BOUND('',#721,.T.);
#113=FACE_BOUND('',#724,.T.);
#114=FACE_BOUND('',#725,.T.);
#115=FACE_BOUND('',#726,.T.);
#116=FACE_BOUND('',#727,.T.);
#117=FACE_BOUND('',#728,.T.);
#118=FACE_BOUND('',#751,.T.);
#119=FACE_BOUND('',#760,.T.);
#120=FACE_BOUND('',#761,.T.);
#121=FACE_BOUND('',#762,.T.);
#122=FACE_BOUND('',#763,.T.);
#123=FACE_BOUND('',#764,.T.);
#124=FACE_BOUND('',#765,.T.);
#125=FACE_BOUND('',#766,.T.);
#126=FACE_BOUND('',#767,.T.);
#127=FACE_BOUND('',#768,.T.);
#128=FACE_BOUND('',#769,.T.);
#129=FACE_BOUND('',#770,.T.);
#130=FACE_BOUND('',#771,.T.);
#131=FACE_BOUND('',#772,.T.);
#132=FACE_BOUND('',#773,.T.);
#133=FACE_BOUND('',#774,.T.);
#134=CIRCLE('',#5327,7.);
#135=CIRCLE('',#5328,4.24999999999991);
#136=CIRCLE('',#5329,7.);
#137=CIRCLE('',#5330,1.);
#138=CIRCLE('',#5331,1.);
#139=CIRCLE('',#5332,7.);
#140=CIRCLE('',#5333,4.24999999999991);
#141=CIRCLE('',#5334,7.);
#142=CIRCLE('',#5335,10.);
#143=CIRCLE('',#5336,10.);
#144=CIRCLE('',#5337,10.);
#145=CIRCLE('',#5338,10.);
#146=CIRCLE('',#5339,6.55);
#147=CIRCLE('',#5340,1.6);
#148=CIRCLE('',#5341,1.6);
#149=CIRCLE('',#5342,11.1);
#150=CIRCLE('',#5343,11.1);
#151=CIRCLE('',#5344,1.6);
#152=CIRCLE('',#5345,1.6);
#153=CIRCLE('',#5346,1.6);
#154=CIRCLE('',#5347,1.6);
#155=CIRCLE('',#5348,1.6);
#156=CIRCLE('',#5349,1.6);
#157=CIRCLE('',#5351,10.);
#158=CIRCLE('',#5352,10.);
#159=CIRCLE('',#5353,10.);
#160=CIRCLE('',#5354,10.);
#161=CIRCLE('',#5355,10.);
#162=CIRCLE('',#5356,10.);
#163=CIRCLE('',#5357,10.);
#164=CIRCLE('',#5358,10.);
#165=CIRCLE('',#5359,10.);
#166=CIRCLE('',#5360,10.);
#167=CIRCLE('',#5361,10.);
#168=CIRCLE('',#5362,10.);
#169=CIRCLE('',#5363,10.);
#170=CIRCLE('',#5364,10.);
#171=CIRCLE('',#5366,7.);
#172=CIRCLE('',#5370,7.);
#173=CIRCLE('',#5372,7.);
#174=CIRCLE('',#5374,7.);
#175=CIRCLE('',#5375,7.);
#176=CIRCLE('',#5376,7.);
#177=CIRCLE('',#5383,0.999999999999996);
#178=CIRCLE('',#5384,1.);
#179=CIRCLE('',#5385,1.);
#180=CIRCLE('',#5387,1.);
#181=CIRCLE('',#5393,1.);
#182=CIRCLE('',#5394,0.999999999999996);
#183=CIRCLE('',#5395,1.);
#184=CIRCLE('',#5398,1.);
#185=CIRCLE('',#5399,1.00000000000001);
#186=CIRCLE('',#5400,1.);
#187=CIRCLE('',#5402,1.);
#188=CIRCLE('',#5405,0.999999999999996);
#189=CIRCLE('',#5406,1.);
#190=CIRCLE('',#5407,1.);
#191=CIRCLE('',#5409,1.00000000000001);
#192=CIRCLE('',#5410,1.);
#193=CIRCLE('',#5411,1.);
#194=CIRCLE('',#5415,1.);
#195=CIRCLE('',#5416,1.00000000000001);
#196=CIRCLE('',#5417,1.);
#197=CIRCLE('',#5439,4.24999999999991);
#198=CIRCLE('',#5452,7.);
#199=CIRCLE('',#5455,1.6);
#200=CIRCLE('',#5456,1.6);
#201=CIRCLE('',#5457,1.6);
#202=CIRCLE('',#5458,1.6);
#203=CIRCLE('',#5459,1.6);
#204=CIRCLE('',#5460,1.6);
#205=CIRCLE('',#5461,1.6);
#206=CIRCLE('',#5462,1.6);
#207=CIRCLE('',#5463,11.1);
#208=CIRCLE('',#5464,11.1);
#209=CIRCLE('',#5486,6.55);
#210=CIRCLE('',#5489,7.);
#211=CIRCLE('',#5491,7.);
#212=CIRCLE('',#5495,7.);
#213=CIRCLE('',#5499,7.);
#214=CIRCLE('',#5501,7.);
#215=CIRCLE('',#5503,4.24999999999991);
#216=FACE_OUTER_BOUND('',#461,.T.);
#217=FACE_OUTER_BOUND('',#462,.T.);
#218=FACE_OUTER_BOUND('',#463,.T.);
#219=FACE_OUTER_BOUND('',#464,.T.);
#220=FACE_OUTER_BOUND('',#465,.T.);
#221=FACE_OUTER_BOUND('',#466,.T.);
#222=FACE_OUTER_BOUND('',#467,.T.);
#223=FACE_OUTER_BOUND('',#468,.T.);
#224=FACE_OUTER_BOUND('',#469,.T.);
#225=FACE_OUTER_BOUND('',#470,.T.);
#226=FACE_OUTER_BOUND('',#471,.T.);
#227=FACE_OUTER_BOUND('',#472,.T.);
#228=FACE_OUTER_BOUND('',#473,.T.);
#229=FACE_OUTER_BOUND('',#474,.T.);
#230=FACE_OUTER_BOUND('',#475,.T.);
#231=FACE_OUTER_BOUND('',#476,.T.);
#232=FACE_OUTER_BOUND('',#477,.T.);
#233=FACE_OUTER_BOUND('',#478,.T.);
#234=FACE_OUTER_BOUND('',#479,.T.);
#235=FACE_OUTER_BOUND('',#480,.T.);
#236=FACE_OUTER_BOUND('',#481,.T.);
#237=FACE_OUTER_BOUND('',#482,.T.);
#238=FACE_OUTER_BOUND('',#483,.T.);
#239=FACE_OUTER_BOUND('',#484,.T.);
#240=FACE_OUTER_BOUND('',#485,.T.);
#241=FACE_OUTER_BOUND('',#486,.T.);
#242=FACE_OUTER_BOUND('',#487,.T.);
#243=FACE_OUTER_BOUND('',#488,.T.);
#244=FACE_OUTER_BOUND('',#489,.T.);
#245=FACE_OUTER_BOUND('',#490,.T.);
#246=FACE_OUTER_BOUND('',#491,.T.);
#247=FACE_OUTER_BOUND('',#492,.T.);
#248=FACE_OUTER_BOUND('',#493,.T.);
#249=FACE_OUTER_BOUND('',#494,.T.);
#250=FACE_OUTER_BOUND('',#495,.T.);
#251=FACE_OUTER_BOUND('',#496,.T.);
#252=FACE_OUTER_BOUND('',#497,.T.);
#253=FACE_OUTER_BOUND('',#498,.T.);
#254=FACE_OUTER_BOUND('',#499,.T.);
#255=FACE_OUTER_BOUND('',#500,.T.);
#256=FACE_OUTER_BOUND('',#501,.T.);
#257=FACE_OUTER_BOUND('',#502,.T.);
#258=FACE_OUTER_BOUND('',#503,.T.);
#259=FACE_OUTER_BOUND('',#504,.T.);
#260=FACE_OUTER_BOUND('',#505,.T.);
#261=FACE_OUTER_BOUND('',#506,.T.);
#262=FACE_OUTER_BOUND('',#507,.T.);
#263=FACE_OUTER_BOUND('',#508,.T.);
#264=FACE_OUTER_BOUND('',#509,.T.);
#265=FACE_OUTER_BOUND('',#510,.T.);
#266=FACE_OUTER_BOUND('',#511,.T.);
#267=FACE_OUTER_BOUND('',#512,.T.);
#268=FACE_OUTER_BOUND('',#513,.T.);
#269=FACE_OUTER_BOUND('',#514,.T.);
#270=FACE_OUTER_BOUND('',#515,.T.);
#271=FACE_OUTER_BOUND('',#516,.T.);
#272=FACE_OUTER_BOUND('',#517,.T.);
#273=FACE_OUTER_BOUND('',#518,.T.);
#274=FACE_OUTER_BOUND('',#519,.T.);
#275=FACE_OUTER_BOUND('',#520,.T.);
#276=FACE_OUTER_BOUND('',#521,.T.);
#277=FACE_OUTER_BOUND('',#522,.T.);
#278=FACE_OUTER_BOUND('',#523,.T.);
#279=FACE_OUTER_BOUND('',#524,.T.);
#280=FACE_OUTER_BOUND('',#525,.T.);
#281=FACE_OUTER_BOUND('',#526,.T.);
#282=FACE_OUTER_BOUND('',#527,.T.);
#283=FACE_OUTER_BOUND('',#528,.T.);
#284=FACE_OUTER_BOUND('',#529,.T.);
#285=FACE_OUTER_BOUND('',#530,.T.);
#286=FACE_OUTER_BOUND('',#531,.T.);
#287=FACE_OUTER_BOUND('',#532,.T.);
#288=FACE_OUTER_BOUND('',#533,.T.);
#289=FACE_OUTER_BOUND('',#534,.T.);
#290=FACE_OUTER_BOUND('',#535,.T.);
#291=FACE_OUTER_BOUND('',#536,.T.);
#292=FACE_OUTER_BOUND('',#537,.T.);
#293=FACE_OUTER_BOUND('',#538,.T.);
#294=FACE_OUTER_BOUND('',#539,.T.);
#295=FACE_OUTER_BOUND('',#540,.T.);
#296=FACE_OUTER_BOUND('',#541,.T.);
#297=FACE_OUTER_BOUND('',#542,.T.);
#298=FACE_OUTER_BOUND('',#543,.T.);
#299=FACE_OUTER_BOUND('',#544,.T.);
#300=FACE_OUTER_BOUND('',#545,.T.);
#301=FACE_OUTER_BOUND('',#546,.T.);
#302=FACE_OUTER_BOUND('',#547,.T.);
#303=FACE_OUTER_BOUND('',#548,.T.);
#304=FACE_OUTER_BOUND('',#549,.T.);
#305=FACE_OUTER_BOUND('',#550,.T.);
#306=FACE_OUTER_BOUND('',#551,.T.);
#307=FACE_OUTER_BOUND('',#552,.T.);
#308=FACE_OUTER_BOUND('',#553,.T.);
#309=FACE_OUTER_BOUND('',#554,.T.);
#310=FACE_OUTER_BOUND('',#555,.T.);
#311=FACE_OUTER_BOUND('',#556,.T.);
#312=FACE_OUTER_BOUND('',#557,.T.);
#313=FACE_OUTER_BOUND('',#558,.T.);
#314=FACE_OUTER_BOUND('',#559,.T.);
#315=FACE_OUTER_BOUND('',#560,.T.);
#316=FACE_OUTER_BOUND('',#561,.T.);
#317=FACE_OUTER_BOUND('',#562,.T.);
#318=FACE_OUTER_BOUND('',#563,.T.);
#319=FACE_OUTER_BOUND('',#564,.T.);
#320=FACE_OUTER_BOUND('',#565,.T.);
#321=FACE_OUTER_BOUND('',#566,.T.);
#322=FACE_OUTER_BOUND('',#567,.T.);
#323=FACE_OUTER_BOUND('',#568,.T.);
#324=FACE_OUTER_BOUND('',#569,.T.);
#325=FACE_OUTER_BOUND('',#570,.T.);
#326=FACE_OUTER_BOUND('',#571,.T.);
#327=FACE_OUTER_BOUND('',#572,.T.);
#328=FACE_OUTER_BOUND('',#573,.T.);
#329=FACE_OUTER_BOUND('',#574,.T.);
#330=FACE_OUTER_BOUND('',#575,.T.);
#331=FACE_OUTER_BOUND('',#576,.T.);
#332=FACE_OUTER_BOUND('',#577,.T.);
#333=FACE_OUTER_BOUND('',#578,.T.);
#334=FACE_OUTER_BOUND('',#579,.T.);
#335=FACE_OUTER_BOUND('',#580,.T.);
#336=FACE_OUTER_BOUND('',#581,.T.);
#337=FACE_OUTER_BOUND('',#582,.T.);
#338=FACE_OUTER_BOUND('',#583,.T.);
#339=FACE_OUTER_BOUND('',#584,.T.);
#340=FACE_OUTER_BOUND('',#585,.T.);
#341=FACE_OUTER_BOUND('',#586,.T.);
#342=FACE_OUTER_BOUND('',#587,.T.);
#343=FACE_OUTER_BOUND('',#588,.T.);
#344=FACE_OUTER_BOUND('',#589,.T.);
#345=FACE_OUTER_BOUND('',#590,.T.);
#346=FACE_OUTER_BOUND('',#591,.T.);
#347=FACE_OUTER_BOUND('',#592,.T.);
#348=FACE_OUTER_BOUND('',#593,.T.);
#349=FACE_OUTER_BOUND('',#594,.T.);
#350=FACE_OUTER_BOUND('',#595,.T.);
#351=FACE_OUTER_BOUND('',#596,.T.);
#352=FACE_OUTER_BOUND('',#597,.T.);
#353=FACE_OUTER_BOUND('',#598,.T.);
#354=FACE_OUTER_BOUND('',#599,.T.);
#355=FACE_OUTER_BOUND('',#600,.T.);
#356=FACE_OUTER_BOUND('',#601,.T.);
#357=FACE_OUTER_BOUND('',#602,.T.);
#358=FACE_OUTER_BOUND('',#603,.T.);
#359=FACE_OUTER_BOUND('',#604,.T.);
#360=FACE_OUTER_BOUND('',#605,.T.);
#361=FACE_OUTER_BOUND('',#606,.T.);
#362=FACE_OUTER_BOUND('',#607,.T.);
#363=FACE_OUTER_BOUND('',#650,.T.);
#364=FACE_OUTER_BOUND('',#651,.T.);
#365=FACE_OUTER_BOUND('',#652,.T.);
#366=FACE_OUTER_BOUND('',#653,.T.);
#367=FACE_OUTER_BOUND('',#654,.T.);
#368=FACE_OUTER_BOUND('',#655,.T.);
#369=FACE_OUTER_BOUND('',#656,.T.);
#370=FACE_OUTER_BOUND('',#657,.T.);
#371=FACE_OUTER_BOUND('',#658,.T.);
#372=FACE_OUTER_BOUND('',#659,.T.);
#373=FACE_OUTER_BOUND('',#660,.T.);
#374=FACE_OUTER_BOUND('',#661,.T.);
#375=FACE_OUTER_BOUND('',#662,.T.);
#376=FACE_OUTER_BOUND('',#663,.T.);
#377=FACE_OUTER_BOUND('',#664,.T.);
#378=FACE_OUTER_BOUND('',#665,.T.);
#379=FACE_OUTER_BOUND('',#666,.T.);
#380=FACE_OUTER_BOUND('',#667,.T.);
#381=FACE_OUTER_BOUND('',#668,.T.);
#382=FACE_OUTER_BOUND('',#669,.T.);
#383=FACE_OUTER_BOUND('',#670,.T.);
#384=FACE_OUTER_BOUND('',#671,.T.);
#385=FACE_OUTER_BOUND('',#672,.T.);
#386=FACE_OUTER_BOUND('',#673,.T.);
#387=FACE_OUTER_BOUND('',#674,.T.);
#388=FACE_OUTER_BOUND('',#675,.T.);
#389=FACE_OUTER_BOUND('',#676,.T.);
#390=FACE_OUTER_BOUND('',#677,.T.);
#391=FACE_OUTER_BOUND('',#678,.T.);
#392=FACE_OUTER_BOUND('',#679,.T.);
#393=FACE_OUTER_BOUND('',#680,.T.);
#394=FACE_OUTER_BOUND('',#681,.T.);
#395=FACE_OUTER_BOUND('',#682,.T.);
#396=FACE_OUTER_BOUND('',#683,.T.);
#397=FACE_OUTER_BOUND('',#684,.T.);
#398=FACE_OUTER_BOUND('',#685,.T.);
#399=FACE_OUTER_BOUND('',#686,.T.);
#400=FACE_OUTER_BOUND('',#687,.T.);
#401=FACE_OUTER_BOUND('',#688,.T.);
#402=FACE_OUTER_BOUND('',#689,.T.);
#403=FACE_OUTER_BOUND('',#690,.T.);
#404=FACE_OUTER_BOUND('',#691,.T.);
#405=FACE_OUTER_BOUND('',#692,.T.);
#406=FACE_OUTER_BOUND('',#693,.T.);
#407=FACE_OUTER_BOUND('',#694,.T.);
#408=FACE_OUTER_BOUND('',#695,.T.);
#409=FACE_OUTER_BOUND('',#696,.T.);
#410=FACE_OUTER_BOUND('',#697,.T.);
#411=FACE_OUTER_BOUND('',#698,.T.);
#412=FACE_OUTER_BOUND('',#699,.T.);
#413=FACE_OUTER_BOUND('',#700,.T.);
#414=FACE_OUTER_BOUND('',#701,.T.);
#415=FACE_OUTER_BOUND('',#702,.T.);
#416=FACE_OUTER_BOUND('',#703,.T.);
#417=FACE_OUTER_BOUND('',#704,.T.);
#418=FACE_OUTER_BOUND('',#705,.T.);
#419=FACE_OUTER_BOUND('',#706,.T.);
#420=FACE_OUTER_BOUND('',#722,.T.);
#421=FACE_OUTER_BOUND('',#723,.T.);
#422=FACE_OUTER_BOUND('',#729,.T.);
#423=FACE_OUTER_BOUND('',#730,.T.);
#424=FACE_OUTER_BOUND('',#731,.T.);
#425=FACE_OUTER_BOUND('',#732,.T.);
#426=FACE_OUTER_BOUND('',#733,.T.);
#427=FACE_OUTER_BOUND('',#734,.T.);
#428=FACE_OUTER_BOUND('',#735,.T.);
#429=FACE_OUTER_BOUND('',#736,.T.);
#430=FACE_OUTER_BOUND('',#737,.T.);
#431=FACE_OUTER_BOUND('',#738,.T.);
#432=FACE_OUTER_BOUND('',#739,.T.);
#433=FACE_OUTER_BOUND('',#740,.T.);
#434=FACE_OUTER_BOUND('',#741,.T.);
#435=FACE_OUTER_BOUND('',#742,.T.);
#436=FACE_OUTER_BOUND('',#743,.T.);
#437=FACE_OUTER_BOUND('',#744,.T.);
#438=FACE_OUTER_BOUND('',#745,.T.);
#439=FACE_OUTER_BOUND('',#746,.T.);
#440=FACE_OUTER_BOUND('',#747,.T.);
#441=FACE_OUTER_BOUND('',#748,.T.);
#442=FACE_OUTER_BOUND('',#749,.T.);
#443=FACE_OUTER_BOUND('',#750,.T.);
#444=FACE_OUTER_BOUND('',#752,.T.);
#445=FACE_OUTER_BOUND('',#753,.T.);
#446=FACE_OUTER_BOUND('',#754,.T.);
#447=FACE_OUTER_BOUND('',#755,.T.);
#448=FACE_OUTER_BOUND('',#756,.T.);
#449=FACE_OUTER_BOUND('',#757,.T.);
#450=FACE_OUTER_BOUND('',#758,.T.);
#451=FACE_OUTER_BOUND('',#759,.T.);
#452=FACE_OUTER_BOUND('',#775,.T.);
#453=FACE_OUTER_BOUND('',#776,.T.);
#454=FACE_OUTER_BOUND('',#777,.T.);
#455=FACE_OUTER_BOUND('',#778,.T.);
#456=FACE_OUTER_BOUND('',#779,.T.);
#457=FACE_OUTER_BOUND('',#780,.T.);
#458=FACE_OUTER_BOUND('',#781,.T.);
#459=FACE_OUTER_BOUND('',#782,.T.);
#460=FACE_OUTER_BOUND('',#783,.T.);
#461=EDGE_LOOP('',(#3263,#3264,#3265,#3266));
#462=EDGE_LOOP('',(#3267,#3268,#3269,#3270));
#463=EDGE_LOOP('',(#3271,#3272,#3273,#3274));
#464=EDGE_LOOP('',(#3275,#3276,#3277,#3278));
#465=EDGE_LOOP('',(#3279,#3280,#3281,#3282));
#466=EDGE_LOOP('',(#3283,#3284,#3285,#3286));
#467=EDGE_LOOP('',(#3287,#3288,#3289,#3290));
#468=EDGE_LOOP('',(#3291,#3292,#3293,#3294));
#469=EDGE_LOOP('',(#3295,#3296,#3297,#3298));
#470=EDGE_LOOP('',(#3299,#3300,#3301,#3302));
#471=EDGE_LOOP('',(#3303,#3304,#3305,#3306));
#472=EDGE_LOOP('',(#3307,#3308,#3309,#3310));
#473=EDGE_LOOP('',(#3311,#3312,#3313,#3314));
#474=EDGE_LOOP('',(#3315,#3316,#3317,#3318));
#475=EDGE_LOOP('',(#3319,#3320,#3321,#3322));
#476=EDGE_LOOP('',(#3323,#3324,#3325,#3326));
#477=EDGE_LOOP('',(#3327,#3328,#3329,#3330));
#478=EDGE_LOOP('',(#3331,#3332,#3333,#3334));
#479=EDGE_LOOP('',(#3335,#3336,#3337,#3338));
#480=EDGE_LOOP('',(#3339,#3340,#3341,#3342));
#481=EDGE_LOOP('',(#3343,#3344,#3345,#3346));
#482=EDGE_LOOP('',(#3347,#3348,#3349,#3350));
#483=EDGE_LOOP('',(#3351,#3352,#3353,#3354));
#484=EDGE_LOOP('',(#3355,#3356,#3357,#3358));
#485=EDGE_LOOP('',(#3359,#3360,#3361,#3362));
#486=EDGE_LOOP('',(#3363,#3364,#3365,#3366));
#487=EDGE_LOOP('',(#3367,#3368,#3369,#3370));
#488=EDGE_LOOP('',(#3371,#3372,#3373,#3374));
#489=EDGE_LOOP('',(#3375,#3376,#3377,#3378));
#490=EDGE_LOOP('',(#3379,#3380,#3381,#3382));
#491=EDGE_LOOP('',(#3383,#3384,#3385,#3386));
#492=EDGE_LOOP('',(#3387,#3388,#3389,#3390));
#493=EDGE_LOOP('',(#3391,#3392,#3393,#3394));
#494=EDGE_LOOP('',(#3395,#3396,#3397,#3398));
#495=EDGE_LOOP('',(#3399,#3400,#3401,#3402));
#496=EDGE_LOOP('',(#3403,#3404,#3405,#3406));
#497=EDGE_LOOP('',(#3407,#3408,#3409,#3410));
#498=EDGE_LOOP('',(#3411,#3412,#3413,#3414));
#499=EDGE_LOOP('',(#3415,#3416,#3417,#3418));
#500=EDGE_LOOP('',(#3419,#3420,#3421,#3422));
#501=EDGE_LOOP('',(#3423,#3424,#3425,#3426));
#502=EDGE_LOOP('',(#3427,#3428,#3429,#3430));
#503=EDGE_LOOP('',(#3431,#3432,#3433,#3434));
#504=EDGE_LOOP('',(#3435,#3436,#3437,#3438));
#505=EDGE_LOOP('',(#3439,#3440,#3441,#3442));
#506=EDGE_LOOP('',(#3443,#3444,#3445,#3446));
#507=EDGE_LOOP('',(#3447,#3448,#3449,#3450));
#508=EDGE_LOOP('',(#3451,#3452,#3453,#3454));
#509=EDGE_LOOP('',(#3455,#3456,#3457,#3458));
#510=EDGE_LOOP('',(#3459,#3460,#3461,#3462));
#511=EDGE_LOOP('',(#3463,#3464,#3465,#3466));
#512=EDGE_LOOP('',(#3467,#3468,#3469,#3470));
#513=EDGE_LOOP('',(#3471,#3472,#3473,#3474));
#514=EDGE_LOOP('',(#3475,#3476,#3477,#3478));
#515=EDGE_LOOP('',(#3479,#3480,#3481,#3482));
#516=EDGE_LOOP('',(#3483,#3484,#3485,#3486));
#517=EDGE_LOOP('',(#3487,#3488,#3489,#3490));
#518=EDGE_LOOP('',(#3491,#3492,#3493,#3494));
#519=EDGE_LOOP('',(#3495,#3496,#3497,#3498));
#520=EDGE_LOOP('',(#3499,#3500,#3501,#3502));
#521=EDGE_LOOP('',(#3503,#3504,#3505,#3506));
#522=EDGE_LOOP('',(#3507,#3508,#3509,#3510));
#523=EDGE_LOOP('',(#3511,#3512,#3513,#3514));
#524=EDGE_LOOP('',(#3515,#3516,#3517,#3518));
#525=EDGE_LOOP('',(#3519,#3520,#3521,#3522));
#526=EDGE_LOOP('',(#3523,#3524,#3525,#3526));
#527=EDGE_LOOP('',(#3527,#3528,#3529,#3530));
#528=EDGE_LOOP('',(#3531,#3532,#3533,#3534));
#529=EDGE_LOOP('',(#3535,#3536,#3537,#3538));
#530=EDGE_LOOP('',(#3539,#3540,#3541,#3542));
#531=EDGE_LOOP('',(#3543,#3544,#3545,#3546));
#532=EDGE_LOOP('',(#3547,#3548,#3549,#3550));
#533=EDGE_LOOP('',(#3551,#3552,#3553,#3554));
#534=EDGE_LOOP('',(#3555,#3556,#3557,#3558));
#535=EDGE_LOOP('',(#3559,#3560,#3561,#3562));
#536=EDGE_LOOP('',(#3563,#3564,#3565,#3566));
#537=EDGE_LOOP('',(#3567,#3568,#3569,#3570));
#538=EDGE_LOOP('',(#3571,#3572,#3573,#3574));
#539=EDGE_LOOP('',(#3575,#3576,#3577,#3578));
#540=EDGE_LOOP('',(#3579,#3580,#3581,#3582));
#541=EDGE_LOOP('',(#3583,#3584,#3585,#3586));
#542=EDGE_LOOP('',(#3587,#3588,#3589,#3590));
#543=EDGE_LOOP('',(#3591,#3592,#3593,#3594));
#544=EDGE_LOOP('',(#3595,#3596,#3597,#3598));
#545=EDGE_LOOP('',(#3599,#3600,#3601,#3602));
#546=EDGE_LOOP('',(#3603,#3604,#3605,#3606));
#547=EDGE_LOOP('',(#3607,#3608,#3609,#3610));
#548=EDGE_LOOP('',(#3611,#3612,#3613,#3614));
#549=EDGE_LOOP('',(#3615,#3616,#3617,#3618));
#550=EDGE_LOOP('',(#3619,#3620,#3621,#3622));
#551=EDGE_LOOP('',(#3623,#3624,#3625,#3626));
#552=EDGE_LOOP('',(#3627,#3628,#3629,#3630));
#553=EDGE_LOOP('',(#3631,#3632,#3633,#3634));
#554=EDGE_LOOP('',(#3635,#3636,#3637,#3638));
#555=EDGE_LOOP('',(#3639,#3640,#3641,#3642));
#556=EDGE_LOOP('',(#3643,#3644,#3645,#3646));
#557=EDGE_LOOP('',(#3647,#3648,#3649,#3650));
#558=EDGE_LOOP('',(#3651,#3652,#3653,#3654));
#559=EDGE_LOOP('',(#3655,#3656,#3657,#3658));
#560=EDGE_LOOP('',(#3659,#3660,#3661,#3662));
#561=EDGE_LOOP('',(#3663,#3664,#3665,#3666));
#562=EDGE_LOOP('',(#3667,#3668,#3669,#3670));
#563=EDGE_LOOP('',(#3671,#3672,#3673,#3674));
#564=EDGE_LOOP('',(#3675,#3676,#3677,#3678));
#565=EDGE_LOOP('',(#3679,#3680,#3681,#3682));
#566=EDGE_LOOP('',(#3683,#3684,#3685,#3686));
#567=EDGE_LOOP('',(#3687,#3688,#3689,#3690));
#568=EDGE_LOOP('',(#3691,#3692,#3693,#3694));
#569=EDGE_LOOP('',(#3695,#3696,#3697,#3698));
#570=EDGE_LOOP('',(#3699,#3700,#3701,#3702));
#571=EDGE_LOOP('',(#3703,#3704,#3705,#3706));
#572=EDGE_LOOP('',(#3707,#3708,#3709,#3710));
#573=EDGE_LOOP('',(#3711,#3712,#3713,#3714));
#574=EDGE_LOOP('',(#3715,#3716,#3717,#3718));
#575=EDGE_LOOP('',(#3719,#3720,#3721,#3722));
#576=EDGE_LOOP('',(#3723,#3724,#3725,#3726));
#577=EDGE_LOOP('',(#3727,#3728,#3729,#3730));
#578=EDGE_LOOP('',(#3731,#3732,#3733,#3734));
#579=EDGE_LOOP('',(#3735,#3736,#3737,#3738));
#580=EDGE_LOOP('',(#3739,#3740,#3741,#3742));
#581=EDGE_LOOP('',(#3743,#3744,#3745,#3746));
#582=EDGE_LOOP('',(#3747,#3748,#3749,#3750));
#583=EDGE_LOOP('',(#3751,#3752,#3753,#3754));
#584=EDGE_LOOP('',(#3755,#3756,#3757,#3758));
#585=EDGE_LOOP('',(#3759,#3760,#3761,#3762));
#586=EDGE_LOOP('',(#3763,#3764,#3765,#3766));
#587=EDGE_LOOP('',(#3767,#3768,#3769,#3770));
#588=EDGE_LOOP('',(#3771,#3772,#3773,#3774));
#589=EDGE_LOOP('',(#3775,#3776,#3777,#3778));
#590=EDGE_LOOP('',(#3779,#3780,#3781,#3782));
#591=EDGE_LOOP('',(#3783,#3784,#3785,#3786));
#592=EDGE_LOOP('',(#3787,#3788,#3789,#3790));
#593=EDGE_LOOP('',(#3791,#3792,#3793,#3794));
#594=EDGE_LOOP('',(#3795,#3796,#3797,#3798));
#595=EDGE_LOOP('',(#3799,#3800,#3801,#3802));
#596=EDGE_LOOP('',(#3803,#3804,#3805,#3806));
#597=EDGE_LOOP('',(#3807,#3808,#3809,#3810));
#598=EDGE_LOOP('',(#3811,#3812,#3813,#3814));
#599=EDGE_LOOP('',(#3815,#3816,#3817,#3818));
#600=EDGE_LOOP('',(#3819,#3820,#3821,#3822));
#601=EDGE_LOOP('',(#3823,#3824,#3825,#3826));
#602=EDGE_LOOP('',(#3827,#3828,#3829,#3830));
#603=EDGE_LOOP('',(#3831,#3832,#3833,#3834));
#604=EDGE_LOOP('',(#3835,#3836,#3837,#3838));
#605=EDGE_LOOP('',(#3839,#3840,#3841,#3842));
#606=EDGE_LOOP('',(#3843,#3844,#3845,#3846));
#607=EDGE_LOOP('',(#3847,#3848,#3849,#3850,#3851,#3852,#3853,#3854,#3855,
#3856,#3857,#3858,#3859,#3860,#3861,#3862,#3863,#3864,#3865,#3866,#3867,
#3868,#3869,#3870,#3871,#3872,#3873,#3874,#3875,#3876,#3877,#3878,#3879,
#3880));
#608=EDGE_LOOP('',(#3881,#3882,#3883,#3884));
#609=EDGE_LOOP('',(#3885,#3886,#3887,#3888));
#610=EDGE_LOOP('',(#3889,#3890,#3891,#3892,#3893));
#611=EDGE_LOOP('',(#3894,#3895,#3896,#3897,#3898));
#612=EDGE_LOOP('',(#3899,#3900,#3901,#3902));
#613=EDGE_LOOP('',(#3903,#3904,#3905,#3906));
#614=EDGE_LOOP('',(#3907,#3908,#3909,#3910));
#615=EDGE_LOOP('',(#3911,#3912,#3913,#3914));
#616=EDGE_LOOP('',(#3915,#3916,#3917,#3918));
#617=EDGE_LOOP('',(#3919,#3920,#3921,#3922));
#618=EDGE_LOOP('',(#3923,#3924,#3925,#3926));
#619=EDGE_LOOP('',(#3927,#3928,#3929,#3930));
#620=EDGE_LOOP('',(#3931,#3932,#3933));
#621=EDGE_LOOP('',(#3934,#3935,#3936,#3937));
#622=EDGE_LOOP('',(#3938,#3939,#3940,#3941));
#623=EDGE_LOOP('',(#3942,#3943,#3944,#3945));
#624=EDGE_LOOP('',(#3946,#3947,#3948,#3949));
#625=EDGE_LOOP('',(#3950,#3951,#3952,#3953));
#626=EDGE_LOOP('',(#3954,#3955,#3956,#3957,#3958));
#627=EDGE_LOOP('',(#3959,#3960,#3961,#3962,#3963));
#628=EDGE_LOOP('',(#3964,#3965,#3966,#3967));
#629=EDGE_LOOP('',(#3968,#3969,#3970,#3971));
#630=EDGE_LOOP('',(#3972,#3973,#3974,#3975));
#631=EDGE_LOOP('',(#3976,#3977,#3978,#3979));
#632=EDGE_LOOP('',(#3980,#3981,#3982,#3983));
#633=EDGE_LOOP('',(#3984,#3985,#3986,#3987));
#634=EDGE_LOOP('',(#3988,#3989,#3990,#3991));
#635=EDGE_LOOP('',(#3992,#3993,#3994));
#636=EDGE_LOOP('',(#3995,#3996,#3997,#3998));
#637=EDGE_LOOP('',(#3999,#4000,#4001,#4002));
#638=EDGE_LOOP('',(#4003,#4004,#4005,#4006));
#639=EDGE_LOOP('',(#4007,#4008,#4009,#4010));
#640=EDGE_LOOP('',(#4011,#4012,#4013,#4014));
#641=EDGE_LOOP('',(#4015,#4016,#4017,#4018));
#642=EDGE_LOOP('',(#4019,#4020,#4021,#4022));
#643=EDGE_LOOP('',(#4023,#4024,#4025,#4026));
#644=EDGE_LOOP('',(#4027));
#645=EDGE_LOOP('',(#4028,#4029,#4030,#4031));
#646=EDGE_LOOP('',(#4032,#4033,#4034,#4035));
#647=EDGE_LOOP('',(#4036,#4037,#4038,#4039));
#648=EDGE_LOOP('',(#4040,#4041,#4042,#4043));
#649=EDGE_LOOP('',(#4044,#4045,#4046,#4047));
#650=EDGE_LOOP('',(#4048,#4049,#4050,#4051,#4052,#4053,#4054,#4055,#4056,
#4057,#4058,#4059,#4060,#4061,#4062,#4063,#4064,#4065,#4066,#4067,#4068,
#4069,#4070,#4071,#4072,#4073,#4074,#4075,#4076,#4077,#4078,#4079,#4080,
#4081,#4082,#4083));
#651=EDGE_LOOP('',(#4084,#4085,#4086,#4087));
#652=EDGE_LOOP('',(#4088,#4089,#4090,#4091));
#653=EDGE_LOOP('',(#4092,#4093,#4094,#4095));
#654=EDGE_LOOP('',(#4096,#4097,#4098,#4099));
#655=EDGE_LOOP('',(#4100,#4101,#4102,#4103));
#656=EDGE_LOOP('',(#4104,#4105,#4106,#4107,#4108,#4109,#4110,#4111,#4112,
#4113,#4114,#4115,#4116,#4117,#4118,#4119));
#657=EDGE_LOOP('',(#4120,#4121,#4122,#4123));
#658=EDGE_LOOP('',(#4124,#4125,#4126,#4127));
#659=EDGE_LOOP('',(#4128,#4129,#4130,#4131));
#660=EDGE_LOOP('',(#4132,#4133,#4134,#4135));
#661=EDGE_LOOP('',(#4136,#4137,#4138,#4139));
#662=EDGE_LOOP('',(#4140,#4141,#4142));
#663=EDGE_LOOP('',(#4143,#4144,#4145,#4146));
#664=EDGE_LOOP('',(#4147,#4148,#4149,#4150));
#665=EDGE_LOOP('',(#4151,#4152,#4153,#4154));
#666=EDGE_LOOP('',(#4155,#4156,#4157));
#667=EDGE_LOOP('',(#4158,#4159,#4160,#4161));
#668=EDGE_LOOP('',(#4162,#4163,#4164));
#669=EDGE_LOOP('',(#4165,#4166,#4167,#4168));
#670=EDGE_LOOP('',(#4169,#4170,#4171,#4172));
#671=EDGE_LOOP('',(#4173,#4174,#4175));
#672=EDGE_LOOP('',(#4176,#4177,#4178));
#673=EDGE_LOOP('',(#4179,#4180,#4181,#4182));
#674=EDGE_LOOP('',(#4183,#4184,#4185,#4186));
#675=EDGE_LOOP('',(#4187,#4188,#4189));
#676=EDGE_LOOP('',(#4190,#4191,#4192,#4193));
#677=EDGE_LOOP('',(#4194,#4195,#4196,#4197));
#678=EDGE_LOOP('',(#4198,#4199,#4200,#4201));
#679=EDGE_LOOP('',(#4202,#4203,#4204,#4205));
#680=EDGE_LOOP('',(#4206,#4207,#4208,#4209));
#681=EDGE_LOOP('',(#4210,#4211,#4212,#4213));
#682=EDGE_LOOP('',(#4214,#4215,#4216,#4217));
#683=EDGE_LOOP('',(#4218,#4219,#4220,#4221));
#684=EDGE_LOOP('',(#4222,#4223,#4224,#4225,#4226,#4227,#4228,#4229));
#685=EDGE_LOOP('',(#4230,#4231,#4232,#4233,#4234,#4235,#4236,#4237,#4238,
#4239,#4240,#4241,#4242,#4243,#4244,#4245));
#686=EDGE_LOOP('',(#4246,#4247,#4248,#4249,#4250,#4251,#4252,#4253));
#687=EDGE_LOOP('',(#4254,#4255,#4256,#4257));
#688=EDGE_LOOP('',(#4258,#4259,#4260,#4261));
#689=EDGE_LOOP('',(#4262,#4263,#4264,#4265));
#690=EDGE_LOOP('',(#4266,#4267,#4268,#4269));
#691=EDGE_LOOP('',(#4270,#4271,#4272,#4273));
#692=EDGE_LOOP('',(#4274,#4275,#4276,#4277));
#693=EDGE_LOOP('',(#4278,#4279,#4280,#4281));
#694=EDGE_LOOP('',(#4282,#4283,#4284,#4285));
#695=EDGE_LOOP('',(#4286,#4287,#4288,#4289));
#696=EDGE_LOOP('',(#4290,#4291,#4292,#4293));
#697=EDGE_LOOP('',(#4294,#4295,#4296,#4297));
#698=EDGE_LOOP('',(#4298,#4299,#4300,#4301));
#699=EDGE_LOOP('',(#4302,#4303,#4304,#4305));
#700=EDGE_LOOP('',(#4306,#4307,#4308,#4309,#4310,#4311,#4312,#4313));
#701=EDGE_LOOP('',(#4314,#4315,#4316,#4317));
#702=EDGE_LOOP('',(#4318,#4319,#4320,#4321));
#703=EDGE_LOOP('',(#4322,#4323,#4324,#4325));
#704=EDGE_LOOP('',(#4326,#4327,#4328,#4329));
#705=EDGE_LOOP('',(#4330,#4331,#4332,#4333,#4334,#4335,#4336,#4337,#4338,
#4339,#4340,#4341,#4342,#4343,#4344,#4345,#4346,#4347,#4348,#4349,#4350,
#4351,#4352,#4353));
#706=EDGE_LOOP('',(#4354,#4355,#4356,#4357,#4358,#4359,#4360,#4361,#4362,
#4363,#4364,#4365,#4366,#4367,#4368,#4369,#4370,#4371,#4372,#4373,#4374,
#4375));
#707=EDGE_LOOP('',(#4376,#4377,#4378,#4379));
#708=EDGE_LOOP('',(#4380,#4381,#4382,#4383));
#709=EDGE_LOOP('',(#4384,#4385,#4386,#4387));
#710=EDGE_LOOP('',(#4388,#4389,#4390,#4391));
#711=EDGE_LOOP('',(#4392,#4393,#4394,#4395));
#712=EDGE_LOOP('',(#4396,#4397,#4398,#4399));
#713=EDGE_LOOP('',(#4400,#4401,#4402,#4403));
#714=EDGE_LOOP('',(#4404,#4405,#4406,#4407));
#715=EDGE_LOOP('',(#4408,#4409,#4410,#4411));
#716=EDGE_LOOP('',(#4412,#4413,#4414,#4415));
#717=EDGE_LOOP('',(#4416,#4417,#4418,#4419));
#718=EDGE_LOOP('',(#4420,#4421,#4422,#4423));
#719=EDGE_LOOP('',(#4424,#4425,#4426,#4427));
#720=EDGE_LOOP('',(#4428,#4429,#4430));
#721=EDGE_LOOP('',(#4431,#4432,#4433,#4434));
#722=EDGE_LOOP('',(#4435,#4436,#4437,#4438));
#723=EDGE_LOOP('',(#4439,#4440,#4441,#4442,#4443,#4444));
#724=EDGE_LOOP('',(#4445,#4446,#4447,#4448));
#725=EDGE_LOOP('',(#4449,#4450,#4451,#4452));
#726=EDGE_LOOP('',(#4453,#4454,#4455,#4456));
#727=EDGE_LOOP('',(#4457,#4458,#4459,#4460));
#728=EDGE_LOOP('',(#4461,#4462,#4463,#4464));
#729=EDGE_LOOP('',(#4465,#4466,#4467,#4468));
#730=EDGE_LOOP('',(#4469,#4470,#4471,#4472));
#731=EDGE_LOOP('',(#4473,#4474,#4475,#4476));
#732=EDGE_LOOP('',(#4477,#4478,#4479,#4480));
#733=EDGE_LOOP('',(#4481,#4482,#4483,#4484));
#734=EDGE_LOOP('',(#4485,#4486,#4487,#4488));
#735=EDGE_LOOP('',(#4489,#4490,#4491,#4492));
#736=EDGE_LOOP('',(#4493,#4494,#4495,#4496));
#737=EDGE_LOOP('',(#4497,#4498,#4499,#4500));
#738=EDGE_LOOP('',(#4501,#4502,#4503,#4504));
#739=EDGE_LOOP('',(#4505,#4506,#4507,#4508));
#740=EDGE_LOOP('',(#4509,#4510,#4511,#4512));
#741=EDGE_LOOP('',(#4513,#4514,#4515,#4516));
#742=EDGE_LOOP('',(#4517,#4518,#4519,#4520));
#743=EDGE_LOOP('',(#4521,#4522,#4523,#4524));
#744=EDGE_LOOP('',(#4525,#4526,#4527,#4528));
#745=EDGE_LOOP('',(#4529,#4530,#4531,#4532));
#746=EDGE_LOOP('',(#4533,#4534,#4535,#4536));
#747=EDGE_LOOP('',(#4537,#4538,#4539,#4540));
#748=EDGE_LOOP('',(#4541,#4542,#4543,#4544));
#749=EDGE_LOOP('',(#4545,#4546,#4547,#4548));
#750=EDGE_LOOP('',(#4549));
#751=EDGE_LOOP('',(#4550));
#752=EDGE_LOOP('',(#4551,#4552,#4553,#4554));
#753=EDGE_LOOP('',(#4555,#4556,#4557,#4558));
#754=EDGE_LOOP('',(#4559,#4560,#4561,#4562));
#755=EDGE_LOOP('',(#4563,#4564,#4565,#4566));
#756=EDGE_LOOP('',(#4567,#4568,#4569,#4570,#4571));
#757=EDGE_LOOP('',(#4572,#4573,#4574,#4575));
#758=EDGE_LOOP('',(#4576,#4577,#4578,#4579));
#759=EDGE_LOOP('',(#4580,#4581,#4582,#4583,#4584,#4585,#4586,#4587,#4588,
#4589,#4590,#4591,#4592,#4593,#4594,#4595,#4596,#4597,#4598,#4599,#4600,
#4601));
#760=EDGE_LOOP('',(#4602,#4603,#4604,#4605));
#761=EDGE_LOOP('',(#4606,#4607,#4608,#4609));
#762=EDGE_LOOP('',(#4610,#4611,#4612,#4613));
#763=EDGE_LOOP('',(#4614,#4615,#4616,#4617));
#764=EDGE_LOOP('',(#4618,#4619,#4620,#4621));
#765=EDGE_LOOP('',(#4622,#4623,#4624,#4625));
#766=EDGE_LOOP('',(#4626,#4627,#4628,#4629));
#767=EDGE_LOOP('',(#4630,#4631,#4632));
#768=EDGE_LOOP('',(#4633,#4634,#4635,#4636));
#769=EDGE_LOOP('',(#4637,#4638,#4639,#4640));
#770=EDGE_LOOP('',(#4641,#4642,#4643,#4644));
#771=EDGE_LOOP('',(#4645,#4646,#4647,#4648));
#772=EDGE_LOOP('',(#4649,#4650,#4651,#4652));
#773=EDGE_LOOP('',(#4653,#4654,#4655,#4656));
#774=EDGE_LOOP('',(#4657,#4658,#4659,#4660));
#775=EDGE_LOOP('',(#4661,#4662,#4663,#4664,#4665,#4666,#4667,#4668,#4669,
#4670,#4671,#4672,#4673,#4674,#4675,#4676));
#776=EDGE_LOOP('',(#4677,#4678,#4679,#4680));
#777=EDGE_LOOP('',(#4681,#4682,#4683,#4684));
#778=EDGE_LOOP('',(#4685,#4686,#4687,#4688));
#779=EDGE_LOOP('',(#4689,#4690,#4691,#4692));
#780=EDGE_LOOP('',(#4693,#4694,#4695,#4696));
#781=EDGE_LOOP('',(#4697,#4698,#4699,#4700));
#782=EDGE_LOOP('',(#4701,#4702,#4703,#4704));
#783=EDGE_LOOP('',(#4705,#4706,#4707,#4708,#4709,#4710,#4711,#4712));
#784=LINE('',#6818,#1423);
#785=LINE('',#6820,#1424);
#786=LINE('',#6822,#1425);
#787=LINE('',#6823,#1426);
#788=LINE('',#6826,#1427);
#789=LINE('',#6828,#1428);
#790=LINE('',#6829,#1429);
#791=LINE('',#6832,#1430);
#792=LINE('',#6834,#1431);
#793=LINE('',#6835,#1432);
#794=LINE('',#6839,#1433);
#795=LINE('',#6841,#1434);
#796=LINE('',#6843,#1435);
#797=LINE('',#6844,#1436);
#798=LINE('',#6847,#1437);
#799=LINE('',#6849,#1438);
#800=LINE('',#6850,#1439);
#801=LINE('',#6853,#1440);
#802=LINE('',#6855,#1441);
#803=LINE('',#6856,#1442);
#804=LINE('',#6860,#1443);
#805=LINE('',#6862,#1444);
#806=LINE('',#6864,#1445);
#807=LINE('',#6865,#1446);
#808=LINE('',#6868,#1447);
#809=LINE('',#6870,#1448);
#810=LINE('',#6871,#1449);
#811=LINE('',#6874,#1450);
#812=LINE('',#6876,#1451);
#813=LINE('',#6877,#1452);
#814=LINE('',#6881,#1453);
#815=LINE('',#6883,#1454);
#816=LINE('',#6885,#1455);
#817=LINE('',#6886,#1456);
#818=LINE('',#6889,#1457);
#819=LINE('',#6891,#1458);
#820=LINE('',#6892,#1459);
#821=LINE('',#6895,#1460);
#822=LINE('',#6897,#1461);
#823=LINE('',#6898,#1462);
#824=LINE('',#6902,#1463);
#825=LINE('',#6904,#1464);
#826=LINE('',#6906,#1465);
#827=LINE('',#6907,#1466);
#828=LINE('',#6910,#1467);
#829=LINE('',#6912,#1468);
#830=LINE('',#6913,#1469);
#831=LINE('',#6916,#1470);
#832=LINE('',#6918,#1471);
#833=LINE('',#6919,#1472);
#834=LINE('',#6923,#1473);
#835=LINE('',#6925,#1474);
#836=LINE('',#6927,#1475);
#837=LINE('',#6928,#1476);
#838=LINE('',#6931,#1477);
#839=LINE('',#6933,#1478);
#840=LINE('',#6934,#1479);
#841=LINE('',#6937,#1480);
#842=LINE('',#6939,#1481);
#843=LINE('',#6940,#1482);
#844=LINE('',#6944,#1483);
#845=LINE('',#6946,#1484);
#846=LINE('',#6948,#1485);
#847=LINE('',#6949,#1486);
#848=LINE('',#6952,#1487);
#849=LINE('',#6954,#1488);
#850=LINE('',#6955,#1489);
#851=LINE('',#6958,#1490);
#852=LINE('',#6960,#1491);
#853=LINE('',#6961,#1492);
#854=LINE('',#6965,#1493);
#855=LINE('',#6967,#1494);
#856=LINE('',#6969,#1495);
#857=LINE('',#6970,#1496);
#858=LINE('',#6973,#1497);
#859=LINE('',#6975,#1498);
#860=LINE('',#6976,#1499);
#861=LINE('',#6979,#1500);
#862=LINE('',#6981,#1501);
#863=LINE('',#6982,#1502);
#864=LINE('',#6986,#1503);
#865=LINE('',#6988,#1504);
#866=LINE('',#6990,#1505);
#867=LINE('',#6991,#1506);
#868=LINE('',#6994,#1507);
#869=LINE('',#6996,#1508);
#870=LINE('',#6997,#1509);
#871=LINE('',#7000,#1510);
#872=LINE('',#7002,#1511);
#873=LINE('',#7003,#1512);
#874=LINE('',#7007,#1513);
#875=LINE('',#7009,#1514);
#876=LINE('',#7011,#1515);
#877=LINE('',#7012,#1516);
#878=LINE('',#7015,#1517);
#879=LINE('',#7017,#1518);
#880=LINE('',#7018,#1519);
#881=LINE('',#7021,#1520);
#882=LINE('',#7023,#1521);
#883=LINE('',#7024,#1522);
#884=LINE('',#7028,#1523);
#885=LINE('',#7030,#1524);
#886=LINE('',#7032,#1525);
#887=LINE('',#7033,#1526);
#888=LINE('',#7036,#1527);
#889=LINE('',#7038,#1528);
#890=LINE('',#7039,#1529);
#891=LINE('',#7043,#1530);
#892=LINE('',#7045,#1531);
#893=LINE('',#7047,#1532);
#894=LINE('',#7048,#1533);
#895=LINE('',#7051,#1534);
#896=LINE('',#7053,#1535);
#897=LINE('',#7054,#1536);
#898=LINE('',#7057,#1537);
#899=LINE('',#7059,#1538);
#900=LINE('',#7060,#1539);
#901=LINE('',#7064,#1540);
#902=LINE('',#7066,#1541);
#903=LINE('',#7068,#1542);
#904=LINE('',#7069,#1543);
#905=LINE('',#7072,#1544);
#906=LINE('',#7074,#1545);
#907=LINE('',#7075,#1546);
#908=LINE('',#7079,#1547);
#909=LINE('',#7081,#1548);
#910=LINE('',#7083,#1549);
#911=LINE('',#7084,#1550);
#912=LINE('',#7087,#1551);
#913=LINE('',#7089,#1552);
#914=LINE('',#7090,#1553);
#915=LINE('',#7093,#1554);
#916=LINE('',#7095,#1555);
#917=LINE('',#7096,#1556);
#918=LINE('',#7100,#1557);
#919=LINE('',#7102,#1558);
#920=LINE('',#7104,#1559);
#921=LINE('',#7105,#1560);
#922=LINE('',#7108,#1561);
#923=LINE('',#7110,#1562);
#924=LINE('',#7111,#1563);
#925=LINE('',#7114,#1564);
#926=LINE('',#7116,#1565);
#927=LINE('',#7117,#1566);
#928=LINE('',#7121,#1567);
#929=LINE('',#7123,#1568);
#930=LINE('',#7125,#1569);
#931=LINE('',#7126,#1570);
#932=LINE('',#7129,#1571);
#933=LINE('',#7131,#1572);
#934=LINE('',#7132,#1573);
#935=LINE('',#7135,#1574);
#936=LINE('',#7137,#1575);
#937=LINE('',#7138,#1576);
#938=LINE('',#7142,#1577);
#939=LINE('',#7144,#1578);
#940=LINE('',#7146,#1579);
#941=LINE('',#7147,#1580);
#942=LINE('',#7150,#1581);
#943=LINE('',#7152,#1582);
#944=LINE('',#7153,#1583);
#945=LINE('',#7156,#1584);
#946=LINE('',#7158,#1585);
#947=LINE('',#7159,#1586);
#948=LINE('',#7163,#1587);
#949=LINE('',#7165,#1588);
#950=LINE('',#7167,#1589);
#951=LINE('',#7168,#1590);
#952=LINE('',#7171,#1591);
#953=LINE('',#7173,#1592);
#954=LINE('',#7174,#1593);
#955=LINE('',#7177,#1594);
#956=LINE('',#7179,#1595);
#957=LINE('',#7180,#1596);
#958=LINE('',#7184,#1597);
#959=LINE('',#7186,#1598);
#960=LINE('',#7188,#1599);
#961=LINE('',#7189,#1600);
#962=LINE('',#7192,#1601);
#963=LINE('',#7194,#1602);
#964=LINE('',#7195,#1603);
#965=LINE('',#7198,#1604);
#966=LINE('',#7200,#1605);
#967=LINE('',#7201,#1606);
#968=LINE('',#7204,#1607);
#969=LINE('',#7206,#1608);
#970=LINE('',#7207,#1609);
#971=LINE('',#7209,#1610);
#972=LINE('',#7210,#1611);
#973=LINE('',#7212,#1612);
#974=LINE('',#7213,#1613);
#975=LINE('',#7215,#1614);
#976=LINE('',#7216,#1615);
#977=LINE('',#7218,#1616);
#978=LINE('',#7219,#1617);
#979=LINE('',#7221,#1618);
#980=LINE('',#7222,#1619);
#981=LINE('',#7224,#1620);
#982=LINE('',#7225,#1621);
#983=LINE('',#7228,#1622);
#984=LINE('',#7230,#1623);
#985=LINE('',#7231,#1624);
#986=LINE('',#7233,#1625);
#987=LINE('',#7234,#1626);
#988=LINE('',#7236,#1627);
#989=LINE('',#7237,#1628);
#990=LINE('',#7239,#1629);
#991=LINE('',#7240,#1630);
#992=LINE('',#7242,#1631);
#993=LINE('',#7243,#1632);
#994=LINE('',#7245,#1633);
#995=LINE('',#7246,#1634);
#996=LINE('',#7248,#1635);
#997=LINE('',#7249,#1636);
#998=LINE('',#7251,#1637);
#999=LINE('',#7252,#1638);
#1000=LINE('',#7255,#1639);
#1001=LINE('',#7257,#1640);
#1002=LINE('',#7258,#1641);
#1003=LINE('',#7260,#1642);
#1004=LINE('',#7261,#1643);
#1005=LINE('',#7263,#1644);
#1006=LINE('',#7264,#1645);
#1007=LINE('',#7268,#1646);
#1008=LINE('',#7270,#1647);
#1009=LINE('',#7272,#1648);
#1010=LINE('',#7273,#1649);
#1011=LINE('',#7276,#1650);
#1012=LINE('',#7278,#1651);
#1013=LINE('',#7279,#1652);
#1014=LINE('',#7282,#1653);
#1015=LINE('',#7284,#1654);
#1016=LINE('',#7285,#1655);
#1017=LINE('',#7289,#1656);
#1018=LINE('',#7291,#1657);
#1019=LINE('',#7293,#1658);
#1020=LINE('',#7294,#1659);
#1021=LINE('',#7297,#1660);
#1022=LINE('',#7299,#1661);
#1023=LINE('',#7300,#1662);
#1024=LINE('',#7303,#1663);
#1025=LINE('',#7305,#1664);
#1026=LINE('',#7306,#1665);
#1027=LINE('',#7310,#1666);
#1028=LINE('',#7312,#1667);
#1029=LINE('',#7314,#1668);
#1030=LINE('',#7315,#1669);
#1031=LINE('',#7318,#1670);
#1032=LINE('',#7320,#1671);
#1033=LINE('',#7321,#1672);
#1034=LINE('',#7324,#1673);
#1035=LINE('',#7326,#1674);
#1036=LINE('',#7327,#1675);
#1037=LINE('',#7331,#1676);
#1038=LINE('',#7333,#1677);
#1039=LINE('',#7335,#1678);
#1040=LINE('',#7336,#1679);
#1041=LINE('',#7339,#1680);
#1042=LINE('',#7341,#1681);
#1043=LINE('',#7342,#1682);
#1044=LINE('',#7345,#1683);
#1045=LINE('',#7347,#1684);
#1046=LINE('',#7348,#1685);
#1047=LINE('',#7352,#1686);
#1048=LINE('',#7354,#1687);
#1049=LINE('',#7356,#1688);
#1050=LINE('',#7357,#1689);
#1051=LINE('',#7360,#1690);
#1052=LINE('',#7362,#1691);
#1053=LINE('',#7363,#1692);
#1054=LINE('',#7366,#1693);
#1055=LINE('',#7368,#1694);
#1056=LINE('',#7369,#1695);
#1057=LINE('',#7373,#1696);
#1058=LINE('',#7375,#1697);
#1059=LINE('',#7377,#1698);
#1060=LINE('',#7378,#1699);
#1061=LINE('',#7381,#1700);
#1062=LINE('',#7383,#1701);
#1063=LINE('',#7384,#1702);
#1064=LINE('',#7387,#1703);
#1065=LINE('',#7389,#1704);
#1066=LINE('',#7390,#1705);
#1067=LINE('',#7394,#1706);
#1068=LINE('',#7396,#1707);
#1069=LINE('',#7398,#1708);
#1070=LINE('',#7399,#1709);
#1071=LINE('',#7402,#1710);
#1072=LINE('',#7404,#1711);
#1073=LINE('',#7405,#1712);
#1074=LINE('',#7408,#1713);
#1075=LINE('',#7410,#1714);
#1076=LINE('',#7411,#1715);
#1077=LINE('',#7415,#1716);
#1078=LINE('',#7417,#1717);
#1079=LINE('',#7419,#1718);
#1080=LINE('',#7420,#1719);
#1081=LINE('',#7423,#1720);
#1082=LINE('',#7425,#1721);
#1083=LINE('',#7426,#1722);
#1084=LINE('',#7429,#1723);
#1085=LINE('',#7431,#1724);
#1086=LINE('',#7432,#1725);
#1087=LINE('',#7436,#1726);
#1088=LINE('',#7438,#1727);
#1089=LINE('',#7440,#1728);
#1090=LINE('',#7441,#1729);
#1091=LINE('',#7444,#1730);
#1092=LINE('',#7446,#1731);
#1093=LINE('',#7447,#1732);
#1094=LINE('',#7450,#1733);
#1095=LINE('',#7452,#1734);
#1096=LINE('',#7453,#1735);
#1097=LINE('',#7457,#1736);
#1098=LINE('',#7459,#1737);
#1099=LINE('',#7461,#1738);
#1100=LINE('',#7462,#1739);
#1101=LINE('',#7465,#1740);
#1102=LINE('',#7467,#1741);
#1103=LINE('',#7468,#1742);
#1104=LINE('',#7472,#1743);
#1105=LINE('',#7474,#1744);
#1106=LINE('',#7476,#1745);
#1107=LINE('',#7477,#1746);
#1108=LINE('',#7480,#1747);
#1109=LINE('',#7482,#1748);
#1110=LINE('',#7483,#1749);
#1111=LINE('',#7486,#1750);
#1112=LINE('',#7488,#1751);
#1113=LINE('',#7489,#1752);
#1114=LINE('',#7493,#1753);
#1115=LINE('',#7495,#1754);
#1116=LINE('',#7497,#1755);
#1117=LINE('',#7498,#1756);
#1118=LINE('',#7501,#1757);
#1119=LINE('',#7503,#1758);
#1120=LINE('',#7504,#1759);
#1121=LINE('',#7508,#1760);
#1122=LINE('',#7510,#1761);
#1123=LINE('',#7512,#1762);
#1124=LINE('',#7513,#1763);
#1125=LINE('',#7516,#1764);
#1126=LINE('',#7518,#1765);
#1127=LINE('',#7519,#1766);
#1128=LINE('',#7522,#1767);
#1129=LINE('',#7524,#1768);
#1130=LINE('',#7525,#1769);
#1131=LINE('',#7529,#1770);
#1132=LINE('',#7531,#1771);
#1133=LINE('',#7533,#1772);
#1134=LINE('',#7534,#1773);
#1135=LINE('',#7537,#1774);
#1136=LINE('',#7539,#1775);
#1137=LINE('',#7540,#1776);
#1138=LINE('',#7543,#1777);
#1139=LINE('',#7545,#1778);
#1140=LINE('',#7546,#1779);
#1141=LINE('',#7550,#1780);
#1142=LINE('',#7552,#1781);
#1143=LINE('',#7554,#1782);
#1144=LINE('',#7555,#1783);
#1145=LINE('',#7558,#1784);
#1146=LINE('',#7560,#1785);
#1147=LINE('',#7561,#1786);
#1148=LINE('',#7564,#1787);
#1149=LINE('',#7566,#1788);
#1150=LINE('',#7567,#1789);
#1151=LINE('',#7571,#1790);
#1152=LINE('',#7573,#1791);
#1153=LINE('',#7575,#1792);
#1154=LINE('',#7576,#1793);
#1155=LINE('',#7579,#1794);
#1156=LINE('',#7581,#1795);
#1157=LINE('',#7582,#1796);
#1158=LINE('',#7585,#1797);
#1159=LINE('',#7587,#1798);
#1160=LINE('',#7588,#1799);
#1161=LINE('',#7592,#1800);
#1162=LINE('',#7594,#1801);
#1163=LINE('',#7596,#1802);
#1164=LINE('',#7597,#1803);
#1165=LINE('',#7600,#1804);
#1166=LINE('',#7602,#1805);
#1167=LINE('',#7603,#1806);
#1168=LINE('',#7606,#1807);
#1169=LINE('',#7608,#1808);
#1170=LINE('',#7609,#1809);
#1171=LINE('',#7613,#1810);
#1172=LINE('',#7615,#1811);
#1173=LINE('',#7617,#1812);
#1174=LINE('',#7618,#1813);
#1175=LINE('',#7621,#1814);
#1176=LINE('',#7623,#1815);
#1177=LINE('',#7624,#1816);
#1178=LINE('',#7627,#1817);
#1179=LINE('',#7629,#1818);
#1180=LINE('',#7630,#1819);
#1181=LINE('',#7634,#1820);
#1182=LINE('',#7636,#1821);
#1183=LINE('',#7638,#1822);
#1184=LINE('',#7639,#1823);
#1185=LINE('',#7642,#1824);
#1186=LINE('',#7644,#1825);
#1187=LINE('',#7645,#1826);
#1188=LINE('',#7648,#1827);
#1189=LINE('',#7650,#1828);
#1190=LINE('',#7651,#1829);
#1191=LINE('',#7653,#1830);
#1192=LINE('',#7654,#1831);
#1193=LINE('',#7656,#1832);
#1194=LINE('',#7657,#1833);
#1195=LINE('',#7659,#1834);
#1196=LINE('',#7660,#1835);
#1197=LINE('',#7662,#1836);
#1198=LINE('',#7663,#1837);
#1199=LINE('',#7665,#1838);
#1200=LINE('',#7666,#1839);
#1201=LINE('',#7668,#1840);
#1202=LINE('',#7669,#1841);
#1203=LINE('',#7671,#1842);
#1204=LINE('',#7672,#1843);
#1205=LINE('',#7675,#1844);
#1206=LINE('',#7677,#1845);
#1207=LINE('',#7678,#1846);
#1208=LINE('',#7680,#1847);
#1209=LINE('',#7681,#1848);
#1210=LINE('',#7683,#1849);
#1211=LINE('',#7684,#1850);
#1212=LINE('',#7686,#1851);
#1213=LINE('',#7687,#1852);
#1214=LINE('',#7689,#1853);
#1215=LINE('',#7690,#1854);
#1216=LINE('',#7692,#1855);
#1217=LINE('',#7693,#1856);
#1218=LINE('',#7695,#1857);
#1219=LINE('',#7696,#1858);
#1220=LINE('',#7699,#1859);
#1221=LINE('',#7701,#1860);
#1222=LINE('',#7702,#1861);
#1223=LINE('',#7704,#1862);
#1224=LINE('',#7705,#1863);
#1225=LINE('',#7708,#1864);
#1226=LINE('',#7710,#1865);
#1227=LINE('',#7711,#1866);
#1228=LINE('',#7713,#1867);
#1229=LINE('',#7714,#1868);
#1230=LINE('',#7719,#1869);
#1231=LINE('',#7721,#1870);
#1232=LINE('',#7723,#1871);
#1233=LINE('',#7727,#1872);
#1234=LINE('',#7729,#1873);
#1235=LINE('',#7731,#1874);
#1236=LINE('',#7734,#1875);
#1237=LINE('',#7738,#1876);
#1238=LINE('',#7742,#1877);
#1239=LINE('',#7744,#1878);
#1240=LINE('',#7748,#1879);
#1241=LINE('',#7750,#1880);
#1242=LINE('',#7752,#1881);
#1243=LINE('',#7756,#1882);
#1244=LINE('',#7758,#1883);
#1245=LINE('',#7760,#1884);
#1246=LINE('',#7764,#1885);
#1247=LINE('',#7766,#1886);
#1248=LINE('',#7768,#1887);
#1249=LINE('',#7769,#1888);
#1250=LINE('',#7772,#1889);
#1251=LINE('',#7775,#1890);
#1252=LINE('',#7782,#1891);
#1253=LINE('',#7785,#1892);
#1254=LINE('',#7790,#1893);
#1255=LINE('',#7793,#1894);
#1256=LINE('',#7798,#1895);
#1257=LINE('',#7801,#1896);
#1258=LINE('',#7806,#1897);
#1259=LINE('',#7809,#1898);
#1260=LINE('',#7812,#1899);
#1261=LINE('',#7816,#1900);
#1262=LINE('',#7822,#1901);
#1263=LINE('',#7826,#1902);
#1264=LINE('',#7830,#1903);
#1265=LINE('',#7836,#1904);
#1266=LINE('',#7840,#1905);
#1267=LINE('',#7844,#1906);
#1268=LINE('',#7848,#1907);
#1269=LINE('',#7854,#1908);
#1270=LINE('',#7858,#1909);
#1271=LINE('',#7863,#1910);
#1272=LINE('',#7867,#1911);
#1273=LINE('',#7868,#1912);
#1274=LINE('',#7872,#1913);
#1275=LINE('',#7874,#1914);
#1276=LINE('',#7876,#1915);
#1277=LINE('',#7877,#1916);
#1278=LINE('',#7880,#1917);
#1279=LINE('',#7882,#1918);
#1280=LINE('',#7883,#1919);
#1281=LINE('',#7886,#1920);
#1282=LINE('',#7890,#1921);
#1283=LINE('',#7891,#1922);
#1284=LINE('',#7895,#1923);
#1285=LINE('',#7898,#1924);
#1286=LINE('',#7900,#1925);
#1287=LINE('',#7903,#1926);
#1288=LINE('',#7905,#1927);
#1289=LINE('',#7908,#1928);
#1290=LINE('',#7911,#1929);
#1291=LINE('',#7913,#1930);
#1292=LINE('',#7914,#1931);
#1293=LINE('',#7917,#1932);
#1294=LINE('',#7919,#1933);
#1295=LINE('',#7920,#1934);
#1296=LINE('',#7923,#1935);
#1297=LINE('',#7924,#1936);
#1298=LINE('',#7927,#1937);
#1299=LINE('',#7928,#1938);
#1300=LINE('',#7930,#1939);
#1301=LINE('',#7942,#1940);
#1302=LINE('',#7943,#1941);
#1303=LINE('',#7946,#1942);
#1304=LINE('',#7948,#1943);
#1305=LINE('',#7952,#1944);
#1306=LINE('',#7955,#1945);
#1307=LINE('',#7964,#1946);
#1308=LINE('',#7965,#1947);
#1309=LINE('',#7977,#1948);
#1310=LINE('',#7978,#1949);
#1311=LINE('',#7980,#1950);
#1312=LINE('',#7981,#1951);
#1313=LINE('',#7997,#1952);
#1314=LINE('',#7998,#1953);
#1315=LINE('',#8000,#1954);
#1316=LINE('',#8001,#1955);
#1317=LINE('',#8013,#1956);
#1318=LINE('',#8016,#1957);
#1319=LINE('',#8017,#1958);
#1320=LINE('',#8019,#1959);
#1321=LINE('',#8020,#1960);
#1322=LINE('',#8022,#1961);
#1323=LINE('',#8023,#1962);
#1324=LINE('',#8025,#1963);
#1325=LINE('',#8026,#1964);
#1326=LINE('',#8028,#1965);
#1327=LINE('',#8029,#1966);
#1328=LINE('',#8031,#1967);
#1329=LINE('',#8032,#1968);
#1330=LINE('',#8035,#1969);
#1331=LINE('',#8036,#1970);
#1332=LINE('',#8038,#1971);
#1333=LINE('',#8041,#1972);
#1334=LINE('',#8043,#1973);
#1335=LINE('',#8044,#1974);
#1336=LINE('',#8046,#1975);
#1337=LINE('',#8048,#1976);
#1338=LINE('',#8049,#1977);
#1339=LINE('',#8053,#1978);
#1340=LINE('',#8055,#1979);
#1341=LINE('',#8057,#1980);
#1342=LINE('',#8060,#1981);
#1343=LINE('',#8061,#1982);
#1344=LINE('',#8064,#1983);
#1345=LINE('',#8065,#1984);
#1346=LINE('',#8068,#1985);
#1347=LINE('',#8070,#1986);
#1348=LINE('',#8071,#1987);
#1349=LINE('',#8074,#1988);
#1350=LINE('',#8078,#1989);
#1351=LINE('',#8079,#1990);
#1352=LINE('',#8082,#1991);
#1353=LINE('',#8083,#1992);
#1354=LINE('',#8085,#1993);
#1355=LINE('',#8088,#1994);
#1356=LINE('',#8089,#1995);
#1357=LINE('',#8091,#1996);
#1358=LINE('',#8095,#1997);
#1359=LINE('',#8099,#1998);
#1360=LINE('',#8100,#1999);
#1361=LINE('',#8102,#2000);
#1362=LINE('',#8103,#2001);
#1363=LINE('',#8104,#2002);
#1364=LINE('',#8105,#2003);
#1365=LINE('',#8108,#2004);
#1366=LINE('',#8111,#2005);
#1367=LINE('',#8117,#2006);
#1368=LINE('',#8120,#2007);
#1369=LINE('',#8125,#2008);
#1370=LINE('',#8128,#2009);
#1371=LINE('',#8133,#2010);
#1372=LINE('',#8136,#2011);
#1373=LINE('',#8141,#2012);
#1374=LINE('',#8144,#2013);
#1375=LINE('',#8149,#2014);
#1376=LINE('',#8152,#2015);
#1377=LINE('',#8154,#2016);
#1378=LINE('',#8155,#2017);
#1379=LINE('',#8157,#2018);
#1380=LINE('',#8159,#2019);
#1381=LINE('',#8160,#2020);
#1382=LINE('',#8162,#2021);
#1383=LINE('',#8164,#2022);
#1384=LINE('',#8165,#2023);
#1385=LINE('',#8167,#2024);
#1386=LINE('',#8169,#2025);
#1387=LINE('',#8170,#2026);
#1388=LINE('',#8172,#2027);
#1389=LINE('',#8174,#2028);
#1390=LINE('',#8175,#2029);
#1391=LINE('',#8177,#2030);
#1392=LINE('',#8179,#2031);
#1393=LINE('',#8182,#2032);
#1394=LINE('',#8185,#2033);
#1395=LINE('',#8188,#2034);
#1396=LINE('',#8191,#2035);
#1397=LINE('',#8196,#2036);
#1398=LINE('',#8200,#2037);
#1399=LINE('',#8202,#2038);
#1400=LINE('',#8206,#2039);
#1401=LINE('',#8209,#2040);
#1402=LINE('',#8212,#2041);
#1403=LINE('',#8213,#2042);
#1404=LINE('',#8216,#2043);
#1405=LINE('',#8217,#2044);
#1406=LINE('',#8222,#2045);
#1407=LINE('',#8223,#2046);
#1408=LINE('',#8225,#2047);
#1409=LINE('',#8230,#2048);
#1410=LINE('',#8233,#2049);
#1411=LINE('',#8236,#2050);
#1412=LINE('',#8239,#2051);
#1413=LINE('',#8242,#2052);
#1414=LINE('',#8243,#2053);
#1415=LINE('',#8246,#2054);
#1416=LINE('',#8247,#2055);
#1417=LINE('',#8249,#2056);
#1418=LINE('',#8252,#2057);
#1419=LINE('',#8253,#2058);
#1420=LINE('',#8256,#2059);
#1421=LINE('',#8257,#2060);
#1422=LINE('',#8259,#2061);
#1423=VECTOR('',#5515,10.);
#1424=VECTOR('',#5516,10.);
#1425=VECTOR('',#5517,10.);
#1426=VECTOR('',#5518,10.);
#1427=VECTOR('',#5521,10.);
#1428=VECTOR('',#5522,10.);
#1429=VECTOR('',#5523,10.);
#1430=VECTOR('',#5526,10.);
#1431=VECTOR('',#5527,10.);
#1432=VECTOR('',#5528,10.);
#1433=VECTOR('',#5531,10.);
#1434=VECTOR('',#5532,10.);
#1435=VECTOR('',#5533,10.);
#1436=VECTOR('',#5534,10.);
#1437=VECTOR('',#5537,10.);
#1438=VECTOR('',#5538,10.);
#1439=VECTOR('',#5539,10.);
#1440=VECTOR('',#5542,10.);
#1441=VECTOR('',#5543,10.);
#1442=VECTOR('',#5544,10.);
#1443=VECTOR('',#5547,10.);
#1444=VECTOR('',#5548,10.);
#1445=VECTOR('',#5549,10.);
#1446=VECTOR('',#5550,10.);
#1447=VECTOR('',#5553,10.);
#1448=VECTOR('',#5554,10.);
#1449=VECTOR('',#5555,10.);
#1450=VECTOR('',#5558,10.);
#1451=VECTOR('',#5559,10.);
#1452=VECTOR('',#5560,10.);
#1453=VECTOR('',#5563,10.);
#1454=VECTOR('',#5564,10.);
#1455=VECTOR('',#5565,10.);
#1456=VECTOR('',#5566,10.);
#1457=VECTOR('',#5569,10.);
#1458=VECTOR('',#5570,10.);
#1459=VECTOR('',#5571,10.);
#1460=VECTOR('',#5574,10.);
#1461=VECTOR('',#5575,10.);
#1462=VECTOR('',#5576,10.);
#1463=VECTOR('',#5579,10.);
#1464=VECTOR('',#5580,10.);
#1465=VECTOR('',#5581,10.);
#1466=VECTOR('',#5582,10.);
#1467=VECTOR('',#5585,10.);
#1468=VECTOR('',#5586,10.);
#1469=VECTOR('',#5587,10.);
#1470=VECTOR('',#5590,10.);
#1471=VECTOR('',#5591,10.);
#1472=VECTOR('',#5592,10.);
#1473=VECTOR('',#5595,10.);
#1474=VECTOR('',#5596,10.);
#1475=VECTOR('',#5597,10.);
#1476=VECTOR('',#5598,10.);
#1477=VECTOR('',#5601,10.);
#1478=VECTOR('',#5602,10.);
#1479=VECTOR('',#5603,10.);
#1480=VECTOR('',#5606,10.);
#1481=VECTOR('',#5607,10.);
#1482=VECTOR('',#5608,10.);
#1483=VECTOR('',#5611,10.);
#1484=VECTOR('',#5612,10.);
#1485=VECTOR('',#5613,10.);
#1486=VECTOR('',#5614,10.);
#1487=VECTOR('',#5617,10.);
#1488=VECTOR('',#5618,10.);
#1489=VECTOR('',#5619,10.);
#1490=VECTOR('',#5622,10.);
#1491=VECTOR('',#5623,10.);
#1492=VECTOR('',#5624,10.);
#1493=VECTOR('',#5627,10.);
#1494=VECTOR('',#5628,10.);
#1495=VECTOR('',#5629,10.);
#1496=VECTOR('',#5630,10.);
#1497=VECTOR('',#5633,10.);
#1498=VECTOR('',#5634,10.);
#1499=VECTOR('',#5635,10.);
#1500=VECTOR('',#5638,10.);
#1501=VECTOR('',#5639,10.);
#1502=VECTOR('',#5640,10.);
#1503=VECTOR('',#5643,10.);
#1504=VECTOR('',#5644,10.);
#1505=VECTOR('',#5645,10.);
#1506=VECTOR('',#5646,10.);
#1507=VECTOR('',#5649,10.);
#1508=VECTOR('',#5650,10.);
#1509=VECTOR('',#5651,10.);
#1510=VECTOR('',#5654,10.);
#1511=VECTOR('',#5655,10.);
#1512=VECTOR('',#5656,10.);
#1513=VECTOR('',#5659,10.);
#1514=VECTOR('',#5660,10.);
#1515=VECTOR('',#5661,10.);
#1516=VECTOR('',#5662,10.);
#1517=VECTOR('',#5665,10.);
#1518=VECTOR('',#5666,10.);
#1519=VECTOR('',#5667,10.);
#1520=VECTOR('',#5670,10.);
#1521=VECTOR('',#5671,10.);
#1522=VECTOR('',#5672,10.);
#1523=VECTOR('',#5675,10.);
#1524=VECTOR('',#5676,10.);
#1525=VECTOR('',#5677,10.);
#1526=VECTOR('',#5678,10.);
#1527=VECTOR('',#5681,10.);
#1528=VECTOR('',#5682,10.);
#1529=VECTOR('',#5683,10.);
#1530=VECTOR('',#5686,10.);
#1531=VECTOR('',#5687,10.);
#1532=VECTOR('',#5688,10.);
#1533=VECTOR('',#5689,10.);
#1534=VECTOR('',#5692,10.);
#1535=VECTOR('',#5693,10.);
#1536=VECTOR('',#5694,10.);
#1537=VECTOR('',#5697,10.);
#1538=VECTOR('',#5698,10.);
#1539=VECTOR('',#5699,10.);
#1540=VECTOR('',#5702,10.);
#1541=VECTOR('',#5703,10.);
#1542=VECTOR('',#5704,10.);
#1543=VECTOR('',#5705,10.);
#1544=VECTOR('',#5708,10.);
#1545=VECTOR('',#5709,10.);
#1546=VECTOR('',#5710,10.);
#1547=VECTOR('',#5713,10.);
#1548=VECTOR('',#5714,10.);
#1549=VECTOR('',#5715,10.);
#1550=VECTOR('',#5716,10.);
#1551=VECTOR('',#5719,10.);
#1552=VECTOR('',#5720,10.);
#1553=VECTOR('',#5721,10.);
#1554=VECTOR('',#5724,10.);
#1555=VECTOR('',#5725,10.);
#1556=VECTOR('',#5726,10.);
#1557=VECTOR('',#5729,10.);
#1558=VECTOR('',#5730,10.);
#1559=VECTOR('',#5731,10.);
#1560=VECTOR('',#5732,10.);
#1561=VECTOR('',#5735,10.);
#1562=VECTOR('',#5736,10.);
#1563=VECTOR('',#5737,10.);
#1564=VECTOR('',#5740,10.);
#1565=VECTOR('',#5741,10.);
#1566=VECTOR('',#5742,10.);
#1567=VECTOR('',#5745,10.);
#1568=VECTOR('',#5746,10.);
#1569=VECTOR('',#5747,10.);
#1570=VECTOR('',#5748,10.);
#1571=VECTOR('',#5751,10.);
#1572=VECTOR('',#5752,10.);
#1573=VECTOR('',#5753,10.);
#1574=VECTOR('',#5756,10.);
#1575=VECTOR('',#5757,10.);
#1576=VECTOR('',#5758,10.);
#1577=VECTOR('',#5761,10.);
#1578=VECTOR('',#5762,10.);
#1579=VECTOR('',#5763,10.);
#1580=VECTOR('',#5764,10.);
#1581=VECTOR('',#5767,10.);
#1582=VECTOR('',#5768,10.);
#1583=VECTOR('',#5769,10.);
#1584=VECTOR('',#5772,10.);
#1585=VECTOR('',#5773,10.);
#1586=VECTOR('',#5774,10.);
#1587=VECTOR('',#5777,10.);
#1588=VECTOR('',#5778,10.);
#1589=VECTOR('',#5779,10.);
#1590=VECTOR('',#5780,10.);
#1591=VECTOR('',#5783,10.);
#1592=VECTOR('',#5784,10.);
#1593=VECTOR('',#5785,10.);
#1594=VECTOR('',#5788,10.);
#1595=VECTOR('',#5789,10.);
#1596=VECTOR('',#5790,10.);
#1597=VECTOR('',#5793,10.);
#1598=VECTOR('',#5794,10.);
#1599=VECTOR('',#5795,10.);
#1600=VECTOR('',#5796,10.);
#1601=VECTOR('',#5799,10.);
#1602=VECTOR('',#5800,10.);
#1603=VECTOR('',#5801,10.);
#1604=VECTOR('',#5804,10.);
#1605=VECTOR('',#5805,10.);
#1606=VECTOR('',#5806,10.);
#1607=VECTOR('',#5809,10.);
#1608=VECTOR('',#5810,10.);
#1609=VECTOR('',#5811,10.);
#1610=VECTOR('',#5814,10.);
#1611=VECTOR('',#5815,10.);
#1612=VECTOR('',#5818,10.);
#1613=VECTOR('',#5819,10.);
#1614=VECTOR('',#5822,10.);
#1615=VECTOR('',#5823,10.);
#1616=VECTOR('',#5826,10.);
#1617=VECTOR('',#5827,10.);
#1618=VECTOR('',#5830,10.);
#1619=VECTOR('',#5831,10.);
#1620=VECTOR('',#5834,10.);
#1621=VECTOR('',#5835,10.);
#1622=VECTOR('',#5838,10.);
#1623=VECTOR('',#5839,10.);
#1624=VECTOR('',#5840,10.);
#1625=VECTOR('',#5843,10.);
#1626=VECTOR('',#5844,10.);
#1627=VECTOR('',#5847,10.);
#1628=VECTOR('',#5848,10.);
#1629=VECTOR('',#5851,10.);
#1630=VECTOR('',#5852,10.);
#1631=VECTOR('',#5855,10.);
#1632=VECTOR('',#5856,10.);
#1633=VECTOR('',#5859,10.);
#1634=VECTOR('',#5860,10.);
#1635=VECTOR('',#5863,10.);
#1636=VECTOR('',#5864,10.);
#1637=VECTOR('',#5867,10.);
#1638=VECTOR('',#5868,10.);
#1639=VECTOR('',#5871,10.);
#1640=VECTOR('',#5872,10.);
#1641=VECTOR('',#5873,10.);
#1642=VECTOR('',#5876,10.);
#1643=VECTOR('',#5877,10.);
#1644=VECTOR('',#5880,10.);
#1645=VECTOR('',#5881,10.);
#1646=VECTOR('',#5884,10.);
#1647=VECTOR('',#5885,10.);
#1648=VECTOR('',#5886,10.);
#1649=VECTOR('',#5887,10.);
#1650=VECTOR('',#5890,10.);
#1651=VECTOR('',#5891,10.);
#1652=VECTOR('',#5892,10.);
#1653=VECTOR('',#5895,10.);
#1654=VECTOR('',#5896,10.);
#1655=VECTOR('',#5897,10.);
#1656=VECTOR('',#5900,10.);
#1657=VECTOR('',#5901,10.);
#1658=VECTOR('',#5902,10.);
#1659=VECTOR('',#5903,10.);
#1660=VECTOR('',#5906,10.);
#1661=VECTOR('',#5907,10.);
#1662=VECTOR('',#5908,10.);
#1663=VECTOR('',#5911,10.);
#1664=VECTOR('',#5912,10.);
#1665=VECTOR('',#5913,10.);
#1666=VECTOR('',#5916,10.);
#1667=VECTOR('',#5917,10.);
#1668=VECTOR('',#5918,10.);
#1669=VECTOR('',#5919,10.);
#1670=VECTOR('',#5922,10.);
#1671=VECTOR('',#5923,10.);
#1672=VECTOR('',#5924,10.);
#1673=VECTOR('',#5927,10.);
#1674=VECTOR('',#5928,10.);
#1675=VECTOR('',#5929,10.);
#1676=VECTOR('',#5932,10.);
#1677=VECTOR('',#5933,10.);
#1678=VECTOR('',#5934,10.);
#1679=VECTOR('',#5935,10.);
#1680=VECTOR('',#5938,10.);
#1681=VECTOR('',#5939,10.);
#1682=VECTOR('',#5940,10.);
#1683=VECTOR('',#5943,10.);
#1684=VECTOR('',#5944,10.);
#1685=VECTOR('',#5945,10.);
#1686=VECTOR('',#5948,10.);
#1687=VECTOR('',#5949,10.);
#1688=VECTOR('',#5950,10.);
#1689=VECTOR('',#5951,10.);
#1690=VECTOR('',#5954,10.);
#1691=VECTOR('',#5955,10.);
#1692=VECTOR('',#5956,10.);
#1693=VECTOR('',#5959,10.);
#1694=VECTOR('',#5960,10.);
#1695=VECTOR('',#5961,10.);
#1696=VECTOR('',#5964,10.);
#1697=VECTOR('',#5965,10.);
#1698=VECTOR('',#5966,10.);
#1699=VECTOR('',#5967,10.);
#1700=VECTOR('',#5970,10.);
#1701=VECTOR('',#5971,10.);
#1702=VECTOR('',#5972,10.);
#1703=VECTOR('',#5975,10.);
#1704=VECTOR('',#5976,10.);
#1705=VECTOR('',#5977,10.);
#1706=VECTOR('',#5980,10.);
#1707=VECTOR('',#5981,10.);
#1708=VECTOR('',#5982,10.);
#1709=VECTOR('',#5983,10.);
#1710=VECTOR('',#5986,10.);
#1711=VECTOR('',#5987,10.);
#1712=VECTOR('',#5988,10.);
#1713=VECTOR('',#5991,10.);
#1714=VECTOR('',#5992,10.);
#1715=VECTOR('',#5993,10.);
#1716=VECTOR('',#5996,10.);
#1717=VECTOR('',#5997,10.);
#1718=VECTOR('',#5998,10.);
#1719=VECTOR('',#5999,10.);
#1720=VECTOR('',#6002,10.);
#1721=VECTOR('',#6003,10.);
#1722=VECTOR('',#6004,10.);
#1723=VECTOR('',#6007,10.);
#1724=VECTOR('',#6008,10.);
#1725=VECTOR('',#6009,10.);
#1726=VECTOR('',#6012,10.);
#1727=VECTOR('',#6013,10.);
#1728=VECTOR('',#6014,10.);
#1729=VECTOR('',#6015,10.);
#1730=VECTOR('',#6018,10.);
#1731=VECTOR('',#6019,10.);
#1732=VECTOR('',#6020,10.);
#1733=VECTOR('',#6023,10.);
#1734=VECTOR('',#6024,10.);
#1735=VECTOR('',#6025,10.);
#1736=VECTOR('',#6028,10.);
#1737=VECTOR('',#6029,10.);
#1738=VECTOR('',#6030,10.);
#1739=VECTOR('',#6031,10.);
#1740=VECTOR('',#6034,10.);
#1741=VECTOR('',#6035,10.);
#1742=VECTOR('',#6036,10.);
#1743=VECTOR('',#6039,10.);
#1744=VECTOR('',#6040,10.);
#1745=VECTOR('',#6041,10.);
#1746=VECTOR('',#6042,10.);
#1747=VECTOR('',#6045,10.);
#1748=VECTOR('',#6046,10.);
#1749=VECTOR('',#6047,10.);
#1750=VECTOR('',#6050,10.);
#1751=VECTOR('',#6051,10.);
#1752=VECTOR('',#6052,10.);
#1753=VECTOR('',#6055,10.);
#1754=VECTOR('',#6056,10.);
#1755=VECTOR('',#6057,10.);
#1756=VECTOR('',#6058,10.);
#1757=VECTOR('',#6061,10.);
#1758=VECTOR('',#6062,10.);
#1759=VECTOR('',#6063,10.);
#1760=VECTOR('',#6066,10.);
#1761=VECTOR('',#6067,10.);
#1762=VECTOR('',#6068,10.);
#1763=VECTOR('',#6069,10.);
#1764=VECTOR('',#6072,10.);
#1765=VECTOR('',#6073,10.);
#1766=VECTOR('',#6074,10.);
#1767=VECTOR('',#6077,10.);
#1768=VECTOR('',#6078,10.);
#1769=VECTOR('',#6079,10.);
#1770=VECTOR('',#6082,10.);
#1771=VECTOR('',#6083,10.);
#1772=VECTOR('',#6084,10.);
#1773=VECTOR('',#6085,10.);
#1774=VECTOR('',#6088,10.);
#1775=VECTOR('',#6089,10.);
#1776=VECTOR('',#6090,10.);
#1777=VECTOR('',#6093,10.);
#1778=VECTOR('',#6094,10.);
#1779=VECTOR('',#6095,10.);
#1780=VECTOR('',#6098,10.);
#1781=VECTOR('',#6099,10.);
#1782=VECTOR('',#6100,10.);
#1783=VECTOR('',#6101,10.);
#1784=VECTOR('',#6104,10.);
#1785=VECTOR('',#6105,10.);
#1786=VECTOR('',#6106,10.);
#1787=VECTOR('',#6109,10.);
#1788=VECTOR('',#6110,10.);
#1789=VECTOR('',#6111,10.);
#1790=VECTOR('',#6114,10.);
#1791=VECTOR('',#6115,10.);
#1792=VECTOR('',#6116,10.);
#1793=VECTOR('',#6117,10.);
#1794=VECTOR('',#6120,10.);
#1795=VECTOR('',#6121,10.);
#1796=VECTOR('',#6122,10.);
#1797=VECTOR('',#6125,10.);
#1798=VECTOR('',#6126,10.);
#1799=VECTOR('',#6127,10.);
#1800=VECTOR('',#6130,10.);
#1801=VECTOR('',#6131,10.);
#1802=VECTOR('',#6132,10.);
#1803=VECTOR('',#6133,10.);
#1804=VECTOR('',#6136,10.);
#1805=VECTOR('',#6137,10.);
#1806=VECTOR('',#6138,10.);
#1807=VECTOR('',#6141,10.);
#1808=VECTOR('',#6142,10.);
#1809=VECTOR('',#6143,10.);
#1810=VECTOR('',#6146,10.);
#1811=VECTOR('',#6147,10.);
#1812=VECTOR('',#6148,10.);
#1813=VECTOR('',#6149,10.);
#1814=VECTOR('',#6152,10.);
#1815=VECTOR('',#6153,10.);
#1816=VECTOR('',#6154,10.);
#1817=VECTOR('',#6157,10.);
#1818=VECTOR('',#6158,10.);
#1819=VECTOR('',#6159,10.);
#1820=VECTOR('',#6162,10.);
#1821=VECTOR('',#6163,10.);
#1822=VECTOR('',#6164,10.);
#1823=VECTOR('',#6165,10.);
#1824=VECTOR('',#6168,10.);
#1825=VECTOR('',#6169,10.);
#1826=VECTOR('',#6170,10.);
#1827=VECTOR('',#6173,10.);
#1828=VECTOR('',#6174,10.);
#1829=VECTOR('',#6175,10.);
#1830=VECTOR('',#6178,10.);
#1831=VECTOR('',#6179,10.);
#1832=VECTOR('',#6182,10.);
#1833=VECTOR('',#6183,10.);
#1834=VECTOR('',#6186,10.);
#1835=VECTOR('',#6187,10.);
#1836=VECTOR('',#6190,10.);
#1837=VECTOR('',#6191,10.);
#1838=VECTOR('',#6194,10.);
#1839=VECTOR('',#6195,10.);
#1840=VECTOR('',#6198,10.);
#1841=VECTOR('',#6199,10.);
#1842=VECTOR('',#6202,10.);
#1843=VECTOR('',#6203,10.);
#1844=VECTOR('',#6206,10.);
#1845=VECTOR('',#6207,10.);
#1846=VECTOR('',#6208,10.);
#1847=VECTOR('',#6211,10.);
#1848=VECTOR('',#6212,10.);
#1849=VECTOR('',#6215,10.);
#1850=VECTOR('',#6216,10.);
#1851=VECTOR('',#6219,10.);
#1852=VECTOR('',#6220,10.);
#1853=VECTOR('',#6223,10.);
#1854=VECTOR('',#6224,10.);
#1855=VECTOR('',#6227,10.);
#1856=VECTOR('',#6228,10.);
#1857=VECTOR('',#6231,10.);
#1858=VECTOR('',#6232,10.);
#1859=VECTOR('',#6235,10.);
#1860=VECTOR('',#6236,10.);
#1861=VECTOR('',#6237,10.);
#1862=VECTOR('',#6240,10.);
#1863=VECTOR('',#6241,10.);
#1864=VECTOR('',#6244,10.);
#1865=VECTOR('',#6245,10.);
#1866=VECTOR('',#6246,10.);
#1867=VECTOR('',#6249,10.);
#1868=VECTOR('',#6250,10.);
#1869=VECTOR('',#6255,10.);
#1870=VECTOR('',#6256,10.);
#1871=VECTOR('',#6257,10.);
#1872=VECTOR('',#6260,10.);
#1873=VECTOR('',#6261,10.);
#1874=VECTOR('',#6262,10.);
#1875=VECTOR('',#6265,10.);
#1876=VECTOR('',#6268,10.);
#1877=VECTOR('',#6271,10.);
#1878=VECTOR('',#6272,10.);
#1879=VECTOR('',#6275,10.);
#1880=VECTOR('',#6276,10.);
#1881=VECTOR('',#6277,10.);
#1882=VECTOR('',#6280,10.);
#1883=VECTOR('',#6281,10.);
#1884=VECTOR('',#6282,10.);
#1885=VECTOR('',#6285,10.);
#1886=VECTOR('',#6286,10.);
#1887=VECTOR('',#6287,10.);
#1888=VECTOR('',#6288,10.);
#1889=VECTOR('',#6293,10.);
#1890=VECTOR('',#6298,10.);
#1891=VECTOR('',#6303,10.);
#1892=VECTOR('',#6306,10.);
#1893=VECTOR('',#6309,10.);
#1894=VECTOR('',#6312,10.);
#1895=VECTOR('',#6315,10.);
#1896=VECTOR('',#6318,10.);
#1897=VECTOR('',#6321,10.);
#1898=VECTOR('',#6324,10.);
#1899=VECTOR('',#6325,10.);
#1900=VECTOR('',#6328,10.);
#1901=VECTOR('',#6335,10.);
#1902=VECTOR('',#6338,10.);
#1903=VECTOR('',#6341,10.);
#1904=VECTOR('',#6348,10.);
#1905=VECTOR('',#6351,10.);
#1906=VECTOR('',#6354,10.);
#1907=VECTOR('',#6357,10.);
#1908=VECTOR('',#6364,10.);
#1909=VECTOR('',#6367,10.);
#1910=VECTOR('',#6372,10.);
#1911=VECTOR('',#6375,10.);
#1912=VECTOR('',#6376,10.);
#1913=VECTOR('',#6379,10.);
#1914=VECTOR('',#6380,10.);
#1915=VECTOR('',#6381,10.);
#1916=VECTOR('',#6382,10.);
#1917=VECTOR('',#6385,10.);
#1918=VECTOR('',#6386,10.);
#1919=VECTOR('',#6387,10.);
#1920=VECTOR('',#6392,10.);
#1921=VECTOR('',#6395,10.);
#1922=VECTOR('',#6396,10.);
#1923=VECTOR('',#6401,10.);
#1924=VECTOR('',#6404,10.);
#1925=VECTOR('',#6405,10.);
#1926=VECTOR('',#6408,10.);
#1927=VECTOR('',#6409,10.);
#1928=VECTOR('',#6412,10.);
#1929=VECTOR('',#6415,10.);
#1930=VECTOR('',#6416,10.);
#1931=VECTOR('',#6417,10.);
#1932=VECTOR('',#6420,10.);
#1933=VECTOR('',#6421,10.);
#1934=VECTOR('',#6422,10.);
#1935=VECTOR('',#6425,10.);
#1936=VECTOR('',#6426,10.);
#1937=VECTOR('',#6429,10.);
#1938=VECTOR('',#6430,10.);
#1939=VECTOR('',#6433,10.);
#1940=VECTOR('',#6446,10.);
#1941=VECTOR('',#6447,10.);
#1942=VECTOR('',#6450,10.);
#1943=VECTOR('',#6451,10.);
#1944=VECTOR('',#6456,10.);
#1945=VECTOR('',#6459,10.);
#1946=VECTOR('',#6470,10.);
#1947=VECTOR('',#6471,10.);
#1948=VECTOR('',#6484,10.);
#1949=VECTOR('',#6485,10.);
#1950=VECTOR('',#6488,10.);
#1951=VECTOR('',#6489,10.);
#1952=VECTOR('',#6508,10.);
#1953=VECTOR('',#6509,10.);
#1954=VECTOR('',#6512,10.);
#1955=VECTOR('',#6513,10.);
#1956=VECTOR('',#6526,10.);
#1957=VECTOR('',#6531,10.);
#1958=VECTOR('',#6532,10.);
#1959=VECTOR('',#6535,10.);
#1960=VECTOR('',#6536,10.);
#1961=VECTOR('',#6539,10.);
#1962=VECTOR('',#6540,10.);
#1963=VECTOR('',#6543,10.);
#1964=VECTOR('',#6544,10.);
#1965=VECTOR('',#6547,10.);
#1966=VECTOR('',#6548,10.);
#1967=VECTOR('',#6551,10.);
#1968=VECTOR('',#6552,10.);
#1969=VECTOR('',#6555,10.);
#1970=VECTOR('',#6556,10.);
#1971=VECTOR('',#6559,10.);
#1972=VECTOR('',#6562,10.);
#1973=VECTOR('',#6563,10.);
#1974=VECTOR('',#6564,10.);
#1975=VECTOR('',#6565,10.);
#1976=VECTOR('',#6566,10.);
#1977=VECTOR('',#6567,10.);
#1978=VECTOR('',#6574,10.);
#1979=VECTOR('',#6577,10.);
#1980=VECTOR('',#6580,10.);
#1981=VECTOR('',#6583,10.);
#1982=VECTOR('',#6584,10.);
#1983=VECTOR('',#6587,10.);
#1984=VECTOR('',#6588,10.);
#1985=VECTOR('',#6591,10.);
#1986=VECTOR('',#6592,10.);
#1987=VECTOR('',#6593,10.);
#1988=VECTOR('',#6596,10.);
#1989=VECTOR('',#6601,10.);
#1990=VECTOR('',#6602,10.);
#1991=VECTOR('',#6605,10.);
#1992=VECTOR('',#6606,10.);
#1993=VECTOR('',#6609,10.);
#1994=VECTOR('',#6612,10.);
#1995=VECTOR('',#6613,10.);
#1996=VECTOR('',#6616,10.);
#1997=VECTOR('',#6623,10.);
#1998=VECTOR('',#6628,10.);
#1999=VECTOR('',#6629,10.);
#2000=VECTOR('',#6632,10.);
#2001=VECTOR('',#6633,10.);
#2002=VECTOR('',#6634,10.);
#2003=VECTOR('',#6635,10.);
#2004=VECTOR('',#6638,10.);
#2005=VECTOR('',#6643,10.);
#2006=VECTOR('',#6648,10.);
#2007=VECTOR('',#6651,10.);
#2008=VECTOR('',#6654,10.);
#2009=VECTOR('',#6657,10.);
#2010=VECTOR('',#6660,10.);
#2011=VECTOR('',#6663,10.);
#2012=VECTOR('',#6666,10.);
#2013=VECTOR('',#6669,10.);
#2014=VECTOR('',#6672,10.);
#2015=VECTOR('',#6675,10.);
#2016=VECTOR('',#6678,10.);
#2017=VECTOR('',#6679,10.);
#2018=VECTOR('',#6682,10.);
#2019=VECTOR('',#6685,10.);
#2020=VECTOR('',#6686,10.);
#2021=VECTOR('',#6689,10.);
#2022=VECTOR('',#6692,10.);
#2023=VECTOR('',#6693,10.);
#2024=VECTOR('',#6696,10.);
#2025=VECTOR('',#6699,10.);
#2026=VECTOR('',#6700,10.);
#2027=VECTOR('',#6703,10.);
#2028=VECTOR('',#6706,10.);
#2029=VECTOR('',#6707,10.);
#2030=VECTOR('',#6710,10.);
#2031=VECTOR('',#6713,10.);
#2032=VECTOR('',#6718,10.);
#2033=VECTOR('',#6723,10.);
#2034=VECTOR('',#6728,10.);
#2035=VECTOR('',#6733,10.);
#2036=VECTOR('',#6740,6.55);
#2037=VECTOR('',#6745,10.);
#2038=VECTOR('',#6746,10.);
#2039=VECTOR('',#6751,10.);
#2040=VECTOR('',#6754,10.);
#2041=VECTOR('',#6757,10.);
#2042=VECTOR('',#6758,10.);
#2043=VECTOR('',#6761,10.);
#2044=VECTOR('',#6762,10.);
#2045=VECTOR('',#6769,10.);
#2046=VECTOR('',#6770,10.);
#2047=VECTOR('',#6773,10.);
#2048=VECTOR('',#6780,10.);
#2049=VECTOR('',#6783,10.);
#2050=VECTOR('',#6786,10.);
#2051=VECTOR('',#6789,10.);
#2052=VECTOR('',#6792,10.);
#2053=VECTOR('',#6793,10.);
#2054=VECTOR('',#6796,10.);
#2055=VECTOR('',#6797,10.);
#2056=VECTOR('',#6800,10.);
#2057=VECTOR('',#6803,10.);
#2058=VECTOR('',#6804,10.);
#2059=VECTOR('',#6807,10.);
#2060=VECTOR('',#6808,10.);
#2061=VECTOR('',#6811,10.);
#2062=VERTEX_POINT('',#6816);
#2063=VERTEX_POINT('',#6817);
#2064=VERTEX_POINT('',#6819);
#2065=VERTEX_POINT('',#6821);
#2066=VERTEX_POINT('',#6825);
#2067=VERTEX_POINT('',#6827);
#2068=VERTEX_POINT('',#6831);
#2069=VERTEX_POINT('',#6833);
#2070=VERTEX_POINT('',#6837);
#2071=VERTEX_POINT('',#6838);
#2072=VERTEX_POINT('',#6840);
#2073=VERTEX_POINT('',#6842);
#2074=VERTEX_POINT('',#6846);
#2075=VERTEX_POINT('',#6848);
#2076=VERTEX_POINT('',#6852);
#2077=VERTEX_POINT('',#6854);
#2078=VERTEX_POINT('',#6858);
#2079=VERTEX_POINT('',#6859);
#2080=VERTEX_POINT('',#6861);
#2081=VERTEX_POINT('',#6863);
#2082=VERTEX_POINT('',#6867);
#2083=VERTEX_POINT('',#6869);
#2084=VERTEX_POINT('',#6873);
#2085=VERTEX_POINT('',#6875);
#2086=VERTEX_POINT('',#6879);
#2087=VERTEX_POINT('',#6880);
#2088=VERTEX_POINT('',#6882);
#2089=VERTEX_POINT('',#6884);
#2090=VERTEX_POINT('',#6888);
#2091=VERTEX_POINT('',#6890);
#2092=VERTEX_POINT('',#6894);
#2093=VERTEX_POINT('',#6896);
#2094=VERTEX_POINT('',#6900);
#2095=VERTEX_POINT('',#6901);
#2096=VERTEX_POINT('',#6903);
#2097=VERTEX_POINT('',#6905);
#2098=VERTEX_POINT('',#6909);
#2099=VERTEX_POINT('',#6911);
#2100=VERTEX_POINT('',#6915);
#2101=VERTEX_POINT('',#6917);
#2102=VERTEX_POINT('',#6921);
#2103=VERTEX_POINT('',#6922);
#2104=VERTEX_POINT('',#6924);
#2105=VERTEX_POINT('',#6926);
#2106=VERTEX_POINT('',#6930);
#2107=VERTEX_POINT('',#6932);
#2108=VERTEX_POINT('',#6936);
#2109=VERTEX_POINT('',#6938);
#2110=VERTEX_POINT('',#6942);
#2111=VERTEX_POINT('',#6943);
#2112=VERTEX_POINT('',#6945);
#2113=VERTEX_POINT('',#6947);
#2114=VERTEX_POINT('',#6951);
#2115=VERTEX_POINT('',#6953);
#2116=VERTEX_POINT('',#6957);
#2117=VERTEX_POINT('',#6959);
#2118=VERTEX_POINT('',#6963);
#2119=VERTEX_POINT('',#6964);
#2120=VERTEX_POINT('',#6966);
#2121=VERTEX_POINT('',#6968);
#2122=VERTEX_POINT('',#6972);
#2123=VERTEX_POINT('',#6974);
#2124=VERTEX_POINT('',#6978);
#2125=VERTEX_POINT('',#6980);
#2126=VERTEX_POINT('',#6984);
#2127=VERTEX_POINT('',#6985);
#2128=VERTEX_POINT('',#6987);
#2129=VERTEX_POINT('',#6989);
#2130=VERTEX_POINT('',#6993);
#2131=VERTEX_POINT('',#6995);
#2132=VERTEX_POINT('',#6999);
#2133=VERTEX_POINT('',#7001);
#2134=VERTEX_POINT('',#7005);
#2135=VERTEX_POINT('',#7006);
#2136=VERTEX_POINT('',#7008);
#2137=VERTEX_POINT('',#7010);
#2138=VERTEX_POINT('',#7014);
#2139=VERTEX_POINT('',#7016);
#2140=VERTEX_POINT('',#7020);
#2141=VERTEX_POINT('',#7022);
#2142=VERTEX_POINT('',#7026);
#2143=VERTEX_POINT('',#7027);
#2144=VERTEX_POINT('',#7029);
#2145=VERTEX_POINT('',#7031);
#2146=VERTEX_POINT('',#7035);
#2147=VERTEX_POINT('',#7037);
#2148=VERTEX_POINT('',#7041);
#2149=VERTEX_POINT('',#7042);
#2150=VERTEX_POINT('',#7044);
#2151=VERTEX_POINT('',#7046);
#2152=VERTEX_POINT('',#7050);
#2153=VERTEX_POINT('',#7052);
#2154=VERTEX_POINT('',#7056);
#2155=VERTEX_POINT('',#7058);
#2156=VERTEX_POINT('',#7062);
#2157=VERTEX_POINT('',#7063);
#2158=VERTEX_POINT('',#7065);
#2159=VERTEX_POINT('',#7067);
#2160=VERTEX_POINT('',#7071);
#2161=VERTEX_POINT('',#7073);
#2162=VERTEX_POINT('',#7077);
#2163=VERTEX_POINT('',#7078);
#2164=VERTEX_POINT('',#7080);
#2165=VERTEX_POINT('',#7082);
#2166=VERTEX_POINT('',#7086);
#2167=VERTEX_POINT('',#7088);
#2168=VERTEX_POINT('',#7092);
#2169=VERTEX_POINT('',#7094);
#2170=VERTEX_POINT('',#7098);
#2171=VERTEX_POINT('',#7099);
#2172=VERTEX_POINT('',#7101);
#2173=VERTEX_POINT('',#7103);
#2174=VERTEX_POINT('',#7107);
#2175=VERTEX_POINT('',#7109);
#2176=VERTEX_POINT('',#7113);
#2177=VERTEX_POINT('',#7115);
#2178=VERTEX_POINT('',#7119);
#2179=VERTEX_POINT('',#7120);
#2180=VERTEX_POINT('',#7122);
#2181=VERTEX_POINT('',#7124);
#2182=VERTEX_POINT('',#7128);
#2183=VERTEX_POINT('',#7130);
#2184=VERTEX_POINT('',#7134);
#2185=VERTEX_POINT('',#7136);
#2186=VERTEX_POINT('',#7140);
#2187=VERTEX_POINT('',#7141);
#2188=VERTEX_POINT('',#7143);
#2189=VERTEX_POINT('',#7145);
#2190=VERTEX_POINT('',#7149);
#2191=VERTEX_POINT('',#7151);
#2192=VERTEX_POINT('',#7155);
#2193=VERTEX_POINT('',#7157);
#2194=VERTEX_POINT('',#7161);
#2195=VERTEX_POINT('',#7162);
#2196=VERTEX_POINT('',#7164);
#2197=VERTEX_POINT('',#7166);
#2198=VERTEX_POINT('',#7170);
#2199=VERTEX_POINT('',#7172);
#2200=VERTEX_POINT('',#7176);
#2201=VERTEX_POINT('',#7178);
#2202=VERTEX_POINT('',#7182);
#2203=VERTEX_POINT('',#7183);
#2204=VERTEX_POINT('',#7185);
#2205=VERTEX_POINT('',#7187);
#2206=VERTEX_POINT('',#7191);
#2207=VERTEX_POINT('',#7193);
#2208=VERTEX_POINT('',#7197);
#2209=VERTEX_POINT('',#7199);
#2210=VERTEX_POINT('',#7203);
#2211=VERTEX_POINT('',#7205);
#2212=VERTEX_POINT('',#7227);
#2213=VERTEX_POINT('',#7229);
#2214=VERTEX_POINT('',#7254);
#2215=VERTEX_POINT('',#7256);
#2216=VERTEX_POINT('',#7266);
#2217=VERTEX_POINT('',#7267);
#2218=VERTEX_POINT('',#7269);
#2219=VERTEX_POINT('',#7271);
#2220=VERTEX_POINT('',#7275);
#2221=VERTEX_POINT('',#7277);
#2222=VERTEX_POINT('',#7281);
#2223=VERTEX_POINT('',#7283);
#2224=VERTEX_POINT('',#7287);
#2225=VERTEX_POINT('',#7288);
#2226=VERTEX_POINT('',#7290);
#2227=VERTEX_POINT('',#7292);
#2228=VERTEX_POINT('',#7296);
#2229=VERTEX_POINT('',#7298);
#2230=VERTEX_POINT('',#7302);
#2231=VERTEX_POINT('',#7304);
#2232=VERTEX_POINT('',#7308);
#2233=VERTEX_POINT('',#7309);
#2234=VERTEX_POINT('',#7311);
#2235=VERTEX_POINT('',#7313);
#2236=VERTEX_POINT('',#7317);
#2237=VERTEX_POINT('',#7319);
#2238=VERTEX_POINT('',#7323);
#2239=VERTEX_POINT('',#7325);
#2240=VERTEX_POINT('',#7329);
#2241=VERTEX_POINT('',#7330);
#2242=VERTEX_POINT('',#7332);
#2243=VERTEX_POINT('',#7334);
#2244=VERTEX_POINT('',#7338);
#2245=VERTEX_POINT('',#7340);
#2246=VERTEX_POINT('',#7344);
#2247=VERTEX_POINT('',#7346);
#2248=VERTEX_POINT('',#7350);
#2249=VERTEX_POINT('',#7351);
#2250=VERTEX_POINT('',#7353);
#2251=VERTEX_POINT('',#7355);
#2252=VERTEX_POINT('',#7359);
#2253=VERTEX_POINT('',#7361);
#2254=VERTEX_POINT('',#7365);
#2255=VERTEX_POINT('',#7367);
#2256=VERTEX_POINT('',#7371);
#2257=VERTEX_POINT('',#7372);
#2258=VERTEX_POINT('',#7374);
#2259=VERTEX_POINT('',#7376);
#2260=VERTEX_POINT('',#7380);
#2261=VERTEX_POINT('',#7382);
#2262=VERTEX_POINT('',#7386);
#2263=VERTEX_POINT('',#7388);
#2264=VERTEX_POINT('',#7392);
#2265=VERTEX_POINT('',#7393);
#2266=VERTEX_POINT('',#7395);
#2267=VERTEX_POINT('',#7397);
#2268=VERTEX_POINT('',#7401);
#2269=VERTEX_POINT('',#7403);
#2270=VERTEX_POINT('',#7407);
#2271=VERTEX_POINT('',#7409);
#2272=VERTEX_POINT('',#7413);
#2273=VERTEX_POINT('',#7414);
#2274=VERTEX_POINT('',#7416);
#2275=VERTEX_POINT('',#7418);
#2276=VERTEX_POINT('',#7422);
#2277=VERTEX_POINT('',#7424);
#2278=VERTEX_POINT('',#7428);
#2279=VERTEX_POINT('',#7430);
#2280=VERTEX_POINT('',#7434);
#2281=VERTEX_POINT('',#7435);
#2282=VERTEX_POINT('',#7437);
#2283=VERTEX_POINT('',#7439);
#2284=VERTEX_POINT('',#7443);
#2285=VERTEX_POINT('',#7445);
#2286=VERTEX_POINT('',#7449);
#2287=VERTEX_POINT('',#7451);
#2288=VERTEX_POINT('',#7455);
#2289=VERTEX_POINT('',#7456);
#2290=VERTEX_POINT('',#7458);
#2291=VERTEX_POINT('',#7460);
#2292=VERTEX_POINT('',#7464);
#2293=VERTEX_POINT('',#7466);
#2294=VERTEX_POINT('',#7470);
#2295=VERTEX_POINT('',#7471);
#2296=VERTEX_POINT('',#7473);
#2297=VERTEX_POINT('',#7475);
#2298=VERTEX_POINT('',#7479);
#2299=VERTEX_POINT('',#7481);
#2300=VERTEX_POINT('',#7485);
#2301=VERTEX_POINT('',#7487);
#2302=VERTEX_POINT('',#7491);
#2303=VERTEX_POINT('',#7492);
#2304=VERTEX_POINT('',#7494);
#2305=VERTEX_POINT('',#7496);
#2306=VERTEX_POINT('',#7500);
#2307=VERTEX_POINT('',#7502);
#2308=VERTEX_POINT('',#7506);
#2309=VERTEX_POINT('',#7507);
#2310=VERTEX_POINT('',#7509);
#2311=VERTEX_POINT('',#7511);
#2312=VERTEX_POINT('',#7515);
#2313=VERTEX_POINT('',#7517);
#2314=VERTEX_POINT('',#7521);
#2315=VERTEX_POINT('',#7523);
#2316=VERTEX_POINT('',#7527);
#2317=VERTEX_POINT('',#7528);
#2318=VERTEX_POINT('',#7530);
#2319=VERTEX_POINT('',#7532);
#2320=VERTEX_POINT('',#7536);
#2321=VERTEX_POINT('',#7538);
#2322=VERTEX_POINT('',#7542);
#2323=VERTEX_POINT('',#7544);
#2324=VERTEX_POINT('',#7548);
#2325=VERTEX_POINT('',#7549);
#2326=VERTEX_POINT('',#7551);
#2327=VERTEX_POINT('',#7553);
#2328=VERTEX_POINT('',#7557);
#2329=VERTEX_POINT('',#7559);
#2330=VERTEX_POINT('',#7563);
#2331=VERTEX_POINT('',#7565);
#2332=VERTEX_POINT('',#7569);
#2333=VERTEX_POINT('',#7570);
#2334=VERTEX_POINT('',#7572);
#2335=VERTEX_POINT('',#7574);
#2336=VERTEX_POINT('',#7578);
#2337=VERTEX_POINT('',#7580);
#2338=VERTEX_POINT('',#7584);
#2339=VERTEX_POINT('',#7586);
#2340=VERTEX_POINT('',#7590);
#2341=VERTEX_POINT('',#7591);
#2342=VERTEX_POINT('',#7593);
#2343=VERTEX_POINT('',#7595);
#2344=VERTEX_POINT('',#7599);
#2345=VERTEX_POINT('',#7601);
#2346=VERTEX_POINT('',#7605);
#2347=VERTEX_POINT('',#7607);
#2348=VERTEX_POINT('',#7611);
#2349=VERTEX_POINT('',#7612);
#2350=VERTEX_POINT('',#7614);
#2351=VERTEX_POINT('',#7616);
#2352=VERTEX_POINT('',#7620);
#2353=VERTEX_POINT('',#7622);
#2354=VERTEX_POINT('',#7626);
#2355=VERTEX_POINT('',#7628);
#2356=VERTEX_POINT('',#7632);
#2357=VERTEX_POINT('',#7633);
#2358=VERTEX_POINT('',#7635);
#2359=VERTEX_POINT('',#7637);
#2360=VERTEX_POINT('',#7641);
#2361=VERTEX_POINT('',#7643);
#2362=VERTEX_POINT('',#7647);
#2363=VERTEX_POINT('',#7649);
#2364=VERTEX_POINT('',#7674);
#2365=VERTEX_POINT('',#7676);
#2366=VERTEX_POINT('',#7698);
#2367=VERTEX_POINT('',#7700);
#2368=VERTEX_POINT('',#7707);
#2369=VERTEX_POINT('',#7709);
#2370=VERTEX_POINT('',#7716);
#2371=VERTEX_POINT('',#7718);
#2372=VERTEX_POINT('',#7720);
#2373=VERTEX_POINT('',#7722);
#2374=VERTEX_POINT('',#7724);
#2375=VERTEX_POINT('',#7726);
#2376=VERTEX_POINT('',#7728);
#2377=VERTEX_POINT('',#7730);
#2378=VERTEX_POINT('',#7733);
#2379=VERTEX_POINT('',#7735);
#2380=VERTEX_POINT('',#7737);
#2381=VERTEX_POINT('',#7739);
#2382=VERTEX_POINT('',#7741);
#2383=VERTEX_POINT('',#7743);
#2384=VERTEX_POINT('',#7745);
#2385=VERTEX_POINT('',#7747);
#2386=VERTEX_POINT('',#7749);
#2387=VERTEX_POINT('',#7751);
#2388=VERTEX_POINT('',#7753);
#2389=VERTEX_POINT('',#7755);
#2390=VERTEX_POINT('',#7757);
#2391=VERTEX_POINT('',#7759);
#2392=VERTEX_POINT('',#7761);
#2393=VERTEX_POINT('',#7763);
#2394=VERTEX_POINT('',#7765);
#2395=VERTEX_POINT('',#7767);
#2396=VERTEX_POINT('',#7776);
#2397=VERTEX_POINT('',#7778);
#2398=VERTEX_POINT('',#7779);
#2399=VERTEX_POINT('',#7781);
#2400=VERTEX_POINT('',#7783);
#2401=VERTEX_POINT('',#7786);
#2402=VERTEX_POINT('',#7787);
#2403=VERTEX_POINT('',#7789);
#2404=VERTEX_POINT('',#7791);
#2405=VERTEX_POINT('',#7794);
#2406=VERTEX_POINT('',#7795);
#2407=VERTEX_POINT('',#7797);
#2408=VERTEX_POINT('',#7799);
#2409=VERTEX_POINT('',#7802);
#2410=VERTEX_POINT('',#7803);
#2411=VERTEX_POINT('',#7805);
#2412=VERTEX_POINT('',#7807);
#2413=VERTEX_POINT('',#7810);
#2414=VERTEX_POINT('',#7811);
#2415=VERTEX_POINT('',#7813);
#2416=VERTEX_POINT('',#7815);
#2417=VERTEX_POINT('',#7819);
#2418=VERTEX_POINT('',#7821);
#2419=VERTEX_POINT('',#7823);
#2420=VERTEX_POINT('',#7825);
#2421=VERTEX_POINT('',#7827);
#2422=VERTEX_POINT('',#7829);
#2423=VERTEX_POINT('',#7833);
#2424=VERTEX_POINT('',#7835);
#2425=VERTEX_POINT('',#7837);
#2426=VERTEX_POINT('',#7839);
#2427=VERTEX_POINT('',#7841);
#2428=VERTEX_POINT('',#7843);
#2429=VERTEX_POINT('',#7845);
#2430=VERTEX_POINT('',#7847);
#2431=VERTEX_POINT('',#7851);
#2432=VERTEX_POINT('',#7853);
#2433=VERTEX_POINT('',#7855);
#2434=VERTEX_POINT('',#7857);
#2435=VERTEX_POINT('',#7861);
#2436=VERTEX_POINT('',#7862);
#2437=VERTEX_POINT('',#7864);
#2438=VERTEX_POINT('',#7866);
#2439=VERTEX_POINT('',#7870);
#2440=VERTEX_POINT('',#7871);
#2441=VERTEX_POINT('',#7873);
#2442=VERTEX_POINT('',#7875);
#2443=VERTEX_POINT('',#7879);
#2444=VERTEX_POINT('',#7881);
#2445=VERTEX_POINT('',#7888);
#2446=VERTEX_POINT('',#7889);
#2447=VERTEX_POINT('',#7894);
#2448=VERTEX_POINT('',#7896);
#2449=VERTEX_POINT('',#7899);
#2450=VERTEX_POINT('',#7901);
#2451=VERTEX_POINT('',#7904);
#2452=VERTEX_POINT('',#7906);
#2453=VERTEX_POINT('',#7910);
#2454=VERTEX_POINT('',#7912);
#2455=VERTEX_POINT('',#7916);
#2456=VERTEX_POINT('',#7918);
#2457=VERTEX_POINT('',#7922);
#2458=VERTEX_POINT('',#7926);
#2459=VERTEX_POINT('',#7932);
#2460=VERTEX_POINT('',#7933);
#2461=VERTEX_POINT('',#7935);
#2462=VERTEX_POINT('',#7939);
#2463=VERTEX_POINT('',#7940);
#2464=VERTEX_POINT('',#7945);
#2465=VERTEX_POINT('',#7947);
#2466=VERTEX_POINT('',#7951);
#2467=VERTEX_POINT('',#7953);
#2468=VERTEX_POINT('',#7957);
#2469=VERTEX_POINT('',#7958);
#2470=VERTEX_POINT('',#7960);
#2471=VERTEX_POINT('',#7967);
#2472=VERTEX_POINT('',#7968);
#2473=VERTEX_POINT('',#7970);
#2474=VERTEX_POINT('',#7974);
#2475=VERTEX_POINT('',#7975);
#2476=VERTEX_POINT('',#7983);
#2477=VERTEX_POINT('',#7984);
#2478=VERTEX_POINT('',#7986);
#2479=VERTEX_POINT('',#7990);
#2480=VERTEX_POINT('',#7991);
#2481=VERTEX_POINT('',#7993);
#2482=VERTEX_POINT('',#8003);
#2483=VERTEX_POINT('',#8004);
#2484=VERTEX_POINT('',#8006);
#2485=VERTEX_POINT('',#8010);
#2486=VERTEX_POINT('',#8012);
#2487=VERTEX_POINT('',#8034);
#2488=VERTEX_POINT('',#8040);
#2489=VERTEX_POINT('',#8042);
#2490=VERTEX_POINT('',#8045);
#2491=VERTEX_POINT('',#8047);
#2492=VERTEX_POINT('',#8059);
#2493=VERTEX_POINT('',#8063);
#2494=VERTEX_POINT('',#8067);
#2495=VERTEX_POINT('',#8069);
#2496=VERTEX_POINT('',#8073);
#2497=VERTEX_POINT('',#8077);
#2498=VERTEX_POINT('',#8081);
#2499=VERTEX_POINT('',#8087);
#2500=VERTEX_POINT('',#8098);
#2501=VERTEX_POINT('',#8107);
#2502=VERTEX_POINT('',#8113);
#2503=VERTEX_POINT('',#8114);
#2504=VERTEX_POINT('',#8116);
#2505=VERTEX_POINT('',#8118);
#2506=VERTEX_POINT('',#8121);
#2507=VERTEX_POINT('',#8122);
#2508=VERTEX_POINT('',#8124);
#2509=VERTEX_POINT('',#8126);
#2510=VERTEX_POINT('',#8129);
#2511=VERTEX_POINT('',#8130);
#2512=VERTEX_POINT('',#8132);
#2513=VERTEX_POINT('',#8134);
#2514=VERTEX_POINT('',#8137);
#2515=VERTEX_POINT('',#8138);
#2516=VERTEX_POINT('',#8140);
#2517=VERTEX_POINT('',#8142);
#2518=VERTEX_POINT('',#8145);
#2519=VERTEX_POINT('',#8146);
#2520=VERTEX_POINT('',#8148);
#2521=VERTEX_POINT('',#8150);
#2522=VERTEX_POINT('',#8194);
#2523=VERTEX_POINT('',#8199);
#2524=VERTEX_POINT('',#8201);
#2525=VERTEX_POINT('',#8205);
#2526=VERTEX_POINT('',#8207);
#2527=VERTEX_POINT('',#8211);
#2528=VERTEX_POINT('',#8215);
#2529=VERTEX_POINT('',#8221);
#2530=VERTEX_POINT('',#8229);
#2531=VERTEX_POINT('',#8231);
#2532=VERTEX_POINT('',#8235);
#2533=VERTEX_POINT('',#8237);
#2534=VERTEX_POINT('',#8241);
#2535=VERTEX_POINT('',#8245);
#2536=VERTEX_POINT('',#8251);
#2537=VERTEX_POINT('',#8255);
#2538=EDGE_CURVE('',#2062,#2063,#784,.T.);
#2539=EDGE_CURVE('',#2064,#2062,#785,.T.);
#2540=EDGE_CURVE('',#2065,#2064,#786,.T.);
#2541=EDGE_CURVE('',#2063,#2065,#787,.T.);
#2542=EDGE_CURVE('',#2063,#2066,#788,.T.);
#2543=EDGE_CURVE('',#2067,#2065,#789,.T.);
#2544=EDGE_CURVE('',#2066,#2067,#790,.T.);
#2545=EDGE_CURVE('',#2068,#2066,#791,.T.);
#2546=EDGE_CURVE('',#2069,#2067,#792,.T.);
#2547=EDGE_CURVE('',#2068,#2069,#793,.T.);
#2548=EDGE_CURVE('',#2070,#2071,#794,.T.);
#2549=EDGE_CURVE('',#2072,#2070,#795,.T.);
#2550=EDGE_CURVE('',#2073,#2072,#796,.T.);
#2551=EDGE_CURVE('',#2071,#2073,#797,.T.);
#2552=EDGE_CURVE('',#2071,#2074,#798,.T.);
#2553=EDGE_CURVE('',#2075,#2073,#799,.T.);
#2554=EDGE_CURVE('',#2074,#2075,#800,.T.);
#2555=EDGE_CURVE('',#2076,#2074,#801,.T.);
#2556=EDGE_CURVE('',#2077,#2075,#802,.T.);
#2557=EDGE_CURVE('',#2076,#2077,#803,.T.);
#2558=EDGE_CURVE('',#2078,#2079,#804,.T.);
#2559=EDGE_CURVE('',#2080,#2078,#805,.T.);
#2560=EDGE_CURVE('',#2081,#2080,#806,.T.);
#2561=EDGE_CURVE('',#2079,#2081,#807,.T.);
#2562=EDGE_CURVE('',#2082,#2079,#808,.T.);
#2563=EDGE_CURVE('',#2083,#2081,#809,.T.);
#2564=EDGE_CURVE('',#2082,#2083,#810,.T.);
#2565=EDGE_CURVE('',#2084,#2082,#811,.T.);
#2566=EDGE_CURVE('',#2085,#2083,#812,.T.);
#2567=EDGE_CURVE('',#2084,#2085,#813,.T.);
#2568=EDGE_CURVE('',#2086,#2087,#814,.T.);
#2569=EDGE_CURVE('',#2088,#2086,#815,.T.);
#2570=EDGE_CURVE('',#2089,#2088,#816,.T.);
#2571=EDGE_CURVE('',#2087,#2089,#817,.T.);
#2572=EDGE_CURVE('',#2090,#2087,#818,.T.);
#2573=EDGE_CURVE('',#2091,#2089,#819,.T.);
#2574=EDGE_CURVE('',#2090,#2091,#820,.T.);
#2575=EDGE_CURVE('',#2092,#2090,#821,.T.);
#2576=EDGE_CURVE('',#2093,#2091,#822,.T.);
#2577=EDGE_CURVE('',#2092,#2093,#823,.T.);
#2578=EDGE_CURVE('',#2094,#2095,#824,.T.);
#2579=EDGE_CURVE('',#2096,#2094,#825,.T.);
#2580=EDGE_CURVE('',#2097,#2096,#826,.T.);
#2581=EDGE_CURVE('',#2095,#2097,#827,.T.);
#2582=EDGE_CURVE('',#2098,#2095,#828,.T.);
#2583=EDGE_CURVE('',#2099,#2097,#829,.T.);
#2584=EDGE_CURVE('',#2098,#2099,#830,.T.);
#2585=EDGE_CURVE('',#2100,#2098,#831,.T.);
#2586=EDGE_CURVE('',#2101,#2099,#832,.T.);
#2587=EDGE_CURVE('',#2100,#2101,#833,.T.);
#2588=EDGE_CURVE('',#2102,#2103,#834,.T.);
#2589=EDGE_CURVE('',#2104,#2102,#835,.T.);
#2590=EDGE_CURVE('',#2105,#2104,#836,.T.);
#2591=EDGE_CURVE('',#2103,#2105,#837,.T.);
#2592=EDGE_CURVE('',#2106,#2103,#838,.T.);
#2593=EDGE_CURVE('',#2107,#2105,#839,.T.);
#2594=EDGE_CURVE('',#2106,#2107,#840,.T.);
#2595=EDGE_CURVE('',#2108,#2106,#841,.T.);
#2596=EDGE_CURVE('',#2109,#2107,#842,.T.);
#2597=EDGE_CURVE('',#2108,#2109,#843,.T.);
#2598=EDGE_CURVE('',#2110,#2111,#844,.T.);
#2599=EDGE_CURVE('',#2112,#2110,#845,.T.);
#2600=EDGE_CURVE('',#2113,#2112,#846,.T.);
#2601=EDGE_CURVE('',#2111,#2113,#847,.T.);
#2602=EDGE_CURVE('',#2114,#2111,#848,.T.);
#2603=EDGE_CURVE('',#2115,#2113,#849,.T.);
#2604=EDGE_CURVE('',#2114,#2115,#850,.T.);
#2605=EDGE_CURVE('',#2116,#2114,#851,.T.);
#2606=EDGE_CURVE('',#2117,#2115,#852,.T.);
#2607=EDGE_CURVE('',#2116,#2117,#853,.T.);
#2608=EDGE_CURVE('',#2118,#2119,#854,.T.);
#2609=EDGE_CURVE('',#2120,#2118,#855,.T.);
#2610=EDGE_CURVE('',#2121,#2120,#856,.T.);
#2611=EDGE_CURVE('',#2119,#2121,#857,.T.);
#2612=EDGE_CURVE('',#2122,#2119,#858,.T.);
#2613=EDGE_CURVE('',#2123,#2121,#859,.T.);
#2614=EDGE_CURVE('',#2122,#2123,#860,.T.);
#2615=EDGE_CURVE('',#2124,#2122,#861,.T.);
#2616=EDGE_CURVE('',#2125,#2123,#862,.T.);
#2617=EDGE_CURVE('',#2124,#2125,#863,.T.);
#2618=EDGE_CURVE('',#2126,#2127,#864,.T.);
#2619=EDGE_CURVE('',#2128,#2126,#865,.T.);
#2620=EDGE_CURVE('',#2129,#2128,#866,.T.);
#2621=EDGE_CURVE('',#2127,#2129,#867,.T.);
#2622=EDGE_CURVE('',#2130,#2127,#868,.T.);
#2623=EDGE_CURVE('',#2131,#2129,#869,.T.);
#2624=EDGE_CURVE('',#2130,#2131,#870,.T.);
#2625=EDGE_CURVE('',#2132,#2130,#871,.T.);
#2626=EDGE_CURVE('',#2133,#2131,#872,.T.);
#2627=EDGE_CURVE('',#2132,#2133,#873,.T.);
#2628=EDGE_CURVE('',#2134,#2135,#874,.T.);
#2629=EDGE_CURVE('',#2136,#2134,#875,.T.);
#2630=EDGE_CURVE('',#2137,#2136,#876,.T.);
#2631=EDGE_CURVE('',#2135,#2137,#877,.T.);
#2632=EDGE_CURVE('',#2138,#2135,#878,.T.);
#2633=EDGE_CURVE('',#2139,#2137,#879,.T.);
#2634=EDGE_CURVE('',#2138,#2139,#880,.T.);
#2635=EDGE_CURVE('',#2140,#2138,#881,.T.);
#2636=EDGE_CURVE('',#2141,#2139,#882,.T.);
#2637=EDGE_CURVE('',#2140,#2141,#883,.T.);
#2638=EDGE_CURVE('',#2142,#2143,#884,.T.);
#2639=EDGE_CURVE('',#2144,#2142,#885,.T.);
#2640=EDGE_CURVE('',#2145,#2144,#886,.T.);
#2641=EDGE_CURVE('',#2143,#2145,#887,.T.);
#2642=EDGE_CURVE('',#2146,#2143,#888,.T.);
#2643=EDGE_CURVE('',#2147,#2145,#889,.T.);
#2644=EDGE_CURVE('',#2146,#2147,#890,.T.);
#2645=EDGE_CURVE('',#2148,#2149,#891,.T.);
#2646=EDGE_CURVE('',#2150,#2148,#892,.T.);
#2647=EDGE_CURVE('',#2151,#2150,#893,.T.);
#2648=EDGE_CURVE('',#2149,#2151,#894,.T.);
#2649=EDGE_CURVE('',#2152,#2149,#895,.T.);
#2650=EDGE_CURVE('',#2153,#2151,#896,.T.);
#2651=EDGE_CURVE('',#2152,#2153,#897,.T.);
#2652=EDGE_CURVE('',#2154,#2152,#898,.T.);
#2653=EDGE_CURVE('',#2155,#2153,#899,.T.);
#2654=EDGE_CURVE('',#2155,#2154,#900,.T.);
#2655=EDGE_CURVE('',#2156,#2157,#901,.T.);
#2656=EDGE_CURVE('',#2158,#2156,#902,.T.);
#2657=EDGE_CURVE('',#2159,#2158,#903,.T.);
#2658=EDGE_CURVE('',#2157,#2159,#904,.T.);
#2659=EDGE_CURVE('',#2160,#2157,#905,.T.);
#2660=EDGE_CURVE('',#2161,#2159,#906,.T.);
#2661=EDGE_CURVE('',#2160,#2161,#907,.T.);
#2662=EDGE_CURVE('',#2162,#2163,#908,.T.);
#2663=EDGE_CURVE('',#2164,#2162,#909,.T.);
#2664=EDGE_CURVE('',#2165,#2164,#910,.T.);
#2665=EDGE_CURVE('',#2163,#2165,#911,.T.);
#2666=EDGE_CURVE('',#2163,#2166,#912,.T.);
#2667=EDGE_CURVE('',#2167,#2165,#913,.T.);
#2668=EDGE_CURVE('',#2166,#2167,#914,.T.);
#2669=EDGE_CURVE('',#2168,#2166,#915,.T.);
#2670=EDGE_CURVE('',#2169,#2167,#916,.T.);
#2671=EDGE_CURVE('',#2168,#2169,#917,.T.);
#2672=EDGE_CURVE('',#2170,#2171,#918,.T.);
#2673=EDGE_CURVE('',#2172,#2170,#919,.T.);
#2674=EDGE_CURVE('',#2173,#2172,#920,.T.);
#2675=EDGE_CURVE('',#2171,#2173,#921,.T.);
#2676=EDGE_CURVE('',#2171,#2174,#922,.T.);
#2677=EDGE_CURVE('',#2175,#2173,#923,.T.);
#2678=EDGE_CURVE('',#2174,#2175,#924,.T.);
#2679=EDGE_CURVE('',#2176,#2174,#925,.T.);
#2680=EDGE_CURVE('',#2177,#2175,#926,.T.);
#2681=EDGE_CURVE('',#2176,#2177,#927,.T.);
#2682=EDGE_CURVE('',#2178,#2179,#928,.T.);
#2683=EDGE_CURVE('',#2180,#2178,#929,.T.);
#2684=EDGE_CURVE('',#2181,#2180,#930,.T.);
#2685=EDGE_CURVE('',#2179,#2181,#931,.T.);
#2686=EDGE_CURVE('',#2179,#2182,#932,.T.);
#2687=EDGE_CURVE('',#2183,#2181,#933,.T.);
#2688=EDGE_CURVE('',#2182,#2183,#934,.T.);
#2689=EDGE_CURVE('',#2184,#2182,#935,.T.);
#2690=EDGE_CURVE('',#2185,#2183,#936,.T.);
#2691=EDGE_CURVE('',#2184,#2185,#937,.T.);
#2692=EDGE_CURVE('',#2186,#2187,#938,.T.);
#2693=EDGE_CURVE('',#2188,#2186,#939,.T.);
#2694=EDGE_CURVE('',#2189,#2188,#940,.T.);
#2695=EDGE_CURVE('',#2187,#2189,#941,.T.);
#2696=EDGE_CURVE('',#2187,#2190,#942,.T.);
#2697=EDGE_CURVE('',#2191,#2189,#943,.T.);
#2698=EDGE_CURVE('',#2190,#2191,#944,.T.);
#2699=EDGE_CURVE('',#2192,#2190,#945,.T.);
#2700=EDGE_CURVE('',#2193,#2191,#946,.T.);
#2701=EDGE_CURVE('',#2192,#2193,#947,.T.);
#2702=EDGE_CURVE('',#2194,#2195,#948,.T.);
#2703=EDGE_CURVE('',#2196,#2194,#949,.T.);
#2704=EDGE_CURVE('',#2197,#2196,#950,.T.);
#2705=EDGE_CURVE('',#2195,#2197,#951,.T.);
#2706=EDGE_CURVE('',#2195,#2198,#952,.T.);
#2707=EDGE_CURVE('',#2199,#2197,#953,.T.);
#2708=EDGE_CURVE('',#2198,#2199,#954,.T.);
#2709=EDGE_CURVE('',#2200,#2198,#955,.T.);
#2710=EDGE_CURVE('',#2201,#2199,#956,.T.);
#2711=EDGE_CURVE('',#2200,#2201,#957,.T.);
#2712=EDGE_CURVE('',#2202,#2203,#958,.T.);
#2713=EDGE_CURVE('',#2204,#2202,#959,.T.);
#2714=EDGE_CURVE('',#2205,#2204,#960,.T.);
#2715=EDGE_CURVE('',#2203,#2205,#961,.T.);
#2716=EDGE_CURVE('',#2203,#2206,#962,.T.);
#2717=EDGE_CURVE('',#2207,#2205,#963,.T.);
#2718=EDGE_CURVE('',#2206,#2207,#964,.T.);
#2719=EDGE_CURVE('',#2208,#2206,#965,.T.);
#2720=EDGE_CURVE('',#2209,#2207,#966,.T.);
#2721=EDGE_CURVE('',#2208,#2209,#967,.T.);
#2722=EDGE_CURVE('',#2142,#2210,#968,.T.);
#2723=EDGE_CURVE('',#2210,#2211,#969,.T.);
#2724=EDGE_CURVE('',#2144,#2211,#970,.T.);
#2725=EDGE_CURVE('',#2134,#2140,#971,.T.);
#2726=EDGE_CURVE('',#2136,#2141,#972,.T.);
#2727=EDGE_CURVE('',#2126,#2132,#973,.T.);
#2728=EDGE_CURVE('',#2128,#2133,#974,.T.);
#2729=EDGE_CURVE('',#2118,#2124,#975,.T.);
#2730=EDGE_CURVE('',#2120,#2125,#976,.T.);
#2731=EDGE_CURVE('',#2110,#2116,#977,.T.);
#2732=EDGE_CURVE('',#2112,#2117,#978,.T.);
#2733=EDGE_CURVE('',#2102,#2108,#979,.T.);
#2734=EDGE_CURVE('',#2104,#2109,#980,.T.);
#2735=EDGE_CURVE('',#2094,#2100,#981,.T.);
#2736=EDGE_CURVE('',#2096,#2101,#982,.T.);
#2737=EDGE_CURVE('',#2212,#2085,#983,.T.);
#2738=EDGE_CURVE('',#2213,#2212,#984,.T.);
#2739=EDGE_CURVE('',#2213,#2084,#985,.T.);
#2740=EDGE_CURVE('',#2086,#2092,#986,.T.);
#2741=EDGE_CURVE('',#2088,#2093,#987,.T.);
#2742=EDGE_CURVE('',#2194,#2200,#988,.T.);
#2743=EDGE_CURVE('',#2201,#2196,#989,.T.);
#2744=EDGE_CURVE('',#2186,#2192,#990,.T.);
#2745=EDGE_CURVE('',#2193,#2188,#991,.T.);
#2746=EDGE_CURVE('',#2178,#2184,#992,.T.);
#2747=EDGE_CURVE('',#2185,#2180,#993,.T.);
#2748=EDGE_CURVE('',#2162,#2168,#994,.T.);
#2749=EDGE_CURVE('',#2169,#2164,#995,.T.);
#2750=EDGE_CURVE('',#2170,#2176,#996,.T.);
#2751=EDGE_CURVE('',#2177,#2172,#997,.T.);
#2752=EDGE_CURVE('',#2156,#2160,#998,.T.);
#2753=EDGE_CURVE('',#2161,#2158,#999,.T.);
#2754=EDGE_CURVE('',#2070,#2214,#1000,.T.);
#2755=EDGE_CURVE('',#2215,#2214,#1001,.T.);
#2756=EDGE_CURVE('',#2215,#2072,#1002,.T.);
#2757=EDGE_CURVE('',#2062,#2068,#1003,.T.);
#2758=EDGE_CURVE('',#2069,#2064,#1004,.T.);
#2759=EDGE_CURVE('',#2209,#2204,#1005,.T.);
#2760=EDGE_CURVE('',#2202,#2208,#1006,.T.);
#2761=EDGE_CURVE('',#2216,#2217,#1007,.T.);
#2762=EDGE_CURVE('',#2218,#2216,#1008,.T.);
#2763=EDGE_CURVE('',#2219,#2218,#1009,.T.);
#2764=EDGE_CURVE('',#2217,#2219,#1010,.T.);
#2765=EDGE_CURVE('',#2217,#2220,#1011,.T.);
#2766=EDGE_CURVE('',#2221,#2219,#1012,.T.);
#2767=EDGE_CURVE('',#2220,#2221,#1013,.T.);
#2768=EDGE_CURVE('',#2222,#2220,#1014,.T.);
#2769=EDGE_CURVE('',#2223,#2221,#1015,.T.);
#2770=EDGE_CURVE('',#2222,#2223,#1016,.T.);
#2771=EDGE_CURVE('',#2224,#2225,#1017,.T.);
#2772=EDGE_CURVE('',#2226,#2224,#1018,.T.);
#2773=EDGE_CURVE('',#2227,#2226,#1019,.T.);
#2774=EDGE_CURVE('',#2225,#2227,#1020,.T.);
#2775=EDGE_CURVE('',#2228,#2225,#1021,.T.);
#2776=EDGE_CURVE('',#2229,#2227,#1022,.T.);
#2777=EDGE_CURVE('',#2228,#2229,#1023,.T.);
#2778=EDGE_CURVE('',#2230,#2228,#1024,.T.);
#2779=EDGE_CURVE('',#2231,#2229,#1025,.T.);
#2780=EDGE_CURVE('',#2230,#2231,#1026,.T.);
#2781=EDGE_CURVE('',#2232,#2233,#1027,.T.);
#2782=EDGE_CURVE('',#2234,#2232,#1028,.T.);
#2783=EDGE_CURVE('',#2235,#2234,#1029,.T.);
#2784=EDGE_CURVE('',#2233,#2235,#1030,.T.);
#2785=EDGE_CURVE('',#2236,#2233,#1031,.T.);
#2786=EDGE_CURVE('',#2237,#2235,#1032,.T.);
#2787=EDGE_CURVE('',#2236,#2237,#1033,.T.);
#2788=EDGE_CURVE('',#2238,#2236,#1034,.T.);
#2789=EDGE_CURVE('',#2239,#2237,#1035,.T.);
#2790=EDGE_CURVE('',#2238,#2239,#1036,.T.);
#2791=EDGE_CURVE('',#2240,#2241,#1037,.T.);
#2792=EDGE_CURVE('',#2242,#2240,#1038,.T.);
#2793=EDGE_CURVE('',#2243,#2242,#1039,.T.);
#2794=EDGE_CURVE('',#2241,#2243,#1040,.T.);
#2795=EDGE_CURVE('',#2244,#2241,#1041,.T.);
#2796=EDGE_CURVE('',#2245,#2243,#1042,.T.);
#2797=EDGE_CURVE('',#2244,#2245,#1043,.T.);
#2798=EDGE_CURVE('',#2246,#2244,#1044,.T.);
#2799=EDGE_CURVE('',#2247,#2245,#1045,.T.);
#2800=EDGE_CURVE('',#2246,#2247,#1046,.T.);
#2801=EDGE_CURVE('',#2248,#2249,#1047,.T.);
#2802=EDGE_CURVE('',#2250,#2248,#1048,.T.);
#2803=EDGE_CURVE('',#2251,#2250,#1049,.T.);
#2804=EDGE_CURVE('',#2249,#2251,#1050,.T.);
#2805=EDGE_CURVE('',#2252,#2249,#1051,.T.);
#2806=EDGE_CURVE('',#2253,#2251,#1052,.T.);
#2807=EDGE_CURVE('',#2252,#2253,#1053,.T.);
#2808=EDGE_CURVE('',#2254,#2252,#1054,.T.);
#2809=EDGE_CURVE('',#2255,#2253,#1055,.T.);
#2810=EDGE_CURVE('',#2254,#2255,#1056,.T.);
#2811=EDGE_CURVE('',#2256,#2257,#1057,.T.);
#2812=EDGE_CURVE('',#2258,#2256,#1058,.T.);
#2813=EDGE_CURVE('',#2259,#2258,#1059,.T.);
#2814=EDGE_CURVE('',#2257,#2259,#1060,.T.);
#2815=EDGE_CURVE('',#2260,#2257,#1061,.T.);
#2816=EDGE_CURVE('',#2261,#2259,#1062,.T.);
#2817=EDGE_CURVE('',#2260,#2261,#1063,.T.);
#2818=EDGE_CURVE('',#2262,#2260,#1064,.T.);
#2819=EDGE_CURVE('',#2263,#2261,#1065,.T.);
#2820=EDGE_CURVE('',#2262,#2263,#1066,.T.);
#2821=EDGE_CURVE('',#2264,#2265,#1067,.T.);
#2822=EDGE_CURVE('',#2266,#2264,#1068,.T.);
#2823=EDGE_CURVE('',#2267,#2266,#1069,.T.);
#2824=EDGE_CURVE('',#2265,#2267,#1070,.T.);
#2825=EDGE_CURVE('',#2268,#2265,#1071,.T.);
#2826=EDGE_CURVE('',#2269,#2267,#1072,.T.);
#2827=EDGE_CURVE('',#2268,#2269,#1073,.T.);
#2828=EDGE_CURVE('',#2270,#2268,#1074,.T.);
#2829=EDGE_CURVE('',#2271,#2269,#1075,.T.);
#2830=EDGE_CURVE('',#2270,#2271,#1076,.T.);
#2831=EDGE_CURVE('',#2272,#2273,#1077,.T.);
#2832=EDGE_CURVE('',#2274,#2272,#1078,.T.);
#2833=EDGE_CURVE('',#2275,#2274,#1079,.T.);
#2834=EDGE_CURVE('',#2273,#2275,#1080,.T.);
#2835=EDGE_CURVE('',#2276,#2273,#1081,.T.);
#2836=EDGE_CURVE('',#2277,#2275,#1082,.T.);
#2837=EDGE_CURVE('',#2276,#2277,#1083,.T.);
#2838=EDGE_CURVE('',#2278,#2276,#1084,.T.);
#2839=EDGE_CURVE('',#2279,#2277,#1085,.T.);
#2840=EDGE_CURVE('',#2278,#2279,#1086,.T.);
#2841=EDGE_CURVE('',#2280,#2281,#1087,.T.);
#2842=EDGE_CURVE('',#2282,#2280,#1088,.T.);
#2843=EDGE_CURVE('',#2283,#2282,#1089,.T.);
#2844=EDGE_CURVE('',#2281,#2283,#1090,.T.);
#2845=EDGE_CURVE('',#2284,#2281,#1091,.T.);
#2846=EDGE_CURVE('',#2285,#2283,#1092,.T.);
#2847=EDGE_CURVE('',#2284,#2285,#1093,.T.);
#2848=EDGE_CURVE('',#2286,#2284,#1094,.T.);
#2849=EDGE_CURVE('',#2287,#2285,#1095,.T.);
#2850=EDGE_CURVE('',#2286,#2287,#1096,.T.);
#2851=EDGE_CURVE('',#2288,#2289,#1097,.T.);
#2852=EDGE_CURVE('',#2290,#2288,#1098,.T.);
#2853=EDGE_CURVE('',#2291,#2290,#1099,.T.);
#2854=EDGE_CURVE('',#2289,#2291,#1100,.T.);
#2855=EDGE_CURVE('',#2292,#2289,#1101,.T.);
#2856=EDGE_CURVE('',#2293,#2291,#1102,.T.);
#2857=EDGE_CURVE('',#2292,#2293,#1103,.T.);
#2858=EDGE_CURVE('',#2294,#2295,#1104,.T.);
#2859=EDGE_CURVE('',#2294,#2296,#1105,.T.);
#2860=EDGE_CURVE('',#2297,#2296,#1106,.T.);
#2861=EDGE_CURVE('',#2295,#2297,#1107,.T.);
#2862=EDGE_CURVE('',#2298,#2295,#1108,.T.);
#2863=EDGE_CURVE('',#2299,#2297,#1109,.T.);
#2864=EDGE_CURVE('',#2298,#2299,#1110,.T.);
#2865=EDGE_CURVE('',#2300,#2298,#1111,.T.);
#2866=EDGE_CURVE('',#2301,#2299,#1112,.T.);
#2867=EDGE_CURVE('',#2300,#2301,#1113,.T.);
#2868=EDGE_CURVE('',#2302,#2303,#1114,.T.);
#2869=EDGE_CURVE('',#2304,#2302,#1115,.T.);
#2870=EDGE_CURVE('',#2305,#2304,#1116,.T.);
#2871=EDGE_CURVE('',#2303,#2305,#1117,.T.);
#2872=EDGE_CURVE('',#2306,#2303,#1118,.T.);
#2873=EDGE_CURVE('',#2307,#2305,#1119,.T.);
#2874=EDGE_CURVE('',#2306,#2307,#1120,.T.);
#2875=EDGE_CURVE('',#2308,#2309,#1121,.T.);
#2876=EDGE_CURVE('',#2310,#2308,#1122,.T.);
#2877=EDGE_CURVE('',#2311,#2310,#1123,.T.);
#2878=EDGE_CURVE('',#2309,#2311,#1124,.T.);
#2879=EDGE_CURVE('',#2309,#2312,#1125,.T.);
#2880=EDGE_CURVE('',#2313,#2311,#1126,.T.);
#2881=EDGE_CURVE('',#2312,#2313,#1127,.T.);
#2882=EDGE_CURVE('',#2314,#2312,#1128,.T.);
#2883=EDGE_CURVE('',#2315,#2313,#1129,.T.);
#2884=EDGE_CURVE('',#2314,#2315,#1130,.T.);
#2885=EDGE_CURVE('',#2316,#2317,#1131,.T.);
#2886=EDGE_CURVE('',#2318,#2316,#1132,.T.);
#2887=EDGE_CURVE('',#2319,#2318,#1133,.T.);
#2888=EDGE_CURVE('',#2317,#2319,#1134,.T.);
#2889=EDGE_CURVE('',#2317,#2320,#1135,.T.);
#2890=EDGE_CURVE('',#2321,#2319,#1136,.T.);
#2891=EDGE_CURVE('',#2320,#2321,#1137,.T.);
#2892=EDGE_CURVE('',#2322,#2320,#1138,.T.);
#2893=EDGE_CURVE('',#2323,#2321,#1139,.T.);
#2894=EDGE_CURVE('',#2322,#2323,#1140,.T.);
#2895=EDGE_CURVE('',#2324,#2325,#1141,.T.);
#2896=EDGE_CURVE('',#2326,#2324,#1142,.T.);
#2897=EDGE_CURVE('',#2327,#2326,#1143,.T.);
#2898=EDGE_CURVE('',#2325,#2327,#1144,.T.);
#2899=EDGE_CURVE('',#2325,#2328,#1145,.T.);
#2900=EDGE_CURVE('',#2329,#2327,#1146,.T.);
#2901=EDGE_CURVE('',#2328,#2329,#1147,.T.);
#2902=EDGE_CURVE('',#2330,#2328,#1148,.T.);
#2903=EDGE_CURVE('',#2331,#2329,#1149,.T.);
#2904=EDGE_CURVE('',#2330,#2331,#1150,.T.);
#2905=EDGE_CURVE('',#2332,#2333,#1151,.T.);
#2906=EDGE_CURVE('',#2334,#2332,#1152,.T.);
#2907=EDGE_CURVE('',#2335,#2334,#1153,.T.);
#2908=EDGE_CURVE('',#2333,#2335,#1154,.T.);
#2909=EDGE_CURVE('',#2333,#2336,#1155,.T.);
#2910=EDGE_CURVE('',#2337,#2335,#1156,.T.);
#2911=EDGE_CURVE('',#2336,#2337,#1157,.T.);
#2912=EDGE_CURVE('',#2338,#2336,#1158,.T.);
#2913=EDGE_CURVE('',#2339,#2337,#1159,.T.);
#2914=EDGE_CURVE('',#2338,#2339,#1160,.T.);
#2915=EDGE_CURVE('',#2340,#2341,#1161,.T.);
#2916=EDGE_CURVE('',#2342,#2340,#1162,.T.);
#2917=EDGE_CURVE('',#2343,#2342,#1163,.T.);
#2918=EDGE_CURVE('',#2341,#2343,#1164,.T.);
#2919=EDGE_CURVE('',#2341,#2344,#1165,.T.);
#2920=EDGE_CURVE('',#2345,#2343,#1166,.T.);
#2921=EDGE_CURVE('',#2344,#2345,#1167,.T.);
#2922=EDGE_CURVE('',#2346,#2344,#1168,.T.);
#2923=EDGE_CURVE('',#2347,#2345,#1169,.T.);
#2924=EDGE_CURVE('',#2346,#2347,#1170,.T.);
#2925=EDGE_CURVE('',#2348,#2349,#1171,.T.);
#2926=EDGE_CURVE('',#2350,#2348,#1172,.T.);
#2927=EDGE_CURVE('',#2351,#2350,#1173,.T.);
#2928=EDGE_CURVE('',#2349,#2351,#1174,.T.);
#2929=EDGE_CURVE('',#2349,#2352,#1175,.T.);
#2930=EDGE_CURVE('',#2353,#2351,#1176,.T.);
#2931=EDGE_CURVE('',#2352,#2353,#1177,.T.);
#2932=EDGE_CURVE('',#2354,#2352,#1178,.T.);
#2933=EDGE_CURVE('',#2355,#2353,#1179,.T.);
#2934=EDGE_CURVE('',#2354,#2355,#1180,.T.);
#2935=EDGE_CURVE('',#2356,#2357,#1181,.T.);
#2936=EDGE_CURVE('',#2358,#2356,#1182,.T.);
#2937=EDGE_CURVE('',#2359,#2358,#1183,.T.);
#2938=EDGE_CURVE('',#2357,#2359,#1184,.T.);
#2939=EDGE_CURVE('',#2357,#2360,#1185,.T.);
#2940=EDGE_CURVE('',#2361,#2359,#1186,.T.);
#2941=EDGE_CURVE('',#2360,#2361,#1187,.T.);
#2942=EDGE_CURVE('',#2362,#2360,#1188,.T.);
#2943=EDGE_CURVE('',#2363,#2361,#1189,.T.);
#2944=EDGE_CURVE('',#2362,#2363,#1190,.T.);
#2945=EDGE_CURVE('',#2288,#2292,#1191,.T.);
#2946=EDGE_CURVE('',#2293,#2290,#1192,.T.);
#2947=EDGE_CURVE('',#2280,#2286,#1193,.T.);
#2948=EDGE_CURVE('',#2287,#2282,#1194,.T.);
#2949=EDGE_CURVE('',#2272,#2278,#1195,.T.);
#2950=EDGE_CURVE('',#2279,#2274,#1196,.T.);
#2951=EDGE_CURVE('',#2264,#2270,#1197,.T.);
#2952=EDGE_CURVE('',#2271,#2266,#1198,.T.);
#2953=EDGE_CURVE('',#2256,#2262,#1199,.T.);
#2954=EDGE_CURVE('',#2263,#2258,#1200,.T.);
#2955=EDGE_CURVE('',#2248,#2254,#1201,.T.);
#2956=EDGE_CURVE('',#2255,#2250,#1202,.T.);
#2957=EDGE_CURVE('',#2240,#2246,#1203,.T.);
#2958=EDGE_CURVE('',#2247,#2242,#1204,.T.);
#2959=EDGE_CURVE('',#2231,#2364,#1205,.T.);
#2960=EDGE_CURVE('',#2365,#2364,#1206,.T.);
#2961=EDGE_CURVE('',#2365,#2230,#1207,.T.);
#2962=EDGE_CURVE('',#2232,#2238,#1208,.T.);
#2963=EDGE_CURVE('',#2239,#2234,#1209,.T.);
#2964=EDGE_CURVE('',#2354,#2348,#1210,.T.);
#2965=EDGE_CURVE('',#2350,#2355,#1211,.T.);
#2966=EDGE_CURVE('',#2346,#2340,#1212,.T.);
#2967=EDGE_CURVE('',#2342,#2347,#1213,.T.);
#2968=EDGE_CURVE('',#2338,#2332,#1214,.T.);
#2969=EDGE_CURVE('',#2334,#2339,#1215,.T.);
#2970=EDGE_CURVE('',#2330,#2324,#1216,.T.);
#2971=EDGE_CURVE('',#2326,#2331,#1217,.T.);
#2972=EDGE_CURVE('',#2322,#2316,#1218,.T.);
#2973=EDGE_CURVE('',#2318,#2323,#1219,.T.);
#2974=EDGE_CURVE('',#2366,#2307,#1220,.T.);
#2975=EDGE_CURVE('',#2366,#2367,#1221,.T.);
#2976=EDGE_CURVE('',#2306,#2367,#1222,.T.);
#2977=EDGE_CURVE('',#2314,#2308,#1223,.T.);
#2978=EDGE_CURVE('',#2310,#2315,#1224,.T.);
#2979=EDGE_CURVE('',#2368,#2216,#1225,.T.);
#2980=EDGE_CURVE('',#2369,#2368,#1226,.T.);
#2981=EDGE_CURVE('',#2218,#2369,#1227,.T.);
#2982=EDGE_CURVE('',#2358,#2363,#1228,.T.);
#2983=EDGE_CURVE('',#2362,#2356,#1229,.T.);
#2984=EDGE_CURVE('',#2154,#2370,#134,.T.);
#2985=EDGE_CURVE('',#2371,#2370,#1230,.T.);
#2986=EDGE_CURVE('',#2372,#2371,#1231,.T.);
#2987=EDGE_CURVE('',#2372,#2373,#1232,.T.);
#2988=EDGE_CURVE('',#2373,#2374,#135,.T.);
#2989=EDGE_CURVE('',#2374,#2375,#1233,.T.);
#2990=EDGE_CURVE('',#2375,#2376,#1234,.T.);
#2991=EDGE_CURVE('',#2376,#2377,#1235,.T.);
#2992=EDGE_CURVE('',#2377,#2294,#136,.T.);
#2993=EDGE_CURVE('',#2378,#2300,#1236,.T.);
#2994=EDGE_CURVE('',#2379,#2378,#137,.T.);
#2995=EDGE_CURVE('',#2379,#2380,#1237,.T.);
#2996=EDGE_CURVE('',#2381,#2380,#138,.T.);
#2997=EDGE_CURVE('',#2381,#2382,#1238,.T.);
#2998=EDGE_CURVE('',#2382,#2383,#1239,.T.);
#2999=EDGE_CURVE('',#2384,#2383,#139,.T.);
#3000=EDGE_CURVE('',#2385,#2384,#1240,.T.);
#3001=EDGE_CURVE('',#2386,#2385,#1241,.T.);
#3002=EDGE_CURVE('',#2386,#2387,#1242,.T.);
#3003=EDGE_CURVE('',#2387,#2388,#140,.T.);
#3004=EDGE_CURVE('',#2388,#2389,#1243,.T.);
#3005=EDGE_CURVE('',#2389,#2390,#1244,.T.);
#3006=EDGE_CURVE('',#2390,#2391,#1245,.T.);
#3007=EDGE_CURVE('',#2392,#2391,#141,.T.);
#3008=EDGE_CURVE('',#2392,#2393,#1246,.T.);
#3009=EDGE_CURVE('',#2393,#2394,#1247,.T.);
#3010=EDGE_CURVE('',#2395,#2394,#1248,.T.);
#3011=EDGE_CURVE('',#2148,#2395,#1249,.T.);
#3012=EDGE_CURVE('',#2214,#2076,#142,.T.);
#3013=EDGE_CURVE('',#2078,#2213,#143,.T.);
#3014=EDGE_CURVE('',#2210,#2146,#1250,.T.);
#3015=EDGE_CURVE('',#2368,#2222,#144,.T.);
#3016=EDGE_CURVE('',#2224,#2365,#145,.T.);
#3017=EDGE_CURVE('',#2302,#2367,#1251,.T.);
#3018=EDGE_CURVE('',#2396,#2396,#146,.T.);
#3019=EDGE_CURVE('',#2397,#2398,#147,.T.);
#3020=EDGE_CURVE('',#2399,#2397,#1252,.T.);
#3021=EDGE_CURVE('',#2400,#2399,#148,.T.);
#3022=EDGE_CURVE('',#2398,#2400,#1253,.T.);
#3023=EDGE_CURVE('',#2401,#2402,#149,.T.);
#3024=EDGE_CURVE('',#2403,#2401,#1254,.T.);
#3025=EDGE_CURVE('',#2404,#2403,#150,.T.);
#3026=EDGE_CURVE('',#2402,#2404,#1255,.T.);
#3027=EDGE_CURVE('',#2405,#2406,#151,.T.);
#3028=EDGE_CURVE('',#2407,#2405,#1256,.T.);
#3029=EDGE_CURVE('',#2408,#2407,#152,.T.);
#3030=EDGE_CURVE('',#2406,#2408,#1257,.T.);
#3031=EDGE_CURVE('',#2409,#2410,#153,.T.);
#3032=EDGE_CURVE('',#2411,#2409,#1258,.T.);
#3033=EDGE_CURVE('',#2412,#2411,#154,.T.);
#3034=EDGE_CURVE('',#2410,#2412,#1259,.T.);
#3035=EDGE_CURVE('',#2413,#2414,#1260,.T.);
#3036=EDGE_CURVE('',#2415,#2413,#155,.T.);
#3037=EDGE_CURVE('',#2416,#2415,#1261,.T.);
#3038=EDGE_CURVE('',#2414,#2416,#156,.T.);
#3039=EDGE_CURVE('',#2417,#2417,#157,.T.);
#3040=EDGE_CURVE('',#2417,#2418,#1262,.T.);
#3041=EDGE_CURVE('',#2418,#2419,#158,.T.);
#3042=EDGE_CURVE('',#2419,#2420,#1263,.T.);
#3043=EDGE_CURVE('',#2420,#2421,#159,.T.);
#3044=EDGE_CURVE('',#2421,#2422,#1264,.T.);
#3045=EDGE_CURVE('',#2422,#2215,#160,.T.);
#3046=EDGE_CURVE('',#2077,#2080,#161,.T.);
#3047=EDGE_CURVE('',#2212,#2423,#162,.T.);
#3048=EDGE_CURVE('',#2423,#2424,#1265,.T.);
#3049=EDGE_CURVE('',#2424,#2425,#163,.T.);
#3050=EDGE_CURVE('',#2425,#2426,#1266,.T.);
#3051=EDGE_CURVE('',#2426,#2427,#164,.T.);
#3052=EDGE_CURVE('',#2427,#2428,#1267,.T.);
#3053=EDGE_CURVE('',#2428,#2429,#165,.T.);
#3054=EDGE_CURVE('',#2429,#2430,#1268,.T.);
#3055=EDGE_CURVE('',#2430,#2369,#166,.T.);
#3056=EDGE_CURVE('',#2223,#2226,#167,.T.);
#3057=EDGE_CURVE('',#2364,#2431,#168,.T.);
#3058=EDGE_CURVE('',#2431,#2432,#1269,.T.);
#3059=EDGE_CURVE('',#2432,#2433,#169,.T.);
#3060=EDGE_CURVE('',#2433,#2434,#1270,.T.);
#3061=EDGE_CURVE('',#2434,#2418,#170,.T.);
#3062=EDGE_CURVE('',#2435,#2436,#1271,.T.);
#3063=EDGE_CURVE('',#2437,#2436,#171,.T.);
#3064=EDGE_CURVE('',#2438,#2437,#1272,.T.);
#3065=EDGE_CURVE('',#2435,#2438,#1273,.T.);
#3066=EDGE_CURVE('',#2439,#2440,#1274,.T.);
#3067=EDGE_CURVE('',#2441,#2440,#1275,.T.);
#3068=EDGE_CURVE('',#2442,#2441,#1276,.T.);
#3069=EDGE_CURVE('',#2439,#2442,#1277,.T.);
#3070=EDGE_CURVE('',#2443,#2437,#1278,.T.);
#3071=EDGE_CURVE('',#2444,#2443,#1279,.T.);
#3072=EDGE_CURVE('',#2438,#2444,#1280,.T.);
#3073=EDGE_CURVE('',#2442,#2443,#172,.T.);
#3074=EDGE_CURVE('',#2444,#2441,#1281,.T.);
#3075=EDGE_CURVE('',#2445,#2446,#1282,.T.);
#3076=EDGE_CURVE('',#2440,#2446,#1283,.T.);
#3077=EDGE_CURVE('',#2445,#2439,#173,.T.);
#3078=EDGE_CURVE('',#2436,#2447,#1284,.T.);
#3079=EDGE_CURVE('',#2448,#2447,#174,.T.);
#3080=EDGE_CURVE('',#2392,#2448,#1285,.T.);
#3081=EDGE_CURVE('',#2391,#2449,#1286,.T.);
#3082=EDGE_CURVE('',#2450,#2449,#175,.T.);
#3083=EDGE_CURVE('',#2384,#2450,#1287,.T.);
#3084=EDGE_CURVE('',#2451,#2383,#1288,.T.);
#3085=EDGE_CURVE('',#2452,#2451,#176,.T.);
#3086=EDGE_CURVE('',#2452,#2445,#1289,.T.);
#3087=EDGE_CURVE('',#2453,#2429,#1290,.T.);
#3088=EDGE_CURVE('',#2454,#2428,#1291,.T.);
#3089=EDGE_CURVE('',#2453,#2454,#1292,.T.);
#3090=EDGE_CURVE('',#2424,#2455,#1293,.T.);
#3091=EDGE_CURVE('',#2456,#2455,#1294,.T.);
#3092=EDGE_CURVE('',#2425,#2456,#1295,.T.);
#3093=EDGE_CURVE('',#2457,#2456,#1296,.T.);
#3094=EDGE_CURVE('',#2426,#2457,#1297,.T.);
#3095=EDGE_CURVE('',#2458,#2427,#1298,.T.);
#3096=EDGE_CURVE('',#2454,#2458,#1299,.T.);
#3097=EDGE_CURVE('',#2458,#2457,#1300,.T.);
#3098=EDGE_CURVE('',#2459,#2460,#177,.F.);
#3099=EDGE_CURVE('',#2461,#2459,#178,.F.);
#3100=EDGE_CURVE('',#2460,#2461,#179,.F.);
#3101=EDGE_CURVE('',#2462,#2463,#180,.F.);
#3102=EDGE_CURVE('',#2463,#2461,#1301,.T.);
#3103=EDGE_CURVE('',#2459,#2462,#1302,.T.);
#3104=EDGE_CURVE('',#2464,#2459,#1303,.T.);
#3105=EDGE_CURVE('',#2460,#2465,#1304,.T.);
#3106=EDGE_CURVE('',#2465,#2464,#15,.T.);
#3107=EDGE_CURVE('',#2465,#2466,#1305,.T.);
#3108=EDGE_CURVE('',#2466,#2467,#16,.T.);
#3109=EDGE_CURVE('',#2467,#2464,#1306,.T.);
#3110=EDGE_CURVE('',#2468,#2469,#181,.F.);
#3111=EDGE_CURVE('',#2470,#2468,#182,.F.);
#3112=EDGE_CURVE('',#2469,#2470,#183,.F.);
#3113=EDGE_CURVE('',#2378,#2470,#1307,.T.);
#3114=EDGE_CURVE('',#2468,#2379,#1308,.T.);
#3115=EDGE_CURVE('',#2471,#2472,#184,.F.);
#3116=EDGE_CURVE('',#2473,#2471,#185,.F.);
#3117=EDGE_CURVE('',#2472,#2473,#186,.F.);
#3118=EDGE_CURVE('',#2474,#2475,#187,.F.);
#3119=EDGE_CURVE('',#2475,#2473,#1309,.T.);
#3120=EDGE_CURVE('',#2471,#2474,#1310,.T.);
#3121=EDGE_CURVE('',#2466,#2472,#1311,.T.);
#3122=EDGE_CURVE('',#2473,#2467,#1312,.T.);
#3123=EDGE_CURVE('',#2476,#2477,#188,.F.);
#3124=EDGE_CURVE('',#2478,#2476,#189,.F.);
#3125=EDGE_CURVE('',#2477,#2478,#190,.F.);
#3126=EDGE_CURVE('',#2479,#2480,#191,.F.);
#3127=EDGE_CURVE('',#2481,#2479,#192,.F.);
#3128=EDGE_CURVE('',#2480,#2481,#193,.F.);
#3129=EDGE_CURVE('',#2380,#2481,#1313,.T.);
#3130=EDGE_CURVE('',#2479,#2381,#1314,.T.);
#3131=EDGE_CURVE('',#2472,#2480,#1315,.T.);
#3132=EDGE_CURVE('',#2481,#2471,#1316,.T.);
#3133=EDGE_CURVE('',#2482,#2483,#194,.F.);
#3134=EDGE_CURVE('',#2484,#2482,#195,.F.);
#3135=EDGE_CURVE('',#2483,#2484,#196,.F.);
#3136=EDGE_CURVE('',#2394,#2485,#17,.T.);
#3137=EDGE_CURVE('',#2485,#2486,#1317,.T.);
#3138=EDGE_CURVE('',#2486,#2395,#18,.T.);
#3139=EDGE_CURVE('',#2394,#2484,#1318,.T.);
#3140=EDGE_CURVE('',#2482,#2485,#1319,.T.);
#3141=EDGE_CURVE('',#2480,#2483,#1320,.T.);
#3142=EDGE_CURVE('',#2484,#2479,#1321,.T.);
#3143=EDGE_CURVE('',#2483,#2477,#1322,.T.);
#3144=EDGE_CURVE('',#2478,#2482,#1323,.T.);
#3145=EDGE_CURVE('',#2486,#2478,#1324,.T.);
#3146=EDGE_CURVE('',#2476,#2395,#1325,.T.);
#3147=EDGE_CURVE('',#2477,#2469,#1326,.T.);
#3148=EDGE_CURVE('',#2470,#2476,#1327,.T.);
#3149=EDGE_CURVE('',#2469,#2460,#1328,.T.);
#3150=EDGE_CURVE('',#2461,#2468,#1329,.T.);
#3151=EDGE_CURVE('',#2475,#2487,#1330,.T.);
#3152=EDGE_CURVE('',#2487,#2467,#1331,.T.);
#3153=EDGE_CURVE('',#2463,#2474,#1332,.T.);
#3154=EDGE_CURVE('',#2446,#2488,#1333,.T.);
#3155=EDGE_CURVE('',#2488,#2489,#1334,.T.);
#3156=EDGE_CURVE('',#2489,#2382,#1335,.T.);
#3157=EDGE_CURVE('',#2393,#2490,#1336,.T.);
#3158=EDGE_CURVE('',#2490,#2491,#1337,.T.);
#3159=EDGE_CURVE('',#2491,#2435,#1338,.T.);
#3160=EDGE_CURVE('',#2447,#2491,#1339,.T.);
#3161=EDGE_CURVE('',#2488,#2452,#1340,.T.);
#3162=EDGE_CURVE('',#2451,#2489,#1341,.T.);
#3163=EDGE_CURVE('',#2492,#2423,#1342,.T.);
#3164=EDGE_CURVE('',#2455,#2492,#1343,.T.);
#3165=EDGE_CURVE('',#2430,#2493,#1344,.T.);
#3166=EDGE_CURVE('',#2493,#2453,#1345,.T.);
#3167=EDGE_CURVE('',#2494,#2388,#1346,.T.);
#3168=EDGE_CURVE('',#2495,#2494,#1347,.T.);
#3169=EDGE_CURVE('',#2389,#2495,#1348,.T.);
#3170=EDGE_CURVE('',#2387,#2496,#1349,.T.);
#3171=EDGE_CURVE('',#2494,#2496,#197,.T.);
#3172=EDGE_CURVE('',#2386,#2497,#1350,.T.);
#3173=EDGE_CURVE('',#2496,#2497,#1351,.T.);
#3174=EDGE_CURVE('',#2498,#2495,#1352,.T.);
#3175=EDGE_CURVE('',#2390,#2498,#1353,.T.);
#3176=EDGE_CURVE('',#2449,#2498,#1354,.T.);
#3177=EDGE_CURVE('',#2499,#2450,#1355,.T.);
#3178=EDGE_CURVE('',#2385,#2499,#1356,.T.);
#3179=EDGE_CURVE('',#2497,#2499,#1357,.T.);
#3180=EDGE_CURVE('',#2490,#2448,#1358,.T.);
#3181=EDGE_CURVE('',#2487,#2500,#1359,.T.);
#3182=EDGE_CURVE('',#2500,#2464,#1360,.T.);
#3183=EDGE_CURVE('',#2301,#2304,#1361,.T.);
#3184=EDGE_CURVE('',#2493,#2366,#1362,.T.);
#3185=EDGE_CURVE('',#2211,#2492,#1363,.T.);
#3186=EDGE_CURVE('',#2147,#2150,#1364,.T.);
#3187=EDGE_CURVE('',#2422,#2501,#1365,.T.);
#3188=EDGE_CURVE('',#2501,#2155,#198,.T.);
#3189=EDGE_CURVE('',#2500,#2462,#1366,.T.);
#3190=EDGE_CURVE('',#2502,#2503,#199,.T.);
#3191=EDGE_CURVE('',#2504,#2502,#1367,.T.);
#3192=EDGE_CURVE('',#2505,#2504,#200,.T.);
#3193=EDGE_CURVE('',#2503,#2505,#1368,.T.);
#3194=EDGE_CURVE('',#2506,#2507,#201,.T.);
#3195=EDGE_CURVE('',#2508,#2506,#1369,.T.);
#3196=EDGE_CURVE('',#2509,#2508,#202,.T.);
#3197=EDGE_CURVE('',#2507,#2509,#1370,.T.);
#3198=EDGE_CURVE('',#2510,#2511,#203,.T.);
#3199=EDGE_CURVE('',#2512,#2510,#1371,.T.);
#3200=EDGE_CURVE('',#2513,#2512,#204,.T.);
#3201=EDGE_CURVE('',#2511,#2513,#1372,.T.);
#3202=EDGE_CURVE('',#2514,#2515,#205,.T.);
#3203=EDGE_CURVE('',#2516,#2514,#1373,.T.);
#3204=EDGE_CURVE('',#2517,#2516,#206,.T.);
#3205=EDGE_CURVE('',#2515,#2517,#1374,.T.);
#3206=EDGE_CURVE('',#2518,#2519,#207,.T.);
#3207=EDGE_CURVE('',#2520,#2518,#1375,.T.);
#3208=EDGE_CURVE('',#2521,#2520,#208,.T.);
#3209=EDGE_CURVE('',#2519,#2521,#1376,.T.);
#3210=EDGE_CURVE('',#2402,#2518,#1377,.T.);
#3211=EDGE_CURVE('',#2404,#2520,#1378,.T.);
#3212=EDGE_CURVE('',#2401,#2519,#1379,.T.);
#3213=EDGE_CURVE('',#2416,#2514,#1380,.T.);
#3214=EDGE_CURVE('',#2415,#2516,#1381,.T.);
#3215=EDGE_CURVE('',#2414,#2515,#1382,.T.);
#3216=EDGE_CURVE('',#2410,#2510,#1383,.T.);
#3217=EDGE_CURVE('',#2412,#2512,#1384,.T.);
#3218=EDGE_CURVE('',#2409,#2511,#1385,.T.);
#3219=EDGE_CURVE('',#2406,#2506,#1386,.T.);
#3220=EDGE_CURVE('',#2408,#2508,#1387,.T.);
#3221=EDGE_CURVE('',#2405,#2507,#1388,.T.);
#3222=EDGE_CURVE('',#2398,#2502,#1389,.T.);
#3223=EDGE_CURVE('',#2400,#2504,#1390,.T.);
#3224=EDGE_CURVE('',#2397,#2503,#1391,.T.);
#3225=EDGE_CURVE('',#2399,#2505,#1392,.T.);
#3226=EDGE_CURVE('',#2403,#2521,#1393,.T.);
#3227=EDGE_CURVE('',#2407,#2509,#1394,.T.);
#3228=EDGE_CURVE('',#2411,#2513,#1395,.T.);
#3229=EDGE_CURVE('',#2413,#2517,#1396,.T.);
#3230=EDGE_CURVE('',#2522,#2522,#209,.T.);
#3231=EDGE_CURVE('',#2522,#2396,#1397,.T.);
#3232=EDGE_CURVE('',#2421,#2523,#1398,.T.);
#3233=EDGE_CURVE('',#2420,#2524,#1399,.T.);
#3234=EDGE_CURVE('',#2523,#2524,#210,.T.);
#3235=EDGE_CURVE('',#2525,#2432,#1400,.T.);
#3236=EDGE_CURVE('',#2526,#2525,#211,.T.);
#3237=EDGE_CURVE('',#2526,#2433,#1401,.T.);
#3238=EDGE_CURVE('',#2527,#2526,#1402,.T.);
#3239=EDGE_CURVE('',#2527,#2434,#1403,.T.);
#3240=EDGE_CURVE('',#2419,#2528,#1404,.T.);
#3241=EDGE_CURVE('',#2524,#2528,#1405,.T.);
#3242=EDGE_CURVE('',#2528,#2527,#212,.T.);
#3243=EDGE_CURVE('',#2525,#2529,#1406,.T.);
#3244=EDGE_CURVE('',#2529,#2431,#1407,.T.);
#3245=EDGE_CURVE('',#2501,#2523,#1408,.T.);
#3246=EDGE_CURVE('',#2296,#2529,#213,.T.);
#3247=EDGE_CURVE('',#2377,#2530,#1409,.T.);
#3248=EDGE_CURVE('',#2530,#2531,#214,.T.);
#3249=EDGE_CURVE('',#2370,#2531,#1410,.T.);
#3250=EDGE_CURVE('',#2373,#2532,#1411,.T.);
#3251=EDGE_CURVE('',#2532,#2533,#215,.T.);
#3252=EDGE_CURVE('',#2533,#2374,#1412,.T.);
#3253=EDGE_CURVE('',#2372,#2534,#1413,.T.);
#3254=EDGE_CURVE('',#2534,#2532,#1414,.T.);
#3255=EDGE_CURVE('',#2371,#2535,#1415,.T.);
#3256=EDGE_CURVE('',#2535,#2534,#1416,.T.);
#3257=EDGE_CURVE('',#2531,#2535,#1417,.T.);
#3258=EDGE_CURVE('',#2376,#2536,#1418,.T.);
#3259=EDGE_CURVE('',#2536,#2530,#1419,.T.);
#3260=EDGE_CURVE('',#2375,#2537,#1420,.T.);
#3261=EDGE_CURVE('',#2537,#2536,#1421,.T.);
#3262=EDGE_CURVE('',#2533,#2537,#1422,.T.);
#3263=ORIENTED_EDGE('',*,*,#2538,.F.);
#3264=ORIENTED_EDGE('',*,*,#2539,.F.);
#3265=ORIENTED_EDGE('',*,*,#2540,.F.);
#3266=ORIENTED_EDGE('',*,*,#2541,.F.);
#3267=ORIENTED_EDGE('',*,*,#2542,.F.);
#3268=ORIENTED_EDGE('',*,*,#2541,.T.);
#3269=ORIENTED_EDGE('',*,*,#2543,.F.);
#3270=ORIENTED_EDGE('',*,*,#2544,.F.);
#3271=ORIENTED_EDGE('',*,*,#2545,.T.);
#3272=ORIENTED_EDGE('',*,*,#2544,.T.);
#3273=ORIENTED_EDGE('',*,*,#2546,.F.);
#3274=ORIENTED_EDGE('',*,*,#2547,.F.);
#3275=ORIENTED_EDGE('',*,*,#2548,.F.);
#3276=ORIENTED_EDGE('',*,*,#2549,.F.);
#3277=ORIENTED_EDGE('',*,*,#2550,.F.);
#3278=ORIENTED_EDGE('',*,*,#2551,.F.);
#3279=ORIENTED_EDGE('',*,*,#2552,.F.);
#3280=ORIENTED_EDGE('',*,*,#2551,.T.);
#3281=ORIENTED_EDGE('',*,*,#2553,.F.);
#3282=ORIENTED_EDGE('',*,*,#2554,.F.);
#3283=ORIENTED_EDGE('',*,*,#2555,.T.);
#3284=ORIENTED_EDGE('',*,*,#2554,.T.);
#3285=ORIENTED_EDGE('',*,*,#2556,.F.);
#3286=ORIENTED_EDGE('',*,*,#2557,.F.);
#3287=ORIENTED_EDGE('',*,*,#2558,.F.);
#3288=ORIENTED_EDGE('',*,*,#2559,.F.);
#3289=ORIENTED_EDGE('',*,*,#2560,.F.);
#3290=ORIENTED_EDGE('',*,*,#2561,.F.);
#3291=ORIENTED_EDGE('',*,*,#2562,.T.);
#3292=ORIENTED_EDGE('',*,*,#2561,.T.);
#3293=ORIENTED_EDGE('',*,*,#2563,.F.);
#3294=ORIENTED_EDGE('',*,*,#2564,.F.);
#3295=ORIENTED_EDGE('',*,*,#2565,.T.);
#3296=ORIENTED_EDGE('',*,*,#2564,.T.);
#3297=ORIENTED_EDGE('',*,*,#2566,.F.);
#3298=ORIENTED_EDGE('',*,*,#2567,.F.);
#3299=ORIENTED_EDGE('',*,*,#2568,.F.);
#3300=ORIENTED_EDGE('',*,*,#2569,.F.);
#3301=ORIENTED_EDGE('',*,*,#2570,.F.);
#3302=ORIENTED_EDGE('',*,*,#2571,.F.);
#3303=ORIENTED_EDGE('',*,*,#2572,.T.);
#3304=ORIENTED_EDGE('',*,*,#2571,.T.);
#3305=ORIENTED_EDGE('',*,*,#2573,.F.);
#3306=ORIENTED_EDGE('',*,*,#2574,.F.);
#3307=ORIENTED_EDGE('',*,*,#2575,.T.);
#3308=ORIENTED_EDGE('',*,*,#2574,.T.);
#3309=ORIENTED_EDGE('',*,*,#2576,.F.);
#3310=ORIENTED_EDGE('',*,*,#2577,.F.);
#3311=ORIENTED_EDGE('',*,*,#2578,.F.);
#3312=ORIENTED_EDGE('',*,*,#2579,.F.);
#3313=ORIENTED_EDGE('',*,*,#2580,.F.);
#3314=ORIENTED_EDGE('',*,*,#2581,.F.);
#3315=ORIENTED_EDGE('',*,*,#2582,.T.);
#3316=ORIENTED_EDGE('',*,*,#2581,.T.);
#3317=ORIENTED_EDGE('',*,*,#2583,.F.);
#3318=ORIENTED_EDGE('',*,*,#2584,.F.);
#3319=ORIENTED_EDGE('',*,*,#2585,.T.);
#3320=ORIENTED_EDGE('',*,*,#2584,.T.);
#3321=ORIENTED_EDGE('',*,*,#2586,.F.);
#3322=ORIENTED_EDGE('',*,*,#2587,.F.);
#3323=ORIENTED_EDGE('',*,*,#2588,.F.);
#3324=ORIENTED_EDGE('',*,*,#2589,.F.);
#3325=ORIENTED_EDGE('',*,*,#2590,.F.);
#3326=ORIENTED_EDGE('',*,*,#2591,.F.);
#3327=ORIENTED_EDGE('',*,*,#2592,.T.);
#3328=ORIENTED_EDGE('',*,*,#2591,.T.);
#3329=ORIENTED_EDGE('',*,*,#2593,.F.);
#3330=ORIENTED_EDGE('',*,*,#2594,.F.);
#3331=ORIENTED_EDGE('',*,*,#2595,.T.);
#3332=ORIENTED_EDGE('',*,*,#2594,.T.);
#3333=ORIENTED_EDGE('',*,*,#2596,.F.);
#3334=ORIENTED_EDGE('',*,*,#2597,.F.);
#3335=ORIENTED_EDGE('',*,*,#2598,.F.);
#3336=ORIENTED_EDGE('',*,*,#2599,.F.);
#3337=ORIENTED_EDGE('',*,*,#2600,.F.);
#3338=ORIENTED_EDGE('',*,*,#2601,.F.);
#3339=ORIENTED_EDGE('',*,*,#2602,.T.);
#3340=ORIENTED_EDGE('',*,*,#2601,.T.);
#3341=ORIENTED_EDGE('',*,*,#2603,.F.);
#3342=ORIENTED_EDGE('',*,*,#2604,.F.);
#3343=ORIENTED_EDGE('',*,*,#2605,.T.);
#3344=ORIENTED_EDGE('',*,*,#2604,.T.);
#3345=ORIENTED_EDGE('',*,*,#2606,.F.);
#3346=ORIENTED_EDGE('',*,*,#2607,.F.);
#3347=ORIENTED_EDGE('',*,*,#2608,.F.);
#3348=ORIENTED_EDGE('',*,*,#2609,.F.);
#3349=ORIENTED_EDGE('',*,*,#2610,.F.);
#3350=ORIENTED_EDGE('',*,*,#2611,.F.);
#3351=ORIENTED_EDGE('',*,*,#2612,.T.);
#3352=ORIENTED_EDGE('',*,*,#2611,.T.);
#3353=ORIENTED_EDGE('',*,*,#2613,.F.);
#3354=ORIENTED_EDGE('',*,*,#2614,.F.);
#3355=ORIENTED_EDGE('',*,*,#2615,.T.);
#3356=ORIENTED_EDGE('',*,*,#2614,.T.);
#3357=ORIENTED_EDGE('',*,*,#2616,.F.);
#3358=ORIENTED_EDGE('',*,*,#2617,.F.);
#3359=ORIENTED_EDGE('',*,*,#2618,.F.);
#3360=ORIENTED_EDGE('',*,*,#2619,.F.);
#3361=ORIENTED_EDGE('',*,*,#2620,.F.);
#3362=ORIENTED_EDGE('',*,*,#2621,.F.);
#3363=ORIENTED_EDGE('',*,*,#2622,.T.);
#3364=ORIENTED_EDGE('',*,*,#2621,.T.);
#3365=ORIENTED_EDGE('',*,*,#2623,.F.);
#3366=ORIENTED_EDGE('',*,*,#2624,.F.);
#3367=ORIENTED_EDGE('',*,*,#2625,.T.);
#3368=ORIENTED_EDGE('',*,*,#2624,.T.);
#3369=ORIENTED_EDGE('',*,*,#2626,.F.);
#3370=ORIENTED_EDGE('',*,*,#2627,.F.);
#3371=ORIENTED_EDGE('',*,*,#2628,.F.);
#3372=ORIENTED_EDGE('',*,*,#2629,.F.);
#3373=ORIENTED_EDGE('',*,*,#2630,.F.);
#3374=ORIENTED_EDGE('',*,*,#2631,.F.);
#3375=ORIENTED_EDGE('',*,*,#2632,.T.);
#3376=ORIENTED_EDGE('',*,*,#2631,.T.);
#3377=ORIENTED_EDGE('',*,*,#2633,.F.);
#3378=ORIENTED_EDGE('',*,*,#2634,.F.);
#3379=ORIENTED_EDGE('',*,*,#2635,.T.);
#3380=ORIENTED_EDGE('',*,*,#2634,.T.);
#3381=ORIENTED_EDGE('',*,*,#2636,.F.);
#3382=ORIENTED_EDGE('',*,*,#2637,.F.);
#3383=ORIENTED_EDGE('',*,*,#2638,.F.);
#3384=ORIENTED_EDGE('',*,*,#2639,.F.);
#3385=ORIENTED_EDGE('',*,*,#2640,.F.);
#3386=ORIENTED_EDGE('',*,*,#2641,.F.);
#3387=ORIENTED_EDGE('',*,*,#2642,.T.);
#3388=ORIENTED_EDGE('',*,*,#2641,.T.);
#3389=ORIENTED_EDGE('',*,*,#2643,.F.);
#3390=ORIENTED_EDGE('',*,*,#2644,.F.);
#3391=ORIENTED_EDGE('',*,*,#2645,.F.);
#3392=ORIENTED_EDGE('',*,*,#2646,.F.);
#3393=ORIENTED_EDGE('',*,*,#2647,.F.);
#3394=ORIENTED_EDGE('',*,*,#2648,.F.);
#3395=ORIENTED_EDGE('',*,*,#2649,.T.);
#3396=ORIENTED_EDGE('',*,*,#2648,.T.);
#3397=ORIENTED_EDGE('',*,*,#2650,.F.);
#3398=ORIENTED_EDGE('',*,*,#2651,.F.);
#3399=ORIENTED_EDGE('',*,*,#2652,.T.);
#3400=ORIENTED_EDGE('',*,*,#2651,.T.);
#3401=ORIENTED_EDGE('',*,*,#2653,.F.);
#3402=ORIENTED_EDGE('',*,*,#2654,.T.);
#3403=ORIENTED_EDGE('',*,*,#2655,.F.);
#3404=ORIENTED_EDGE('',*,*,#2656,.F.);
#3405=ORIENTED_EDGE('',*,*,#2657,.F.);
#3406=ORIENTED_EDGE('',*,*,#2658,.F.);
#3407=ORIENTED_EDGE('',*,*,#2659,.T.);
#3408=ORIENTED_EDGE('',*,*,#2658,.T.);
#3409=ORIENTED_EDGE('',*,*,#2660,.F.);
#3410=ORIENTED_EDGE('',*,*,#2661,.F.);
#3411=ORIENTED_EDGE('',*,*,#2662,.F.);
#3412=ORIENTED_EDGE('',*,*,#2663,.F.);
#3413=ORIENTED_EDGE('',*,*,#2664,.F.);
#3414=ORIENTED_EDGE('',*,*,#2665,.F.);
#3415=ORIENTED_EDGE('',*,*,#2666,.F.);
#3416=ORIENTED_EDGE('',*,*,#2665,.T.);
#3417=ORIENTED_EDGE('',*,*,#2667,.F.);
#3418=ORIENTED_EDGE('',*,*,#2668,.F.);
#3419=ORIENTED_EDGE('',*,*,#2669,.T.);
#3420=ORIENTED_EDGE('',*,*,#2668,.T.);
#3421=ORIENTED_EDGE('',*,*,#2670,.F.);
#3422=ORIENTED_EDGE('',*,*,#2671,.F.);
#3423=ORIENTED_EDGE('',*,*,#2672,.F.);
#3424=ORIENTED_EDGE('',*,*,#2673,.F.);
#3425=ORIENTED_EDGE('',*,*,#2674,.F.);
#3426=ORIENTED_EDGE('',*,*,#2675,.F.);
#3427=ORIENTED_EDGE('',*,*,#2676,.F.);
#3428=ORIENTED_EDGE('',*,*,#2675,.T.);
#3429=ORIENTED_EDGE('',*,*,#2677,.F.);
#3430=ORIENTED_EDGE('',*,*,#2678,.F.);
#3431=ORIENTED_EDGE('',*,*,#2679,.T.);
#3432=ORIENTED_EDGE('',*,*,#2678,.T.);
#3433=ORIENTED_EDGE('',*,*,#2680,.F.);
#3434=ORIENTED_EDGE('',*,*,#2681,.F.);
#3435=ORIENTED_EDGE('',*,*,#2682,.F.);
#3436=ORIENTED_EDGE('',*,*,#2683,.F.);
#3437=ORIENTED_EDGE('',*,*,#2684,.F.);
#3438=ORIENTED_EDGE('',*,*,#2685,.F.);
#3439=ORIENTED_EDGE('',*,*,#2686,.F.);
#3440=ORIENTED_EDGE('',*,*,#2685,.T.);
#3441=ORIENTED_EDGE('',*,*,#2687,.F.);
#3442=ORIENTED_EDGE('',*,*,#2688,.F.);
#3443=ORIENTED_EDGE('',*,*,#2689,.T.);
#3444=ORIENTED_EDGE('',*,*,#2688,.T.);
#3445=ORIENTED_EDGE('',*,*,#2690,.F.);
#3446=ORIENTED_EDGE('',*,*,#2691,.F.);
#3447=ORIENTED_EDGE('',*,*,#2692,.F.);
#3448=ORIENTED_EDGE('',*,*,#2693,.F.);
#3449=ORIENTED_EDGE('',*,*,#2694,.F.);
#3450=ORIENTED_EDGE('',*,*,#2695,.F.);
#3451=ORIENTED_EDGE('',*,*,#2696,.F.);
#3452=ORIENTED_EDGE('',*,*,#2695,.T.);
#3453=ORIENTED_EDGE('',*,*,#2697,.F.);
#3454=ORIENTED_EDGE('',*,*,#2698,.F.);
#3455=ORIENTED_EDGE('',*,*,#2699,.T.);
#3456=ORIENTED_EDGE('',*,*,#2698,.T.);
#3457=ORIENTED_EDGE('',*,*,#2700,.F.);
#3458=ORIENTED_EDGE('',*,*,#2701,.F.);
#3459=ORIENTED_EDGE('',*,*,#2702,.F.);
#3460=ORIENTED_EDGE('',*,*,#2703,.F.);
#3461=ORIENTED_EDGE('',*,*,#2704,.F.);
#3462=ORIENTED_EDGE('',*,*,#2705,.F.);
#3463=ORIENTED_EDGE('',*,*,#2706,.F.);
#3464=ORIENTED_EDGE('',*,*,#2705,.T.);
#3465=ORIENTED_EDGE('',*,*,#2707,.F.);
#3466=ORIENTED_EDGE('',*,*,#2708,.F.);
#3467=ORIENTED_EDGE('',*,*,#2709,.T.);
#3468=ORIENTED_EDGE('',*,*,#2708,.T.);
#3469=ORIENTED_EDGE('',*,*,#2710,.F.);
#3470=ORIENTED_EDGE('',*,*,#2711,.F.);
#3471=ORIENTED_EDGE('',*,*,#2712,.F.);
#3472=ORIENTED_EDGE('',*,*,#2713,.F.);
#3473=ORIENTED_EDGE('',*,*,#2714,.F.);
#3474=ORIENTED_EDGE('',*,*,#2715,.F.);
#3475=ORIENTED_EDGE('',*,*,#2716,.F.);
#3476=ORIENTED_EDGE('',*,*,#2715,.T.);
#3477=ORIENTED_EDGE('',*,*,#2717,.F.);
#3478=ORIENTED_EDGE('',*,*,#2718,.F.);
#3479=ORIENTED_EDGE('',*,*,#2719,.T.);
#3480=ORIENTED_EDGE('',*,*,#2718,.T.);
#3481=ORIENTED_EDGE('',*,*,#2720,.F.);
#3482=ORIENTED_EDGE('',*,*,#2721,.F.);
#3483=ORIENTED_EDGE('',*,*,#2639,.T.);
#3484=ORIENTED_EDGE('',*,*,#2722,.T.);
#3485=ORIENTED_EDGE('',*,*,#2723,.T.);
#3486=ORIENTED_EDGE('',*,*,#2724,.F.);
#3487=ORIENTED_EDGE('',*,*,#2629,.T.);
#3488=ORIENTED_EDGE('',*,*,#2725,.T.);
#3489=ORIENTED_EDGE('',*,*,#2637,.T.);
#3490=ORIENTED_EDGE('',*,*,#2726,.F.);
#3491=ORIENTED_EDGE('',*,*,#2619,.T.);
#3492=ORIENTED_EDGE('',*,*,#2727,.T.);
#3493=ORIENTED_EDGE('',*,*,#2627,.T.);
#3494=ORIENTED_EDGE('',*,*,#2728,.F.);
#3495=ORIENTED_EDGE('',*,*,#2609,.T.);
#3496=ORIENTED_EDGE('',*,*,#2729,.T.);
#3497=ORIENTED_EDGE('',*,*,#2617,.T.);
#3498=ORIENTED_EDGE('',*,*,#2730,.F.);
#3499=ORIENTED_EDGE('',*,*,#2599,.T.);
#3500=ORIENTED_EDGE('',*,*,#2731,.T.);
#3501=ORIENTED_EDGE('',*,*,#2607,.T.);
#3502=ORIENTED_EDGE('',*,*,#2732,.F.);
#3503=ORIENTED_EDGE('',*,*,#2589,.T.);
#3504=ORIENTED_EDGE('',*,*,#2733,.T.);
#3505=ORIENTED_EDGE('',*,*,#2597,.T.);
#3506=ORIENTED_EDGE('',*,*,#2734,.F.);
#3507=ORIENTED_EDGE('',*,*,#2579,.T.);
#3508=ORIENTED_EDGE('',*,*,#2735,.T.);
#3509=ORIENTED_EDGE('',*,*,#2587,.T.);
#3510=ORIENTED_EDGE('',*,*,#2736,.F.);
#3511=ORIENTED_EDGE('',*,*,#2567,.T.);
#3512=ORIENTED_EDGE('',*,*,#2737,.F.);
#3513=ORIENTED_EDGE('',*,*,#2738,.F.);
#3514=ORIENTED_EDGE('',*,*,#2739,.T.);
#3515=ORIENTED_EDGE('',*,*,#2569,.T.);
#3516=ORIENTED_EDGE('',*,*,#2740,.T.);
#3517=ORIENTED_EDGE('',*,*,#2577,.T.);
#3518=ORIENTED_EDGE('',*,*,#2741,.F.);
#3519=ORIENTED_EDGE('',*,*,#2703,.T.);
#3520=ORIENTED_EDGE('',*,*,#2742,.T.);
#3521=ORIENTED_EDGE('',*,*,#2711,.T.);
#3522=ORIENTED_EDGE('',*,*,#2743,.T.);
#3523=ORIENTED_EDGE('',*,*,#2693,.T.);
#3524=ORIENTED_EDGE('',*,*,#2744,.T.);
#3525=ORIENTED_EDGE('',*,*,#2701,.T.);
#3526=ORIENTED_EDGE('',*,*,#2745,.T.);
#3527=ORIENTED_EDGE('',*,*,#2683,.T.);
#3528=ORIENTED_EDGE('',*,*,#2746,.T.);
#3529=ORIENTED_EDGE('',*,*,#2691,.T.);
#3530=ORIENTED_EDGE('',*,*,#2747,.T.);
#3531=ORIENTED_EDGE('',*,*,#2663,.T.);
#3532=ORIENTED_EDGE('',*,*,#2748,.T.);
#3533=ORIENTED_EDGE('',*,*,#2671,.T.);
#3534=ORIENTED_EDGE('',*,*,#2749,.T.);
#3535=ORIENTED_EDGE('',*,*,#2673,.T.);
#3536=ORIENTED_EDGE('',*,*,#2750,.T.);
#3537=ORIENTED_EDGE('',*,*,#2681,.T.);
#3538=ORIENTED_EDGE('',*,*,#2751,.T.);
#3539=ORIENTED_EDGE('',*,*,#2656,.T.);
#3540=ORIENTED_EDGE('',*,*,#2752,.T.);
#3541=ORIENTED_EDGE('',*,*,#2661,.T.);
#3542=ORIENTED_EDGE('',*,*,#2753,.T.);
#3543=ORIENTED_EDGE('',*,*,#2549,.T.);
#3544=ORIENTED_EDGE('',*,*,#2754,.T.);
#3545=ORIENTED_EDGE('',*,*,#2755,.F.);
#3546=ORIENTED_EDGE('',*,*,#2756,.T.);
#3547=ORIENTED_EDGE('',*,*,#2539,.T.);
#3548=ORIENTED_EDGE('',*,*,#2757,.T.);
#3549=ORIENTED_EDGE('',*,*,#2547,.T.);
#3550=ORIENTED_EDGE('',*,*,#2758,.T.);
#3551=ORIENTED_EDGE('',*,*,#2721,.T.);
#3552=ORIENTED_EDGE('',*,*,#2759,.T.);
#3553=ORIENTED_EDGE('',*,*,#2713,.T.);
#3554=ORIENTED_EDGE('',*,*,#2760,.T.);
#3555=ORIENTED_EDGE('',*,*,#2761,.F.);
#3556=ORIENTED_EDGE('',*,*,#2762,.F.);
#3557=ORIENTED_EDGE('',*,*,#2763,.F.);
#3558=ORIENTED_EDGE('',*,*,#2764,.F.);
#3559=ORIENTED_EDGE('',*,*,#2765,.F.);
#3560=ORIENTED_EDGE('',*,*,#2764,.T.);
#3561=ORIENTED_EDGE('',*,*,#2766,.F.);
#3562=ORIENTED_EDGE('',*,*,#2767,.F.);
#3563=ORIENTED_EDGE('',*,*,#2768,.T.);
#3564=ORIENTED_EDGE('',*,*,#2767,.T.);
#3565=ORIENTED_EDGE('',*,*,#2769,.F.);
#3566=ORIENTED_EDGE('',*,*,#2770,.F.);
#3567=ORIENTED_EDGE('',*,*,#2771,.F.);
#3568=ORIENTED_EDGE('',*,*,#2772,.F.);
#3569=ORIENTED_EDGE('',*,*,#2773,.F.);
#3570=ORIENTED_EDGE('',*,*,#2774,.F.);
#3571=ORIENTED_EDGE('',*,*,#2775,.T.);
#3572=ORIENTED_EDGE('',*,*,#2774,.T.);
#3573=ORIENTED_EDGE('',*,*,#2776,.F.);
#3574=ORIENTED_EDGE('',*,*,#2777,.F.);
#3575=ORIENTED_EDGE('',*,*,#2778,.T.);
#3576=ORIENTED_EDGE('',*,*,#2777,.T.);
#3577=ORIENTED_EDGE('',*,*,#2779,.F.);
#3578=ORIENTED_EDGE('',*,*,#2780,.F.);
#3579=ORIENTED_EDGE('',*,*,#2781,.F.);
#3580=ORIENTED_EDGE('',*,*,#2782,.F.);
#3581=ORIENTED_EDGE('',*,*,#2783,.F.);
#3582=ORIENTED_EDGE('',*,*,#2784,.F.);
#3583=ORIENTED_EDGE('',*,*,#2785,.T.);
#3584=ORIENTED_EDGE('',*,*,#2784,.T.);
#3585=ORIENTED_EDGE('',*,*,#2786,.F.);
#3586=ORIENTED_EDGE('',*,*,#2787,.F.);
#3587=ORIENTED_EDGE('',*,*,#2788,.T.);
#3588=ORIENTED_EDGE('',*,*,#2787,.T.);
#3589=ORIENTED_EDGE('',*,*,#2789,.F.);
#3590=ORIENTED_EDGE('',*,*,#2790,.F.);
#3591=ORIENTED_EDGE('',*,*,#2791,.F.);
#3592=ORIENTED_EDGE('',*,*,#2792,.F.);
#3593=ORIENTED_EDGE('',*,*,#2793,.F.);
#3594=ORIENTED_EDGE('',*,*,#2794,.F.);
#3595=ORIENTED_EDGE('',*,*,#2795,.T.);
#3596=ORIENTED_EDGE('',*,*,#2794,.T.);
#3597=ORIENTED_EDGE('',*,*,#2796,.F.);
#3598=ORIENTED_EDGE('',*,*,#2797,.F.);
#3599=ORIENTED_EDGE('',*,*,#2798,.T.);
#3600=ORIENTED_EDGE('',*,*,#2797,.T.);
#3601=ORIENTED_EDGE('',*,*,#2799,.F.);
#3602=ORIENTED_EDGE('',*,*,#2800,.F.);
#3603=ORIENTED_EDGE('',*,*,#2801,.F.);
#3604=ORIENTED_EDGE('',*,*,#2802,.F.);
#3605=ORIENTED_EDGE('',*,*,#2803,.F.);
#3606=ORIENTED_EDGE('',*,*,#2804,.F.);
#3607=ORIENTED_EDGE('',*,*,#2805,.T.);
#3608=ORIENTED_EDGE('',*,*,#2804,.T.);
#3609=ORIENTED_EDGE('',*,*,#2806,.F.);
#3610=ORIENTED_EDGE('',*,*,#2807,.F.);
#3611=ORIENTED_EDGE('',*,*,#2808,.T.);
#3612=ORIENTED_EDGE('',*,*,#2807,.T.);
#3613=ORIENTED_EDGE('',*,*,#2809,.F.);
#3614=ORIENTED_EDGE('',*,*,#2810,.F.);
#3615=ORIENTED_EDGE('',*,*,#2811,.F.);
#3616=ORIENTED_EDGE('',*,*,#2812,.F.);
#3617=ORIENTED_EDGE('',*,*,#2813,.F.);
#3618=ORIENTED_EDGE('',*,*,#2814,.F.);
#3619=ORIENTED_EDGE('',*,*,#2815,.T.);
#3620=ORIENTED_EDGE('',*,*,#2814,.T.);
#3621=ORIENTED_EDGE('',*,*,#2816,.F.);
#3622=ORIENTED_EDGE('',*,*,#2817,.F.);
#3623=ORIENTED_EDGE('',*,*,#2818,.T.);
#3624=ORIENTED_EDGE('',*,*,#2817,.T.);
#3625=ORIENTED_EDGE('',*,*,#2819,.F.);
#3626=ORIENTED_EDGE('',*,*,#2820,.F.);
#3627=ORIENTED_EDGE('',*,*,#2821,.F.);
#3628=ORIENTED_EDGE('',*,*,#2822,.F.);
#3629=ORIENTED_EDGE('',*,*,#2823,.F.);
#3630=ORIENTED_EDGE('',*,*,#2824,.F.);
#3631=ORIENTED_EDGE('',*,*,#2825,.T.);
#3632=ORIENTED_EDGE('',*,*,#2824,.T.);
#3633=ORIENTED_EDGE('',*,*,#2826,.F.);
#3634=ORIENTED_EDGE('',*,*,#2827,.F.);
#3635=ORIENTED_EDGE('',*,*,#2828,.T.);
#3636=ORIENTED_EDGE('',*,*,#2827,.T.);
#3637=ORIENTED_EDGE('',*,*,#2829,.F.);
#3638=ORIENTED_EDGE('',*,*,#2830,.F.);
#3639=ORIENTED_EDGE('',*,*,#2831,.F.);
#3640=ORIENTED_EDGE('',*,*,#2832,.F.);
#3641=ORIENTED_EDGE('',*,*,#2833,.F.);
#3642=ORIENTED_EDGE('',*,*,#2834,.F.);
#3643=ORIENTED_EDGE('',*,*,#2835,.T.);
#3644=ORIENTED_EDGE('',*,*,#2834,.T.);
#3645=ORIENTED_EDGE('',*,*,#2836,.F.);
#3646=ORIENTED_EDGE('',*,*,#2837,.F.);
#3647=ORIENTED_EDGE('',*,*,#2838,.T.);
#3648=ORIENTED_EDGE('',*,*,#2837,.T.);
#3649=ORIENTED_EDGE('',*,*,#2839,.F.);
#3650=ORIENTED_EDGE('',*,*,#2840,.F.);
#3651=ORIENTED_EDGE('',*,*,#2841,.F.);
#3652=ORIENTED_EDGE('',*,*,#2842,.F.);
#3653=ORIENTED_EDGE('',*,*,#2843,.F.);
#3654=ORIENTED_EDGE('',*,*,#2844,.F.);
#3655=ORIENTED_EDGE('',*,*,#2845,.T.);
#3656=ORIENTED_EDGE('',*,*,#2844,.T.);
#3657=ORIENTED_EDGE('',*,*,#2846,.F.);
#3658=ORIENTED_EDGE('',*,*,#2847,.F.);
#3659=ORIENTED_EDGE('',*,*,#2848,.T.);
#3660=ORIENTED_EDGE('',*,*,#2847,.T.);
#3661=ORIENTED_EDGE('',*,*,#2849,.F.);
#3662=ORIENTED_EDGE('',*,*,#2850,.F.);
#3663=ORIENTED_EDGE('',*,*,#2851,.F.);
#3664=ORIENTED_EDGE('',*,*,#2852,.F.);
#3665=ORIENTED_EDGE('',*,*,#2853,.F.);
#3666=ORIENTED_EDGE('',*,*,#2854,.F.);
#3667=ORIENTED_EDGE('',*,*,#2855,.T.);
#3668=ORIENTED_EDGE('',*,*,#2854,.T.);
#3669=ORIENTED_EDGE('',*,*,#2856,.F.);
#3670=ORIENTED_EDGE('',*,*,#2857,.F.);
#3671=ORIENTED_EDGE('',*,*,#2858,.F.);
#3672=ORIENTED_EDGE('',*,*,#2859,.T.);
#3673=ORIENTED_EDGE('',*,*,#2860,.F.);
#3674=ORIENTED_EDGE('',*,*,#2861,.F.);
#3675=ORIENTED_EDGE('',*,*,#2862,.T.);
#3676=ORIENTED_EDGE('',*,*,#2861,.T.);
#3677=ORIENTED_EDGE('',*,*,#2863,.F.);
#3678=ORIENTED_EDGE('',*,*,#2864,.F.);
#3679=ORIENTED_EDGE('',*,*,#2865,.T.);
#3680=ORIENTED_EDGE('',*,*,#2864,.T.);
#3681=ORIENTED_EDGE('',*,*,#2866,.F.);
#3682=ORIENTED_EDGE('',*,*,#2867,.F.);
#3683=ORIENTED_EDGE('',*,*,#2868,.F.);
#3684=ORIENTED_EDGE('',*,*,#2869,.F.);
#3685=ORIENTED_EDGE('',*,*,#2870,.F.);
#3686=ORIENTED_EDGE('',*,*,#2871,.F.);
#3687=ORIENTED_EDGE('',*,*,#2872,.T.);
#3688=ORIENTED_EDGE('',*,*,#2871,.T.);
#3689=ORIENTED_EDGE('',*,*,#2873,.F.);
#3690=ORIENTED_EDGE('',*,*,#2874,.F.);
#3691=ORIENTED_EDGE('',*,*,#2875,.F.);
#3692=ORIENTED_EDGE('',*,*,#2876,.F.);
#3693=ORIENTED_EDGE('',*,*,#2877,.F.);
#3694=ORIENTED_EDGE('',*,*,#2878,.F.);
#3695=ORIENTED_EDGE('',*,*,#2879,.F.);
#3696=ORIENTED_EDGE('',*,*,#2878,.T.);
#3697=ORIENTED_EDGE('',*,*,#2880,.F.);
#3698=ORIENTED_EDGE('',*,*,#2881,.F.);
#3699=ORIENTED_EDGE('',*,*,#2882,.T.);
#3700=ORIENTED_EDGE('',*,*,#2881,.T.);
#3701=ORIENTED_EDGE('',*,*,#2883,.F.);
#3702=ORIENTED_EDGE('',*,*,#2884,.F.);
#3703=ORIENTED_EDGE('',*,*,#2885,.F.);
#3704=ORIENTED_EDGE('',*,*,#2886,.F.);
#3705=ORIENTED_EDGE('',*,*,#2887,.F.);
#3706=ORIENTED_EDGE('',*,*,#2888,.F.);
#3707=ORIENTED_EDGE('',*,*,#2889,.F.);
#3708=ORIENTED_EDGE('',*,*,#2888,.T.);
#3709=ORIENTED_EDGE('',*,*,#2890,.F.);
#3710=ORIENTED_EDGE('',*,*,#2891,.F.);
#3711=ORIENTED_EDGE('',*,*,#2892,.T.);
#3712=ORIENTED_EDGE('',*,*,#2891,.T.);
#3713=ORIENTED_EDGE('',*,*,#2893,.F.);
#3714=ORIENTED_EDGE('',*,*,#2894,.F.);
#3715=ORIENTED_EDGE('',*,*,#2895,.F.);
#3716=ORIENTED_EDGE('',*,*,#2896,.F.);
#3717=ORIENTED_EDGE('',*,*,#2897,.F.);
#3718=ORIENTED_EDGE('',*,*,#2898,.F.);
#3719=ORIENTED_EDGE('',*,*,#2899,.F.);
#3720=ORIENTED_EDGE('',*,*,#2898,.T.);
#3721=ORIENTED_EDGE('',*,*,#2900,.F.);
#3722=ORIENTED_EDGE('',*,*,#2901,.F.);
#3723=ORIENTED_EDGE('',*,*,#2902,.T.);
#3724=ORIENTED_EDGE('',*,*,#2901,.T.);
#3725=ORIENTED_EDGE('',*,*,#2903,.F.);
#3726=ORIENTED_EDGE('',*,*,#2904,.F.);
#3727=ORIENTED_EDGE('',*,*,#2905,.F.);
#3728=ORIENTED_EDGE('',*,*,#2906,.F.);
#3729=ORIENTED_EDGE('',*,*,#2907,.F.);
#3730=ORIENTED_EDGE('',*,*,#2908,.F.);
#3731=ORIENTED_EDGE('',*,*,#2909,.F.);
#3732=ORIENTED_EDGE('',*,*,#2908,.T.);
#3733=ORIENTED_EDGE('',*,*,#2910,.F.);
#3734=ORIENTED_EDGE('',*,*,#2911,.F.);
#3735=ORIENTED_EDGE('',*,*,#2912,.T.);
#3736=ORIENTED_EDGE('',*,*,#2911,.T.);
#3737=ORIENTED_EDGE('',*,*,#2913,.F.);
#3738=ORIENTED_EDGE('',*,*,#2914,.F.);
#3739=ORIENTED_EDGE('',*,*,#2915,.F.);
#3740=ORIENTED_EDGE('',*,*,#2916,.F.);
#3741=ORIENTED_EDGE('',*,*,#2917,.F.);
#3742=ORIENTED_EDGE('',*,*,#2918,.F.);
#3743=ORIENTED_EDGE('',*,*,#2919,.F.);
#3744=ORIENTED_EDGE('',*,*,#2918,.T.);
#3745=ORIENTED_EDGE('',*,*,#2920,.F.);
#3746=ORIENTED_EDGE('',*,*,#2921,.F.);
#3747=ORIENTED_EDGE('',*,*,#2922,.T.);
#3748=ORIENTED_EDGE('',*,*,#2921,.T.);
#3749=ORIENTED_EDGE('',*,*,#2923,.F.);
#3750=ORIENTED_EDGE('',*,*,#2924,.F.);
#3751=ORIENTED_EDGE('',*,*,#2925,.F.);
#3752=ORIENTED_EDGE('',*,*,#2926,.F.);
#3753=ORIENTED_EDGE('',*,*,#2927,.F.);
#3754=ORIENTED_EDGE('',*,*,#2928,.F.);
#3755=ORIENTED_EDGE('',*,*,#2929,.F.);
#3756=ORIENTED_EDGE('',*,*,#2928,.T.);
#3757=ORIENTED_EDGE('',*,*,#2930,.F.);
#3758=ORIENTED_EDGE('',*,*,#2931,.F.);
#3759=ORIENTED_EDGE('',*,*,#2932,.T.);
#3760=ORIENTED_EDGE('',*,*,#2931,.T.);
#3761=ORIENTED_EDGE('',*,*,#2933,.F.);
#3762=ORIENTED_EDGE('',*,*,#2934,.F.);
#3763=ORIENTED_EDGE('',*,*,#2935,.F.);
#3764=ORIENTED_EDGE('',*,*,#2936,.F.);
#3765=ORIENTED_EDGE('',*,*,#2937,.F.);
#3766=ORIENTED_EDGE('',*,*,#2938,.F.);
#3767=ORIENTED_EDGE('',*,*,#2939,.F.);
#3768=ORIENTED_EDGE('',*,*,#2938,.T.);
#3769=ORIENTED_EDGE('',*,*,#2940,.F.);
#3770=ORIENTED_EDGE('',*,*,#2941,.F.);
#3771=ORIENTED_EDGE('',*,*,#2942,.T.);
#3772=ORIENTED_EDGE('',*,*,#2941,.T.);
#3773=ORIENTED_EDGE('',*,*,#2943,.F.);
#3774=ORIENTED_EDGE('',*,*,#2944,.F.);
#3775=ORIENTED_EDGE('',*,*,#2852,.T.);
#3776=ORIENTED_EDGE('',*,*,#2945,.T.);
#3777=ORIENTED_EDGE('',*,*,#2857,.T.);
#3778=ORIENTED_EDGE('',*,*,#2946,.T.);
#3779=ORIENTED_EDGE('',*,*,#2842,.T.);
#3780=ORIENTED_EDGE('',*,*,#2947,.T.);
#3781=ORIENTED_EDGE('',*,*,#2850,.T.);
#3782=ORIENTED_EDGE('',*,*,#2948,.T.);
#3783=ORIENTED_EDGE('',*,*,#2832,.T.);
#3784=ORIENTED_EDGE('',*,*,#2949,.T.);
#3785=ORIENTED_EDGE('',*,*,#2840,.T.);
#3786=ORIENTED_EDGE('',*,*,#2950,.T.);
#3787=ORIENTED_EDGE('',*,*,#2822,.T.);
#3788=ORIENTED_EDGE('',*,*,#2951,.T.);
#3789=ORIENTED_EDGE('',*,*,#2830,.T.);
#3790=ORIENTED_EDGE('',*,*,#2952,.T.);
#3791=ORIENTED_EDGE('',*,*,#2812,.T.);
#3792=ORIENTED_EDGE('',*,*,#2953,.T.);
#3793=ORIENTED_EDGE('',*,*,#2820,.T.);
#3794=ORIENTED_EDGE('',*,*,#2954,.T.);
#3795=ORIENTED_EDGE('',*,*,#2802,.T.);
#3796=ORIENTED_EDGE('',*,*,#2955,.T.);
#3797=ORIENTED_EDGE('',*,*,#2810,.T.);
#3798=ORIENTED_EDGE('',*,*,#2956,.T.);
#3799=ORIENTED_EDGE('',*,*,#2792,.T.);
#3800=ORIENTED_EDGE('',*,*,#2957,.T.);
#3801=ORIENTED_EDGE('',*,*,#2800,.T.);
#3802=ORIENTED_EDGE('',*,*,#2958,.T.);
#3803=ORIENTED_EDGE('',*,*,#2780,.T.);
#3804=ORIENTED_EDGE('',*,*,#2959,.T.);
#3805=ORIENTED_EDGE('',*,*,#2960,.F.);
#3806=ORIENTED_EDGE('',*,*,#2961,.T.);
#3807=ORIENTED_EDGE('',*,*,#2782,.T.);
#3808=ORIENTED_EDGE('',*,*,#2962,.T.);
#3809=ORIENTED_EDGE('',*,*,#2790,.T.);
#3810=ORIENTED_EDGE('',*,*,#2963,.T.);
#3811=ORIENTED_EDGE('',*,*,#2926,.T.);
#3812=ORIENTED_EDGE('',*,*,#2964,.F.);
#3813=ORIENTED_EDGE('',*,*,#2934,.T.);
#3814=ORIENTED_EDGE('',*,*,#2965,.F.);
#3815=ORIENTED_EDGE('',*,*,#2916,.T.);
#3816=ORIENTED_EDGE('',*,*,#2966,.F.);
#3817=ORIENTED_EDGE('',*,*,#2924,.T.);
#3818=ORIENTED_EDGE('',*,*,#2967,.F.);
#3819=ORIENTED_EDGE('',*,*,#2906,.T.);
#3820=ORIENTED_EDGE('',*,*,#2968,.F.);
#3821=ORIENTED_EDGE('',*,*,#2914,.T.);
#3822=ORIENTED_EDGE('',*,*,#2969,.F.);
#3823=ORIENTED_EDGE('',*,*,#2896,.T.);
#3824=ORIENTED_EDGE('',*,*,#2970,.F.);
#3825=ORIENTED_EDGE('',*,*,#2904,.T.);
#3826=ORIENTED_EDGE('',*,*,#2971,.F.);
#3827=ORIENTED_EDGE('',*,*,#2886,.T.);
#3828=ORIENTED_EDGE('',*,*,#2972,.F.);
#3829=ORIENTED_EDGE('',*,*,#2894,.T.);
#3830=ORIENTED_EDGE('',*,*,#2973,.F.);
#3831=ORIENTED_EDGE('',*,*,#2874,.T.);
#3832=ORIENTED_EDGE('',*,*,#2974,.F.);
#3833=ORIENTED_EDGE('',*,*,#2975,.T.);
#3834=ORIENTED_EDGE('',*,*,#2976,.F.);
#3835=ORIENTED_EDGE('',*,*,#2876,.T.);
#3836=ORIENTED_EDGE('',*,*,#2977,.F.);
#3837=ORIENTED_EDGE('',*,*,#2884,.T.);
#3838=ORIENTED_EDGE('',*,*,#2978,.F.);
#3839=ORIENTED_EDGE('',*,*,#2762,.T.);
#3840=ORIENTED_EDGE('',*,*,#2979,.F.);
#3841=ORIENTED_EDGE('',*,*,#2980,.F.);
#3842=ORIENTED_EDGE('',*,*,#2981,.F.);
#3843=ORIENTED_EDGE('',*,*,#2944,.T.);
#3844=ORIENTED_EDGE('',*,*,#2982,.F.);
#3845=ORIENTED_EDGE('',*,*,#2936,.T.);
#3846=ORIENTED_EDGE('',*,*,#2983,.F.);
#3847=ORIENTED_EDGE('',*,*,#2645,.T.);
#3848=ORIENTED_EDGE('',*,*,#2649,.F.);
#3849=ORIENTED_EDGE('',*,*,#2652,.F.);
#3850=ORIENTED_EDGE('',*,*,#2984,.T.);
#3851=ORIENTED_EDGE('',*,*,#2985,.F.);
#3852=ORIENTED_EDGE('',*,*,#2986,.F.);
#3853=ORIENTED_EDGE('',*,*,#2987,.T.);
#3854=ORIENTED_EDGE('',*,*,#2988,.T.);
#3855=ORIENTED_EDGE('',*,*,#2989,.T.);
#3856=ORIENTED_EDGE('',*,*,#2990,.T.);
#3857=ORIENTED_EDGE('',*,*,#2991,.T.);
#3858=ORIENTED_EDGE('',*,*,#2992,.T.);
#3859=ORIENTED_EDGE('',*,*,#2858,.T.);
#3860=ORIENTED_EDGE('',*,*,#2862,.F.);
#3861=ORIENTED_EDGE('',*,*,#2865,.F.);
#3862=ORIENTED_EDGE('',*,*,#2993,.F.);
#3863=ORIENTED_EDGE('',*,*,#2994,.F.);
#3864=ORIENTED_EDGE('',*,*,#2995,.T.);
#3865=ORIENTED_EDGE('',*,*,#2996,.F.);
#3866=ORIENTED_EDGE('',*,*,#2997,.T.);
#3867=ORIENTED_EDGE('',*,*,#2998,.T.);
#3868=ORIENTED_EDGE('',*,*,#2999,.F.);
#3869=ORIENTED_EDGE('',*,*,#3000,.F.);
#3870=ORIENTED_EDGE('',*,*,#3001,.F.);
#3871=ORIENTED_EDGE('',*,*,#3002,.T.);
#3872=ORIENTED_EDGE('',*,*,#3003,.T.);
#3873=ORIENTED_EDGE('',*,*,#3004,.T.);
#3874=ORIENTED_EDGE('',*,*,#3005,.T.);
#3875=ORIENTED_EDGE('',*,*,#3006,.T.);
#3876=ORIENTED_EDGE('',*,*,#3007,.F.);
#3877=ORIENTED_EDGE('',*,*,#3008,.T.);
#3878=ORIENTED_EDGE('',*,*,#3009,.T.);
#3879=ORIENTED_EDGE('',*,*,#3010,.F.);
#3880=ORIENTED_EDGE('',*,*,#3011,.F.);
#3881=ORIENTED_EDGE('',*,*,#2760,.F.);
#3882=ORIENTED_EDGE('',*,*,#2712,.T.);
#3883=ORIENTED_EDGE('',*,*,#2716,.T.);
#3884=ORIENTED_EDGE('',*,*,#2719,.F.);
#3885=ORIENTED_EDGE('',*,*,#2538,.T.);
#3886=ORIENTED_EDGE('',*,*,#2542,.T.);
#3887=ORIENTED_EDGE('',*,*,#2545,.F.);
#3888=ORIENTED_EDGE('',*,*,#2757,.F.);
#3889=ORIENTED_EDGE('',*,*,#2548,.T.);
#3890=ORIENTED_EDGE('',*,*,#2552,.T.);
#3891=ORIENTED_EDGE('',*,*,#2555,.F.);
#3892=ORIENTED_EDGE('',*,*,#3012,.F.);
#3893=ORIENTED_EDGE('',*,*,#2754,.F.);
#3894=ORIENTED_EDGE('',*,*,#2558,.T.);
#3895=ORIENTED_EDGE('',*,*,#2562,.F.);
#3896=ORIENTED_EDGE('',*,*,#2565,.F.);
#3897=ORIENTED_EDGE('',*,*,#2739,.F.);
#3898=ORIENTED_EDGE('',*,*,#3013,.F.);
#3899=ORIENTED_EDGE('',*,*,#2568,.T.);
#3900=ORIENTED_EDGE('',*,*,#2572,.F.);
#3901=ORIENTED_EDGE('',*,*,#2575,.F.);
#3902=ORIENTED_EDGE('',*,*,#2740,.F.);
#3903=ORIENTED_EDGE('',*,*,#2578,.T.);
#3904=ORIENTED_EDGE('',*,*,#2582,.F.);
#3905=ORIENTED_EDGE('',*,*,#2585,.F.);
#3906=ORIENTED_EDGE('',*,*,#2735,.F.);
#3907=ORIENTED_EDGE('',*,*,#2588,.T.);
#3908=ORIENTED_EDGE('',*,*,#2592,.F.);
#3909=ORIENTED_EDGE('',*,*,#2595,.F.);
#3910=ORIENTED_EDGE('',*,*,#2733,.F.);
#3911=ORIENTED_EDGE('',*,*,#2598,.T.);
#3912=ORIENTED_EDGE('',*,*,#2602,.F.);
#3913=ORIENTED_EDGE('',*,*,#2605,.F.);
#3914=ORIENTED_EDGE('',*,*,#2731,.F.);
#3915=ORIENTED_EDGE('',*,*,#2608,.T.);
#3916=ORIENTED_EDGE('',*,*,#2612,.F.);
#3917=ORIENTED_EDGE('',*,*,#2615,.F.);
#3918=ORIENTED_EDGE('',*,*,#2729,.F.);
#3919=ORIENTED_EDGE('',*,*,#2618,.T.);
#3920=ORIENTED_EDGE('',*,*,#2622,.F.);
#3921=ORIENTED_EDGE('',*,*,#2625,.F.);
#3922=ORIENTED_EDGE('',*,*,#2727,.F.);
#3923=ORIENTED_EDGE('',*,*,#2628,.T.);
#3924=ORIENTED_EDGE('',*,*,#2632,.F.);
#3925=ORIENTED_EDGE('',*,*,#2635,.F.);
#3926=ORIENTED_EDGE('',*,*,#2725,.F.);
#3927=ORIENTED_EDGE('',*,*,#2638,.T.);
#3928=ORIENTED_EDGE('',*,*,#2642,.F.);
#3929=ORIENTED_EDGE('',*,*,#3014,.F.);
#3930=ORIENTED_EDGE('',*,*,#2722,.F.);
#3931=ORIENTED_EDGE('',*,*,#2655,.T.);
#3932=ORIENTED_EDGE('',*,*,#2659,.F.);
#3933=ORIENTED_EDGE('',*,*,#2752,.F.);
#3934=ORIENTED_EDGE('',*,*,#2662,.T.);
#3935=ORIENTED_EDGE('',*,*,#2666,.T.);
#3936=ORIENTED_EDGE('',*,*,#2669,.F.);
#3937=ORIENTED_EDGE('',*,*,#2748,.F.);
#3938=ORIENTED_EDGE('',*,*,#2672,.T.);
#3939=ORIENTED_EDGE('',*,*,#2676,.T.);
#3940=ORIENTED_EDGE('',*,*,#2679,.F.);
#3941=ORIENTED_EDGE('',*,*,#2750,.F.);
#3942=ORIENTED_EDGE('',*,*,#2682,.T.);
#3943=ORIENTED_EDGE('',*,*,#2686,.T.);
#3944=ORIENTED_EDGE('',*,*,#2689,.F.);
#3945=ORIENTED_EDGE('',*,*,#2746,.F.);
#3946=ORIENTED_EDGE('',*,*,#2692,.T.);
#3947=ORIENTED_EDGE('',*,*,#2696,.T.);
#3948=ORIENTED_EDGE('',*,*,#2699,.F.);
#3949=ORIENTED_EDGE('',*,*,#2744,.F.);
#3950=ORIENTED_EDGE('',*,*,#2983,.T.);
#3951=ORIENTED_EDGE('',*,*,#2935,.T.);
#3952=ORIENTED_EDGE('',*,*,#2939,.T.);
#3953=ORIENTED_EDGE('',*,*,#2942,.F.);
#3954=ORIENTED_EDGE('',*,*,#2761,.T.);
#3955=ORIENTED_EDGE('',*,*,#2765,.T.);
#3956=ORIENTED_EDGE('',*,*,#2768,.F.);
#3957=ORIENTED_EDGE('',*,*,#3015,.F.);
#3958=ORIENTED_EDGE('',*,*,#2979,.T.);
#3959=ORIENTED_EDGE('',*,*,#2771,.T.);
#3960=ORIENTED_EDGE('',*,*,#2775,.F.);
#3961=ORIENTED_EDGE('',*,*,#2778,.F.);
#3962=ORIENTED_EDGE('',*,*,#2961,.F.);
#3963=ORIENTED_EDGE('',*,*,#3016,.F.);
#3964=ORIENTED_EDGE('',*,*,#2781,.T.);
#3965=ORIENTED_EDGE('',*,*,#2785,.F.);
#3966=ORIENTED_EDGE('',*,*,#2788,.F.);
#3967=ORIENTED_EDGE('',*,*,#2962,.F.);
#3968=ORIENTED_EDGE('',*,*,#2791,.T.);
#3969=ORIENTED_EDGE('',*,*,#2795,.F.);
#3970=ORIENTED_EDGE('',*,*,#2798,.F.);
#3971=ORIENTED_EDGE('',*,*,#2957,.F.);
#3972=ORIENTED_EDGE('',*,*,#2801,.T.);
#3973=ORIENTED_EDGE('',*,*,#2805,.F.);
#3974=ORIENTED_EDGE('',*,*,#2808,.F.);
#3975=ORIENTED_EDGE('',*,*,#2955,.F.);
#3976=ORIENTED_EDGE('',*,*,#2811,.T.);
#3977=ORIENTED_EDGE('',*,*,#2815,.F.);
#3978=ORIENTED_EDGE('',*,*,#2818,.F.);
#3979=ORIENTED_EDGE('',*,*,#2953,.F.);
#3980=ORIENTED_EDGE('',*,*,#2821,.T.);
#3981=ORIENTED_EDGE('',*,*,#2825,.F.);
#3982=ORIENTED_EDGE('',*,*,#2828,.F.);
#3983=ORIENTED_EDGE('',*,*,#2951,.F.);
#3984=ORIENTED_EDGE('',*,*,#2831,.T.);
#3985=ORIENTED_EDGE('',*,*,#2835,.F.);
#3986=ORIENTED_EDGE('',*,*,#2838,.F.);
#3987=ORIENTED_EDGE('',*,*,#2949,.F.);
#3988=ORIENTED_EDGE('',*,*,#2841,.T.);
#3989=ORIENTED_EDGE('',*,*,#2845,.F.);
#3990=ORIENTED_EDGE('',*,*,#2848,.F.);
#3991=ORIENTED_EDGE('',*,*,#2947,.F.);
#3992=ORIENTED_EDGE('',*,*,#2851,.T.);
#3993=ORIENTED_EDGE('',*,*,#2855,.F.);
#3994=ORIENTED_EDGE('',*,*,#2945,.F.);
#3995=ORIENTED_EDGE('',*,*,#2702,.T.);
#3996=ORIENTED_EDGE('',*,*,#2706,.T.);
#3997=ORIENTED_EDGE('',*,*,#2709,.F.);
#3998=ORIENTED_EDGE('',*,*,#2742,.F.);
#3999=ORIENTED_EDGE('',*,*,#2868,.T.);
#4000=ORIENTED_EDGE('',*,*,#2872,.F.);
#4001=ORIENTED_EDGE('',*,*,#2976,.T.);
#4002=ORIENTED_EDGE('',*,*,#3017,.F.);
#4003=ORIENTED_EDGE('',*,*,#2875,.T.);
#4004=ORIENTED_EDGE('',*,*,#2879,.T.);
#4005=ORIENTED_EDGE('',*,*,#2882,.F.);
#4006=ORIENTED_EDGE('',*,*,#2977,.T.);
#4007=ORIENTED_EDGE('',*,*,#2885,.T.);
#4008=ORIENTED_EDGE('',*,*,#2889,.T.);
#4009=ORIENTED_EDGE('',*,*,#2892,.F.);
#4010=ORIENTED_EDGE('',*,*,#2972,.T.);
#4011=ORIENTED_EDGE('',*,*,#2895,.T.);
#4012=ORIENTED_EDGE('',*,*,#2899,.T.);
#4013=ORIENTED_EDGE('',*,*,#2902,.F.);
#4014=ORIENTED_EDGE('',*,*,#2970,.T.);
#4015=ORIENTED_EDGE('',*,*,#2905,.T.);
#4016=ORIENTED_EDGE('',*,*,#2909,.T.);
#4017=ORIENTED_EDGE('',*,*,#2912,.F.);
#4018=ORIENTED_EDGE('',*,*,#2968,.T.);
#4019=ORIENTED_EDGE('',*,*,#2915,.T.);
#4020=ORIENTED_EDGE('',*,*,#2919,.T.);
#4021=ORIENTED_EDGE('',*,*,#2922,.F.);
#4022=ORIENTED_EDGE('',*,*,#2966,.T.);
#4023=ORIENTED_EDGE('',*,*,#2925,.T.);
#4024=ORIENTED_EDGE('',*,*,#2929,.T.);
#4025=ORIENTED_EDGE('',*,*,#2932,.F.);
#4026=ORIENTED_EDGE('',*,*,#2964,.T.);
#4027=ORIENTED_EDGE('',*,*,#3018,.F.);
#4028=ORIENTED_EDGE('',*,*,#3019,.F.);
#4029=ORIENTED_EDGE('',*,*,#3020,.F.);
#4030=ORIENTED_EDGE('',*,*,#3021,.F.);
#4031=ORIENTED_EDGE('',*,*,#3022,.F.);
#4032=ORIENTED_EDGE('',*,*,#3023,.F.);
#4033=ORIENTED_EDGE('',*,*,#3024,.F.);
#4034=ORIENTED_EDGE('',*,*,#3025,.F.);
#4035=ORIENTED_EDGE('',*,*,#3026,.F.);
#4036=ORIENTED_EDGE('',*,*,#3027,.F.);
#4037=ORIENTED_EDGE('',*,*,#3028,.F.);
#4038=ORIENTED_EDGE('',*,*,#3029,.F.);
#4039=ORIENTED_EDGE('',*,*,#3030,.F.);
#4040=ORIENTED_EDGE('',*,*,#3031,.F.);
#4041=ORIENTED_EDGE('',*,*,#3032,.F.);
#4042=ORIENTED_EDGE('',*,*,#3033,.F.);
#4043=ORIENTED_EDGE('',*,*,#3034,.F.);
#4044=ORIENTED_EDGE('',*,*,#3035,.F.);
#4045=ORIENTED_EDGE('',*,*,#3036,.F.);
#4046=ORIENTED_EDGE('',*,*,#3037,.F.);
#4047=ORIENTED_EDGE('',*,*,#3038,.F.);
#4048=ORIENTED_EDGE('',*,*,#3039,.F.);
#4049=ORIENTED_EDGE('',*,*,#3040,.T.);
#4050=ORIENTED_EDGE('',*,*,#3041,.T.);
#4051=ORIENTED_EDGE('',*,*,#3042,.T.);
#4052=ORIENTED_EDGE('',*,*,#3043,.T.);
#4053=ORIENTED_EDGE('',*,*,#3044,.T.);
#4054=ORIENTED_EDGE('',*,*,#3045,.T.);
#4055=ORIENTED_EDGE('',*,*,#2755,.T.);
#4056=ORIENTED_EDGE('',*,*,#3012,.T.);
#4057=ORIENTED_EDGE('',*,*,#2557,.T.);
#4058=ORIENTED_EDGE('',*,*,#3046,.T.);
#4059=ORIENTED_EDGE('',*,*,#2559,.T.);
#4060=ORIENTED_EDGE('',*,*,#3013,.T.);
#4061=ORIENTED_EDGE('',*,*,#2738,.T.);
#4062=ORIENTED_EDGE('',*,*,#3047,.T.);
#4063=ORIENTED_EDGE('',*,*,#3048,.T.);
#4064=ORIENTED_EDGE('',*,*,#3049,.T.);
#4065=ORIENTED_EDGE('',*,*,#3050,.T.);
#4066=ORIENTED_EDGE('',*,*,#3051,.T.);
#4067=ORIENTED_EDGE('',*,*,#3052,.T.);
#4068=ORIENTED_EDGE('',*,*,#3053,.T.);
#4069=ORIENTED_EDGE('',*,*,#3054,.T.);
#4070=ORIENTED_EDGE('',*,*,#3055,.T.);
#4071=ORIENTED_EDGE('',*,*,#2980,.T.);
#4072=ORIENTED_EDGE('',*,*,#3015,.T.);
#4073=ORIENTED_EDGE('',*,*,#2770,.T.);
#4074=ORIENTED_EDGE('',*,*,#3056,.T.);
#4075=ORIENTED_EDGE('',*,*,#2772,.T.);
#4076=ORIENTED_EDGE('',*,*,#3016,.T.);
#4077=ORIENTED_EDGE('',*,*,#2960,.T.);
#4078=ORIENTED_EDGE('',*,*,#3057,.T.);
#4079=ORIENTED_EDGE('',*,*,#3058,.T.);
#4080=ORIENTED_EDGE('',*,*,#3059,.T.);
#4081=ORIENTED_EDGE('',*,*,#3060,.T.);
#4082=ORIENTED_EDGE('',*,*,#3061,.T.);
#4083=ORIENTED_EDGE('',*,*,#3040,.F.);
#4084=ORIENTED_EDGE('',*,*,#3062,.T.);
#4085=ORIENTED_EDGE('',*,*,#3063,.F.);
#4086=ORIENTED_EDGE('',*,*,#3064,.F.);
#4087=ORIENTED_EDGE('',*,*,#3065,.F.);
#4088=ORIENTED_EDGE('',*,*,#3066,.T.);
#4089=ORIENTED_EDGE('',*,*,#3067,.F.);
#4090=ORIENTED_EDGE('',*,*,#3068,.F.);
#4091=ORIENTED_EDGE('',*,*,#3069,.F.);
#4092=ORIENTED_EDGE('',*,*,#3064,.T.);
#4093=ORIENTED_EDGE('',*,*,#3070,.F.);
#4094=ORIENTED_EDGE('',*,*,#3071,.F.);
#4095=ORIENTED_EDGE('',*,*,#3072,.F.);
#4096=ORIENTED_EDGE('',*,*,#3071,.T.);
#4097=ORIENTED_EDGE('',*,*,#3073,.F.);
#4098=ORIENTED_EDGE('',*,*,#3068,.T.);
#4099=ORIENTED_EDGE('',*,*,#3074,.F.);
#4100=ORIENTED_EDGE('',*,*,#3075,.T.);
#4101=ORIENTED_EDGE('',*,*,#3076,.F.);
#4102=ORIENTED_EDGE('',*,*,#3066,.F.);
#4103=ORIENTED_EDGE('',*,*,#3077,.F.);
#4104=ORIENTED_EDGE('',*,*,#3077,.T.);
#4105=ORIENTED_EDGE('',*,*,#3069,.T.);
#4106=ORIENTED_EDGE('',*,*,#3073,.T.);
#4107=ORIENTED_EDGE('',*,*,#3070,.T.);
#4108=ORIENTED_EDGE('',*,*,#3063,.T.);
#4109=ORIENTED_EDGE('',*,*,#3078,.T.);
#4110=ORIENTED_EDGE('',*,*,#3079,.F.);
#4111=ORIENTED_EDGE('',*,*,#3080,.F.);
#4112=ORIENTED_EDGE('',*,*,#3007,.T.);
#4113=ORIENTED_EDGE('',*,*,#3081,.T.);
#4114=ORIENTED_EDGE('',*,*,#3082,.F.);
#4115=ORIENTED_EDGE('',*,*,#3083,.F.);
#4116=ORIENTED_EDGE('',*,*,#2999,.T.);
#4117=ORIENTED_EDGE('',*,*,#3084,.F.);
#4118=ORIENTED_EDGE('',*,*,#3085,.F.);
#4119=ORIENTED_EDGE('',*,*,#3086,.T.);
#4120=ORIENTED_EDGE('',*,*,#3087,.T.);
#4121=ORIENTED_EDGE('',*,*,#3053,.F.);
#4122=ORIENTED_EDGE('',*,*,#3088,.F.);
#4123=ORIENTED_EDGE('',*,*,#3089,.F.);
#4124=ORIENTED_EDGE('',*,*,#3090,.T.);
#4125=ORIENTED_EDGE('',*,*,#3091,.F.);
#4126=ORIENTED_EDGE('',*,*,#3092,.F.);
#4127=ORIENTED_EDGE('',*,*,#3049,.F.);
#4128=ORIENTED_EDGE('',*,*,#3092,.T.);
#4129=ORIENTED_EDGE('',*,*,#3093,.F.);
#4130=ORIENTED_EDGE('',*,*,#3094,.F.);
#4131=ORIENTED_EDGE('',*,*,#3050,.F.);
#4132=ORIENTED_EDGE('',*,*,#3088,.T.);
#4133=ORIENTED_EDGE('',*,*,#3052,.F.);
#4134=ORIENTED_EDGE('',*,*,#3095,.F.);
#4135=ORIENTED_EDGE('',*,*,#3096,.F.);
#4136=ORIENTED_EDGE('',*,*,#3097,.F.);
#4137=ORIENTED_EDGE('',*,*,#3095,.T.);
#4138=ORIENTED_EDGE('',*,*,#3051,.F.);
#4139=ORIENTED_EDGE('',*,*,#3094,.T.);
#4140=ORIENTED_EDGE('',*,*,#3098,.F.);
#4141=ORIENTED_EDGE('',*,*,#3099,.F.);
#4142=ORIENTED_EDGE('',*,*,#3100,.F.);
#4143=ORIENTED_EDGE('',*,*,#3101,.T.);
#4144=ORIENTED_EDGE('',*,*,#3102,.T.);
#4145=ORIENTED_EDGE('',*,*,#3099,.T.);
#4146=ORIENTED_EDGE('',*,*,#3103,.T.);
#4147=ORIENTED_EDGE('',*,*,#3104,.T.);
#4148=ORIENTED_EDGE('',*,*,#3098,.T.);
#4149=ORIENTED_EDGE('',*,*,#3105,.T.);
#4150=ORIENTED_EDGE('',*,*,#3106,.T.);
#4151=ORIENTED_EDGE('',*,*,#3107,.T.);
#4152=ORIENTED_EDGE('',*,*,#3108,.T.);
#4153=ORIENTED_EDGE('',*,*,#3109,.T.);
#4154=ORIENTED_EDGE('',*,*,#3106,.F.);
#4155=ORIENTED_EDGE('',*,*,#3110,.F.);
#4156=ORIENTED_EDGE('',*,*,#3111,.F.);
#4157=ORIENTED_EDGE('',*,*,#3112,.F.);
#4158=ORIENTED_EDGE('',*,*,#2994,.T.);
#4159=ORIENTED_EDGE('',*,*,#3113,.T.);
#4160=ORIENTED_EDGE('',*,*,#3111,.T.);
#4161=ORIENTED_EDGE('',*,*,#3114,.T.);
#4162=ORIENTED_EDGE('',*,*,#3115,.F.);
#4163=ORIENTED_EDGE('',*,*,#3116,.F.);
#4164=ORIENTED_EDGE('',*,*,#3117,.F.);
#4165=ORIENTED_EDGE('',*,*,#3118,.T.);
#4166=ORIENTED_EDGE('',*,*,#3119,.T.);
#4167=ORIENTED_EDGE('',*,*,#3116,.T.);
#4168=ORIENTED_EDGE('',*,*,#3120,.T.);
#4169=ORIENTED_EDGE('',*,*,#3121,.T.);
#4170=ORIENTED_EDGE('',*,*,#3117,.T.);
#4171=ORIENTED_EDGE('',*,*,#3122,.T.);
#4172=ORIENTED_EDGE('',*,*,#3108,.F.);
#4173=ORIENTED_EDGE('',*,*,#3123,.F.);
#4174=ORIENTED_EDGE('',*,*,#3124,.F.);
#4175=ORIENTED_EDGE('',*,*,#3125,.F.);
#4176=ORIENTED_EDGE('',*,*,#3126,.F.);
#4177=ORIENTED_EDGE('',*,*,#3127,.F.);
#4178=ORIENTED_EDGE('',*,*,#3128,.F.);
#4179=ORIENTED_EDGE('',*,*,#2996,.T.);
#4180=ORIENTED_EDGE('',*,*,#3129,.T.);
#4181=ORIENTED_EDGE('',*,*,#3127,.T.);
#4182=ORIENTED_EDGE('',*,*,#3130,.T.);
#4183=ORIENTED_EDGE('',*,*,#3115,.T.);
#4184=ORIENTED_EDGE('',*,*,#3131,.T.);
#4185=ORIENTED_EDGE('',*,*,#3128,.T.);
#4186=ORIENTED_EDGE('',*,*,#3132,.T.);
#4187=ORIENTED_EDGE('',*,*,#3133,.F.);
#4188=ORIENTED_EDGE('',*,*,#3134,.F.);
#4189=ORIENTED_EDGE('',*,*,#3135,.F.);
#4190=ORIENTED_EDGE('',*,*,#3010,.T.);
#4191=ORIENTED_EDGE('',*,*,#3136,.T.);
#4192=ORIENTED_EDGE('',*,*,#3137,.T.);
#4193=ORIENTED_EDGE('',*,*,#3138,.T.);
#4194=ORIENTED_EDGE('',*,*,#3139,.T.);
#4195=ORIENTED_EDGE('',*,*,#3134,.T.);
#4196=ORIENTED_EDGE('',*,*,#3140,.T.);
#4197=ORIENTED_EDGE('',*,*,#3136,.F.);
#4198=ORIENTED_EDGE('',*,*,#3126,.T.);
#4199=ORIENTED_EDGE('',*,*,#3141,.T.);
#4200=ORIENTED_EDGE('',*,*,#3135,.T.);
#4201=ORIENTED_EDGE('',*,*,#3142,.T.);
#4202=ORIENTED_EDGE('',*,*,#3133,.T.);
#4203=ORIENTED_EDGE('',*,*,#3143,.T.);
#4204=ORIENTED_EDGE('',*,*,#3125,.T.);
#4205=ORIENTED_EDGE('',*,*,#3144,.T.);
#4206=ORIENTED_EDGE('',*,*,#3145,.T.);
#4207=ORIENTED_EDGE('',*,*,#3124,.T.);
#4208=ORIENTED_EDGE('',*,*,#3146,.T.);
#4209=ORIENTED_EDGE('',*,*,#3138,.F.);
#4210=ORIENTED_EDGE('',*,*,#3123,.T.);
#4211=ORIENTED_EDGE('',*,*,#3147,.T.);
#4212=ORIENTED_EDGE('',*,*,#3112,.T.);
#4213=ORIENTED_EDGE('',*,*,#3148,.T.);
#4214=ORIENTED_EDGE('',*,*,#3110,.T.);
#4215=ORIENTED_EDGE('',*,*,#3149,.T.);
#4216=ORIENTED_EDGE('',*,*,#3100,.T.);
#4217=ORIENTED_EDGE('',*,*,#3150,.T.);
#4218=ORIENTED_EDGE('',*,*,#3122,.F.);
#4219=ORIENTED_EDGE('',*,*,#3119,.F.);
#4220=ORIENTED_EDGE('',*,*,#3151,.T.);
#4221=ORIENTED_EDGE('',*,*,#3152,.T.);
#4222=ORIENTED_EDGE('',*,*,#3153,.T.);
#4223=ORIENTED_EDGE('',*,*,#3120,.F.);
#4224=ORIENTED_EDGE('',*,*,#3132,.F.);
#4225=ORIENTED_EDGE('',*,*,#3129,.F.);
#4226=ORIENTED_EDGE('',*,*,#2995,.F.);
#4227=ORIENTED_EDGE('',*,*,#3114,.F.);
#4228=ORIENTED_EDGE('',*,*,#3150,.F.);
#4229=ORIENTED_EDGE('',*,*,#3102,.F.);
#4230=ORIENTED_EDGE('',*,*,#3076,.T.);
#4231=ORIENTED_EDGE('',*,*,#3154,.T.);
#4232=ORIENTED_EDGE('',*,*,#3155,.T.);
#4233=ORIENTED_EDGE('',*,*,#3156,.T.);
#4234=ORIENTED_EDGE('',*,*,#2997,.F.);
#4235=ORIENTED_EDGE('',*,*,#3130,.F.);
#4236=ORIENTED_EDGE('',*,*,#3142,.F.);
#4237=ORIENTED_EDGE('',*,*,#3139,.F.);
#4238=ORIENTED_EDGE('',*,*,#3009,.F.);
#4239=ORIENTED_EDGE('',*,*,#3157,.T.);
#4240=ORIENTED_EDGE('',*,*,#3158,.T.);
#4241=ORIENTED_EDGE('',*,*,#3159,.T.);
#4242=ORIENTED_EDGE('',*,*,#3065,.T.);
#4243=ORIENTED_EDGE('',*,*,#3072,.T.);
#4244=ORIENTED_EDGE('',*,*,#3074,.T.);
#4245=ORIENTED_EDGE('',*,*,#3067,.T.);
#4246=ORIENTED_EDGE('',*,*,#3105,.F.);
#4247=ORIENTED_EDGE('',*,*,#3149,.F.);
#4248=ORIENTED_EDGE('',*,*,#3147,.F.);
#4249=ORIENTED_EDGE('',*,*,#3143,.F.);
#4250=ORIENTED_EDGE('',*,*,#3141,.F.);
#4251=ORIENTED_EDGE('',*,*,#3131,.F.);
#4252=ORIENTED_EDGE('',*,*,#3121,.F.);
#4253=ORIENTED_EDGE('',*,*,#3107,.F.);
#4254=ORIENTED_EDGE('',*,*,#3137,.F.);
#4255=ORIENTED_EDGE('',*,*,#3140,.F.);
#4256=ORIENTED_EDGE('',*,*,#3144,.F.);
#4257=ORIENTED_EDGE('',*,*,#3145,.F.);
#4258=ORIENTED_EDGE('',*,*,#3078,.F.);
#4259=ORIENTED_EDGE('',*,*,#3062,.F.);
#4260=ORIENTED_EDGE('',*,*,#3159,.F.);
#4261=ORIENTED_EDGE('',*,*,#3160,.F.);
#4262=ORIENTED_EDGE('',*,*,#3086,.F.);
#4263=ORIENTED_EDGE('',*,*,#3161,.F.);
#4264=ORIENTED_EDGE('',*,*,#3154,.F.);
#4265=ORIENTED_EDGE('',*,*,#3075,.F.);
#4266=ORIENTED_EDGE('',*,*,#3161,.T.);
#4267=ORIENTED_EDGE('',*,*,#3085,.T.);
#4268=ORIENTED_EDGE('',*,*,#3162,.T.);
#4269=ORIENTED_EDGE('',*,*,#3155,.F.);
#4270=ORIENTED_EDGE('',*,*,#3163,.F.);
#4271=ORIENTED_EDGE('',*,*,#3164,.F.);
#4272=ORIENTED_EDGE('',*,*,#3090,.F.);
#4273=ORIENTED_EDGE('',*,*,#3048,.F.);
#4274=ORIENTED_EDGE('',*,*,#3165,.F.);
#4275=ORIENTED_EDGE('',*,*,#3054,.F.);
#4276=ORIENTED_EDGE('',*,*,#3087,.F.);
#4277=ORIENTED_EDGE('',*,*,#3166,.F.);
#4278=ORIENTED_EDGE('',*,*,#3004,.F.);
#4279=ORIENTED_EDGE('',*,*,#3167,.F.);
#4280=ORIENTED_EDGE('',*,*,#3168,.F.);
#4281=ORIENTED_EDGE('',*,*,#3169,.F.);
#4282=ORIENTED_EDGE('',*,*,#3170,.T.);
#4283=ORIENTED_EDGE('',*,*,#3171,.F.);
#4284=ORIENTED_EDGE('',*,*,#3167,.T.);
#4285=ORIENTED_EDGE('',*,*,#3003,.F.);
#4286=ORIENTED_EDGE('',*,*,#3002,.F.);
#4287=ORIENTED_EDGE('',*,*,#3172,.T.);
#4288=ORIENTED_EDGE('',*,*,#3173,.F.);
#4289=ORIENTED_EDGE('',*,*,#3170,.F.);
#4290=ORIENTED_EDGE('',*,*,#3005,.F.);
#4291=ORIENTED_EDGE('',*,*,#3169,.T.);
#4292=ORIENTED_EDGE('',*,*,#3174,.F.);
#4293=ORIENTED_EDGE('',*,*,#3175,.F.);
#4294=ORIENTED_EDGE('',*,*,#3006,.F.);
#4295=ORIENTED_EDGE('',*,*,#3175,.T.);
#4296=ORIENTED_EDGE('',*,*,#3176,.F.);
#4297=ORIENTED_EDGE('',*,*,#3081,.F.);
#4298=ORIENTED_EDGE('',*,*,#3000,.T.);
#4299=ORIENTED_EDGE('',*,*,#3083,.T.);
#4300=ORIENTED_EDGE('',*,*,#3177,.F.);
#4301=ORIENTED_EDGE('',*,*,#3178,.F.);
#4302=ORIENTED_EDGE('',*,*,#3001,.T.);
#4303=ORIENTED_EDGE('',*,*,#3178,.T.);
#4304=ORIENTED_EDGE('',*,*,#3179,.F.);
#4305=ORIENTED_EDGE('',*,*,#3172,.F.);
#4306=ORIENTED_EDGE('',*,*,#3173,.T.);
#4307=ORIENTED_EDGE('',*,*,#3179,.T.);
#4308=ORIENTED_EDGE('',*,*,#3177,.T.);
#4309=ORIENTED_EDGE('',*,*,#3082,.T.);
#4310=ORIENTED_EDGE('',*,*,#3176,.T.);
#4311=ORIENTED_EDGE('',*,*,#3174,.T.);
#4312=ORIENTED_EDGE('',*,*,#3168,.T.);
#4313=ORIENTED_EDGE('',*,*,#3171,.T.);
#4314=ORIENTED_EDGE('',*,*,#3084,.T.);
#4315=ORIENTED_EDGE('',*,*,#2998,.F.);
#4316=ORIENTED_EDGE('',*,*,#3156,.F.);
#4317=ORIENTED_EDGE('',*,*,#3162,.F.);
#4318=ORIENTED_EDGE('',*,*,#3160,.T.);
#4319=ORIENTED_EDGE('',*,*,#3158,.F.);
#4320=ORIENTED_EDGE('',*,*,#3180,.T.);
#4321=ORIENTED_EDGE('',*,*,#3079,.T.);
#4322=ORIENTED_EDGE('',*,*,#3080,.T.);
#4323=ORIENTED_EDGE('',*,*,#3180,.F.);
#4324=ORIENTED_EDGE('',*,*,#3157,.F.);
#4325=ORIENTED_EDGE('',*,*,#3008,.F.);
#4326=ORIENTED_EDGE('',*,*,#3109,.F.);
#4327=ORIENTED_EDGE('',*,*,#3152,.F.);
#4328=ORIENTED_EDGE('',*,*,#3181,.T.);
#4329=ORIENTED_EDGE('',*,*,#3182,.T.);
#4330=ORIENTED_EDGE('',*,*,#2646,.T.);
#4331=ORIENTED_EDGE('',*,*,#3011,.T.);
#4332=ORIENTED_EDGE('',*,*,#3146,.F.);
#4333=ORIENTED_EDGE('',*,*,#3148,.F.);
#4334=ORIENTED_EDGE('',*,*,#3113,.F.);
#4335=ORIENTED_EDGE('',*,*,#2993,.T.);
#4336=ORIENTED_EDGE('',*,*,#2867,.T.);
#4337=ORIENTED_EDGE('',*,*,#3183,.T.);
#4338=ORIENTED_EDGE('',*,*,#2869,.T.);
#4339=ORIENTED_EDGE('',*,*,#3017,.T.);
#4340=ORIENTED_EDGE('',*,*,#2975,.F.);
#4341=ORIENTED_EDGE('',*,*,#3184,.F.);
#4342=ORIENTED_EDGE('',*,*,#3166,.T.);
#4343=ORIENTED_EDGE('',*,*,#3089,.T.);
#4344=ORIENTED_EDGE('',*,*,#3096,.T.);
#4345=ORIENTED_EDGE('',*,*,#3097,.T.);
#4346=ORIENTED_EDGE('',*,*,#3093,.T.);
#4347=ORIENTED_EDGE('',*,*,#3091,.T.);
#4348=ORIENTED_EDGE('',*,*,#3164,.T.);
#4349=ORIENTED_EDGE('',*,*,#3185,.F.);
#4350=ORIENTED_EDGE('',*,*,#2723,.F.);
#4351=ORIENTED_EDGE('',*,*,#3014,.T.);
#4352=ORIENTED_EDGE('',*,*,#2644,.T.);
#4353=ORIENTED_EDGE('',*,*,#3186,.T.);
#4354=ORIENTED_EDGE('',*,*,#2756,.F.);
#4355=ORIENTED_EDGE('',*,*,#3045,.F.);
#4356=ORIENTED_EDGE('',*,*,#3187,.T.);
#4357=ORIENTED_EDGE('',*,*,#3188,.T.);
#4358=ORIENTED_EDGE('',*,*,#2653,.T.);
#4359=ORIENTED_EDGE('',*,*,#2650,.T.);
#4360=ORIENTED_EDGE('',*,*,#2647,.T.);
#4361=ORIENTED_EDGE('',*,*,#3186,.F.);
#4362=ORIENTED_EDGE('',*,*,#2643,.T.);
#4363=ORIENTED_EDGE('',*,*,#2640,.T.);
#4364=ORIENTED_EDGE('',*,*,#2724,.T.);
#4365=ORIENTED_EDGE('',*,*,#3185,.T.);
#4366=ORIENTED_EDGE('',*,*,#3163,.T.);
#4367=ORIENTED_EDGE('',*,*,#3047,.F.);
#4368=ORIENTED_EDGE('',*,*,#2737,.T.);
#4369=ORIENTED_EDGE('',*,*,#2566,.T.);
#4370=ORIENTED_EDGE('',*,*,#2563,.T.);
#4371=ORIENTED_EDGE('',*,*,#2560,.T.);
#4372=ORIENTED_EDGE('',*,*,#3046,.F.);
#4373=ORIENTED_EDGE('',*,*,#2556,.T.);
#4374=ORIENTED_EDGE('',*,*,#2553,.T.);
#4375=ORIENTED_EDGE('',*,*,#2550,.T.);
#4376=ORIENTED_EDGE('',*,*,#2758,.F.);
#4377=ORIENTED_EDGE('',*,*,#2546,.T.);
#4378=ORIENTED_EDGE('',*,*,#2543,.T.);
#4379=ORIENTED_EDGE('',*,*,#2540,.T.);
#4380=ORIENTED_EDGE('',*,*,#2741,.T.);
#4381=ORIENTED_EDGE('',*,*,#2576,.T.);
#4382=ORIENTED_EDGE('',*,*,#2573,.T.);
#4383=ORIENTED_EDGE('',*,*,#2570,.T.);
#4384=ORIENTED_EDGE('',*,*,#2736,.T.);
#4385=ORIENTED_EDGE('',*,*,#2586,.T.);
#4386=ORIENTED_EDGE('',*,*,#2583,.T.);
#4387=ORIENTED_EDGE('',*,*,#2580,.T.);
#4388=ORIENTED_EDGE('',*,*,#2734,.T.);
#4389=ORIENTED_EDGE('',*,*,#2596,.T.);
#4390=ORIENTED_EDGE('',*,*,#2593,.T.);
#4391=ORIENTED_EDGE('',*,*,#2590,.T.);
#4392=ORIENTED_EDGE('',*,*,#2732,.T.);
#4393=ORIENTED_EDGE('',*,*,#2606,.T.);
#4394=ORIENTED_EDGE('',*,*,#2603,.T.);
#4395=ORIENTED_EDGE('',*,*,#2600,.T.);
#4396=ORIENTED_EDGE('',*,*,#2730,.T.);
#4397=ORIENTED_EDGE('',*,*,#2616,.T.);
#4398=ORIENTED_EDGE('',*,*,#2613,.T.);
#4399=ORIENTED_EDGE('',*,*,#2610,.T.);
#4400=ORIENTED_EDGE('',*,*,#2728,.T.);
#4401=ORIENTED_EDGE('',*,*,#2626,.T.);
#4402=ORIENTED_EDGE('',*,*,#2623,.T.);
#4403=ORIENTED_EDGE('',*,*,#2620,.T.);
#4404=ORIENTED_EDGE('',*,*,#2726,.T.);
#4405=ORIENTED_EDGE('',*,*,#2636,.T.);
#4406=ORIENTED_EDGE('',*,*,#2633,.T.);
#4407=ORIENTED_EDGE('',*,*,#2630,.T.);
#4408=ORIENTED_EDGE('',*,*,#2743,.F.);
#4409=ORIENTED_EDGE('',*,*,#2710,.T.);
#4410=ORIENTED_EDGE('',*,*,#2707,.T.);
#4411=ORIENTED_EDGE('',*,*,#2704,.T.);
#4412=ORIENTED_EDGE('',*,*,#2745,.F.);
#4413=ORIENTED_EDGE('',*,*,#2700,.T.);
#4414=ORIENTED_EDGE('',*,*,#2697,.T.);
#4415=ORIENTED_EDGE('',*,*,#2694,.T.);
#4416=ORIENTED_EDGE('',*,*,#2747,.F.);
#4417=ORIENTED_EDGE('',*,*,#2690,.T.);
#4418=ORIENTED_EDGE('',*,*,#2687,.T.);
#4419=ORIENTED_EDGE('',*,*,#2684,.T.);
#4420=ORIENTED_EDGE('',*,*,#2751,.F.);
#4421=ORIENTED_EDGE('',*,*,#2680,.T.);
#4422=ORIENTED_EDGE('',*,*,#2677,.T.);
#4423=ORIENTED_EDGE('',*,*,#2674,.T.);
#4424=ORIENTED_EDGE('',*,*,#2749,.F.);
#4425=ORIENTED_EDGE('',*,*,#2670,.T.);
#4426=ORIENTED_EDGE('',*,*,#2667,.T.);
#4427=ORIENTED_EDGE('',*,*,#2664,.T.);
#4428=ORIENTED_EDGE('',*,*,#2753,.F.);
#4429=ORIENTED_EDGE('',*,*,#2660,.T.);
#4430=ORIENTED_EDGE('',*,*,#2657,.T.);
#4431=ORIENTED_EDGE('',*,*,#2720,.T.);
#4432=ORIENTED_EDGE('',*,*,#2717,.T.);
#4433=ORIENTED_EDGE('',*,*,#2714,.T.);
#4434=ORIENTED_EDGE('',*,*,#2759,.F.);
#4435=ORIENTED_EDGE('',*,*,#3104,.F.);
#4436=ORIENTED_EDGE('',*,*,#3182,.F.);
#4437=ORIENTED_EDGE('',*,*,#3189,.T.);
#4438=ORIENTED_EDGE('',*,*,#3103,.F.);
#4439=ORIENTED_EDGE('',*,*,#3181,.F.);
#4440=ORIENTED_EDGE('',*,*,#3151,.F.);
#4441=ORIENTED_EDGE('',*,*,#3118,.F.);
#4442=ORIENTED_EDGE('',*,*,#3153,.F.);
#4443=ORIENTED_EDGE('',*,*,#3101,.F.);
#4444=ORIENTED_EDGE('',*,*,#3189,.F.);
#4445=ORIENTED_EDGE('',*,*,#3190,.F.);
#4446=ORIENTED_EDGE('',*,*,#3191,.F.);
#4447=ORIENTED_EDGE('',*,*,#3192,.F.);
#4448=ORIENTED_EDGE('',*,*,#3193,.F.);
#4449=ORIENTED_EDGE('',*,*,#3194,.F.);
#4450=ORIENTED_EDGE('',*,*,#3195,.F.);
#4451=ORIENTED_EDGE('',*,*,#3196,.F.);
#4452=ORIENTED_EDGE('',*,*,#3197,.F.);
#4453=ORIENTED_EDGE('',*,*,#3198,.F.);
#4454=ORIENTED_EDGE('',*,*,#3199,.F.);
#4455=ORIENTED_EDGE('',*,*,#3200,.F.);
#4456=ORIENTED_EDGE('',*,*,#3201,.F.);
#4457=ORIENTED_EDGE('',*,*,#3202,.F.);
#4458=ORIENTED_EDGE('',*,*,#3203,.F.);
#4459=ORIENTED_EDGE('',*,*,#3204,.F.);
#4460=ORIENTED_EDGE('',*,*,#3205,.F.);
#4461=ORIENTED_EDGE('',*,*,#3206,.F.);
#4462=ORIENTED_EDGE('',*,*,#3207,.F.);
#4463=ORIENTED_EDGE('',*,*,#3208,.F.);
#4464=ORIENTED_EDGE('',*,*,#3209,.F.);
#4465=ORIENTED_EDGE('',*,*,#3207,.T.);
#4466=ORIENTED_EDGE('',*,*,#3210,.F.);
#4467=ORIENTED_EDGE('',*,*,#3026,.T.);
#4468=ORIENTED_EDGE('',*,*,#3211,.T.);
#4469=ORIENTED_EDGE('',*,*,#3206,.T.);
#4470=ORIENTED_EDGE('',*,*,#3212,.F.);
#4471=ORIENTED_EDGE('',*,*,#3023,.T.);
#4472=ORIENTED_EDGE('',*,*,#3210,.T.);
#4473=ORIENTED_EDGE('',*,*,#3203,.T.);
#4474=ORIENTED_EDGE('',*,*,#3213,.F.);
#4475=ORIENTED_EDGE('',*,*,#3037,.T.);
#4476=ORIENTED_EDGE('',*,*,#3214,.T.);
#4477=ORIENTED_EDGE('',*,*,#3202,.T.);
#4478=ORIENTED_EDGE('',*,*,#3215,.F.);
#4479=ORIENTED_EDGE('',*,*,#3038,.T.);
#4480=ORIENTED_EDGE('',*,*,#3213,.T.);
#4481=ORIENTED_EDGE('',*,*,#3199,.T.);
#4482=ORIENTED_EDGE('',*,*,#3216,.F.);
#4483=ORIENTED_EDGE('',*,*,#3034,.T.);
#4484=ORIENTED_EDGE('',*,*,#3217,.T.);
#4485=ORIENTED_EDGE('',*,*,#3198,.T.);
#4486=ORIENTED_EDGE('',*,*,#3218,.F.);
#4487=ORIENTED_EDGE('',*,*,#3031,.T.);
#4488=ORIENTED_EDGE('',*,*,#3216,.T.);
#4489=ORIENTED_EDGE('',*,*,#3195,.T.);
#4490=ORIENTED_EDGE('',*,*,#3219,.F.);
#4491=ORIENTED_EDGE('',*,*,#3030,.T.);
#4492=ORIENTED_EDGE('',*,*,#3220,.T.);
#4493=ORIENTED_EDGE('',*,*,#3194,.T.);
#4494=ORIENTED_EDGE('',*,*,#3221,.F.);
#4495=ORIENTED_EDGE('',*,*,#3027,.T.);
#4496=ORIENTED_EDGE('',*,*,#3219,.T.);
#4497=ORIENTED_EDGE('',*,*,#3191,.T.);
#4498=ORIENTED_EDGE('',*,*,#3222,.F.);
#4499=ORIENTED_EDGE('',*,*,#3022,.T.);
#4500=ORIENTED_EDGE('',*,*,#3223,.T.);
#4501=ORIENTED_EDGE('',*,*,#3190,.T.);
#4502=ORIENTED_EDGE('',*,*,#3224,.F.);
#4503=ORIENTED_EDGE('',*,*,#3019,.T.);
#4504=ORIENTED_EDGE('',*,*,#3222,.T.);
#4505=ORIENTED_EDGE('',*,*,#3193,.T.);
#4506=ORIENTED_EDGE('',*,*,#3225,.F.);
#4507=ORIENTED_EDGE('',*,*,#3020,.T.);
#4508=ORIENTED_EDGE('',*,*,#3224,.T.);
#4509=ORIENTED_EDGE('',*,*,#3192,.T.);
#4510=ORIENTED_EDGE('',*,*,#3223,.F.);
#4511=ORIENTED_EDGE('',*,*,#3021,.T.);
#4512=ORIENTED_EDGE('',*,*,#3225,.T.);
#4513=ORIENTED_EDGE('',*,*,#3209,.T.);
#4514=ORIENTED_EDGE('',*,*,#3226,.F.);
#4515=ORIENTED_EDGE('',*,*,#3024,.T.);
#4516=ORIENTED_EDGE('',*,*,#3212,.T.);
#4517=ORIENTED_EDGE('',*,*,#3208,.T.);
#4518=ORIENTED_EDGE('',*,*,#3211,.F.);
#4519=ORIENTED_EDGE('',*,*,#3025,.T.);
#4520=ORIENTED_EDGE('',*,*,#3226,.T.);
#4521=ORIENTED_EDGE('',*,*,#3197,.T.);
#4522=ORIENTED_EDGE('',*,*,#3227,.F.);
#4523=ORIENTED_EDGE('',*,*,#3028,.T.);
#4524=ORIENTED_EDGE('',*,*,#3221,.T.);
#4525=ORIENTED_EDGE('',*,*,#3196,.T.);
#4526=ORIENTED_EDGE('',*,*,#3220,.F.);
#4527=ORIENTED_EDGE('',*,*,#3029,.T.);
#4528=ORIENTED_EDGE('',*,*,#3227,.T.);
#4529=ORIENTED_EDGE('',*,*,#3201,.T.);
#4530=ORIENTED_EDGE('',*,*,#3228,.F.);
#4531=ORIENTED_EDGE('',*,*,#3032,.T.);
#4532=ORIENTED_EDGE('',*,*,#3218,.T.);
#4533=ORIENTED_EDGE('',*,*,#3200,.T.);
#4534=ORIENTED_EDGE('',*,*,#3217,.F.);
#4535=ORIENTED_EDGE('',*,*,#3033,.T.);
#4536=ORIENTED_EDGE('',*,*,#3228,.T.);
#4537=ORIENTED_EDGE('',*,*,#3204,.T.);
#4538=ORIENTED_EDGE('',*,*,#3214,.F.);
#4539=ORIENTED_EDGE('',*,*,#3036,.T.);
#4540=ORIENTED_EDGE('',*,*,#3229,.T.);
#4541=ORIENTED_EDGE('',*,*,#3205,.T.);
#4542=ORIENTED_EDGE('',*,*,#3229,.F.);
#4543=ORIENTED_EDGE('',*,*,#3035,.T.);
#4544=ORIENTED_EDGE('',*,*,#3215,.T.);
#4545=ORIENTED_EDGE('',*,*,#3230,.F.);
#4546=ORIENTED_EDGE('',*,*,#3231,.T.);
#4547=ORIENTED_EDGE('',*,*,#3018,.T.);
#4548=ORIENTED_EDGE('',*,*,#3231,.F.);
#4549=ORIENTED_EDGE('',*,*,#3039,.T.);
#4550=ORIENTED_EDGE('',*,*,#3230,.T.);
#4551=ORIENTED_EDGE('',*,*,#3232,.F.);
#4552=ORIENTED_EDGE('',*,*,#3043,.F.);
#4553=ORIENTED_EDGE('',*,*,#3233,.T.);
#4554=ORIENTED_EDGE('',*,*,#3234,.F.);
#4555=ORIENTED_EDGE('',*,*,#3235,.F.);
#4556=ORIENTED_EDGE('',*,*,#3236,.F.);
#4557=ORIENTED_EDGE('',*,*,#3237,.T.);
#4558=ORIENTED_EDGE('',*,*,#3059,.F.);
#4559=ORIENTED_EDGE('',*,*,#3237,.F.);
#4560=ORIENTED_EDGE('',*,*,#3238,.F.);
#4561=ORIENTED_EDGE('',*,*,#3239,.T.);
#4562=ORIENTED_EDGE('',*,*,#3060,.F.);
#4563=ORIENTED_EDGE('',*,*,#3233,.F.);
#4564=ORIENTED_EDGE('',*,*,#3042,.F.);
#4565=ORIENTED_EDGE('',*,*,#3240,.T.);
#4566=ORIENTED_EDGE('',*,*,#3241,.F.);
#4567=ORIENTED_EDGE('',*,*,#3240,.F.);
#4568=ORIENTED_EDGE('',*,*,#3041,.F.);
#4569=ORIENTED_EDGE('',*,*,#3061,.F.);
#4570=ORIENTED_EDGE('',*,*,#3239,.F.);
#4571=ORIENTED_EDGE('',*,*,#3242,.F.);
#4572=ORIENTED_EDGE('',*,*,#3243,.F.);
#4573=ORIENTED_EDGE('',*,*,#3235,.T.);
#4574=ORIENTED_EDGE('',*,*,#3058,.F.);
#4575=ORIENTED_EDGE('',*,*,#3244,.F.);
#4576=ORIENTED_EDGE('',*,*,#3245,.F.);
#4577=ORIENTED_EDGE('',*,*,#3187,.F.);
#4578=ORIENTED_EDGE('',*,*,#3044,.F.);
#4579=ORIENTED_EDGE('',*,*,#3232,.T.);
#4580=ORIENTED_EDGE('',*,*,#2981,.T.);
#4581=ORIENTED_EDGE('',*,*,#3055,.F.);
#4582=ORIENTED_EDGE('',*,*,#3165,.T.);
#4583=ORIENTED_EDGE('',*,*,#3184,.T.);
#4584=ORIENTED_EDGE('',*,*,#2974,.T.);
#4585=ORIENTED_EDGE('',*,*,#2873,.T.);
#4586=ORIENTED_EDGE('',*,*,#2870,.T.);
#4587=ORIENTED_EDGE('',*,*,#3183,.F.);
#4588=ORIENTED_EDGE('',*,*,#2866,.T.);
#4589=ORIENTED_EDGE('',*,*,#2863,.T.);
#4590=ORIENTED_EDGE('',*,*,#2860,.T.);
#4591=ORIENTED_EDGE('',*,*,#3246,.T.);
#4592=ORIENTED_EDGE('',*,*,#3244,.T.);
#4593=ORIENTED_EDGE('',*,*,#3057,.F.);
#4594=ORIENTED_EDGE('',*,*,#2959,.F.);
#4595=ORIENTED_EDGE('',*,*,#2779,.T.);
#4596=ORIENTED_EDGE('',*,*,#2776,.T.);
#4597=ORIENTED_EDGE('',*,*,#2773,.T.);
#4598=ORIENTED_EDGE('',*,*,#3056,.F.);
#4599=ORIENTED_EDGE('',*,*,#2769,.T.);
#4600=ORIENTED_EDGE('',*,*,#2766,.T.);
#4601=ORIENTED_EDGE('',*,*,#2763,.T.);
#4602=ORIENTED_EDGE('',*,*,#2963,.F.);
#4603=ORIENTED_EDGE('',*,*,#2789,.T.);
#4604=ORIENTED_EDGE('',*,*,#2786,.T.);
#4605=ORIENTED_EDGE('',*,*,#2783,.T.);
#4606=ORIENTED_EDGE('',*,*,#2958,.F.);
#4607=ORIENTED_EDGE('',*,*,#2799,.T.);
#4608=ORIENTED_EDGE('',*,*,#2796,.T.);
#4609=ORIENTED_EDGE('',*,*,#2793,.T.);
#4610=ORIENTED_EDGE('',*,*,#2956,.F.);
#4611=ORIENTED_EDGE('',*,*,#2809,.T.);
#4612=ORIENTED_EDGE('',*,*,#2806,.T.);
#4613=ORIENTED_EDGE('',*,*,#2803,.T.);
#4614=ORIENTED_EDGE('',*,*,#2954,.F.);
#4615=ORIENTED_EDGE('',*,*,#2819,.T.);
#4616=ORIENTED_EDGE('',*,*,#2816,.T.);
#4617=ORIENTED_EDGE('',*,*,#2813,.T.);
#4618=ORIENTED_EDGE('',*,*,#2952,.F.);
#4619=ORIENTED_EDGE('',*,*,#2829,.T.);
#4620=ORIENTED_EDGE('',*,*,#2826,.T.);
#4621=ORIENTED_EDGE('',*,*,#2823,.T.);
#4622=ORIENTED_EDGE('',*,*,#2950,.F.);
#4623=ORIENTED_EDGE('',*,*,#2839,.T.);
#4624=ORIENTED_EDGE('',*,*,#2836,.T.);
#4625=ORIENTED_EDGE('',*,*,#2833,.T.);
#4626=ORIENTED_EDGE('',*,*,#2948,.F.);
#4627=ORIENTED_EDGE('',*,*,#2849,.T.);
#4628=ORIENTED_EDGE('',*,*,#2846,.T.);
#4629=ORIENTED_EDGE('',*,*,#2843,.T.);
#4630=ORIENTED_EDGE('',*,*,#2946,.F.);
#4631=ORIENTED_EDGE('',*,*,#2856,.T.);
#4632=ORIENTED_EDGE('',*,*,#2853,.T.);
#4633=ORIENTED_EDGE('',*,*,#2965,.T.);
#4634=ORIENTED_EDGE('',*,*,#2933,.T.);
#4635=ORIENTED_EDGE('',*,*,#2930,.T.);
#4636=ORIENTED_EDGE('',*,*,#2927,.T.);
#4637=ORIENTED_EDGE('',*,*,#2967,.T.);
#4638=ORIENTED_EDGE('',*,*,#2923,.T.);
#4639=ORIENTED_EDGE('',*,*,#2920,.T.);
#4640=ORIENTED_EDGE('',*,*,#2917,.T.);
#4641=ORIENTED_EDGE('',*,*,#2969,.T.);
#4642=ORIENTED_EDGE('',*,*,#2913,.T.);
#4643=ORIENTED_EDGE('',*,*,#2910,.T.);
#4644=ORIENTED_EDGE('',*,*,#2907,.T.);
#4645=ORIENTED_EDGE('',*,*,#2971,.T.);
#4646=ORIENTED_EDGE('',*,*,#2903,.T.);
#4647=ORIENTED_EDGE('',*,*,#2900,.T.);
#4648=ORIENTED_EDGE('',*,*,#2897,.T.);
#4649=ORIENTED_EDGE('',*,*,#2973,.T.);
#4650=ORIENTED_EDGE('',*,*,#2893,.T.);
#4651=ORIENTED_EDGE('',*,*,#2890,.T.);
#4652=ORIENTED_EDGE('',*,*,#2887,.T.);
#4653=ORIENTED_EDGE('',*,*,#2978,.T.);
#4654=ORIENTED_EDGE('',*,*,#2883,.T.);
#4655=ORIENTED_EDGE('',*,*,#2880,.T.);
#4656=ORIENTED_EDGE('',*,*,#2877,.T.);
#4657=ORIENTED_EDGE('',*,*,#2943,.T.);
#4658=ORIENTED_EDGE('',*,*,#2940,.T.);
#4659=ORIENTED_EDGE('',*,*,#2937,.T.);
#4660=ORIENTED_EDGE('',*,*,#2982,.T.);
#4661=ORIENTED_EDGE('',*,*,#3236,.T.);
#4662=ORIENTED_EDGE('',*,*,#3243,.T.);
#4663=ORIENTED_EDGE('',*,*,#3246,.F.);
#4664=ORIENTED_EDGE('',*,*,#2859,.F.);
#4665=ORIENTED_EDGE('',*,*,#2992,.F.);
#4666=ORIENTED_EDGE('',*,*,#3247,.T.);
#4667=ORIENTED_EDGE('',*,*,#3248,.T.);
#4668=ORIENTED_EDGE('',*,*,#3249,.F.);
#4669=ORIENTED_EDGE('',*,*,#2984,.F.);
#4670=ORIENTED_EDGE('',*,*,#2654,.F.);
#4671=ORIENTED_EDGE('',*,*,#3188,.F.);
#4672=ORIENTED_EDGE('',*,*,#3245,.T.);
#4673=ORIENTED_EDGE('',*,*,#3234,.T.);
#4674=ORIENTED_EDGE('',*,*,#3241,.T.);
#4675=ORIENTED_EDGE('',*,*,#3242,.T.);
#4676=ORIENTED_EDGE('',*,*,#3238,.T.);
#4677=ORIENTED_EDGE('',*,*,#3250,.T.);
#4678=ORIENTED_EDGE('',*,*,#3251,.T.);
#4679=ORIENTED_EDGE('',*,*,#3252,.T.);
#4680=ORIENTED_EDGE('',*,*,#2988,.F.);
#4681=ORIENTED_EDGE('',*,*,#2987,.F.);
#4682=ORIENTED_EDGE('',*,*,#3253,.T.);
#4683=ORIENTED_EDGE('',*,*,#3254,.T.);
#4684=ORIENTED_EDGE('',*,*,#3250,.F.);
#4685=ORIENTED_EDGE('',*,*,#2986,.T.);
#4686=ORIENTED_EDGE('',*,*,#3255,.T.);
#4687=ORIENTED_EDGE('',*,*,#3256,.T.);
#4688=ORIENTED_EDGE('',*,*,#3253,.F.);
#4689=ORIENTED_EDGE('',*,*,#2985,.T.);
#4690=ORIENTED_EDGE('',*,*,#3249,.T.);
#4691=ORIENTED_EDGE('',*,*,#3257,.T.);
#4692=ORIENTED_EDGE('',*,*,#3255,.F.);
#4693=ORIENTED_EDGE('',*,*,#2991,.F.);
#4694=ORIENTED_EDGE('',*,*,#3258,.T.);
#4695=ORIENTED_EDGE('',*,*,#3259,.T.);
#4696=ORIENTED_EDGE('',*,*,#3247,.F.);
#4697=ORIENTED_EDGE('',*,*,#2990,.F.);
#4698=ORIENTED_EDGE('',*,*,#3260,.T.);
#4699=ORIENTED_EDGE('',*,*,#3261,.T.);
#4700=ORIENTED_EDGE('',*,*,#3258,.F.);
#4701=ORIENTED_EDGE('',*,*,#3252,.F.);
#4702=ORIENTED_EDGE('',*,*,#3262,.T.);
#4703=ORIENTED_EDGE('',*,*,#3260,.F.);
#4704=ORIENTED_EDGE('',*,*,#2989,.F.);
#4705=ORIENTED_EDGE('',*,*,#3262,.F.);
#4706=ORIENTED_EDGE('',*,*,#3251,.F.);
#4707=ORIENTED_EDGE('',*,*,#3254,.F.);
#4708=ORIENTED_EDGE('',*,*,#3256,.F.);
#4709=ORIENTED_EDGE('',*,*,#3257,.F.);
#4710=ORIENTED_EDGE('',*,*,#3248,.F.);
#4711=ORIENTED_EDGE('',*,*,#3259,.F.);
#4712=ORIENTED_EDGE('',*,*,#3261,.F.);
#4713=PLANE('',#5180);
#4714=PLANE('',#5181);
#4715=PLANE('',#5182);
#4716=PLANE('',#5183);
#4717=PLANE('',#5184);
#4718=PLANE('',#5185);
#4719=PLANE('',#5186);
#4720=PLANE('',#5187);
#4721=PLANE('',#5188);
#4722=PLANE('',#5189);
#4723=PLANE('',#5190);
#4724=PLANE('',#5191);
#4725=PLANE('',#5192);
#4726=PLANE('',#5193);
#4727=PLANE('',#5194);
#4728=PLANE('',#5195);
#4729=PLANE('',#5196);
#4730=PLANE('',#5197);
#4731=PLANE('',#5198);
#4732=PLANE('',#5199);
#4733=PLANE('',#5200);
#4734=PLANE('',#5201);
#4735=PLANE('',#5202);
#4736=PLANE('',#5203);
#4737=PLANE('',#5204);
#4738=PLANE('',#5205);
#4739=PLANE('',#5206);
#4740=PLANE('',#5207);
#4741=PLANE('',#5208);
#4742=PLANE('',#5209);
#4743=PLANE('',#5210);
#4744=PLANE('',#5211);
#4745=PLANE('',#5212);
#4746=PLANE('',#5213);
#4747=PLANE('',#5214);
#4748=PLANE('',#5215);
#4749=PLANE('',#5216);
#4750=PLANE('',#5217);
#4751=PLANE('',#5218);
#4752=PLANE('',#5219);
#4753=PLANE('',#5220);
#4754=PLANE('',#5221);
#4755=PLANE('',#5222);
#4756=PLANE('',#5223);
#4757=PLANE('',#5224);
#4758=PLANE('',#5225);
#4759=PLANE('',#5226);
#4760=PLANE('',#5227);
#4761=PLANE('',#5228);
#4762=PLANE('',#5229);
#4763=PLANE('',#5230);
#4764=PLANE('',#5231);
#4765=PLANE('',#5232);
#4766=PLANE('',#5233);
#4767=PLANE('',#5234);
#4768=PLANE('',#5235);
#4769=PLANE('',#5236);
#4770=PLANE('',#5237);
#4771=PLANE('',#5238);
#4772=PLANE('',#5239);
#4773=PLANE('',#5240);
#4774=PLANE('',#5241);
#4775=PLANE('',#5242);
#4776=PLANE('',#5243);
#4777=PLANE('',#5244);
#4778=PLANE('',#5245);
#4779=PLANE('',#5246);
#4780=PLANE('',#5247);
#4781=PLANE('',#5248);
#4782=PLANE('',#5249);
#4783=PLANE('',#5250);
#4784=PLANE('',#5251);
#4785=PLANE('',#5252);
#4786=PLANE('',#5253);
#4787=PLANE('',#5254);
#4788=PLANE('',#5255);
#4789=PLANE('',#5256);
#4790=PLANE('',#5257);
#4791=PLANE('',#5258);
#4792=PLANE('',#5259);
#4793=PLANE('',#5260);
#4794=PLANE('',#5261);
#4795=PLANE('',#5262);
#4796=PLANE('',#5263);
#4797=PLANE('',#5264);
#4798=PLANE('',#5265);
#4799=PLANE('',#5266);
#4800=PLANE('',#5267);
#4801=PLANE('',#5268);
#4802=PLANE('',#5269);
#4803=PLANE('',#5270);
#4804=PLANE('',#5271);
#4805=PLANE('',#5272);
#4806=PLANE('',#5273);
#4807=PLANE('',#5274);
#4808=PLANE('',#5275);
#4809=PLANE('',#5276);
#4810=PLANE('',#5277);
#4811=PLANE('',#5278);
#4812=PLANE('',#5279);
#4813=PLANE('',#5280);
#4814=PLANE('',#5281);
#4815=PLANE('',#5282);
#4816=PLANE('',#5283);
#4817=PLANE('',#5284);
#4818=PLANE('',#5285);
#4819=PLANE('',#5286);
#4820=PLANE('',#5287);
#4821=PLANE('',#5288);
#4822=PLANE('',#5289);
#4823=PLANE('',#5290);
#4824=PLANE('',#5291);
#4825=PLANE('',#5292);
#4826=PLANE('',#5293);
#4827=PLANE('',#5294);
#4828=PLANE('',#5295);
#4829=PLANE('',#5296);
#4830=PLANE('',#5297);
#4831=PLANE('',#5298);
#4832=PLANE('',#5299);
#4833=PLANE('',#5300);
#4834=PLANE('',#5301);
#4835=PLANE('',#5302);
#4836=PLANE('',#5303);
#4837=PLANE('',#5304);
#4838=PLANE('',#5305);
#4839=PLANE('',#5306);
#4840=PLANE('',#5307);
#4841=PLANE('',#5308);
#4842=PLANE('',#5309);
#4843=PLANE('',#5310);
#4844=PLANE('',#5311);
#4845=PLANE('',#5312);
#4846=PLANE('',#5313);
#4847=PLANE('',#5314);
#4848=PLANE('',#5315);
#4849=PLANE('',#5316);
#4850=PLANE('',#5317);
#4851=PLANE('',#5318);
#4852=PLANE('',#5319);
#4853=PLANE('',#5320);
#4854=PLANE('',#5321);
#4855=PLANE('',#5322);
#4856=PLANE('',#5323);
#4857=PLANE('',#5324);
#4858=PLANE('',#5325);
#4859=PLANE('',#5326);
#4860=PLANE('',#5365);
#4861=PLANE('',#5367);
#4862=PLANE('',#5368);
#4863=PLANE('',#5369);
#4864=PLANE('',#5371);
#4865=PLANE('',#5377);
#4866=PLANE('',#5378);
#4867=PLANE('',#5379);
#4868=PLANE('',#5380);
#4869=PLANE('',#5381);
#4870=PLANE('',#5427);
#4871=PLANE('',#5428);
#4872=PLANE('',#5429);
#4873=PLANE('',#5430);
#4874=PLANE('',#5431);
#4875=PLANE('',#5432);
#4876=PLANE('',#5433);
#4877=PLANE('',#5434);
#4878=PLANE('',#5435);
#4879=PLANE('',#5436);
#4880=PLANE('',#5437);
#4881=PLANE('',#5440);
#4882=PLANE('',#5441);
#4883=PLANE('',#5442);
#4884=PLANE('',#5443);
#4885=PLANE('',#5444);
#4886=PLANE('',#5445);
#4887=PLANE('',#5446);
#4888=PLANE('',#5447);
#4889=PLANE('',#5448);
#4890=PLANE('',#5449);
#4891=PLANE('',#5450);
#4892=PLANE('',#5451);
#4893=PLANE('',#5453);
#4894=PLANE('',#5454);
#4895=PLANE('',#5465);
#4896=PLANE('',#5467);
#4897=PLANE('',#5469);
#4898=PLANE('',#5471);
#4899=PLANE('',#5473);
#4900=PLANE('',#5475);
#4901=PLANE('',#5477);
#4902=PLANE('',#5479);
#4903=PLANE('',#5481);
#4904=PLANE('',#5484);
#4905=PLANE('',#5487);
#4906=PLANE('',#5488);
#4907=PLANE('',#5490);
#4908=PLANE('',#5492);
#4909=PLANE('',#5493);
#4910=PLANE('',#5494);
#4911=PLANE('',#5496);
#4912=PLANE('',#5497);
#4913=PLANE('',#5498);
#4914=PLANE('',#5504);
#4915=PLANE('',#5505);
#4916=PLANE('',#5506);
#4917=PLANE('',#5507);
#4918=PLANE('',#5508);
#4919=PLANE('',#5509);
#4920=PLANE('',#5510);
#4921=ADVANCED_FACE('',(#216),#4713,.T.);
#4922=ADVANCED_FACE('',(#217),#4714,.T.);
#4923=ADVANCED_FACE('',(#218),#4715,.T.);
#4924=ADVANCED_FACE('',(#219),#4716,.T.);
#4925=ADVANCED_FACE('',(#220),#4717,.T.);
#4926=ADVANCED_FACE('',(#221),#4718,.T.);
#4927=ADVANCED_FACE('',(#222),#4719,.T.);
#4928=ADVANCED_FACE('',(#223),#4720,.T.);
#4929=ADVANCED_FACE('',(#224),#4721,.T.);
#4930=ADVANCED_FACE('',(#225),#4722,.T.);
#4931=ADVANCED_FACE('',(#226),#4723,.T.);
#4932=ADVANCED_FACE('',(#227),#4724,.T.);
#4933=ADVANCED_FACE('',(#228),#4725,.T.);
#4934=ADVANCED_FACE('',(#229),#4726,.T.);
#4935=ADVANCED_FACE('',(#230),#4727,.T.);
#4936=ADVANCED_FACE('',(#231),#4728,.T.);
#4937=ADVANCED_FACE('',(#232),#4729,.T.);
#4938=ADVANCED_FACE('',(#233),#4730,.T.);
#4939=ADVANCED_FACE('',(#234),#4731,.T.);
#4940=ADVANCED_FACE('',(#235),#4732,.T.);
#4941=ADVANCED_FACE('',(#236),#4733,.T.);
#4942=ADVANCED_FACE('',(#237),#4734,.T.);
#4943=ADVANCED_FACE('',(#238),#4735,.T.);
#4944=ADVANCED_FACE('',(#239),#4736,.T.);
#4945=ADVANCED_FACE('',(#240),#4737,.T.);
#4946=ADVANCED_FACE('',(#241),#4738,.T.);
#4947=ADVANCED_FACE('',(#242),#4739,.T.);
#4948=ADVANCED_FACE('',(#243),#4740,.T.);
#4949=ADVANCED_FACE('',(#244),#4741,.T.);
#4950=ADVANCED_FACE('',(#245),#4742,.T.);
#4951=ADVANCED_FACE('',(#246),#4743,.T.);
#4952=ADVANCED_FACE('',(#247),#4744,.T.);
#4953=ADVANCED_FACE('',(#248),#4745,.T.);
#4954=ADVANCED_FACE('',(#249),#4746,.T.);
#4955=ADVANCED_FACE('',(#250),#4747,.T.);
#4956=ADVANCED_FACE('',(#251),#4748,.T.);
#4957=ADVANCED_FACE('',(#252),#4749,.T.);
#4958=ADVANCED_FACE('',(#253),#4750,.T.);
#4959=ADVANCED_FACE('',(#254),#4751,.T.);
#4960=ADVANCED_FACE('',(#255),#4752,.T.);
#4961=ADVANCED_FACE('',(#256),#4753,.T.);
#4962=ADVANCED_FACE('',(#257),#4754,.T.);
#4963=ADVANCED_FACE('',(#258),#4755,.T.);
#4964=ADVANCED_FACE('',(#259),#4756,.T.);
#4965=ADVANCED_FACE('',(#260),#4757,.T.);
#4966=ADVANCED_FACE('',(#261),#4758,.T.);
#4967=ADVANCED_FACE('',(#262),#4759,.T.);
#4968=ADVANCED_FACE('',(#263),#4760,.T.);
#4969=ADVANCED_FACE('',(#264),#4761,.T.);
#4970=ADVANCED_FACE('',(#265),#4762,.T.);
#4971=ADVANCED_FACE('',(#266),#4763,.T.);
#4972=ADVANCED_FACE('',(#267),#4764,.T.);
#4973=ADVANCED_FACE('',(#268),#4765,.T.);
#4974=ADVANCED_FACE('',(#269),#4766,.T.);
#4975=ADVANCED_FACE('',(#270),#4767,.T.);
#4976=ADVANCED_FACE('',(#271),#4768,.T.);
#4977=ADVANCED_FACE('',(#272),#4769,.T.);
#4978=ADVANCED_FACE('',(#273),#4770,.T.);
#4979=ADVANCED_FACE('',(#274),#4771,.T.);
#4980=ADVANCED_FACE('',(#275),#4772,.T.);
#4981=ADVANCED_FACE('',(#276),#4773,.T.);
#4982=ADVANCED_FACE('',(#277),#4774,.T.);
#4983=ADVANCED_FACE('',(#278),#4775,.T.);
#4984=ADVANCED_FACE('',(#279),#4776,.T.);
#4985=ADVANCED_FACE('',(#280),#4777,.F.);
#4986=ADVANCED_FACE('',(#281),#4778,.F.);
#4987=ADVANCED_FACE('',(#282),#4779,.F.);
#4988=ADVANCED_FACE('',(#283),#4780,.F.);
#4989=ADVANCED_FACE('',(#284),#4781,.F.);
#4990=ADVANCED_FACE('',(#285),#4782,.F.);
#4991=ADVANCED_FACE('',(#286),#4783,.F.);
#4992=ADVANCED_FACE('',(#287),#4784,.F.);
#4993=ADVANCED_FACE('',(#288),#4785,.F.);
#4994=ADVANCED_FACE('',(#289),#4786,.T.);
#4995=ADVANCED_FACE('',(#290),#4787,.T.);
#4996=ADVANCED_FACE('',(#291),#4788,.T.);
#4997=ADVANCED_FACE('',(#292),#4789,.T.);
#4998=ADVANCED_FACE('',(#293),#4790,.T.);
#4999=ADVANCED_FACE('',(#294),#4791,.T.);
#5000=ADVANCED_FACE('',(#295),#4792,.T.);
#5001=ADVANCED_FACE('',(#296),#4793,.T.);
#5002=ADVANCED_FACE('',(#297),#4794,.T.);
#5003=ADVANCED_FACE('',(#298),#4795,.T.);
#5004=ADVANCED_FACE('',(#299),#4796,.T.);
#5005=ADVANCED_FACE('',(#300),#4797,.T.);
#5006=ADVANCED_FACE('',(#301),#4798,.T.);
#5007=ADVANCED_FACE('',(#302),#4799,.T.);
#5008=ADVANCED_FACE('',(#303),#4800,.T.);
#5009=ADVANCED_FACE('',(#304),#4801,.T.);
#5010=ADVANCED_FACE('',(#305),#4802,.T.);
#5011=ADVANCED_FACE('',(#306),#4803,.T.);
#5012=ADVANCED_FACE('',(#307),#4804,.T.);
#5013=ADVANCED_FACE('',(#308),#4805,.T.);
#5014=ADVANCED_FACE('',(#309),#4806,.T.);
#5015=ADVANCED_FACE('',(#310),#4807,.T.);
#5016=ADVANCED_FACE('',(#311),#4808,.T.);
#5017=ADVANCED_FACE('',(#312),#4809,.T.);
#5018=ADVANCED_FACE('',(#313),#4810,.T.);
#5019=ADVANCED_FACE('',(#314),#4811,.T.);
#5020=ADVANCED_FACE('',(#315),#4812,.T.);
#5021=ADVANCED_FACE('',(#316),#4813,.T.);
#5022=ADVANCED_FACE('',(#317),#4814,.T.);
#5023=ADVANCED_FACE('',(#318),#4815,.T.);
#5024=ADVANCED_FACE('',(#319),#4816,.T.);
#5025=ADVANCED_FACE('',(#320),#4817,.T.);
#5026=ADVANCED_FACE('',(#321),#4818,.T.);
#5027=ADVANCED_FACE('',(#322),#4819,.T.);
#5028=ADVANCED_FACE('',(#323),#4820,.T.);
#5029=ADVANCED_FACE('',(#324),#4821,.T.);
#5030=ADVANCED_FACE('',(#325),#4822,.T.);
#5031=ADVANCED_FACE('',(#326),#4823,.T.);
#5032=ADVANCED_FACE('',(#327),#4824,.T.);
#5033=ADVANCED_FACE('',(#328),#4825,.T.);
#5034=ADVANCED_FACE('',(#329),#4826,.T.);
#5035=ADVANCED_FACE('',(#330),#4827,.T.);
#5036=ADVANCED_FACE('',(#331),#4828,.T.);
#5037=ADVANCED_FACE('',(#332),#4829,.T.);
#5038=ADVANCED_FACE('',(#333),#4830,.T.);
#5039=ADVANCED_FACE('',(#334),#4831,.T.);
#5040=ADVANCED_FACE('',(#335),#4832,.T.);
#5041=ADVANCED_FACE('',(#336),#4833,.T.);
#5042=ADVANCED_FACE('',(#337),#4834,.T.);
#5043=ADVANCED_FACE('',(#338),#4835,.T.);
#5044=ADVANCED_FACE('',(#339),#4836,.T.);
#5045=ADVANCED_FACE('',(#340),#4837,.T.);
#5046=ADVANCED_FACE('',(#341),#4838,.T.);
#5047=ADVANCED_FACE('',(#342),#4839,.T.);
#5048=ADVANCED_FACE('',(#343),#4840,.T.);
#5049=ADVANCED_FACE('',(#344),#4841,.F.);
#5050=ADVANCED_FACE('',(#345),#4842,.F.);
#5051=ADVANCED_FACE('',(#346),#4843,.F.);
#5052=ADVANCED_FACE('',(#347),#4844,.F.);
#5053=ADVANCED_FACE('',(#348),#4845,.F.);
#5054=ADVANCED_FACE('',(#349),#4846,.F.);
#5055=ADVANCED_FACE('',(#350),#4847,.F.);
#5056=ADVANCED_FACE('',(#351),#4848,.F.);
#5057=ADVANCED_FACE('',(#352),#4849,.F.);
#5058=ADVANCED_FACE('',(#353),#4850,.T.);
#5059=ADVANCED_FACE('',(#354),#4851,.T.);
#5060=ADVANCED_FACE('',(#355),#4852,.T.);
#5061=ADVANCED_FACE('',(#356),#4853,.T.);
#5062=ADVANCED_FACE('',(#357),#4854,.T.);
#5063=ADVANCED_FACE('',(#358),#4855,.T.);
#5064=ADVANCED_FACE('',(#359),#4856,.T.);
#5065=ADVANCED_FACE('',(#360),#4857,.T.);
#5066=ADVANCED_FACE('',(#361),#4858,.T.);
#5067=ADVANCED_FACE('',(#362,#56,#57,#58,#59,#60,#61,#62,#63,#64,#65,#66,
#67,#68,#69,#70,#71,#72,#73,#74,#75,#76,#77,#78,#79,#80,#81,#82,#83,#84,
#85,#86,#87,#88,#89,#90,#91,#92,#93,#94,#95,#96,#97),#4859,.T.);
#5068=ADVANCED_FACE('',(#363),#25,.T.);
#5069=ADVANCED_FACE('',(#364),#4860,.F.);
#5070=ADVANCED_FACE('',(#365),#4861,.T.);
#5071=ADVANCED_FACE('',(#366),#4862,.T.);
#5072=ADVANCED_FACE('',(#367),#4863,.T.);
#5073=ADVANCED_FACE('',(#368),#4864,.F.);
#5074=ADVANCED_FACE('',(#369),#26,.T.);
#5075=ADVANCED_FACE('',(#370),#4865,.F.);
#5076=ADVANCED_FACE('',(#371),#4866,.F.);
#5077=ADVANCED_FACE('',(#372),#4867,.T.);
#5078=ADVANCED_FACE('',(#373),#4868,.T.);
#5079=ADVANCED_FACE('',(#374),#4869,.T.);
#5080=ADVANCED_FACE('',(#375),#19,.T.);
#5081=ADVANCED_FACE('',(#376),#27,.T.);
#5082=ADVANCED_FACE('',(#377),#28,.T.);
#5083=ADVANCED_FACE('',(#378),#29,.T.);
#5084=ADVANCED_FACE('',(#379),#20,.T.);
#5085=ADVANCED_FACE('',(#380),#30,.T.);
#5086=ADVANCED_FACE('',(#381),#21,.T.);
#5087=ADVANCED_FACE('',(#382),#31,.T.);
#5088=ADVANCED_FACE('',(#383),#32,.T.);
#5089=ADVANCED_FACE('',(#384),#22,.T.);
#5090=ADVANCED_FACE('',(#385),#23,.T.);
#5091=ADVANCED_FACE('',(#386),#33,.T.);
#5092=ADVANCED_FACE('',(#387),#34,.T.);
#5093=ADVANCED_FACE('',(#388),#24,.T.);
#5094=ADVANCED_FACE('',(#389),#35,.T.);
#5095=ADVANCED_FACE('',(#390),#36,.T.);
#5096=ADVANCED_FACE('',(#391),#37,.T.);
#5097=ADVANCED_FACE('',(#392),#38,.T.);
#5098=ADVANCED_FACE('',(#393),#39,.T.);
#5099=ADVANCED_FACE('',(#394),#40,.T.);
#5100=ADVANCED_FACE('',(#395),#41,.T.);
#5101=ADVANCED_FACE('',(#396),#4870,.T.);
#5102=ADVANCED_FACE('',(#397),#4871,.T.);
#5103=ADVANCED_FACE('',(#398),#4872,.T.);
#5104=ADVANCED_FACE('',(#399),#4873,.T.);
#5105=ADVANCED_FACE('',(#400),#4874,.T.);
#5106=ADVANCED_FACE('',(#401),#4875,.T.);
#5107=ADVANCED_FACE('',(#402),#4876,.T.);
#5108=ADVANCED_FACE('',(#403),#4877,.T.);
#5109=ADVANCED_FACE('',(#404),#4878,.T.);
#5110=ADVANCED_FACE('',(#405),#4879,.T.);
#5111=ADVANCED_FACE('',(#406),#4880,.T.);
#5112=ADVANCED_FACE('',(#407),#42,.F.);
#5113=ADVANCED_FACE('',(#408),#4881,.T.);
#5114=ADVANCED_FACE('',(#409),#4882,.T.);
#5115=ADVANCED_FACE('',(#410),#4883,.T.);
#5116=ADVANCED_FACE('',(#411),#4884,.T.);
#5117=ADVANCED_FACE('',(#412),#4885,.T.);
#5118=ADVANCED_FACE('',(#413),#4886,.T.);
#5119=ADVANCED_FACE('',(#414),#4887,.T.);
#5120=ADVANCED_FACE('',(#415),#4888,.T.);
#5121=ADVANCED_FACE('',(#416),#4889,.T.);
#5122=ADVANCED_FACE('',(#417),#4890,.T.);
#5123=ADVANCED_FACE('',(#418),#4891,.T.);
#5124=ADVANCED_FACE('',(#419,#98,#99,#100,#101,#102,#103,#104,#105,#106,
#107,#108,#109,#110,#111,#112),#4892,.T.);
#5125=ADVANCED_FACE('',(#420),#4893,.F.);
#5126=ADVANCED_FACE('',(#421,#113,#114,#115,#116,#117),#4894,.T.);
#5127=ADVANCED_FACE('',(#422),#4895,.T.);
#5128=ADVANCED_FACE('',(#423),#43,.F.);
#5129=ADVANCED_FACE('',(#424),#4896,.T.);
#5130=ADVANCED_FACE('',(#425),#44,.F.);
#5131=ADVANCED_FACE('',(#426),#4897,.T.);
#5132=ADVANCED_FACE('',(#427),#45,.F.);
#5133=ADVANCED_FACE('',(#428),#4898,.T.);
#5134=ADVANCED_FACE('',(#429),#46,.F.);
#5135=ADVANCED_FACE('',(#430),#4899,.T.);
#5136=ADVANCED_FACE('',(#431),#47,.F.);
#5137=ADVANCED_FACE('',(#432),#4900,.T.);
#5138=ADVANCED_FACE('',(#433),#48,.F.);
#5139=ADVANCED_FACE('',(#434),#4901,.T.);
#5140=ADVANCED_FACE('',(#435),#49,.F.);
#5141=ADVANCED_FACE('',(#436),#4902,.T.);
#5142=ADVANCED_FACE('',(#437),#50,.F.);
#5143=ADVANCED_FACE('',(#438),#4903,.T.);
#5144=ADVANCED_FACE('',(#439),#51,.F.);
#5145=ADVANCED_FACE('',(#440),#52,.F.);
#5146=ADVANCED_FACE('',(#441),#4904,.T.);
#5147=ADVANCED_FACE('',(#442),#53,.F.);
#5148=ADVANCED_FACE('',(#443,#118),#4905,.T.);
#5149=ADVANCED_FACE('',(#444),#4906,.T.);
#5150=ADVANCED_FACE('',(#445),#4907,.T.);
#5151=ADVANCED_FACE('',(#446),#4908,.F.);
#5152=ADVANCED_FACE('',(#447),#4909,.F.);
#5153=ADVANCED_FACE('',(#448),#4910,.F.);
#5154=ADVANCED_FACE('',(#449),#4911,.F.);
#5155=ADVANCED_FACE('',(#450),#4912,.F.);
#5156=ADVANCED_FACE('',(#451,#119,#120,#121,#122,#123,#124,#125,#126,#127,
#128,#129,#130,#131,#132,#133),#4913,.F.);
#5157=ADVANCED_FACE('',(#452),#54,.T.);
#5158=ADVANCED_FACE('',(#453),#55,.F.);
#5159=ADVANCED_FACE('',(#454),#4914,.F.);
#5160=ADVANCED_FACE('',(#455),#4915,.F.);
#5161=ADVANCED_FACE('',(#456),#4916,.F.);
#5162=ADVANCED_FACE('',(#457),#4917,.F.);
#5163=ADVANCED_FACE('',(#458),#4918,.F.);
#5164=ADVANCED_FACE('',(#459),#4919,.F.);
#5165=ADVANCED_FACE('',(#460),#4920,.F.);
#5166=CLOSED_SHELL('',(#4921,#4922,#4923,#4924,#4925,#4926,#4927,#4928,
#4929,#4930,#4931,#4932,#4933,#4934,#4935,#4936,#4937,#4938,#4939,#4940,
#4941,#4942,#4943,#4944,#4945,#4946,#4947,#4948,#4949,#4950,#4951,#4952,
#4953,#4954,#4955,#4956,#4957,#4958,#4959,#4960,#4961,#4962,#4963,#4964,
#4965,#4966,#4967,#4968,#4969,#4970,#4971,#4972,#4973,#4974,#4975,#4976,
#4977,#4978,#4979,#4980,#4981,#4982,#4983,#4984,#4985,#4986,#4987,#4988,
#4989,#4990,#4991,#4992,#4993,#4994,#4995,#4996,#4997,#4998,#4999,#5000,
#5001,#5002,#5003,#5004,#5005,#5006,#5007,#5008,#5009,#5010,#5011,#5012,
#5013,#5014,#5015,#5016,#5017,#5018,#5019,#5020,#5021,#5022,#5023,#5024,
#5025,#5026,#5027,#5028,#5029,#5030,#5031,#5032,#5033,#5034,#5035,#5036,
#5037,#5038,#5039,#5040,#5041,#5042,#5043,#5044,#5045,#5046,#5047,#5048,
#5049,#5050,#5051,#5052,#5053,#5054,#5055,#5056,#5057,#5058,#5059,#5060,
#5061,#5062,#5063,#5064,#5065,#5066,#5067,#5068,#5069,#5070,#5071,#5072,
#5073,#5074,#5075,#5076,#5077,#5078,#5079,#5080,#5081,#5082,#5083,#5084,
#5085,#5086,#5087,#5088,#5089,#5090,#5091,#5092,#5093,#5094,#5095,#5096,
#5097,#5098,#5099,#5100,#5101,#5102,#5103,#5104,#5105,#5106,#5107,#5108,
#5109,#5110,#5111,#5112,#5113,#5114,#5115,#5116,#5117,#5118,#5119,#5120,
#5121,#5122,#5123,#5124,#5125,#5126,#5127,#5128,#5129,#5130,#5131,#5132,
#5133,#5134,#5135,#5136,#5137,#5138,#5139,#5140,#5141,#5142,#5143,#5144,
#5145,#5146,#5147,#5148,#5149,#5150,#5151,#5152,#5153,#5154,#5155,#5156,
#5157,#5158,#5159,#5160,#5161,#5162,#5163,#5164,#5165));
#5167=DERIVED_UNIT_ELEMENT(#5169,1.);
#5168=DERIVED_UNIT_ELEMENT(#8266,-3.);
#5169=(
MASS_UNIT()
NAMED_UNIT(*)
SI_UNIT(.KILO.,.GRAM.)
);
#5170=DERIVED_UNIT((#5167,#5168));
#5171=MEASURE_REPRESENTATION_ITEM('density measure',
POSITIVE_RATIO_MEASURE(7850.),#5170);
#5172=PROPERTY_DEFINITION_REPRESENTATION(#5177,#5174);
#5173=PROPERTY_DEFINITION_REPRESENTATION(#5178,#5175);
#5174=REPRESENTATION('material name',(#5176),#8263);
#5175=REPRESENTATION('density',(#5171),#8263);
#5176=DESCRIPTIVE_REPRESENTATION_ITEM('A\X\E7o','A\X\E7o');
#5177=PROPERTY_DEFINITION('material property','material name',#8273);
#5178=PROPERTY_DEFINITION('material property','density of part',#8273);
#5179=AXIS2_PLACEMENT_3D('',#6814,#5511,#5512);
#5180=AXIS2_PLACEMENT_3D('',#6815,#5513,#5514);
#5181=AXIS2_PLACEMENT_3D('',#6824,#5519,#5520);
#5182=AXIS2_PLACEMENT_3D('',#6830,#5524,#5525);
#5183=AXIS2_PLACEMENT_3D('',#6836,#5529,#5530);
#5184=AXIS2_PLACEMENT_3D('',#6845,#5535,#5536);
#5185=AXIS2_PLACEMENT_3D('',#6851,#5540,#5541);
#5186=AXIS2_PLACEMENT_3D('',#6857,#5545,#5546);
#5187=AXIS2_PLACEMENT_3D('',#6866,#5551,#5552);
#5188=AXIS2_PLACEMENT_3D('',#6872,#5556,#5557);
#5189=AXIS2_PLACEMENT_3D('',#6878,#5561,#5562);
#5190=AXIS2_PLACEMENT_3D('',#6887,#5567,#5568);
#5191=AXIS2_PLACEMENT_3D('',#6893,#5572,#5573);
#5192=AXIS2_PLACEMENT_3D('',#6899,#5577,#5578);
#5193=AXIS2_PLACEMENT_3D('',#6908,#5583,#5584);
#5194=AXIS2_PLACEMENT_3D('',#6914,#5588,#5589);
#5195=AXIS2_PLACEMENT_3D('',#6920,#5593,#5594);
#5196=AXIS2_PLACEMENT_3D('',#6929,#5599,#5600);
#5197=AXIS2_PLACEMENT_3D('',#6935,#5604,#5605);
#5198=AXIS2_PLACEMENT_3D('',#6941,#5609,#5610);
#5199=AXIS2_PLACEMENT_3D('',#6950,#5615,#5616);
#5200=AXIS2_PLACEMENT_3D('',#6956,#5620,#5621);
#5201=AXIS2_PLACEMENT_3D('',#6962,#5625,#5626);
#5202=AXIS2_PLACEMENT_3D('',#6971,#5631,#5632);
#5203=AXIS2_PLACEMENT_3D('',#6977,#5636,#5637);
#5204=AXIS2_PLACEMENT_3D('',#6983,#5641,#5642);
#5205=AXIS2_PLACEMENT_3D('',#6992,#5647,#5648);
#5206=AXIS2_PLACEMENT_3D('',#6998,#5652,#5653);
#5207=AXIS2_PLACEMENT_3D('',#7004,#5657,#5658);
#5208=AXIS2_PLACEMENT_3D('',#7013,#5663,#5664);
#5209=AXIS2_PLACEMENT_3D('',#7019,#5668,#5669);
#5210=AXIS2_PLACEMENT_3D('',#7025,#5673,#5674);
#5211=AXIS2_PLACEMENT_3D('',#7034,#5679,#5680);
#5212=AXIS2_PLACEMENT_3D('',#7040,#5684,#5685);
#5213=AXIS2_PLACEMENT_3D('',#7049,#5690,#5691);
#5214=AXIS2_PLACEMENT_3D('',#7055,#5695,#5696);
#5215=AXIS2_PLACEMENT_3D('',#7061,#5700,#5701);
#5216=AXIS2_PLACEMENT_3D('',#7070,#5706,#5707);
#5217=AXIS2_PLACEMENT_3D('',#7076,#5711,#5712);
#5218=AXIS2_PLACEMENT_3D('',#7085,#5717,#5718);
#5219=AXIS2_PLACEMENT_3D('',#7091,#5722,#5723);
#5220=AXIS2_PLACEMENT_3D('',#7097,#5727,#5728);
#5221=AXIS2_PLACEMENT_3D('',#7106,#5733,#5734);
#5222=AXIS2_PLACEMENT_3D('',#7112,#5738,#5739);
#5223=AXIS2_PLACEMENT_3D('',#7118,#5743,#5744);
#5224=AXIS2_PLACEMENT_3D('',#7127,#5749,#5750);
#5225=AXIS2_PLACEMENT_3D('',#7133,#5754,#5755);
#5226=AXIS2_PLACEMENT_3D('',#7139,#5759,#5760);
#5227=AXIS2_PLACEMENT_3D('',#7148,#5765,#5766);
#5228=AXIS2_PLACEMENT_3D('',#7154,#5770,#5771);
#5229=AXIS2_PLACEMENT_3D('',#7160,#5775,#5776);
#5230=AXIS2_PLACEMENT_3D('',#7169,#5781,#5782);
#5231=AXIS2_PLACEMENT_3D('',#7175,#5786,#5787);
#5232=AXIS2_PLACEMENT_3D('',#7181,#5791,#5792);
#5233=AXIS2_PLACEMENT_3D('',#7190,#5797,#5798);
#5234=AXIS2_PLACEMENT_3D('',#7196,#5802,#5803);
#5235=AXIS2_PLACEMENT_3D('',#7202,#5807,#5808);
#5236=AXIS2_PLACEMENT_3D('',#7208,#5812,#5813);
#5237=AXIS2_PLACEMENT_3D('',#7211,#5816,#5817);
#5238=AXIS2_PLACEMENT_3D('',#7214,#5820,#5821);
#5239=AXIS2_PLACEMENT_3D('',#7217,#5824,#5825);
#5240=AXIS2_PLACEMENT_3D('',#7220,#5828,#5829);
#5241=AXIS2_PLACEMENT_3D('',#7223,#5832,#5833);
#5242=AXIS2_PLACEMENT_3D('',#7226,#5836,#5837);
#5243=AXIS2_PLACEMENT_3D('',#7232,#5841,#5842);
#5244=AXIS2_PLACEMENT_3D('',#7235,#5845,#5846);
#5245=AXIS2_PLACEMENT_3D('',#7238,#5849,#5850);
#5246=AXIS2_PLACEMENT_3D('',#7241,#5853,#5854);
#5247=AXIS2_PLACEMENT_3D('',#7244,#5857,#5858);
#5248=AXIS2_PLACEMENT_3D('',#7247,#5861,#5862);
#5249=AXIS2_PLACEMENT_3D('',#7250,#5865,#5866);
#5250=AXIS2_PLACEMENT_3D('',#7253,#5869,#5870);
#5251=AXIS2_PLACEMENT_3D('',#7259,#5874,#5875);
#5252=AXIS2_PLACEMENT_3D('',#7262,#5878,#5879);
#5253=AXIS2_PLACEMENT_3D('',#7265,#5882,#5883);
#5254=AXIS2_PLACEMENT_3D('',#7274,#5888,#5889);
#5255=AXIS2_PLACEMENT_3D('',#7280,#5893,#5894);
#5256=AXIS2_PLACEMENT_3D('',#7286,#5898,#5899);
#5257=AXIS2_PLACEMENT_3D('',#7295,#5904,#5905);
#5258=AXIS2_PLACEMENT_3D('',#7301,#5909,#5910);
#5259=AXIS2_PLACEMENT_3D('',#7307,#5914,#5915);
#5260=AXIS2_PLACEMENT_3D('',#7316,#5920,#5921);
#5261=AXIS2_PLACEMENT_3D('',#7322,#5925,#5926);
#5262=AXIS2_PLACEMENT_3D('',#7328,#5930,#5931);
#5263=AXIS2_PLACEMENT_3D('',#7337,#5936,#5937);
#5264=AXIS2_PLACEMENT_3D('',#7343,#5941,#5942);
#5265=AXIS2_PLACEMENT_3D('',#7349,#5946,#5947);
#5266=AXIS2_PLACEMENT_3D('',#7358,#5952,#5953);
#5267=AXIS2_PLACEMENT_3D('',#7364,#5957,#5958);
#5268=AXIS2_PLACEMENT_3D('',#7370,#5962,#5963);
#5269=AXIS2_PLACEMENT_3D('',#7379,#5968,#5969);
#5270=AXIS2_PLACEMENT_3D('',#7385,#5973,#5974);
#5271=AXIS2_PLACEMENT_3D('',#7391,#5978,#5979);
#5272=AXIS2_PLACEMENT_3D('',#7400,#5984,#5985);
#5273=AXIS2_PLACEMENT_3D('',#7406,#5989,#5990);
#5274=AXIS2_PLACEMENT_3D('',#7412,#5994,#5995);
#5275=AXIS2_PLACEMENT_3D('',#7421,#6000,#6001);
#5276=AXIS2_PLACEMENT_3D('',#7427,#6005,#6006);
#5277=AXIS2_PLACEMENT_3D('',#7433,#6010,#6011);
#5278=AXIS2_PLACEMENT_3D('',#7442,#6016,#6017);
#5279=AXIS2_PLACEMENT_3D('',#7448,#6021,#6022);
#5280=AXIS2_PLACEMENT_3D('',#7454,#6026,#6027);
#5281=AXIS2_PLACEMENT_3D('',#7463,#6032,#6033);
#5282=AXIS2_PLACEMENT_3D('',#7469,#6037,#6038);
#5283=AXIS2_PLACEMENT_3D('',#7478,#6043,#6044);
#5284=AXIS2_PLACEMENT_3D('',#7484,#6048,#6049);
#5285=AXIS2_PLACEMENT_3D('',#7490,#6053,#6054);
#5286=AXIS2_PLACEMENT_3D('',#7499,#6059,#6060);
#5287=AXIS2_PLACEMENT_3D('',#7505,#6064,#6065);
#5288=AXIS2_PLACEMENT_3D('',#7514,#6070,#6071);
#5289=AXIS2_PLACEMENT_3D('',#7520,#6075,#6076);
#5290=AXIS2_PLACEMENT_3D('',#7526,#6080,#6081);
#5291=AXIS2_PLACEMENT_3D('',#7535,#6086,#6087);
#5292=AXIS2_PLACEMENT_3D('',#7541,#6091,#6092);
#5293=AXIS2_PLACEMENT_3D('',#7547,#6096,#6097);
#5294=AXIS2_PLACEMENT_3D('',#7556,#6102,#6103);
#5295=AXIS2_PLACEMENT_3D('',#7562,#6107,#6108);
#5296=AXIS2_PLACEMENT_3D('',#7568,#6112,#6113);
#5297=AXIS2_PLACEMENT_3D('',#7577,#6118,#6119);
#5298=AXIS2_PLACEMENT_3D('',#7583,#6123,#6124);
#5299=AXIS2_PLACEMENT_3D('',#7589,#6128,#6129);
#5300=AXIS2_PLACEMENT_3D('',#7598,#6134,#6135);
#5301=AXIS2_PLACEMENT_3D('',#7604,#6139,#6140);
#5302=AXIS2_PLACEMENT_3D('',#7610,#6144,#6145);
#5303=AXIS2_PLACEMENT_3D('',#7619,#6150,#6151);
#5304=AXIS2_PLACEMENT_3D('',#7625,#6155,#6156);
#5305=AXIS2_PLACEMENT_3D('',#7631,#6160,#6161);
#5306=AXIS2_PLACEMENT_3D('',#7640,#6166,#6167);
#5307=AXIS2_PLACEMENT_3D('',#7646,#6171,#6172);
#5308=AXIS2_PLACEMENT_3D('',#7652,#6176,#6177);
#5309=AXIS2_PLACEMENT_3D('',#7655,#6180,#6181);
#5310=AXIS2_PLACEMENT_3D('',#7658,#6184,#6185);
#5311=AXIS2_PLACEMENT_3D('',#7661,#6188,#6189);
#5312=AXIS2_PLACEMENT_3D('',#7664,#6192,#6193);
#5313=AXIS2_PLACEMENT_3D('',#7667,#6196,#6197);
#5314=AXIS2_PLACEMENT_3D('',#7670,#6200,#6201);
#5315=AXIS2_PLACEMENT_3D('',#7673,#6204,#6205);
#5316=AXIS2_PLACEMENT_3D('',#7679,#6209,#6210);
#5317=AXIS2_PLACEMENT_3D('',#7682,#6213,#6214);
#5318=AXIS2_PLACEMENT_3D('',#7685,#6217,#6218);
#5319=AXIS2_PLACEMENT_3D('',#7688,#6221,#6222);
#5320=AXIS2_PLACEMENT_3D('',#7691,#6225,#6226);
#5321=AXIS2_PLACEMENT_3D('',#7694,#6229,#6230);
#5322=AXIS2_PLACEMENT_3D('',#7697,#6233,#6234);
#5323=AXIS2_PLACEMENT_3D('',#7703,#6238,#6239);
#5324=AXIS2_PLACEMENT_3D('',#7706,#6242,#6243);
#5325=AXIS2_PLACEMENT_3D('',#7712,#6247,#6248);
#5326=AXIS2_PLACEMENT_3D('',#7715,#6251,#6252);
#5327=AXIS2_PLACEMENT_3D('',#7717,#6253,#6254);
#5328=AXIS2_PLACEMENT_3D('',#7725,#6258,#6259);
#5329=AXIS2_PLACEMENT_3D('',#7732,#6263,#6264);
#5330=AXIS2_PLACEMENT_3D('',#7736,#6266,#6267);
#5331=AXIS2_PLACEMENT_3D('',#7740,#6269,#6270);
#5332=AXIS2_PLACEMENT_3D('',#7746,#6273,#6274);
#5333=AXIS2_PLACEMENT_3D('',#7754,#6278,#6279);
#5334=AXIS2_PLACEMENT_3D('',#7762,#6283,#6284);
#5335=AXIS2_PLACEMENT_3D('',#7770,#6289,#6290);
#5336=AXIS2_PLACEMENT_3D('',#7771,#6291,#6292);
#5337=AXIS2_PLACEMENT_3D('',#7773,#6294,#6295);
#5338=AXIS2_PLACEMENT_3D('',#7774,#6296,#6297);
#5339=AXIS2_PLACEMENT_3D('',#7777,#6299,#6300);
#5340=AXIS2_PLACEMENT_3D('',#7780,#6301,#6302);
#5341=AXIS2_PLACEMENT_3D('',#7784,#6304,#6305);
#5342=AXIS2_PLACEMENT_3D('',#7788,#6307,#6308);
#5343=AXIS2_PLACEMENT_3D('',#7792,#6310,#6311);
#5344=AXIS2_PLACEMENT_3D('',#7796,#6313,#6314);
#5345=AXIS2_PLACEMENT_3D('',#7800,#6316,#6317);
#5346=AXIS2_PLACEMENT_3D('',#7804,#6319,#6320);
#5347=AXIS2_PLACEMENT_3D('',#7808,#6322,#6323);
#5348=AXIS2_PLACEMENT_3D('',#7814,#6326,#6327);
#5349=AXIS2_PLACEMENT_3D('',#7817,#6329,#6330);
#5350=AXIS2_PLACEMENT_3D('',#7818,#6331,#6332);
#5351=AXIS2_PLACEMENT_3D('',#7820,#6333,#6334);
#5352=AXIS2_PLACEMENT_3D('',#7824,#6336,#6337);
#5353=AXIS2_PLACEMENT_3D('',#7828,#6339,#6340);
#5354=AXIS2_PLACEMENT_3D('',#7831,#6342,#6343);
#5355=AXIS2_PLACEMENT_3D('',#7832,#6344,#6345);
#5356=AXIS2_PLACEMENT_3D('',#7834,#6346,#6347);
#5357=AXIS2_PLACEMENT_3D('',#7838,#6349,#6350);
#5358=AXIS2_PLACEMENT_3D('',#7842,#6352,#6353);
#5359=AXIS2_PLACEMENT_3D('',#7846,#6355,#6356);
#5360=AXIS2_PLACEMENT_3D('',#7849,#6358,#6359);
#5361=AXIS2_PLACEMENT_3D('',#7850,#6360,#6361);
#5362=AXIS2_PLACEMENT_3D('',#7852,#6362,#6363);
#5363=AXIS2_PLACEMENT_3D('',#7856,#6365,#6366);
#5364=AXIS2_PLACEMENT_3D('',#7859,#6368,#6369);
#5365=AXIS2_PLACEMENT_3D('',#7860,#6370,#6371);
#5366=AXIS2_PLACEMENT_3D('',#7865,#6373,#6374);
#5367=AXIS2_PLACEMENT_3D('',#7869,#6377,#6378);
#5368=AXIS2_PLACEMENT_3D('',#7878,#6383,#6384);
#5369=AXIS2_PLACEMENT_3D('',#7884,#6388,#6389);
#5370=AXIS2_PLACEMENT_3D('',#7885,#6390,#6391);
#5371=AXIS2_PLACEMENT_3D('',#7887,#6393,#6394);
#5372=AXIS2_PLACEMENT_3D('',#7892,#6397,#6398);
#5373=AXIS2_PLACEMENT_3D('',#7893,#6399,#6400);
#5374=AXIS2_PLACEMENT_3D('',#7897,#6402,#6403);
#5375=AXIS2_PLACEMENT_3D('',#7902,#6406,#6407);
#5376=AXIS2_PLACEMENT_3D('',#7907,#6410,#6411);
#5377=AXIS2_PLACEMENT_3D('',#7909,#6413,#6414);
#5378=AXIS2_PLACEMENT_3D('',#7915,#6418,#6419);
#5379=AXIS2_PLACEMENT_3D('',#7921,#6423,#6424);
#5380=AXIS2_PLACEMENT_3D('',#7925,#6427,#6428);
#5381=AXIS2_PLACEMENT_3D('',#7929,#6431,#6432);
#5382=AXIS2_PLACEMENT_3D('',#7931,#6434,#6435);
#5383=AXIS2_PLACEMENT_3D('',#7934,#6436,#6437);
#5384=AXIS2_PLACEMENT_3D('',#7936,#6438,#6439);
#5385=AXIS2_PLACEMENT_3D('',#7937,#6440,#6441);
#5386=AXIS2_PLACEMENT_3D('',#7938,#6442,#6443);
#5387=AXIS2_PLACEMENT_3D('',#7941,#6444,#6445);
#5388=AXIS2_PLACEMENT_3D('',#7944,#6448,#6449);
#5389=AXIS2_PLACEMENT_3D('',#7949,#6452,#6453);
#5390=AXIS2_PLACEMENT_3D('',#7950,#6454,#6455);
#5391=AXIS2_PLACEMENT_3D('',#7954,#6457,#6458);
#5392=AXIS2_PLACEMENT_3D('',#7956,#6460,#6461);
#5393=AXIS2_PLACEMENT_3D('',#7959,#6462,#6463);
#5394=AXIS2_PLACEMENT_3D('',#7961,#6464,#6465);
#5395=AXIS2_PLACEMENT_3D('',#7962,#6466,#6467);
#5396=AXIS2_PLACEMENT_3D('',#7963,#6468,#6469);
#5397=AXIS2_PLACEMENT_3D('',#7966,#6472,#6473);
#5398=AXIS2_PLACEMENT_3D('',#7969,#6474,#6475);
#5399=AXIS2_PLACEMENT_3D('',#7971,#6476,#6477);
#5400=AXIS2_PLACEMENT_3D('',#7972,#6478,#6479);
#5401=AXIS2_PLACEMENT_3D('',#7973,#6480,#6481);
#5402=AXIS2_PLACEMENT_3D('',#7976,#6482,#6483);
#5403=AXIS2_PLACEMENT_3D('',#7979,#6486,#6487);
#5404=AXIS2_PLACEMENT_3D('',#7982,#6490,#6491);
#5405=AXIS2_PLACEMENT_3D('',#7985,#6492,#6493);
#5406=AXIS2_PLACEMENT_3D('',#7987,#6494,#6495);
#5407=AXIS2_PLACEMENT_3D('',#7988,#6496,#6497);
#5408=AXIS2_PLACEMENT_3D('',#7989,#6498,#6499);
#5409=AXIS2_PLACEMENT_3D('',#7992,#6500,#6501);
#5410=AXIS2_PLACEMENT_3D('',#7994,#6502,#6503);
#5411=AXIS2_PLACEMENT_3D('',#7995,#6504,#6505);
#5412=AXIS2_PLACEMENT_3D('',#7996,#6506,#6507);
#5413=AXIS2_PLACEMENT_3D('',#7999,#6510,#6511);
#5414=AXIS2_PLACEMENT_3D('',#8002,#6514,#6515);
#5415=AXIS2_PLACEMENT_3D('',#8005,#6516,#6517);
#5416=AXIS2_PLACEMENT_3D('',#8007,#6518,#6519);
#5417=AXIS2_PLACEMENT_3D('',#8008,#6520,#6521);
#5418=AXIS2_PLACEMENT_3D('',#8009,#6522,#6523);
#5419=AXIS2_PLACEMENT_3D('',#8011,#6524,#6525);
#5420=AXIS2_PLACEMENT_3D('',#8014,#6527,#6528);
#5421=AXIS2_PLACEMENT_3D('',#8015,#6529,#6530);
#5422=AXIS2_PLACEMENT_3D('',#8018,#6533,#6534);
#5423=AXIS2_PLACEMENT_3D('',#8021,#6537,#6538);
#5424=AXIS2_PLACEMENT_3D('',#8024,#6541,#6542);
#5425=AXIS2_PLACEMENT_3D('',#8027,#6545,#6546);
#5426=AXIS2_PLACEMENT_3D('',#8030,#6549,#6550);
#5427=AXIS2_PLACEMENT_3D('',#8033,#6553,#6554);
#5428=AXIS2_PLACEMENT_3D('',#8037,#6557,#6558);
#5429=AXIS2_PLACEMENT_3D('',#8039,#6560,#6561);
#5430=AXIS2_PLACEMENT_3D('',#8050,#6568,#6569);
#5431=AXIS2_PLACEMENT_3D('',#8051,#6570,#6571);
#5432=AXIS2_PLACEMENT_3D('',#8052,#6572,#6573);
#5433=AXIS2_PLACEMENT_3D('',#8054,#6575,#6576);
#5434=AXIS2_PLACEMENT_3D('',#8056,#6578,#6579);
#5435=AXIS2_PLACEMENT_3D('',#8058,#6581,#6582);
#5436=AXIS2_PLACEMENT_3D('',#8062,#6585,#6586);
#5437=AXIS2_PLACEMENT_3D('',#8066,#6589,#6590);
#5438=AXIS2_PLACEMENT_3D('',#8072,#6594,#6595);
#5439=AXIS2_PLACEMENT_3D('',#8075,#6597,#6598);
#5440=AXIS2_PLACEMENT_3D('',#8076,#6599,#6600);
#5441=AXIS2_PLACEMENT_3D('',#8080,#6603,#6604);
#5442=AXIS2_PLACEMENT_3D('',#8084,#6607,#6608);
#5443=AXIS2_PLACEMENT_3D('',#8086,#6610,#6611);
#5444=AXIS2_PLACEMENT_3D('',#8090,#6614,#6615);
#5445=AXIS2_PLACEMENT_3D('',#8092,#6617,#6618);
#5446=AXIS2_PLACEMENT_3D('',#8093,#6619,#6620);
#5447=AXIS2_PLACEMENT_3D('',#8094,#6621,#6622);
#5448=AXIS2_PLACEMENT_3D('',#8096,#6624,#6625);
#5449=AXIS2_PLACEMENT_3D('',#8097,#6626,#6627);
#5450=AXIS2_PLACEMENT_3D('',#8101,#6630,#6631);
#5451=AXIS2_PLACEMENT_3D('',#8106,#6636,#6637);
#5452=AXIS2_PLACEMENT_3D('',#8109,#6639,#6640);
#5453=AXIS2_PLACEMENT_3D('',#8110,#6641,#6642);
#5454=AXIS2_PLACEMENT_3D('',#8112,#6644,#6645);
#5455=AXIS2_PLACEMENT_3D('',#8115,#6646,#6647);
#5456=AXIS2_PLACEMENT_3D('',#8119,#6649,#6650);
#5457=AXIS2_PLACEMENT_3D('',#8123,#6652,#6653);
#5458=AXIS2_PLACEMENT_3D('',#8127,#6655,#6656);
#5459=AXIS2_PLACEMENT_3D('',#8131,#6658,#6659);
#5460=AXIS2_PLACEMENT_3D('',#8135,#6661,#6662);
#5461=AXIS2_PLACEMENT_3D('',#8139,#6664,#6665);
#5462=AXIS2_PLACEMENT_3D('',#8143,#6667,#6668);
#5463=AXIS2_PLACEMENT_3D('',#8147,#6670,#6671);
#5464=AXIS2_PLACEMENT_3D('',#8151,#6673,#6674);
#5465=AXIS2_PLACEMENT_3D('',#8153,#6676,#6677);
#5466=AXIS2_PLACEMENT_3D('',#8156,#6680,#6681);
#5467=AXIS2_PLACEMENT_3D('',#8158,#6683,#6684);
#5468=AXIS2_PLACEMENT_3D('',#8161,#6687,#6688);
#5469=AXIS2_PLACEMENT_3D('',#8163,#6690,#6691);
#5470=AXIS2_PLACEMENT_3D('',#8166,#6694,#6695);
#5471=AXIS2_PLACEMENT_3D('',#8168,#6697,#6698);
#5472=AXIS2_PLACEMENT_3D('',#8171,#6701,#6702);
#5473=AXIS2_PLACEMENT_3D('',#8173,#6704,#6705);
#5474=AXIS2_PLACEMENT_3D('',#8176,#6708,#6709);
#5475=AXIS2_PLACEMENT_3D('',#8178,#6711,#6712);
#5476=AXIS2_PLACEMENT_3D('',#8180,#6714,#6715);
#5477=AXIS2_PLACEMENT_3D('',#8181,#6716,#6717);
#5478=AXIS2_PLACEMENT_3D('',#8183,#6719,#6720);
#5479=AXIS2_PLACEMENT_3D('',#8184,#6721,#6722);
#5480=AXIS2_PLACEMENT_3D('',#8186,#6724,#6725);
#5481=AXIS2_PLACEMENT_3D('',#8187,#6726,#6727);
#5482=AXIS2_PLACEMENT_3D('',#8189,#6729,#6730);
#5483=AXIS2_PLACEMENT_3D('',#8190,#6731,#6732);
#5484=AXIS2_PLACEMENT_3D('',#8192,#6734,#6735);
#5485=AXIS2_PLACEMENT_3D('',#8193,#6736,#6737);
#5486=AXIS2_PLACEMENT_3D('',#8195,#6738,#6739);
#5487=AXIS2_PLACEMENT_3D('',#8197,#6741,#6742);
#5488=AXIS2_PLACEMENT_3D('',#8198,#6743,#6744);
#5489=AXIS2_PLACEMENT_3D('',#8203,#6747,#6748);
#5490=AXIS2_PLACEMENT_3D('',#8204,#6749,#6750);
#5491=AXIS2_PLACEMENT_3D('',#8208,#6752,#6753);
#5492=AXIS2_PLACEMENT_3D('',#8210,#6755,#6756);
#5493=AXIS2_PLACEMENT_3D('',#8214,#6759,#6760);
#5494=AXIS2_PLACEMENT_3D('',#8218,#6763,#6764);
#5495=AXIS2_PLACEMENT_3D('',#8219,#6765,#6766);
#5496=AXIS2_PLACEMENT_3D('',#8220,#6767,#6768);
#5497=AXIS2_PLACEMENT_3D('',#8224,#6771,#6772);
#5498=AXIS2_PLACEMENT_3D('',#8226,#6774,#6775);
#5499=AXIS2_PLACEMENT_3D('',#8227,#6776,#6777);
#5500=AXIS2_PLACEMENT_3D('',#8228,#6778,#6779);
#5501=AXIS2_PLACEMENT_3D('',#8232,#6781,#6782);
#5502=AXIS2_PLACEMENT_3D('',#8234,#6784,#6785);
#5503=AXIS2_PLACEMENT_3D('',#8238,#6787,#6788);
#5504=AXIS2_PLACEMENT_3D('',#8240,#6790,#6791);
#5505=AXIS2_PLACEMENT_3D('',#8244,#6794,#6795);
#5506=AXIS2_PLACEMENT_3D('',#8248,#6798,#6799);
#5507=AXIS2_PLACEMENT_3D('',#8250,#6801,#6802);
#5508=AXIS2_PLACEMENT_3D('',#8254,#6805,#6806);
#5509=AXIS2_PLACEMENT_3D('',#8258,#6809,#6810);
#5510=AXIS2_PLACEMENT_3D('',#8260,#6812,#6813);
#5511=DIRECTION('axis',(0.,0.,1.));
#5512=DIRECTION('refdir',(1.,0.,0.));
#5513=DIRECTION('center_axis',(1.,0.,0.));
#5514=DIRECTION('ref_axis',(0.,1.,0.));
#5515=DIRECTION('',(0.,-1.,0.));
#5516=DIRECTION('',(0.,0.,-1.));
#5517=DIRECTION('',(0.,1.,0.));
#5518=DIRECTION('',(0.,0.,1.));
#5519=DIRECTION('center_axis',(0.105673758659197,0.994400853142654,0.));
#5520=DIRECTION('ref_axis',(-0.994400853142654,0.105673758659197,0.));
#5521=DIRECTION('',(0.994400853142654,-0.105673758659197,0.));
#5522=DIRECTION('',(-0.994400853142654,0.105673758659197,0.));
#5523=DIRECTION('',(0.,0.,1.));
#5524=DIRECTION('center_axis',(-1.,3.37318533744809E-16,0.));
#5525=DIRECTION('ref_axis',(-3.37318533744809E-16,-1.,0.));
#5526=DIRECTION('',(-3.37318533744809E-16,-1.,0.));
#5527=DIRECTION('',(-3.37318533744809E-16,-1.,0.));
#5528=DIRECTION('',(0.,0.,1.));
#5529=DIRECTION('center_axis',(1.,-1.62116334529997E-16,0.));
#5530=DIRECTION('ref_axis',(1.62116334529997E-16,1.,0.));
#5531=DIRECTION('',(-1.62116334529997E-16,-1.,0.));
#5532=DIRECTION('',(0.,0.,-1.));
#5533=DIRECTION('',(1.62116334529997E-16,1.,0.));
#5534=DIRECTION('',(0.,0.,1.));
#5535=DIRECTION('center_axis',(0.105673758659197,0.994400853142654,0.));
#5536=DIRECTION('ref_axis',(-0.994400853142654,0.105673758659197,0.));
#5537=DIRECTION('',(0.994400853142654,-0.105673758659197,0.));
#5538=DIRECTION('',(-0.994400853142654,0.105673758659197,0.));
#5539=DIRECTION('',(0.,0.,1.));
#5540=DIRECTION('center_axis',(-1.,0.,0.));
#5541=DIRECTION('ref_axis',(0.,-1.,0.));
#5542=DIRECTION('',(0.,-1.,0.));
#5543=DIRECTION('',(0.,-1.,0.));
#5544=DIRECTION('',(0.,0.,1.));
#5545=DIRECTION('center_axis',(1.,0.,0.));
#5546=DIRECTION('ref_axis',(0.,1.,0.));
#5547=DIRECTION('',(0.,-1.,0.));
#5548=DIRECTION('',(0.,0.,-1.));
#5549=DIRECTION('',(0.,1.,0.));
#5550=DIRECTION('',(0.,0.,1.));
#5551=DIRECTION('center_axis',(-0.105673758659197,0.994400853142654,0.));
#5552=DIRECTION('ref_axis',(-0.994400853142654,-0.105673758659197,0.));
#5553=DIRECTION('',(-0.994400853142654,-0.105673758659197,0.));
#5554=DIRECTION('',(-0.994400853142654,-0.105673758659197,0.));
#5555=DIRECTION('',(0.,0.,1.));
#5556=DIRECTION('center_axis',(-1.,-1.62116334529997E-16,0.));
#5557=DIRECTION('ref_axis',(1.62116334529997E-16,-1.,0.));
#5558=DIRECTION('',(1.62116334529997E-16,-1.,0.));
#5559=DIRECTION('',(1.62116334529997E-16,-1.,0.));
#5560=DIRECTION('',(0.,0.,1.));
#5561=DIRECTION('center_axis',(1.,3.37318533744809E-16,0.));
#5562=DIRECTION('ref_axis',(-3.37318533744809E-16,1.,0.));
#5563=DIRECTION('',(3.37318533744809E-16,-1.,0.));
#5564=DIRECTION('',(0.,0.,-1.));
#5565=DIRECTION('',(-3.37318533744809E-16,1.,0.));
#5566=DIRECTION('',(0.,0.,1.));
#5567=DIRECTION('center_axis',(-0.105673758659197,0.994400853142654,0.));
#5568=DIRECTION('ref_axis',(-0.994400853142654,-0.105673758659197,0.));
#5569=DIRECTION('',(-0.994400853142654,-0.105673758659197,0.));
#5570=DIRECTION('',(-0.994400853142654,-0.105673758659197,0.));
#5571=DIRECTION('',(0.,0.,1.));
#5572=DIRECTION('center_axis',(-1.,0.,0.));
#5573=DIRECTION('ref_axis',(0.,-1.,0.));
#5574=DIRECTION('',(0.,-1.,0.));
#5575=DIRECTION('',(0.,-1.,0.));
#5576=DIRECTION('',(0.,0.,1.));
#5577=DIRECTION('center_axis',(1.,0.,0.));
#5578=DIRECTION('ref_axis',(0.,1.,0.));
#5579=DIRECTION('',(0.,-1.,0.));
#5580=DIRECTION('',(0.,0.,-1.));
#5581=DIRECTION('',(0.,1.,0.));
#5582=DIRECTION('',(0.,0.,1.));
#5583=DIRECTION('center_axis',(-0.105673758659197,0.994400853142654,0.));
#5584=DIRECTION('ref_axis',(-0.994400853142654,-0.105673758659197,0.));
#5585=DIRECTION('',(-0.994400853142654,-0.105673758659197,0.));
#5586=DIRECTION('',(-0.994400853142654,-0.105673758659197,0.));
#5587=DIRECTION('',(0.,0.,1.));
#5588=DIRECTION('center_axis',(-1.,-1.74342164903584E-15,0.));
#5589=DIRECTION('ref_axis',(1.74342164903584E-15,-1.,0.));
#5590=DIRECTION('',(1.74342164903584E-15,-1.,0.));
#5591=DIRECTION('',(1.74342164903584E-15,-1.,0.));
#5592=DIRECTION('',(0.,0.,1.));
#5593=DIRECTION('center_axis',(1.,9.20026222317787E-16,0.));
#5594=DIRECTION('ref_axis',(-9.20026222317787E-16,1.,0.));
#5595=DIRECTION('',(9.20026222317787E-16,-1.,0.));
#5596=DIRECTION('',(0.,0.,-1.));
#5597=DIRECTION('',(-9.20026222317787E-16,1.,0.));
#5598=DIRECTION('',(0.,0.,1.));
#5599=DIRECTION('center_axis',(-0.105673758659197,0.994400853142654,0.));
#5600=DIRECTION('ref_axis',(-0.994400853142654,-0.105673758659197,0.));
#5601=DIRECTION('',(-0.994400853142654,-0.105673758659197,0.));
#5602=DIRECTION('',(-0.994400853142654,-0.105673758659197,0.));
#5603=DIRECTION('',(0.,0.,1.));
#5604=DIRECTION('center_axis',(-1.,-1.06118784022746E-15,0.));
#5605=DIRECTION('ref_axis',(1.06118784022746E-15,-1.,0.));
#5606=DIRECTION('',(1.06118784022746E-15,-1.,0.));
#5607=DIRECTION('',(1.06118784022746E-15,-1.,0.));
#5608=DIRECTION('',(0.,0.,1.));
#5609=DIRECTION('center_axis',(1.,-1.13366299484569E-15,0.));
#5610=DIRECTION('ref_axis',(1.13366299484569E-15,1.,0.));
#5611=DIRECTION('',(-1.13366299484569E-15,-1.,0.));
#5612=DIRECTION('',(0.,0.,-1.));
#5613=DIRECTION('',(1.13366299484569E-15,1.,0.));
#5614=DIRECTION('',(0.,0.,1.));
#5615=DIRECTION('center_axis',(-0.105673758659197,0.994400853142654,0.));
#5616=DIRECTION('ref_axis',(-0.994400853142654,-0.105673758659197,0.));
#5617=DIRECTION('',(-0.994400853142654,-0.105673758659197,0.));
#5618=DIRECTION('',(-0.994400853142654,-0.105673758659197,0.));
#5619=DIRECTION('',(0.,0.,1.));
#5620=DIRECTION('center_axis',(-1.,0.,0.));
#5621=DIRECTION('ref_axis',(0.,-1.,0.));
#5622=DIRECTION('',(0.,-1.,0.));
#5623=DIRECTION('',(0.,-1.,0.));
#5624=DIRECTION('',(0.,0.,1.));
#5625=DIRECTION('center_axis',(1.,2.95304433790624E-15,0.));
#5626=DIRECTION('ref_axis',(-2.95304433790624E-15,1.,0.));
#5627=DIRECTION('',(2.95304433790624E-15,-1.,0.));
#5628=DIRECTION('',(0.,0.,-1.));
#5629=DIRECTION('',(-2.95304433790624E-15,1.,0.));
#5630=DIRECTION('',(0.,0.,1.));
#5631=DIRECTION('center_axis',(-0.105673758659197,0.994400853142654,0.));
#5632=DIRECTION('ref_axis',(-0.994400853142654,-0.105673758659197,0.));
#5633=DIRECTION('',(-0.994400853142654,-0.105673758659197,0.));
#5634=DIRECTION('',(-0.994400853142654,-0.105673758659197,0.));
#5635=DIRECTION('',(0.,0.,1.));
#5636=DIRECTION('center_axis',(-1.,-3.75458619801318E-15,0.));
#5637=DIRECTION('ref_axis',(3.75458619801318E-15,-1.,0.));
#5638=DIRECTION('',(3.75458619801318E-15,-1.,0.));
#5639=DIRECTION('',(3.75458619801318E-15,-1.,0.));
#5640=DIRECTION('',(0.,0.,1.));
#5641=DIRECTION('center_axis',(1.,0.,0.));
#5642=DIRECTION('ref_axis',(0.,1.,0.));
#5643=DIRECTION('',(0.,-1.,0.));
#5644=DIRECTION('',(0.,0.,-1.));
#5645=DIRECTION('',(0.,1.,0.));
#5646=DIRECTION('',(0.,0.,1.));
#5647=DIRECTION('center_axis',(-0.105673758659197,0.994400853142654,0.));
#5648=DIRECTION('ref_axis',(-0.994400853142654,-0.105673758659197,0.));
#5649=DIRECTION('',(-0.994400853142654,-0.105673758659197,0.));
#5650=DIRECTION('',(-0.994400853142654,-0.105673758659197,0.));
#5651=DIRECTION('',(0.,0.,1.));
#5652=DIRECTION('center_axis',(-1.,-6.1003007528962E-15,0.));
#5653=DIRECTION('ref_axis',(6.1003007528962E-15,-1.,0.));
#5654=DIRECTION('',(6.1003007528962E-15,-1.,0.));
#5655=DIRECTION('',(6.1003007528962E-15,-1.,0.));
#5656=DIRECTION('',(0.,0.,1.));
#5657=DIRECTION('center_axis',(1.,0.,0.));
#5658=DIRECTION('ref_axis',(0.,1.,0.));
#5659=DIRECTION('',(0.,-1.,0.));
#5660=DIRECTION('',(0.,0.,-1.));
#5661=DIRECTION('',(0.,1.,0.));
#5662=DIRECTION('',(0.,0.,1.));
#5663=DIRECTION('center_axis',(-0.105673758659197,0.994400853142654,0.));
#5664=DIRECTION('ref_axis',(-0.994400853142654,-0.105673758659197,0.));
#5665=DIRECTION('',(-0.994400853142654,-0.105673758659197,0.));
#5666=DIRECTION('',(-0.994400853142654,-0.105673758659197,0.));
#5667=DIRECTION('',(0.,0.,1.));
#5668=DIRECTION('center_axis',(-1.,0.,0.));
#5669=DIRECTION('ref_axis',(0.,-1.,0.));
#5670=DIRECTION('',(0.,-1.,0.));
#5671=DIRECTION('',(0.,-1.,0.));
#5672=DIRECTION('',(0.,0.,1.));
#5673=DIRECTION('center_axis',(1.,0.,0.));
#5674=DIRECTION('ref_axis',(0.,1.,0.));
#5675=DIRECTION('',(0.,-1.,0.));
#5676=DIRECTION('',(0.,0.,-1.));
#5677=DIRECTION('',(0.,1.,0.));
#5678=DIRECTION('',(0.,0.,1.));
#5679=DIRECTION('center_axis',(-0.105673758659197,0.994400853142654,0.));
#5680=DIRECTION('ref_axis',(-0.994400853142654,-0.105673758659197,0.));
#5681=DIRECTION('',(-0.994400853142654,-0.105673758659197,0.));
#5682=DIRECTION('',(-0.994400853142654,-0.105673758659197,0.));
#5683=DIRECTION('',(0.,0.,1.));
#5684=DIRECTION('center_axis',(0.105673758659198,-0.994400853142654,0.));
#5685=DIRECTION('ref_axis',(0.994400853142654,0.105673758659198,0.));
#5686=DIRECTION('',(-0.994400853142654,-0.105673758659198,0.));
#5687=DIRECTION('',(0.,0.,-1.));
#5688=DIRECTION('',(0.994400853142654,0.105673758659198,0.));
#5689=DIRECTION('',(0.,0.,1.));
#5690=DIRECTION('center_axis',(0.,-1.,0.));
#5691=DIRECTION('ref_axis',(1.,0.,0.));
#5692=DIRECTION('',(1.,0.,0.));
#5693=DIRECTION('',(1.,0.,0.));
#5694=DIRECTION('',(0.,0.,1.));
#5695=DIRECTION('center_axis',(-0.105673758659198,-0.994400853142654,0.));
#5696=DIRECTION('ref_axis',(0.994400853142654,-0.105673758659198,0.));
#5697=DIRECTION('',(0.994400853142654,-0.105673758659198,0.));
#5698=DIRECTION('',(0.994400853142654,-0.105673758659198,0.));
#5699=DIRECTION('',(0.,0.,-1.));
#5700=DIRECTION('center_axis',(0.105673758659197,0.994400853142654,0.));
#5701=DIRECTION('ref_axis',(-0.994400853142654,0.105673758659197,0.));
#5702=DIRECTION('',(0.994400853142654,-0.105673758659197,0.));
#5703=DIRECTION('',(0.,0.,-1.));
#5704=DIRECTION('',(-0.994400853142654,0.105673758659197,0.));
#5705=DIRECTION('',(0.,0.,1.));
#5706=DIRECTION('center_axis',(-1.,0.,0.));
#5707=DIRECTION('ref_axis',(0.,-1.,0.));
#5708=DIRECTION('',(0.,-1.,0.));
#5709=DIRECTION('',(0.,-1.,0.));
#5710=DIRECTION('',(0.,0.,1.));
#5711=DIRECTION('center_axis',(1.,0.,0.));
#5712=DIRECTION('ref_axis',(0.,1.,0.));
#5713=DIRECTION('',(0.,-1.,0.));
#5714=DIRECTION('',(0.,0.,-1.));
#5715=DIRECTION('',(0.,1.,0.));
#5716=DIRECTION('',(0.,0.,1.));
#5717=DIRECTION('center_axis',(0.105673758659197,0.994400853142654,0.));
#5718=DIRECTION('ref_axis',(-0.994400853142654,0.105673758659197,0.));
#5719=DIRECTION('',(0.994400853142654,-0.105673758659197,0.));
#5720=DIRECTION('',(-0.994400853142654,0.105673758659197,0.));
#5721=DIRECTION('',(0.,0.,1.));
#5722=DIRECTION('center_axis',(-1.,0.,0.));
#5723=DIRECTION('ref_axis',(0.,-1.,0.));
#5724=DIRECTION('',(0.,-1.,0.));
#5725=DIRECTION('',(0.,-1.,0.));
#5726=DIRECTION('',(0.,0.,1.));
#5727=DIRECTION('center_axis',(1.,-6.1003007528962E-15,0.));
#5728=DIRECTION('ref_axis',(6.1003007528962E-15,1.,0.));
#5729=DIRECTION('',(-6.1003007528962E-15,-1.,0.));
#5730=DIRECTION('',(0.,0.,-1.));
#5731=DIRECTION('',(6.1003007528962E-15,1.,0.));
#5732=DIRECTION('',(0.,0.,1.));
#5733=DIRECTION('center_axis',(0.105673758659197,0.994400853142654,0.));
#5734=DIRECTION('ref_axis',(-0.994400853142654,0.105673758659197,0.));
#5735=DIRECTION('',(0.994400853142654,-0.105673758659197,0.));
#5736=DIRECTION('',(-0.994400853142654,0.105673758659197,0.));
#5737=DIRECTION('',(0.,0.,1.));
#5738=DIRECTION('center_axis',(-1.,0.,0.));
#5739=DIRECTION('ref_axis',(0.,-1.,0.));
#5740=DIRECTION('',(0.,-1.,0.));
#5741=DIRECTION('',(0.,-1.,0.));
#5742=DIRECTION('',(0.,0.,1.));
#5743=DIRECTION('center_axis',(1.,-3.75458619801318E-15,0.));
#5744=DIRECTION('ref_axis',(3.75458619801318E-15,1.,0.));
#5745=DIRECTION('',(-3.75458619801318E-15,-1.,0.));
#5746=DIRECTION('',(0.,0.,-1.));
#5747=DIRECTION('',(3.75458619801318E-15,1.,0.));
#5748=DIRECTION('',(0.,0.,1.));
#5749=DIRECTION('center_axis',(0.105673758659197,0.994400853142654,0.));
#5750=DIRECTION('ref_axis',(-0.994400853142654,0.105673758659197,0.));
#5751=DIRECTION('',(0.994400853142654,-0.105673758659197,0.));
#5752=DIRECTION('',(-0.994400853142654,0.105673758659197,0.));
#5753=DIRECTION('',(0.,0.,1.));
#5754=DIRECTION('center_axis',(-1.,2.95304433790624E-15,0.));
#5755=DIRECTION('ref_axis',(-2.95304433790624E-15,-1.,0.));
#5756=DIRECTION('',(-2.95304433790624E-15,-1.,0.));
#5757=DIRECTION('',(-2.95304433790624E-15,-1.,0.));
#5758=DIRECTION('',(0.,0.,1.));
#5759=DIRECTION('center_axis',(1.,0.,0.));
#5760=DIRECTION('ref_axis',(0.,1.,0.));
#5761=DIRECTION('',(0.,-1.,0.));
#5762=DIRECTION('',(0.,0.,-1.));
#5763=DIRECTION('',(0.,1.,0.));
#5764=DIRECTION('',(0.,0.,1.));
#5765=DIRECTION('center_axis',(0.105673758659197,0.994400853142654,0.));
#5766=DIRECTION('ref_axis',(-0.994400853142654,0.105673758659197,0.));
#5767=DIRECTION('',(0.994400853142654,-0.105673758659197,0.));
#5768=DIRECTION('',(-0.994400853142654,0.105673758659197,0.));
#5769=DIRECTION('',(0.,0.,1.));
#5770=DIRECTION('center_axis',(-1.,-1.13366299484569E-15,0.));
#5771=DIRECTION('ref_axis',(1.13366299484569E-15,-1.,0.));
#5772=DIRECTION('',(1.13366299484569E-15,-1.,0.));
#5773=DIRECTION('',(1.13366299484569E-15,-1.,0.));
#5774=DIRECTION('',(0.,0.,1.));
#5775=DIRECTION('center_axis',(1.,0.,0.));
#5776=DIRECTION('ref_axis',(0.,1.,0.));
#5777=DIRECTION('',(0.,-1.,0.));
#5778=DIRECTION('',(0.,0.,-1.));
#5779=DIRECTION('',(0.,1.,0.));
#5780=DIRECTION('',(0.,0.,1.));
#5781=DIRECTION('center_axis',(0.105673758659197,0.994400853142654,0.));
#5782=DIRECTION('ref_axis',(-0.994400853142654,0.105673758659197,0.));
#5783=DIRECTION('',(0.994400853142654,-0.105673758659197,0.));
#5784=DIRECTION('',(-0.994400853142654,0.105673758659197,0.));
#5785=DIRECTION('',(0.,0.,1.));
#5786=DIRECTION('center_axis',(-1.,9.20026222317787E-16,0.));
#5787=DIRECTION('ref_axis',(-9.20026222317787E-16,-1.,0.));
#5788=DIRECTION('',(-9.20026222317787E-16,-1.,0.));
#5789=DIRECTION('',(-9.20026222317787E-16,-1.,0.));
#5790=DIRECTION('',(0.,0.,1.));
#5791=DIRECTION('center_axis',(1.,-1.74342164903584E-15,0.));
#5792=DIRECTION('ref_axis',(1.74342164903584E-15,1.,0.));
#5793=DIRECTION('',(-1.74342164903584E-15,-1.,0.));
#5794=DIRECTION('',(0.,0.,-1.));
#5795=DIRECTION('',(1.74342164903584E-15,1.,0.));
#5796=DIRECTION('',(0.,0.,1.));
#5797=DIRECTION('center_axis',(0.105673758659197,0.994400853142654,0.));
#5798=DIRECTION('ref_axis',(-0.994400853142654,0.105673758659197,0.));
#5799=DIRECTION('',(0.994400853142654,-0.105673758659197,0.));
#5800=DIRECTION('',(-0.994400853142654,0.105673758659197,0.));
#5801=DIRECTION('',(0.,0.,1.));
#5802=DIRECTION('center_axis',(-1.,0.,0.));
#5803=DIRECTION('ref_axis',(0.,-1.,0.));
#5804=DIRECTION('',(0.,-1.,0.));
#5805=DIRECTION('',(0.,-1.,0.));
#5806=DIRECTION('',(0.,0.,1.));
#5807=DIRECTION('center_axis',(3.59613548578899E-16,-1.,0.));
#5808=DIRECTION('ref_axis',(1.,3.59613548578899E-16,0.));
#5809=DIRECTION('',(1.,3.59613548578899E-16,0.));
#5810=DIRECTION('',(0.,0.,1.));
#5811=DIRECTION('',(1.,3.59613548578899E-16,0.));
#5812=DIRECTION('center_axis',(3.59613548578899E-16,-1.,0.));
#5813=DIRECTION('ref_axis',(1.,3.59613548578899E-16,0.));
#5814=DIRECTION('',(1.,3.59613548578899E-16,0.));
#5815=DIRECTION('',(1.,3.59613548578899E-16,0.));
#5816=DIRECTION('center_axis',(3.59613548578899E-16,-1.,0.));
#5817=DIRECTION('ref_axis',(1.,3.59613548578899E-16,0.));
#5818=DIRECTION('',(1.,3.59613548578899E-16,0.));
#5819=DIRECTION('',(1.,3.59613548578899E-16,0.));
#5820=DIRECTION('center_axis',(3.59613548578899E-16,-1.,0.));
#5821=DIRECTION('ref_axis',(1.,3.59613548578899E-16,0.));
#5822=DIRECTION('',(1.,3.59613548578899E-16,0.));
#5823=DIRECTION('',(1.,3.59613548578899E-16,0.));
#5824=DIRECTION('center_axis',(3.59613548578899E-16,-1.,0.));
#5825=DIRECTION('ref_axis',(1.,3.59613548578899E-16,0.));
#5826=DIRECTION('',(1.,3.59613548578899E-16,0.));
#5827=DIRECTION('',(1.,3.59613548578899E-16,0.));
#5828=DIRECTION('center_axis',(3.59613548578899E-16,-1.,0.));
#5829=DIRECTION('ref_axis',(1.,3.59613548578899E-16,0.));
#5830=DIRECTION('',(1.,3.59613548578899E-16,0.));
#5831=DIRECTION('',(1.,3.59613548578899E-16,0.));
#5832=DIRECTION('center_axis',(3.59613548578899E-16,-1.,0.));
#5833=DIRECTION('ref_axis',(1.,3.59613548578899E-16,0.));
#5834=DIRECTION('',(1.,3.59613548578899E-16,0.));
#5835=DIRECTION('',(1.,3.59613548578899E-16,0.));
#5836=DIRECTION('center_axis',(3.59613548578899E-16,-1.,0.));
#5837=DIRECTION('ref_axis',(1.,3.59613548578899E-16,0.));
#5838=DIRECTION('',(1.,3.59613548578899E-16,0.));
#5839=DIRECTION('',(0.,0.,1.));
#5840=DIRECTION('',(1.,3.59613548578899E-16,0.));
#5841=DIRECTION('center_axis',(3.59613548578899E-16,-1.,0.));
#5842=DIRECTION('ref_axis',(1.,3.59613548578899E-16,0.));
#5843=DIRECTION('',(1.,3.59613548578899E-16,0.));
#5844=DIRECTION('',(1.,3.59613548578899E-16,0.));
#5845=DIRECTION('center_axis',(0.,1.,0.));
#5846=DIRECTION('ref_axis',(-1.,0.,0.));
#5847=DIRECTION('',(1.,0.,0.));
#5848=DIRECTION('',(-1.,0.,0.));
#5849=DIRECTION('center_axis',(0.,1.,0.));
#5850=DIRECTION('ref_axis',(-1.,0.,0.));
#5851=DIRECTION('',(1.,0.,0.));
#5852=DIRECTION('',(-1.,0.,0.));
#5853=DIRECTION('center_axis',(0.,1.,0.));
#5854=DIRECTION('ref_axis',(-1.,0.,0.));
#5855=DIRECTION('',(1.,0.,0.));
#5856=DIRECTION('',(-1.,0.,0.));
#5857=DIRECTION('center_axis',(0.,1.,0.));
#5858=DIRECTION('ref_axis',(-1.,0.,0.));
#5859=DIRECTION('',(1.,0.,0.));
#5860=DIRECTION('',(-1.,0.,0.));
#5861=DIRECTION('center_axis',(0.,1.,0.));
#5862=DIRECTION('ref_axis',(-1.,0.,0.));
#5863=DIRECTION('',(1.,0.,0.));
#5864=DIRECTION('',(-1.,0.,0.));
#5865=DIRECTION('center_axis',(0.,1.,0.));
#5866=DIRECTION('ref_axis',(-1.,0.,0.));
#5867=DIRECTION('',(1.,0.,0.));
#5868=DIRECTION('',(-1.,0.,0.));
#5869=DIRECTION('center_axis',(0.,1.,0.));
#5870=DIRECTION('ref_axis',(-1.,0.,0.));
#5871=DIRECTION('',(1.,0.,0.));
#5872=DIRECTION('',(0.,0.,-1.));
#5873=DIRECTION('',(-1.,0.,0.));
#5874=DIRECTION('center_axis',(0.,1.,0.));
#5875=DIRECTION('ref_axis',(-1.,0.,0.));
#5876=DIRECTION('',(1.,0.,0.));
#5877=DIRECTION('',(-1.,0.,0.));
#5878=DIRECTION('center_axis',(0.,1.,0.));
#5879=DIRECTION('ref_axis',(-1.,0.,0.));
#5880=DIRECTION('',(-1.,0.,0.));
#5881=DIRECTION('',(1.,0.,0.));
#5882=DIRECTION('center_axis',(-1.,1.62116334529997E-16,0.));
#5883=DIRECTION('ref_axis',(-1.62116334529997E-16,-1.,0.));
#5884=DIRECTION('',(1.62116334529997E-16,1.,0.));
#5885=DIRECTION('',(0.,0.,-1.));
#5886=DIRECTION('',(-1.62116334529997E-16,-1.,0.));
#5887=DIRECTION('',(0.,0.,1.));
#5888=DIRECTION('center_axis',(-0.105673758659197,-0.994400853142654,0.));
#5889=DIRECTION('ref_axis',(0.994400853142654,-0.105673758659197,0.));
#5890=DIRECTION('',(-0.994400853142654,0.105673758659197,0.));
#5891=DIRECTION('',(0.994400853142654,-0.105673758659197,0.));
#5892=DIRECTION('',(0.,0.,1.));
#5893=DIRECTION('center_axis',(1.,0.,0.));
#5894=DIRECTION('ref_axis',(0.,1.,0.));
#5895=DIRECTION('',(0.,1.,0.));
#5896=DIRECTION('',(0.,1.,0.));
#5897=DIRECTION('',(0.,0.,1.));
#5898=DIRECTION('center_axis',(-1.,0.,0.));
#5899=DIRECTION('ref_axis',(0.,-1.,0.));
#5900=DIRECTION('',(0.,1.,0.));
#5901=DIRECTION('',(0.,0.,-1.));
#5902=DIRECTION('',(0.,-1.,0.));
#5903=DIRECTION('',(0.,0.,1.));
#5904=DIRECTION('center_axis',(0.105673758659197,-0.994400853142654,0.));
#5905=DIRECTION('ref_axis',(0.994400853142654,0.105673758659197,0.));
#5906=DIRECTION('',(0.994400853142654,0.105673758659197,0.));
#5907=DIRECTION('',(0.994400853142654,0.105673758659197,0.));
#5908=DIRECTION('',(0.,0.,1.));
#5909=DIRECTION('center_axis',(1.,1.62116334529997E-16,0.));
#5910=DIRECTION('ref_axis',(-1.62116334529997E-16,1.,0.));
#5911=DIRECTION('',(-1.62116334529997E-16,1.,0.));
#5912=DIRECTION('',(-1.62116334529997E-16,1.,0.));
#5913=DIRECTION('',(0.,0.,1.));
#5914=DIRECTION('center_axis',(-1.,-3.37318533744809E-16,0.));
#5915=DIRECTION('ref_axis',(3.37318533744809E-16,-1.,0.));
#5916=DIRECTION('',(-3.37318533744809E-16,1.,0.));
#5917=DIRECTION('',(0.,0.,-1.));
#5918=DIRECTION('',(3.37318533744809E-16,-1.,0.));
#5919=DIRECTION('',(0.,0.,1.));
#5920=DIRECTION('center_axis',(0.105673758659197,-0.994400853142654,0.));
#5921=DIRECTION('ref_axis',(0.994400853142654,0.105673758659197,0.));
#5922=DIRECTION('',(0.994400853142654,0.105673758659197,0.));
#5923=DIRECTION('',(0.994400853142654,0.105673758659197,0.));
#5924=DIRECTION('',(0.,0.,1.));
#5925=DIRECTION('center_axis',(1.,0.,0.));
#5926=DIRECTION('ref_axis',(0.,1.,0.));
#5927=DIRECTION('',(0.,1.,0.));
#5928=DIRECTION('',(0.,1.,0.));
#5929=DIRECTION('',(0.,0.,1.));
#5930=DIRECTION('center_axis',(-1.,0.,0.));
#5931=DIRECTION('ref_axis',(0.,-1.,0.));
#5932=DIRECTION('',(0.,1.,0.));
#5933=DIRECTION('',(0.,0.,-1.));
#5934=DIRECTION('',(0.,-1.,0.));
#5935=DIRECTION('',(0.,0.,1.));
#5936=DIRECTION('center_axis',(0.105673758659197,-0.994400853142654,0.));
#5937=DIRECTION('ref_axis',(0.994400853142654,0.105673758659197,0.));
#5938=DIRECTION('',(0.994400853142654,0.105673758659197,0.));
#5939=DIRECTION('',(0.994400853142654,0.105673758659197,0.));
#5940=DIRECTION('',(0.,0.,1.));
#5941=DIRECTION('center_axis',(1.,1.74342164903584E-15,0.));
#5942=DIRECTION('ref_axis',(-1.74342164903584E-15,1.,0.));
#5943=DIRECTION('',(-1.74342164903584E-15,1.,0.));
#5944=DIRECTION('',(-1.74342164903584E-15,1.,0.));
#5945=DIRECTION('',(0.,0.,1.));
#5946=DIRECTION('center_axis',(-1.,-9.20026222317787E-16,0.));
#5947=DIRECTION('ref_axis',(9.20026222317787E-16,-1.,0.));
#5948=DIRECTION('',(-9.20026222317787E-16,1.,0.));
#5949=DIRECTION('',(0.,0.,-1.));
#5950=DIRECTION('',(9.20026222317787E-16,-1.,0.));
#5951=DIRECTION('',(0.,0.,1.));
#5952=DIRECTION('center_axis',(0.105673758659197,-0.994400853142654,0.));
#5953=DIRECTION('ref_axis',(0.994400853142654,0.105673758659197,0.));
#5954=DIRECTION('',(0.994400853142654,0.105673758659197,0.));
#5955=DIRECTION('',(0.994400853142654,0.105673758659197,0.));
#5956=DIRECTION('',(0.,0.,1.));
#5957=DIRECTION('center_axis',(1.,0.,0.));
#5958=DIRECTION('ref_axis',(0.,1.,0.));
#5959=DIRECTION('',(0.,1.,0.));
#5960=DIRECTION('',(0.,1.,0.));
#5961=DIRECTION('',(0.,0.,1.));
#5962=DIRECTION('center_axis',(-1.,1.13366299484569E-15,0.));
#5963=DIRECTION('ref_axis',(-1.13366299484569E-15,-1.,0.));
#5964=DIRECTION('',(1.13366299484569E-15,1.,0.));
#5965=DIRECTION('',(0.,0.,-1.));
#5966=DIRECTION('',(-1.13366299484569E-15,-1.,0.));
#5967=DIRECTION('',(0.,0.,1.));
#5968=DIRECTION('center_axis',(0.105673758659197,-0.994400853142654,0.));
#5969=DIRECTION('ref_axis',(0.994400853142654,0.105673758659197,0.));
#5970=DIRECTION('',(0.994400853142654,0.105673758659197,0.));
#5971=DIRECTION('',(0.994400853142654,0.105673758659197,0.));
#5972=DIRECTION('',(0.,0.,1.));
#5973=DIRECTION('center_axis',(1.,0.,0.));
#5974=DIRECTION('ref_axis',(0.,1.,0.));
#5975=DIRECTION('',(0.,1.,0.));
#5976=DIRECTION('',(0.,1.,0.));
#5977=DIRECTION('',(0.,0.,1.));
#5978=DIRECTION('center_axis',(-1.,-2.95304433790624E-15,0.));
#5979=DIRECTION('ref_axis',(2.95304433790624E-15,-1.,0.));
#5980=DIRECTION('',(-2.95304433790624E-15,1.,0.));
#5981=DIRECTION('',(0.,0.,-1.));
#5982=DIRECTION('',(2.95304433790624E-15,-1.,0.));
#5983=DIRECTION('',(0.,0.,1.));
#5984=DIRECTION('center_axis',(0.105673758659197,-0.994400853142654,0.));
#5985=DIRECTION('ref_axis',(0.994400853142654,0.105673758659197,0.));
#5986=DIRECTION('',(0.994400853142654,0.105673758659197,0.));
#5987=DIRECTION('',(0.994400853142654,0.105673758659197,0.));
#5988=DIRECTION('',(0.,0.,1.));
#5989=DIRECTION('center_axis',(1.,3.75458619801318E-15,0.));
#5990=DIRECTION('ref_axis',(-3.75458619801318E-15,1.,0.));
#5991=DIRECTION('',(-3.75458619801318E-15,1.,0.));
#5992=DIRECTION('',(-3.75458619801318E-15,1.,0.));
#5993=DIRECTION('',(0.,0.,1.));
#5994=DIRECTION('center_axis',(-1.,0.,0.));
#5995=DIRECTION('ref_axis',(0.,-1.,0.));
#5996=DIRECTION('',(0.,1.,0.));
#5997=DIRECTION('',(0.,0.,-1.));
#5998=DIRECTION('',(0.,-1.,0.));
#5999=DIRECTION('',(0.,0.,1.));
#6000=DIRECTION('center_axis',(0.105673758659197,-0.994400853142654,0.));
#6001=DIRECTION('ref_axis',(0.994400853142654,0.105673758659197,0.));
#6002=DIRECTION('',(0.994400853142654,0.105673758659197,0.));
#6003=DIRECTION('',(0.994400853142654,0.105673758659197,0.));
#6004=DIRECTION('',(0.,0.,1.));
#6005=DIRECTION('center_axis',(1.,6.1003007528962E-15,0.));
#6006=DIRECTION('ref_axis',(-6.1003007528962E-15,1.,0.));
#6007=DIRECTION('',(-6.1003007528962E-15,1.,0.));
#6008=DIRECTION('',(-6.1003007528962E-15,1.,0.));
#6009=DIRECTION('',(0.,0.,1.));
#6010=DIRECTION('center_axis',(-1.,0.,0.));
#6011=DIRECTION('ref_axis',(0.,-1.,0.));
#6012=DIRECTION('',(0.,1.,0.));
#6013=DIRECTION('',(0.,0.,-1.));
#6014=DIRECTION('',(0.,-1.,0.));
#6015=DIRECTION('',(0.,0.,1.));
#6016=DIRECTION('center_axis',(0.105673758659197,-0.994400853142654,0.));
#6017=DIRECTION('ref_axis',(0.994400853142654,0.105673758659197,0.));
#6018=DIRECTION('',(0.994400853142654,0.105673758659197,0.));
#6019=DIRECTION('',(0.994400853142654,0.105673758659197,0.));
#6020=DIRECTION('',(0.,0.,1.));
#6021=DIRECTION('center_axis',(1.,0.,0.));
#6022=DIRECTION('ref_axis',(0.,1.,0.));
#6023=DIRECTION('',(0.,1.,0.));
#6024=DIRECTION('',(0.,1.,0.));
#6025=DIRECTION('',(0.,0.,1.));
#6026=DIRECTION('center_axis',(-1.,0.,0.));
#6027=DIRECTION('ref_axis',(0.,-1.,0.));
#6028=DIRECTION('',(0.,1.,0.));
#6029=DIRECTION('',(0.,0.,-1.));
#6030=DIRECTION('',(0.,-1.,0.));
#6031=DIRECTION('',(0.,0.,1.));
#6032=DIRECTION('center_axis',(0.105673758659197,-0.994400853142654,0.));
#6033=DIRECTION('ref_axis',(0.994400853142654,0.105673758659197,0.));
#6034=DIRECTION('',(0.994400853142654,0.105673758659197,0.));
#6035=DIRECTION('',(0.994400853142654,0.105673758659197,0.));
#6036=DIRECTION('',(0.,0.,1.));
#6037=DIRECTION('center_axis',(-0.105673758659198,0.994400853142654,0.));
#6038=DIRECTION('ref_axis',(-0.994400853142654,-0.105673758659198,0.));
#6039=DIRECTION('',(0.994400853142654,0.105673758659198,0.));
#6040=DIRECTION('',(0.,0.,1.));
#6041=DIRECTION('',(-0.994400853142654,-0.105673758659198,0.));
#6042=DIRECTION('',(0.,0.,1.));
#6043=DIRECTION('center_axis',(0.,1.,0.));
#6044=DIRECTION('ref_axis',(-1.,0.,0.));
#6045=DIRECTION('',(-1.,0.,0.));
#6046=DIRECTION('',(-1.,0.,0.));
#6047=DIRECTION('',(0.,0.,1.));
#6048=DIRECTION('center_axis',(0.105673758659198,0.994400853142654,0.));
#6049=DIRECTION('ref_axis',(-0.994400853142654,0.105673758659198,0.));
#6050=DIRECTION('',(-0.994400853142654,0.105673758659198,0.));
#6051=DIRECTION('',(-0.994400853142654,0.105673758659198,0.));
#6052=DIRECTION('',(0.,0.,1.));
#6053=DIRECTION('center_axis',(-0.105673758659197,-0.994400853142654,0.));
#6054=DIRECTION('ref_axis',(0.994400853142654,-0.105673758659197,0.));
#6055=DIRECTION('',(-0.994400853142654,0.105673758659197,0.));
#6056=DIRECTION('',(0.,0.,-1.));
#6057=DIRECTION('',(0.994400853142654,-0.105673758659197,0.));
#6058=DIRECTION('',(0.,0.,1.));
#6059=DIRECTION('center_axis',(1.,0.,0.));
#6060=DIRECTION('ref_axis',(0.,1.,0.));
#6061=DIRECTION('',(0.,1.,0.));
#6062=DIRECTION('',(0.,1.,0.));
#6063=DIRECTION('',(0.,0.,1.));
#6064=DIRECTION('center_axis',(-1.,0.,0.));
#6065=DIRECTION('ref_axis',(0.,-1.,0.));
#6066=DIRECTION('',(0.,1.,0.));
#6067=DIRECTION('',(0.,0.,-1.));
#6068=DIRECTION('',(0.,-1.,0.));
#6069=DIRECTION('',(0.,0.,1.));
#6070=DIRECTION('center_axis',(-0.105673758659197,-0.994400853142654,0.));
#6071=DIRECTION('ref_axis',(0.994400853142654,-0.105673758659197,0.));
#6072=DIRECTION('',(-0.994400853142654,0.105673758659197,0.));
#6073=DIRECTION('',(0.994400853142654,-0.105673758659197,0.));
#6074=DIRECTION('',(0.,0.,1.));
#6075=DIRECTION('center_axis',(1.,0.,0.));
#6076=DIRECTION('ref_axis',(0.,1.,0.));
#6077=DIRECTION('',(0.,1.,0.));
#6078=DIRECTION('',(0.,1.,0.));
#6079=DIRECTION('',(0.,0.,1.));
#6080=DIRECTION('center_axis',(-1.,6.1003007528962E-15,0.));
#6081=DIRECTION('ref_axis',(-6.1003007528962E-15,-1.,0.));
#6082=DIRECTION('',(6.1003007528962E-15,1.,0.));
#6083=DIRECTION('',(0.,0.,-1.));
#6084=DIRECTION('',(-6.1003007528962E-15,-1.,0.));
#6085=DIRECTION('',(0.,0.,1.));
#6086=DIRECTION('center_axis',(-0.105673758659197,-0.994400853142654,0.));
#6087=DIRECTION('ref_axis',(0.994400853142654,-0.105673758659197,0.));
#6088=DIRECTION('',(-0.994400853142654,0.105673758659197,0.));
#6089=DIRECTION('',(0.994400853142654,-0.105673758659197,0.));
#6090=DIRECTION('',(0.,0.,1.));
#6091=DIRECTION('center_axis',(1.,0.,0.));
#6092=DIRECTION('ref_axis',(0.,1.,0.));
#6093=DIRECTION('',(0.,1.,0.));
#6094=DIRECTION('',(0.,1.,0.));
#6095=DIRECTION('',(0.,0.,1.));
#6096=DIRECTION('center_axis',(-1.,3.75458619801318E-15,0.));
#6097=DIRECTION('ref_axis',(-3.75458619801318E-15,-1.,0.));
#6098=DIRECTION('',(3.75458619801318E-15,1.,0.));
#6099=DIRECTION('',(0.,0.,-1.));
#6100=DIRECTION('',(-3.75458619801318E-15,-1.,0.));
#6101=DIRECTION('',(0.,0.,1.));
#6102=DIRECTION('center_axis',(-0.105673758659197,-0.994400853142654,0.));
#6103=DIRECTION('ref_axis',(0.994400853142654,-0.105673758659197,0.));
#6104=DIRECTION('',(-0.994400853142654,0.105673758659197,0.));
#6105=DIRECTION('',(0.994400853142654,-0.105673758659197,0.));
#6106=DIRECTION('',(0.,0.,1.));
#6107=DIRECTION('center_axis',(1.,-2.95304433790624E-15,0.));
#6108=DIRECTION('ref_axis',(2.95304433790624E-15,1.,0.));
#6109=DIRECTION('',(2.95304433790624E-15,1.,0.));
#6110=DIRECTION('',(2.95304433790624E-15,1.,0.));
#6111=DIRECTION('',(0.,0.,1.));
#6112=DIRECTION('center_axis',(-1.,0.,0.));
#6113=DIRECTION('ref_axis',(0.,-1.,0.));
#6114=DIRECTION('',(0.,1.,0.));
#6115=DIRECTION('',(0.,0.,-1.));
#6116=DIRECTION('',(0.,-1.,0.));
#6117=DIRECTION('',(0.,0.,1.));
#6118=DIRECTION('center_axis',(-0.105673758659197,-0.994400853142654,0.));
#6119=DIRECTION('ref_axis',(0.994400853142654,-0.105673758659197,0.));
#6120=DIRECTION('',(-0.994400853142654,0.105673758659197,0.));
#6121=DIRECTION('',(0.994400853142654,-0.105673758659197,0.));
#6122=DIRECTION('',(0.,0.,1.));
#6123=DIRECTION('center_axis',(1.,1.13366299484569E-15,0.));
#6124=DIRECTION('ref_axis',(-1.13366299484569E-15,1.,0.));
#6125=DIRECTION('',(-1.13366299484569E-15,1.,0.));
#6126=DIRECTION('',(-1.13366299484569E-15,1.,0.));
#6127=DIRECTION('',(0.,0.,1.));
#6128=DIRECTION('center_axis',(-1.,1.06118784022746E-15,0.));
#6129=DIRECTION('ref_axis',(-1.06118784022746E-15,-1.,0.));
#6130=DIRECTION('',(1.06118784022746E-15,1.,0.));
#6131=DIRECTION('',(0.,0.,-1.));
#6132=DIRECTION('',(-1.06118784022746E-15,-1.,0.));
#6133=DIRECTION('',(0.,0.,1.));
#6134=DIRECTION('center_axis',(-0.105673758659197,-0.994400853142654,0.));
#6135=DIRECTION('ref_axis',(0.994400853142654,-0.105673758659197,0.));
#6136=DIRECTION('',(-0.994400853142654,0.105673758659197,0.));
#6137=DIRECTION('',(0.994400853142654,-0.105673758659197,0.));
#6138=DIRECTION('',(0.,0.,1.));
#6139=DIRECTION('center_axis',(1.,-9.20026222317787E-16,0.));
#6140=DIRECTION('ref_axis',(9.20026222317787E-16,1.,0.));
#6141=DIRECTION('',(9.20026222317787E-16,1.,0.));
#6142=DIRECTION('',(9.20026222317787E-16,1.,0.));
#6143=DIRECTION('',(0.,0.,1.));
#6144=DIRECTION('center_axis',(-1.,1.74342164903584E-15,0.));
#6145=DIRECTION('ref_axis',(-1.74342164903584E-15,-1.,0.));
#6146=DIRECTION('',(1.74342164903584E-15,1.,0.));
#6147=DIRECTION('',(0.,0.,-1.));
#6148=DIRECTION('',(-1.74342164903584E-15,-1.,0.));
#6149=DIRECTION('',(0.,0.,1.));
#6150=DIRECTION('center_axis',(-0.105673758659197,-0.994400853142654,0.));
#6151=DIRECTION('ref_axis',(0.994400853142654,-0.105673758659197,0.));
#6152=DIRECTION('',(-0.994400853142654,0.105673758659197,0.));
#6153=DIRECTION('',(0.994400853142654,-0.105673758659197,0.));
#6154=DIRECTION('',(0.,0.,1.));
#6155=DIRECTION('center_axis',(1.,0.,0.));
#6156=DIRECTION('ref_axis',(0.,1.,0.));
#6157=DIRECTION('',(0.,1.,0.));
#6158=DIRECTION('',(0.,1.,0.));
#6159=DIRECTION('',(0.,0.,1.));
#6160=DIRECTION('center_axis',(-1.,0.,0.));
#6161=DIRECTION('ref_axis',(0.,-1.,0.));
#6162=DIRECTION('',(0.,1.,0.));
#6163=DIRECTION('',(0.,0.,-1.));
#6164=DIRECTION('',(0.,-1.,0.));
#6165=DIRECTION('',(0.,0.,1.));
#6166=DIRECTION('center_axis',(-0.105673758659197,-0.994400853142654,0.));
#6167=DIRECTION('ref_axis',(0.994400853142654,-0.105673758659197,0.));
#6168=DIRECTION('',(-0.994400853142654,0.105673758659197,0.));
#6169=DIRECTION('',(0.994400853142654,-0.105673758659197,0.));
#6170=DIRECTION('',(0.,0.,1.));
#6171=DIRECTION('center_axis',(1.,-3.37318533744809E-16,0.));
#6172=DIRECTION('ref_axis',(3.37318533744809E-16,1.,0.));
#6173=DIRECTION('',(3.37318533744809E-16,1.,0.));
#6174=DIRECTION('',(3.37318533744809E-16,1.,0.));
#6175=DIRECTION('',(0.,0.,1.));
#6176=DIRECTION('center_axis',(0.,-1.,0.));
#6177=DIRECTION('ref_axis',(1.,0.,0.));
#6178=DIRECTION('',(-1.,0.,0.));
#6179=DIRECTION('',(1.,0.,0.));
#6180=DIRECTION('center_axis',(0.,-1.,0.));
#6181=DIRECTION('ref_axis',(1.,0.,0.));
#6182=DIRECTION('',(-1.,0.,0.));
#6183=DIRECTION('',(1.,0.,0.));
#6184=DIRECTION('center_axis',(0.,-1.,0.));
#6185=DIRECTION('ref_axis',(1.,0.,0.));
#6186=DIRECTION('',(-1.,0.,0.));
#6187=DIRECTION('',(1.,0.,0.));
#6188=DIRECTION('center_axis',(0.,-1.,0.));
#6189=DIRECTION('ref_axis',(1.,0.,0.));
#6190=DIRECTION('',(-1.,0.,0.));
#6191=DIRECTION('',(1.,0.,0.));
#6192=DIRECTION('center_axis',(0.,-1.,0.));
#6193=DIRECTION('ref_axis',(1.,0.,0.));
#6194=DIRECTION('',(-1.,0.,0.));
#6195=DIRECTION('',(1.,0.,0.));
#6196=DIRECTION('center_axis',(0.,-1.,0.));
#6197=DIRECTION('ref_axis',(1.,0.,0.));
#6198=DIRECTION('',(-1.,0.,0.));
#6199=DIRECTION('',(1.,0.,0.));
#6200=DIRECTION('center_axis',(0.,-1.,0.));
#6201=DIRECTION('ref_axis',(1.,0.,0.));
#6202=DIRECTION('',(-1.,0.,0.));
#6203=DIRECTION('',(1.,0.,0.));
#6204=DIRECTION('center_axis',(0.,-1.,0.));
#6205=DIRECTION('ref_axis',(1.,0.,0.));
#6206=DIRECTION('',(1.,0.,0.));
#6207=DIRECTION('',(0.,0.,1.));
#6208=DIRECTION('',(-1.,0.,0.));
#6209=DIRECTION('center_axis',(0.,-1.,0.));
#6210=DIRECTION('ref_axis',(1.,0.,0.));
#6211=DIRECTION('',(-1.,0.,0.));
#6212=DIRECTION('',(1.,0.,0.));
#6213=DIRECTION('center_axis',(-2.45191055849249E-17,1.,0.));
#6214=DIRECTION('ref_axis',(-1.,-2.45191055849249E-17,0.));
#6215=DIRECTION('',(1.,2.45191055849249E-17,0.));
#6216=DIRECTION('',(-1.,-2.45191055849249E-17,0.));
#6217=DIRECTION('center_axis',(-2.45191055849249E-17,1.,0.));
#6218=DIRECTION('ref_axis',(-1.,-2.45191055849249E-17,0.));
#6219=DIRECTION('',(1.,2.45191055849249E-17,0.));
#6220=DIRECTION('',(-1.,-2.45191055849249E-17,0.));
#6221=DIRECTION('center_axis',(-2.45191055849249E-17,1.,0.));
#6222=DIRECTION('ref_axis',(-1.,-2.45191055849249E-17,0.));
#6223=DIRECTION('',(1.,2.45191055849249E-17,0.));
#6224=DIRECTION('',(-1.,-2.45191055849249E-17,0.));
#6225=DIRECTION('center_axis',(-2.45191055849249E-17,1.,0.));
#6226=DIRECTION('ref_axis',(-1.,-2.45191055849249E-17,0.));
#6227=DIRECTION('',(1.,2.45191055849249E-17,0.));
#6228=DIRECTION('',(-1.,-2.45191055849249E-17,0.));
#6229=DIRECTION('center_axis',(-2.45191055849249E-17,1.,0.));
#6230=DIRECTION('ref_axis',(-1.,-2.45191055849249E-17,0.));
#6231=DIRECTION('',(1.,2.45191055849249E-17,0.));
#6232=DIRECTION('',(-1.,-2.45191055849249E-17,0.));
#6233=DIRECTION('center_axis',(-2.45191055849249E-17,1.,0.));
#6234=DIRECTION('ref_axis',(-1.,-2.45191055849249E-17,0.));
#6235=DIRECTION('',(-1.,-2.45191055849249E-17,0.));
#6236=DIRECTION('',(0.,0.,-1.));
#6237=DIRECTION('',(1.,2.45191055849249E-17,0.));
#6238=DIRECTION('center_axis',(-2.45191055849249E-17,1.,0.));
#6239=DIRECTION('ref_axis',(-1.,-2.45191055849249E-17,0.));
#6240=DIRECTION('',(1.,2.45191055849249E-17,0.));
#6241=DIRECTION('',(-1.,-2.45191055849249E-17,0.));
#6242=DIRECTION('center_axis',(-2.45191055849249E-17,1.,0.));
#6243=DIRECTION('ref_axis',(-1.,-2.45191055849249E-17,0.));
#6244=DIRECTION('',(1.,2.45191055849249E-17,0.));
#6245=DIRECTION('',(0.,0.,-1.));
#6246=DIRECTION('',(-1.,-2.45191055849249E-17,0.));
#6247=DIRECTION('center_axis',(-2.45191055849249E-17,1.,0.));
#6248=DIRECTION('ref_axis',(-1.,-2.45191055849249E-17,0.));
#6249=DIRECTION('',(-1.,-2.45191055849249E-17,0.));
#6250=DIRECTION('',(1.,2.45191055849249E-17,0.));
#6251=DIRECTION('center_axis',(0.,0.,-1.));
#6252=DIRECTION('ref_axis',(-1.,0.,0.));
#6253=DIRECTION('center_axis',(0.,0.,-1.));
#6254=DIRECTION('ref_axis',(-0.989743318610787,0.142857142857142,0.));
#6255=DIRECTION('',(1.,2.9698465908723E-14,0.));
#6256=DIRECTION('',(0.,-1.,0.));
#6257=DIRECTION('',(1.,2.96637714392034E-14,0.));
#6258=DIRECTION('center_axis',(0.,0.,1.));
#6259=DIRECTION('ref_axis',(-0.971924214226972,0.235294117647006,0.));
#6260=DIRECTION('',(-1.,2.96637714392034E-14,0.));
#6261=DIRECTION('',(0.,1.,0.));
#6262=DIRECTION('',(1.,-2.9698465908723E-14,0.));
#6263=DIRECTION('center_axis',(0.,0.,-1.));
#6264=DIRECTION('ref_axis',(-0.989743318610787,0.142857142857142,0.));
#6265=DIRECTION('',(0.,-1.,0.));
#6266=DIRECTION('center_axis',(0.,0.,1.));
#6267=DIRECTION('ref_axis',(-0.707106781186552,0.707106781186543,0.));
#6268=DIRECTION('',(1.,0.,0.));
#6269=DIRECTION('center_axis',(0.,0.,1.));
#6270=DIRECTION('ref_axis',(0.707106781186552,0.707106781186543,0.));
#6271=DIRECTION('',(0.,-1.,0.));
#6272=DIRECTION('',(1.,0.,0.));
#6273=DIRECTION('center_axis',(0.,0.,1.));
#6274=DIRECTION('ref_axis',(0.989743318610787,0.142857142857142,0.));
#6275=DIRECTION('',(-1.,-2.9698465908723E-14,0.));
#6276=DIRECTION('',(0.,1.,0.));
#6277=DIRECTION('',(-1.,-2.96637714392034E-14,0.));
#6278=DIRECTION('center_axis',(0.,0.,1.));
#6279=DIRECTION('ref_axis',(0.971924214226972,0.235294117647006,0.));
#6280=DIRECTION('',(1.,-2.96637714392034E-14,0.));
#6281=DIRECTION('',(0.,-1.,0.));
#6282=DIRECTION('',(-1.,2.9698465908723E-14,0.));
#6283=DIRECTION('center_axis',(0.,0.,1.));
#6284=DIRECTION('ref_axis',(0.989743318610787,0.142857142857142,0.));
#6285=DIRECTION('',(-1.,0.,0.));
#6286=DIRECTION('',(0.,-1.,0.));
#6287=DIRECTION('',(1.,0.,0.));
#6288=DIRECTION('',(0.,-1.,0.));
#6289=DIRECTION('center_axis',(0.,0.,1.));
#6290=DIRECTION('ref_axis',(1.,0.,0.));
#6291=DIRECTION('center_axis',(0.,0.,1.));
#6292=DIRECTION('ref_axis',(1.,0.,0.));
#6293=DIRECTION('',(0.,-1.,0.));
#6294=DIRECTION('center_axis',(0.,0.,1.));
#6295=DIRECTION('ref_axis',(1.,0.,0.));
#6296=DIRECTION('center_axis',(0.,0.,1.));
#6297=DIRECTION('ref_axis',(1.,0.,0.));
#6298=DIRECTION('',(0.,-1.,0.));
#6299=DIRECTION('center_axis',(0.,0.,-1.));
#6300=DIRECTION('ref_axis',(1.,0.,0.));
#6301=DIRECTION('center_axis',(0.,0.,-1.));
#6302=DIRECTION('ref_axis',(-0.00597389861529684,-0.999982156108465,0.));
#6303=DIRECTION('',(0.999982156108465,-0.00597389861525736,0.));
#6304=DIRECTION('center_axis',(0.,0.,-1.));
#6305=DIRECTION('ref_axis',(0.00597389861525243,0.999982156108465,0.));
#6306=DIRECTION('',(-0.999982156108465,0.00597389861525785,0.));
#6307=DIRECTION('center_axis',(0.,0.,-1.));
#6308=DIRECTION('ref_axis',(0.,1.,0.));
#6309=DIRECTION('',(-1.,0.,0.));
#6310=DIRECTION('center_axis',(0.,0.,-1.));
#6311=DIRECTION('ref_axis',(0.,-1.,0.));
#6312=DIRECTION('',(1.,0.,0.));
#6313=DIRECTION('center_axis',(0.,0.,-1.));
#6314=DIRECTION('ref_axis',(-0.00597389861525245,0.999982156108465,0.));
#6315=DIRECTION('',(-0.999982156108465,-0.00597389861525823,0.));
#6316=DIRECTION('center_axis',(0.,0.,-1.));
#6317=DIRECTION('ref_axis',(0.00597389861526354,-0.999982156108465,0.));
#6318=DIRECTION('',(0.999982156108465,0.00597389861525867,0.));
#6319=DIRECTION('center_axis',(0.,0.,-1.));
#6320=DIRECTION('ref_axis',(-0.00597389861526354,-0.999982156108465,0.));
#6321=DIRECTION('',(0.999982156108465,-0.00597389861525732,0.));
#6322=DIRECTION('center_axis',(0.,0.,-1.));
#6323=DIRECTION('ref_axis',(0.00597389861526353,0.999982156108465,0.));
#6324=DIRECTION('',(-0.999982156108465,0.00597389861525776,0.));
#6325=DIRECTION('',(0.999982156108465,0.00597389861525865,0.));
#6326=DIRECTION('center_axis',(0.,0.,-1.));
#6327=DIRECTION('ref_axis',(-0.00597389861525245,0.999982156108465,0.));
#6328=DIRECTION('',(-0.999982156108465,-0.00597389861525825,0.));
#6329=DIRECTION('center_axis',(0.,0.,-1.));
#6330=DIRECTION('ref_axis',(0.00597389861525243,-0.999982156108465,0.));
#6331=DIRECTION('center_axis',(0.,0.,1.));
#6332=DIRECTION('ref_axis',(1.,0.,0.));
#6333=DIRECTION('center_axis',(0.,0.,1.));
#6334=DIRECTION('ref_axis',(1.,0.,0.));
#6335=DIRECTION('',(0.,0.,-1.));
#6336=DIRECTION('center_axis',(0.,0.,1.));
#6337=DIRECTION('ref_axis',(1.,0.,0.));
#6338=DIRECTION('',(0.,0.,-1.));
#6339=DIRECTION('center_axis',(0.,0.,-1.));
#6340=DIRECTION('ref_axis',(1.,0.,0.));
#6341=DIRECTION('',(0.,0.,-1.));
#6342=DIRECTION('center_axis',(0.,0.,1.));
#6343=DIRECTION('ref_axis',(1.,0.,0.));
#6344=DIRECTION('center_axis',(0.,0.,1.));
#6345=DIRECTION('ref_axis',(1.,0.,0.));
#6346=DIRECTION('center_axis',(0.,0.,1.));
#6347=DIRECTION('ref_axis',(1.,0.,0.));
#6348=DIRECTION('',(0.,0.,1.));
#6349=DIRECTION('center_axis',(0.,0.,-1.));
#6350=DIRECTION('ref_axis',(1.,0.,0.));
#6351=DIRECTION('',(0.,0.,1.));
#6352=DIRECTION('center_axis',(0.,0.,1.));
#6353=DIRECTION('ref_axis',(1.,0.,0.));
#6354=DIRECTION('',(0.,0.,-1.));
#6355=DIRECTION('center_axis',(0.,0.,-1.));
#6356=DIRECTION('ref_axis',(1.,0.,0.));
#6357=DIRECTION('',(0.,0.,-1.));
#6358=DIRECTION('center_axis',(0.,0.,1.));
#6359=DIRECTION('ref_axis',(1.,0.,0.));
#6360=DIRECTION('center_axis',(0.,0.,1.));
#6361=DIRECTION('ref_axis',(1.,0.,0.));
#6362=DIRECTION('center_axis',(0.,0.,1.));
#6363=DIRECTION('ref_axis',(1.,0.,0.));
#6364=DIRECTION('',(0.,0.,1.));
#6365=DIRECTION('center_axis',(0.,0.,-1.));
#6366=DIRECTION('ref_axis',(1.,0.,0.));
#6367=DIRECTION('',(0.,0.,1.));
#6368=DIRECTION('center_axis',(0.,0.,1.));
#6369=DIRECTION('ref_axis',(1.,0.,0.));
#6370=DIRECTION('center_axis',(0.,0.,1.));
#6371=DIRECTION('ref_axis',(-1.,0.,0.));
#6372=DIRECTION('',(1.,0.,0.));
#6373=DIRECTION('center_axis',(0.,0.,-1.));
#6374=DIRECTION('ref_axis',(0.989743318610787,0.142857142857142,0.));
#6375=DIRECTION('',(1.,0.,0.));
#6376=DIRECTION('',(0.,-1.,0.));
#6377=DIRECTION('center_axis',(0.,1.,0.));
#6378=DIRECTION('ref_axis',(-1.,0.,0.));
#6379=DIRECTION('',(-1.,0.,0.));
#6380=DIRECTION('',(0.,0.,-1.));
#6381=DIRECTION('',(-1.,0.,0.));
#6382=DIRECTION('',(0.,0.,1.));
#6383=DIRECTION('center_axis',(0.,-1.,0.));
#6384=DIRECTION('ref_axis',(1.,0.,0.));
#6385=DIRECTION('',(0.,0.,-1.));
#6386=DIRECTION('',(1.,0.,0.));
#6387=DIRECTION('',(0.,0.,1.));
#6388=DIRECTION('center_axis',(0.,0.,1.));
#6389=DIRECTION('ref_axis',(-1.,0.,0.));
#6390=DIRECTION('center_axis',(0.,0.,1.));
#6391=DIRECTION('ref_axis',(0.989743318610787,0.142857142857142,0.));
#6392=DIRECTION('',(0.,1.,0.));
#6393=DIRECTION('center_axis',(0.,0.,1.));
#6394=DIRECTION('ref_axis',(-1.,0.,0.));
#6395=DIRECTION('',(-1.,0.,0.));
#6396=DIRECTION('',(0.,-1.,0.));
#6397=DIRECTION('center_axis',(0.,0.,-1.));
#6398=DIRECTION('ref_axis',(0.989743318610787,0.142857142857142,0.));
#6399=DIRECTION('center_axis',(0.,0.,1.));
#6400=DIRECTION('ref_axis',(-1.,3.15224037348928E-15,0.));
#6401=DIRECTION('',(0.,0.,-1.));
#6402=DIRECTION('center_axis',(0.,0.,-1.));
#6403=DIRECTION('ref_axis',(0.989743318610787,0.142857142857142,0.));
#6404=DIRECTION('',(0.,0.,1.));
#6405=DIRECTION('',(0.,0.,1.));
#6406=DIRECTION('center_axis',(0.,0.,1.));
#6407=DIRECTION('ref_axis',(0.989743318610787,0.142857142857142,0.));
#6408=DIRECTION('',(0.,0.,1.));
#6409=DIRECTION('',(0.,0.,-1.));
#6410=DIRECTION('center_axis',(0.,0.,-1.));
#6411=DIRECTION('ref_axis',(0.989743318610787,0.142857142857142,0.));
#6412=DIRECTION('',(0.,0.,1.));
#6413=DIRECTION('center_axis',(0.,0.,1.));
#6414=DIRECTION('ref_axis',(-1.,0.,0.));
#6415=DIRECTION('',(-1.,0.,0.));
#6416=DIRECTION('',(-1.,-2.50728353156015E-17,0.));
#6417=DIRECTION('',(0.,1.,0.));
#6418=DIRECTION('center_axis',(0.,0.,1.));
#6419=DIRECTION('ref_axis',(-1.,0.,0.));
#6420=DIRECTION('',(1.,4.21121123508625E-18,0.));
#6421=DIRECTION('',(0.,1.,0.));
#6422=DIRECTION('',(1.,3.67734917962156E-16,0.));
#6423=DIRECTION('center_axis',(3.67734917962156E-16,-1.,0.));
#6424=DIRECTION('ref_axis',(1.,3.67734917962156E-16,0.));
#6425=DIRECTION('',(0.,0.,-1.));
#6426=DIRECTION('',(1.,3.67734917962156E-16,0.));
#6427=DIRECTION('center_axis',(-2.50728353156015E-17,1.,0.));
#6428=DIRECTION('ref_axis',(-1.,-2.50728353156015E-17,0.));
#6429=DIRECTION('',(-1.,-2.50728353156015E-17,0.));
#6430=DIRECTION('',(0.,0.,1.));
#6431=DIRECTION('center_axis',(0.,0.,1.));
#6432=DIRECTION('ref_axis',(-1.,0.,0.));
#6433=DIRECTION('',(0.,-1.,0.));
#6434=DIRECTION('center_axis',(0.408248290463859,-0.816496580927726,0.408248290463867));
#6435=DIRECTION('ref_axis',(0.577350269189623,0.577350269189627,0.577350269189627));
#6436=DIRECTION('center_axis',(0.,1.,0.));
#6437=DIRECTION('ref_axis',(1.,0.,0.));
#6438=DIRECTION('center_axis',(0.,0.,1.));
#6439=DIRECTION('ref_axis',(0.,1.,0.));
#6440=DIRECTION('center_axis',(1.,0.,0.));
#6441=DIRECTION('ref_axis',(0.,0.,1.));
#6442=DIRECTION('center_axis',(0.,0.,1.));
#6443=DIRECTION('ref_axis',(0.707106781186552,0.707106781186543,0.));
#6444=DIRECTION('center_axis',(0.,0.,-1.));
#6445=DIRECTION('ref_axis',(0.707106781186552,0.707106781186543,0.));
#6446=DIRECTION('',(0.,0.,1.));
#6447=DIRECTION('',(0.,0.,-1.));
#6448=DIRECTION('center_axis',(0.,1.,0.));
#6449=DIRECTION('ref_axis',(0.707106781186551,0.,0.707106781186544));
#6450=DIRECTION('',(0.,1.,0.));
#6451=DIRECTION('',(0.,-1.,0.));
#6452=DIRECTION('center_axis',(-0.707106781186548,0.707106781186547,1.57009245868377E-15));
#6453=DIRECTION('ref_axis',(-0.707106781186547,-0.707106781186548,1.57009245868377E-15));
#6454=DIRECTION('center_axis',(-1.,2.51466143742957E-17,0.));
#6455=DIRECTION('ref_axis',(0.,0.707106781186546,0.707106781186549));
#6456=DIRECTION('',(1.,-2.51466143742957E-17,0.));
#6457=DIRECTION('center_axis',(-0.707106781186555,-0.70710678118654,1.57009245868376E-15));
#6458=DIRECTION('ref_axis',(0.70710678118654,-0.707106781186555,1.57009245868379E-15));
#6459=DIRECTION('',(-1.,2.51466143742957E-17,0.));
#6460=DIRECTION('center_axis',(-0.408248290463861,-0.816496580927726,0.408248290463865));
#6461=DIRECTION('ref_axis',(-0.577350269189623,0.577350269189627,0.577350269189627));
#6462=DIRECTION('center_axis',(-1.,0.,0.));
#6463=DIRECTION('ref_axis',(0.,1.,0.));
#6464=DIRECTION('center_axis',(0.,0.,1.));
#6465=DIRECTION('ref_axis',(-1.,0.,0.));
#6466=DIRECTION('center_axis',(0.,1.,0.));
#6467=DIRECTION('ref_axis',(0.,0.,1.));
#6468=DIRECTION('center_axis',(0.,0.,1.));
#6469=DIRECTION('ref_axis',(-0.707106781186552,0.707106781186543,0.));
#6470=DIRECTION('',(0.,0.,1.));
#6471=DIRECTION('',(0.,0.,-1.));
#6472=DIRECTION('center_axis',(-0.408248290463855,0.408248290463859,-0.816496580927732));
#6473=DIRECTION('ref_axis',(-0.577350269189639,0.577350269189621,0.577350269189618));
#6474=DIRECTION('center_axis',(-1.,0.,0.));
#6475=DIRECTION('ref_axis',(0.,1.,0.));
#6476=DIRECTION('center_axis',(0.,0.,1.));
#6477=DIRECTION('ref_axis',(-1.,0.,0.));
#6478=DIRECTION('center_axis',(0.,1.,0.));
#6479=DIRECTION('ref_axis',(0.,0.,1.));
#6480=DIRECTION('center_axis',(0.,0.,1.));
#6481=DIRECTION('ref_axis',(-0.707106781186552,0.707106781186543,0.));
#6482=DIRECTION('center_axis',(0.,0.,-1.));
#6483=DIRECTION('ref_axis',(-0.707106781186552,0.707106781186543,0.));
#6484=DIRECTION('',(0.,0.,1.));
#6485=DIRECTION('',(0.,0.,-1.));
#6486=DIRECTION('center_axis',(0.,-1.,0.));
#6487=DIRECTION('ref_axis',(-0.707106781186551,0.,0.707106781186544));
#6488=DIRECTION('',(0.,1.,0.));
#6489=DIRECTION('',(0.,-1.,0.));
#6490=DIRECTION('center_axis',(0.408248290463859,-0.816496580927726,-0.408248290463867));
#6491=DIRECTION('ref_axis',(-0.577350269189623,-0.577350269189627,0.577350269189627));
#6492=DIRECTION('center_axis',(0.,-1.,0.));
#6493=DIRECTION('ref_axis',(-1.,0.,0.));
#6494=DIRECTION('center_axis',(0.,0.,1.));
#6495=DIRECTION('ref_axis',(0.,-1.,0.));
#6496=DIRECTION('center_axis',(-1.,0.,0.));
#6497=DIRECTION('ref_axis',(0.,0.,1.));
#6498=DIRECTION('center_axis',(0.408248290463859,0.408248290463859,-0.81649658092773));
#6499=DIRECTION('ref_axis',(0.577350269189625,0.577350269189628,0.577350269189625));
#6500=DIRECTION('center_axis',(0.,1.,0.));
#6501=DIRECTION('ref_axis',(1.,0.,0.));
#6502=DIRECTION('center_axis',(0.,0.,1.));
#6503=DIRECTION('ref_axis',(0.,1.,0.));
#6504=DIRECTION('center_axis',(1.,0.,0.));
#6505=DIRECTION('ref_axis',(0.,0.,1.));
#6506=DIRECTION('center_axis',(0.,0.,1.));
#6507=DIRECTION('ref_axis',(0.707106781186552,0.707106781186543,0.));
#6508=DIRECTION('',(0.,0.,1.));
#6509=DIRECTION('',(0.,0.,-1.));
#6510=DIRECTION('center_axis',(-1.,-1.1686558153949E-16,0.));
#6511=DIRECTION('ref_axis',(0.,0.707106781186546,0.707106781186549));
#6512=DIRECTION('',(1.,1.1686558153949E-16,0.));
#6513=DIRECTION('',(-1.,-1.1686558153949E-16,0.));
#6514=DIRECTION('center_axis',(0.408248290463855,-0.408248290463859,-0.816496580927732));
#6515=DIRECTION('ref_axis',(0.57735026918964,-0.577350269189619,0.577350269189619));
#6516=DIRECTION('center_axis',(1.,0.,0.));
#6517=DIRECTION('ref_axis',(0.,-1.,0.));
#6518=DIRECTION('center_axis',(0.,0.,1.));
#6519=DIRECTION('ref_axis',(1.,0.,0.));
#6520=DIRECTION('center_axis',(0.,-1.,0.));
#6521=DIRECTION('ref_axis',(0.,0.,1.));
#6522=DIRECTION('center_axis',(-1.,0.,0.));
#6523=DIRECTION('ref_axis',(0.,-0.707106781186548,-0.707106781186547));
#6524=DIRECTION('center_axis',(-0.707106781186543,0.,-0.707106781186553));
#6525=DIRECTION('ref_axis',(0.707106781186553,0.,-0.707106781186543));
#6526=DIRECTION('',(-1.,0.,0.));
#6527=DIRECTION('center_axis',(0.707106781186549,0.,-0.707106781186546));
#6528=DIRECTION('ref_axis',(0.707106781186546,0.,0.707106781186549));
#6529=DIRECTION('center_axis',(0.,0.,1.));
#6530=DIRECTION('ref_axis',(0.707106781186552,-0.707106781186543,0.));
#6531=DIRECTION('',(0.,0.,1.));
#6532=DIRECTION('',(0.,0.,-1.));
#6533=DIRECTION('center_axis',(0.,1.,0.));
#6534=DIRECTION('ref_axis',(0.707106781186551,0.,0.707106781186544));
#6535=DIRECTION('',(0.,-1.,0.));
#6536=DIRECTION('',(0.,1.,0.));
#6537=DIRECTION('center_axis',(1.,0.,0.));
#6538=DIRECTION('ref_axis',(0.,-0.707106781186546,0.707106781186549));
#6539=DIRECTION('',(-1.,0.,0.));
#6540=DIRECTION('',(1.,0.,0.));
#6541=DIRECTION('center_axis',(0.,0.,1.));
#6542=DIRECTION('ref_axis',(-0.707106781186552,-0.707106781186543,0.));
#6543=DIRECTION('',(0.,0.,1.));
#6544=DIRECTION('',(0.,0.,-1.));
#6545=DIRECTION('center_axis',(0.,-1.,0.));
#6546=DIRECTION('ref_axis',(-0.707106781186551,0.,0.707106781186544));
#6547=DIRECTION('',(0.,1.,0.));
#6548=DIRECTION('',(0.,-1.,0.));
#6549=DIRECTION('center_axis',(-1.,-1.1686558153949E-16,0.));
#6550=DIRECTION('ref_axis',(0.,0.707106781186546,0.707106781186549));
#6551=DIRECTION('',(1.,1.1686558153949E-16,0.));
#6552=DIRECTION('',(-1.,-1.1686558153949E-16,0.));
#6553=DIRECTION('center_axis',(-1.,0.,0.));
#6554=DIRECTION('ref_axis',(0.,-1.,0.));
#6555=DIRECTION('',(0.,-1.,0.));
#6556=DIRECTION('',(0.,0.,1.));
#6557=DIRECTION('center_axis',(-1.1686558153949E-16,1.,0.));
#6558=DIRECTION('ref_axis',(-1.,-1.1686558153949E-16,0.));
#6559=DIRECTION('',(1.,1.1686558153949E-16,0.));
#6560=DIRECTION('center_axis',(1.,0.,0.));
#6561=DIRECTION('ref_axis',(0.,1.,0.));
#6562=DIRECTION('',(0.,0.,-1.));
#6563=DIRECTION('',(0.,1.,0.));
#6564=DIRECTION('',(0.,0.,-1.));
#6565=DIRECTION('',(0.,0.,1.));
#6566=DIRECTION('',(0.,1.,0.));
#6567=DIRECTION('',(0.,0.,1.));
#6568=DIRECTION('center_axis',(0.,0.,1.));
#6569=DIRECTION('ref_axis',(1.,0.,0.));
#6570=DIRECTION('center_axis',(0.,-1.,0.));
#6571=DIRECTION('ref_axis',(1.,0.,0.));
#6572=DIRECTION('center_axis',(0.,-1.,0.));
#6573=DIRECTION('ref_axis',(1.,0.,0.));
#6574=DIRECTION('',(-1.,0.,0.));
#6575=DIRECTION('center_axis',(0.,1.,0.));
#6576=DIRECTION('ref_axis',(-1.,0.,0.));
#6577=DIRECTION('',(1.,0.,0.));
#6578=DIRECTION('center_axis',(0.,0.,1.));
#6579=DIRECTION('ref_axis',(1.,0.,0.));
#6580=DIRECTION('',(-1.,0.,0.));
#6581=DIRECTION('center_axis',(4.21121123508625E-18,-1.,0.));
#6582=DIRECTION('ref_axis',(1.,4.21121123508625E-18,0.));
#6583=DIRECTION('',(-1.,-4.21121123508625E-18,0.));
#6584=DIRECTION('',(0.,0.,-1.));
#6585=DIRECTION('center_axis',(0.,1.,0.));
#6586=DIRECTION('ref_axis',(-1.,0.,0.));
#6587=DIRECTION('',(1.,0.,0.));
#6588=DIRECTION('',(0.,0.,1.));
#6589=DIRECTION('center_axis',(2.96637714392034E-14,1.,0.));
#6590=DIRECTION('ref_axis',(-1.,2.96637714392034E-14,0.));
#6591=DIRECTION('',(0.,0.,-1.));
#6592=DIRECTION('',(-1.,2.96637714392034E-14,0.));
#6593=DIRECTION('',(0.,0.,1.));
#6594=DIRECTION('center_axis',(0.,0.,1.));
#6595=DIRECTION('ref_axis',(-1.,2.18779243087903E-15,0.));
#6596=DIRECTION('',(0.,0.,1.));
#6597=DIRECTION('center_axis',(0.,0.,-1.));
#6598=DIRECTION('ref_axis',(0.971924214226972,0.235294117647006,0.));
#6599=DIRECTION('center_axis',(2.96637714392034E-14,-1.,0.));
#6600=DIRECTION('ref_axis',(1.,2.96637714392034E-14,0.));
#6601=DIRECTION('',(0.,0.,1.));
#6602=DIRECTION('',(1.,2.96637714392034E-14,0.));
#6603=DIRECTION('center_axis',(1.,0.,0.));
#6604=DIRECTION('ref_axis',(0.,1.,0.));
#6605=DIRECTION('',(0.,1.,0.));
#6606=DIRECTION('',(0.,0.,1.));
#6607=DIRECTION('center_axis',(-2.9698465908723E-14,-1.,0.));
#6608=DIRECTION('ref_axis',(1.,-2.9698465908723E-14,0.));
#6609=DIRECTION('',(1.,-2.9698465908723E-14,0.));
#6610=DIRECTION('center_axis',(-2.9698465908723E-14,1.,0.));
#6611=DIRECTION('ref_axis',(-1.,-2.9698465908723E-14,0.));
#6612=DIRECTION('',(-1.,-2.9698465908723E-14,0.));
#6613=DIRECTION('',(0.,0.,1.));
#6614=DIRECTION('center_axis',(1.,0.,0.));
#6615=DIRECTION('ref_axis',(0.,1.,0.));
#6616=DIRECTION('',(0.,1.,0.));
#6617=DIRECTION('center_axis',(0.,0.,1.));
#6618=DIRECTION('ref_axis',(1.,0.,0.));
#6619=DIRECTION('center_axis',(0.,1.,0.));
#6620=DIRECTION('ref_axis',(-1.,0.,0.));
#6621=DIRECTION('center_axis',(0.,0.,1.));
#6622=DIRECTION('ref_axis',(1.,0.,0.));
#6623=DIRECTION('',(1.,0.,0.));
#6624=DIRECTION('center_axis',(0.,-1.,0.));
#6625=DIRECTION('ref_axis',(1.,0.,0.));
#6626=DIRECTION('center_axis',(2.51466143742957E-17,1.,0.));
#6627=DIRECTION('ref_axis',(-1.,2.51466143742957E-17,0.));
#6628=DIRECTION('',(-1.,-2.3373116307898E-16,0.));
#6629=DIRECTION('',(0.,0.,1.));
#6630=DIRECTION('center_axis',(-1.,0.,0.));
#6631=DIRECTION('ref_axis',(0.,-1.,0.));
#6632=DIRECTION('',(0.,-1.,0.));
#6633=DIRECTION('',(0.,1.,0.));
#6634=DIRECTION('',(0.,1.,0.));
#6635=DIRECTION('',(0.,-1.,0.));
#6636=DIRECTION('center_axis',(0.,0.,1.));
#6637=DIRECTION('ref_axis',(1.,0.,0.));
#6638=DIRECTION('',(-1.,0.,0.));
#6639=DIRECTION('center_axis',(0.,0.,-1.));
#6640=DIRECTION('ref_axis',(-0.989743318610787,0.142857142857142,0.));
#6641=DIRECTION('center_axis',(-1.,0.,0.));
#6642=DIRECTION('ref_axis',(0.,1.,0.));
#6643=DIRECTION('',(0.,1.,0.));
#6644=DIRECTION('center_axis',(0.,0.,1.));
#6645=DIRECTION('ref_axis',(-1.,0.,0.));
#6646=DIRECTION('center_axis',(0.,0.,1.));
#6647=DIRECTION('ref_axis',(-0.00597389861529684,-0.999982156108465,0.));
#6648=DIRECTION('',(0.999982156108465,-0.00597389861525785,0.));
#6649=DIRECTION('center_axis',(0.,0.,1.));
#6650=DIRECTION('ref_axis',(0.00597389861525243,0.999982156108465,0.));
#6651=DIRECTION('',(-0.999982156108465,0.00597389861525736,0.));
#6652=DIRECTION('center_axis',(0.,0.,1.));
#6653=DIRECTION('ref_axis',(-0.00597389861525245,0.999982156108465,0.));
#6654=DIRECTION('',(-0.999982156108465,-0.00597389861525867,0.));
#6655=DIRECTION('center_axis',(0.,0.,1.));
#6656=DIRECTION('ref_axis',(0.00597389861526354,-0.999982156108465,0.));
#6657=DIRECTION('',(0.999982156108465,0.00597389861525823,0.));
#6658=DIRECTION('center_axis',(0.,0.,1.));
#6659=DIRECTION('ref_axis',(-0.00597389861526354,-0.999982156108465,0.));
#6660=DIRECTION('',(0.999982156108465,-0.00597389861525776,0.));
#6661=DIRECTION('center_axis',(0.,0.,1.));
#6662=DIRECTION('ref_axis',(0.00597389861526353,0.999982156108465,0.));
#6663=DIRECTION('',(-0.999982156108465,0.00597389861525732,0.));
#6664=DIRECTION('center_axis',(0.,0.,1.));
#6665=DIRECTION('ref_axis',(0.00597389861525243,-0.999982156108465,0.));
#6666=DIRECTION('',(0.999982156108465,0.00597389861525825,0.));
#6667=DIRECTION('center_axis',(0.,0.,1.));
#6668=DIRECTION('ref_axis',(-0.00597389861525245,0.999982156108465,0.));
#6669=DIRECTION('',(-0.999982156108465,-0.00597389861525865,0.));
#6670=DIRECTION('center_axis',(0.,0.,1.));
#6671=DIRECTION('ref_axis',(0.,1.,0.));
#6672=DIRECTION('',(-1.,0.,0.));
#6673=DIRECTION('center_axis',(0.,0.,1.));
#6674=DIRECTION('ref_axis',(0.,-1.,0.));
#6675=DIRECTION('',(1.,0.,0.));
#6676=DIRECTION('center_axis',(0.,-1.,0.));
#6677=DIRECTION('ref_axis',(1.,0.,0.));
#6678=DIRECTION('',(0.,0.,1.));
#6679=DIRECTION('',(0.,0.,1.));
#6680=DIRECTION('center_axis',(0.,0.,1.));
#6681=DIRECTION('ref_axis',(0.,1.,0.));
#6682=DIRECTION('',(0.,0.,1.));
#6683=DIRECTION('center_axis',(-0.00597389861525825,0.999982156108465,0.));
#6684=DIRECTION('ref_axis',(-0.999982156108465,-0.00597389861525825,0.));
#6685=DIRECTION('',(0.,0.,1.));
#6686=DIRECTION('',(0.,0.,1.));
#6687=DIRECTION('center_axis',(0.,0.,1.));
#6688=DIRECTION('ref_axis',(0.00597389861525243,-0.999982156108465,0.));
#6689=DIRECTION('',(0.,0.,1.));
#6690=DIRECTION('center_axis',(0.00597389861525776,0.999982156108465,0.));
#6691=DIRECTION('ref_axis',(-0.999982156108465,0.00597389861525776,0.));
#6692=DIRECTION('',(0.,0.,1.));
#6693=DIRECTION('',(0.,0.,1.));
#6694=DIRECTION('center_axis',(0.,0.,1.));
#6695=DIRECTION('ref_axis',(-0.00597389861526354,-0.999982156108465,0.));
#6696=DIRECTION('',(0.,0.,1.));
#6697=DIRECTION('center_axis',(0.00597389861525867,-0.999982156108465,0.));
#6698=DIRECTION('ref_axis',(0.999982156108465,0.00597389861525867,0.));
#6699=DIRECTION('',(0.,0.,1.));
#6700=DIRECTION('',(0.,0.,1.));
#6701=DIRECTION('center_axis',(0.,0.,1.));
#6702=DIRECTION('ref_axis',(-0.00597389861525245,0.999982156108465,0.));
#6703=DIRECTION('',(0.,0.,1.));
#6704=DIRECTION('center_axis',(0.00597389861525785,0.999982156108465,0.));
#6705=DIRECTION('ref_axis',(-0.999982156108465,0.00597389861525785,0.));
#6706=DIRECTION('',(0.,0.,1.));
#6707=DIRECTION('',(0.,0.,1.));
#6708=DIRECTION('center_axis',(0.,0.,1.));
#6709=DIRECTION('ref_axis',(-0.00597389861529684,-0.999982156108465,0.));
#6710=DIRECTION('',(0.,0.,1.));
#6711=DIRECTION('center_axis',(-0.00597389861525736,-0.999982156108465,
0.));
#6712=DIRECTION('ref_axis',(0.999982156108465,-0.00597389861525736,0.));
#6713=DIRECTION('',(0.,0.,1.));
#6714=DIRECTION('center_axis',(0.,0.,1.));
#6715=DIRECTION('ref_axis',(0.00597389861525243,0.999982156108465,0.));
#6716=DIRECTION('center_axis',(0.,1.,0.));
#6717=DIRECTION('ref_axis',(-1.,0.,0.));
#6718=DIRECTION('',(0.,0.,1.));
#6719=DIRECTION('center_axis',(0.,0.,1.));
#6720=DIRECTION('ref_axis',(0.,-1.,0.));
#6721=DIRECTION('center_axis',(-0.00597389861525823,0.999982156108465,0.));
#6722=DIRECTION('ref_axis',(-0.999982156108465,-0.00597389861525823,0.));
#6723=DIRECTION('',(0.,0.,1.));
#6724=DIRECTION('center_axis',(0.,0.,1.));
#6725=DIRECTION('ref_axis',(0.00597389861526354,-0.999982156108465,0.));
#6726=DIRECTION('center_axis',(-0.00597389861525732,-0.999982156108465,
0.));
#6727=DIRECTION('ref_axis',(0.999982156108465,-0.00597389861525732,0.));
#6728=DIRECTION('',(0.,0.,1.));
#6729=DIRECTION('center_axis',(0.,0.,1.));
#6730=DIRECTION('ref_axis',(0.00597389861526353,0.999982156108465,0.));
#6731=DIRECTION('center_axis',(0.,0.,1.));
#6732=DIRECTION('ref_axis',(-0.00597389861525245,0.999982156108465,0.));
#6733=DIRECTION('',(0.,0.,1.));
#6734=DIRECTION('center_axis',(0.00597389861525865,-0.999982156108465,0.));
#6735=DIRECTION('ref_axis',(0.999982156108465,0.00597389861525865,0.));
#6736=DIRECTION('center_axis',(0.,0.,1.));
#6737=DIRECTION('ref_axis',(1.,0.,0.));
#6738=DIRECTION('center_axis',(0.,0.,-1.));
#6739=DIRECTION('ref_axis',(1.,0.,0.));
#6740=DIRECTION('',(0.,0.,-1.));
#6741=DIRECTION('center_axis',(0.,0.,1.));
#6742=DIRECTION('ref_axis',(1.,0.,0.));
#6743=DIRECTION('center_axis',(0.,0.,-1.));
#6744=DIRECTION('ref_axis',(1.,0.,0.));
#6745=DIRECTION('',(-1.,0.,0.));
#6746=DIRECTION('',(-1.,0.,0.));
#6747=DIRECTION('center_axis',(0.,0.,-1.));
#6748=DIRECTION('ref_axis',(-0.989743318610787,0.142857142857142,0.));
#6749=DIRECTION('center_axis',(0.,0.,-1.));
#6750=DIRECTION('ref_axis',(1.,0.,0.));
#6751=DIRECTION('',(1.,0.,0.));
#6752=DIRECTION('center_axis',(0.,0.,-1.));
#6753=DIRECTION('ref_axis',(-0.989743318610787,0.142857142857142,0.));
#6754=DIRECTION('',(1.,-2.50728353156015E-17,0.));
#6755=DIRECTION('center_axis',(0.,-1.,0.));
#6756=DIRECTION('ref_axis',(1.,0.,0.));
#6757=DIRECTION('',(0.,0.,-1.));
#6758=DIRECTION('',(1.,-2.50728353156015E-17,0.));
#6759=DIRECTION('center_axis',(0.,1.,0.));
#6760=DIRECTION('ref_axis',(-1.,0.,0.));
#6761=DIRECTION('',(-1.,0.,0.));
#6762=DIRECTION('',(0.,0.,1.));
#6763=DIRECTION('center_axis',(0.,0.,-1.));
#6764=DIRECTION('ref_axis',(1.,0.,0.));
#6765=DIRECTION('center_axis',(0.,0.,1.));
#6766=DIRECTION('ref_axis',(-0.989743318610787,0.142857142857142,0.));
#6767=DIRECTION('center_axis',(0.,-1.,0.));
#6768=DIRECTION('ref_axis',(1.,0.,0.));
#6769=DIRECTION('',(0.,0.,-1.));
#6770=DIRECTION('',(1.,0.,0.));
#6771=DIRECTION('center_axis',(0.,1.,0.));
#6772=DIRECTION('ref_axis',(-1.,0.,0.));
#6773=DIRECTION('',(0.,0.,1.));
#6774=DIRECTION('center_axis',(0.,0.,-1.));
#6775=DIRECTION('ref_axis',(-1.,0.,0.));
#6776=DIRECTION('center_axis',(0.,0.,-1.));
#6777=DIRECTION('ref_axis',(-0.989743318610787,0.142857142857142,0.));
#6778=DIRECTION('center_axis',(0.,0.,-1.));
#6779=DIRECTION('ref_axis',(1.,3.15224037348928E-15,0.));
#6780=DIRECTION('',(0.,0.,1.));
#6781=DIRECTION('center_axis',(0.,0.,-1.));
#6782=DIRECTION('ref_axis',(-0.989743318610787,0.142857142857142,0.));
#6783=DIRECTION('',(0.,0.,1.));
#6784=DIRECTION('center_axis',(0.,0.,-1.));
#6785=DIRECTION('ref_axis',(1.,1.9265634839084E-15,0.));
#6786=DIRECTION('',(0.,0.,1.));
#6787=DIRECTION('center_axis',(0.,0.,1.));
#6788=DIRECTION('ref_axis',(-0.971924214226972,0.235294117647006,0.));
#6789=DIRECTION('',(0.,0.,-1.));
#6790=DIRECTION('center_axis',(2.96637714392034E-14,-1.,0.));
#6791=DIRECTION('ref_axis',(1.,2.96637714392034E-14,0.));
#6792=DIRECTION('',(0.,0.,1.));
#6793=DIRECTION('',(1.,2.96637714392034E-14,0.));
#6794=DIRECTION('center_axis',(1.,0.,0.));
#6795=DIRECTION('ref_axis',(0.,1.,0.));
#6796=DIRECTION('',(0.,0.,1.));
#6797=DIRECTION('',(0.,1.,0.));
#6798=DIRECTION('center_axis',(-2.9698465908723E-14,1.,0.));
#6799=DIRECTION('ref_axis',(-1.,-2.9698465908723E-14,0.));
#6800=DIRECTION('',(-1.,-2.9698465908723E-14,0.));
#6801=DIRECTION('center_axis',(-2.9698465908723E-14,-1.,0.));
#6802=DIRECTION('ref_axis',(1.,-2.9698465908723E-14,0.));
#6803=DIRECTION('',(0.,0.,1.));
#6804=DIRECTION('',(1.,-2.9698465908723E-14,0.));
#6805=DIRECTION('center_axis',(1.,0.,0.));
#6806=DIRECTION('ref_axis',(0.,1.,0.));
#6807=DIRECTION('',(0.,0.,1.));
#6808=DIRECTION('',(0.,1.,0.));
#6809=DIRECTION('center_axis',(2.96637714392034E-14,1.,0.));
#6810=DIRECTION('ref_axis',(-1.,2.96637714392034E-14,0.));
#6811=DIRECTION('',(-1.,2.96637714392034E-14,0.));
#6812=DIRECTION('center_axis',(0.,0.,-1.));
#6813=DIRECTION('ref_axis',(-1.,0.,0.));
#6814=CARTESIAN_POINT('',(0.,0.,0.));
#6815=CARTESIAN_POINT('Origin',(-30.3885953958,-17.008159813938,0.));
#6816=CARTESIAN_POINT('',(-30.3885953958,-5.,0.));
#6817=CARTESIAN_POINT('',(-30.3885953958,-17.008159813938,0.));
#6818=CARTESIAN_POINT('',(-30.3885953958,-5.,0.));
#6819=CARTESIAN_POINT('',(-30.3885953958,-5.,5.));
#6820=CARTESIAN_POINT('',(-30.3885953958,-5.,0.));
#6821=CARTESIAN_POINT('',(-30.3885953958,-17.008159813938,5.));
#6822=CARTESIAN_POINT('',(-30.3885953958,-5.,5.));
#6823=CARTESIAN_POINT('',(-30.3885953958,-17.008159813938,0.));
#6824=CARTESIAN_POINT('Origin',(-19.5,-18.1652774877182,0.));
#6825=CARTESIAN_POINT('',(-19.5,-18.1652774877182,0.));
#6826=CARTESIAN_POINT('',(-143.386604695,-4.99999999999999,0.));
#6827=CARTESIAN_POINT('',(-19.5,-18.1652774877182,5.));
#6828=CARTESIAN_POINT('',(-143.386604695,-4.99999999999999,5.));
#6829=CARTESIAN_POINT('',(-19.5,-18.1652774877182,0.));
#6830=CARTESIAN_POINT('Origin',(-19.5,-5.,0.));
#6831=CARTESIAN_POINT('',(-19.5,-5.,0.));
#6832=CARTESIAN_POINT('',(-19.5,-5.,0.));
#6833=CARTESIAN_POINT('',(-19.5,-5.,5.));
#6834=CARTESIAN_POINT('',(-19.5,-5.,5.));
#6835=CARTESIAN_POINT('',(-19.5,-5.,0.));
#6836=CARTESIAN_POINT('Origin',(-14.5,-18.6966213533496,0.));
#6837=CARTESIAN_POINT('',(-14.5,-5.,0.));
#6838=CARTESIAN_POINT('',(-14.5,-18.6966213533496,0.));
#6839=CARTESIAN_POINT('',(-14.5,-5.,0.));
#6840=CARTESIAN_POINT('',(-14.5,-5.,5.));
#6841=CARTESIAN_POINT('',(-14.5,-5.,0.));
#6842=CARTESIAN_POINT('',(-14.5,-18.6966213533496,5.));
#6843=CARTESIAN_POINT('',(-14.5,-5.,5.));
#6844=CARTESIAN_POINT('',(-14.5,-18.6966213533496,0.));
#6845=CARTESIAN_POINT('Origin',(-2.5,-19.9718466308649,0.));
#6846=CARTESIAN_POINT('',(-2.5,-19.9718466308649,0.));
#6847=CARTESIAN_POINT('',(-143.386604695,-4.99999999999999,0.));
#6848=CARTESIAN_POINT('',(-2.5,-19.9718466308649,5.));
#6849=CARTESIAN_POINT('',(-143.386604695,-4.99999999999999,5.));
#6850=CARTESIAN_POINT('',(-2.5,-19.9718466308649,0.));
#6851=CARTESIAN_POINT('Origin',(-2.5,-9.68245836551854,0.));
#6852=CARTESIAN_POINT('',(-2.5,-9.68245836551854,0.));
#6853=CARTESIAN_POINT('',(-2.5,0.,0.));
#6854=CARTESIAN_POINT('',(-2.5,-9.68245836551854,5.));
#6855=CARTESIAN_POINT('',(-2.5,0.,5.));
#6856=CARTESIAN_POINT('',(-2.5,-9.68245836551854,0.));
#6857=CARTESIAN_POINT('Origin',(2.5,-19.9718466308649,0.));
#6858=CARTESIAN_POINT('',(2.5,-9.68245836551854,0.));
#6859=CARTESIAN_POINT('',(2.5,-19.9718466308649,0.));
#6860=CARTESIAN_POINT('',(2.5,0.,0.));
#6861=CARTESIAN_POINT('',(2.5,-9.68245836551854,5.));
#6862=CARTESIAN_POINT('',(2.5,-9.68245836551854,0.));
#6863=CARTESIAN_POINT('',(2.5,-19.9718466308649,5.));
#6864=CARTESIAN_POINT('',(2.5,0.,5.));
#6865=CARTESIAN_POINT('',(2.5,-19.9718466308649,0.));
#6866=CARTESIAN_POINT('Origin',(14.5,-18.6966213533496,0.));
#6867=CARTESIAN_POINT('',(14.5,-18.6966213533496,0.));
#6868=CARTESIAN_POINT('',(141.5,-5.20048716631188,0.));
#6869=CARTESIAN_POINT('',(14.5,-18.6966213533496,5.));
#6870=CARTESIAN_POINT('',(141.5,-5.20048716631188,5.));
#6871=CARTESIAN_POINT('',(14.5,-18.6966213533496,0.));
#6872=CARTESIAN_POINT('Origin',(14.5,-5.,0.));
#6873=CARTESIAN_POINT('',(14.5,-5.,0.));
#6874=CARTESIAN_POINT('',(14.5,-5.,0.));
#6875=CARTESIAN_POINT('',(14.5,-5.,5.));
#6876=CARTESIAN_POINT('',(14.5,-5.,5.));
#6877=CARTESIAN_POINT('',(14.5,-5.,0.));
#6878=CARTESIAN_POINT('Origin',(19.5,-18.1652774877181,0.));
#6879=CARTESIAN_POINT('',(19.5,-4.99999999999999,0.));
#6880=CARTESIAN_POINT('',(19.5,-18.1652774877181,0.));
#6881=CARTESIAN_POINT('',(19.5,-5.,0.));
#6882=CARTESIAN_POINT('',(19.5,-4.99999999999999,5.));
#6883=CARTESIAN_POINT('',(19.5,-4.99999999999999,0.));
#6884=CARTESIAN_POINT('',(19.5,-18.1652774877181,5.));
#6885=CARTESIAN_POINT('',(19.5,-5.,5.));
#6886=CARTESIAN_POINT('',(19.5,-18.1652774877181,0.));
#6887=CARTESIAN_POINT('Origin',(30.3885953958,-17.008159813938,0.));
#6888=CARTESIAN_POINT('',(30.3885953958,-17.008159813938,0.));
#6889=CARTESIAN_POINT('',(141.5,-5.20048716631188,0.));
#6890=CARTESIAN_POINT('',(30.3885953958,-17.008159813938,5.));
#6891=CARTESIAN_POINT('',(141.5,-5.20048716631188,5.));
#6892=CARTESIAN_POINT('',(30.3885953958,-17.008159813938,0.));
#6893=CARTESIAN_POINT('Origin',(30.3885953958,-5.,0.));
#6894=CARTESIAN_POINT('',(30.3885953958,-4.99999999999999,0.));
#6895=CARTESIAN_POINT('',(30.3885953958,-5.,0.));
#6896=CARTESIAN_POINT('',(30.3885953958,-4.99999999999999,5.));
#6897=CARTESIAN_POINT('',(30.3885953958,-5.,5.));
#6898=CARTESIAN_POINT('',(30.3885953958,-4.99999999999999,0.));
#6899=CARTESIAN_POINT('Origin',(35.4236880322564,-16.4730866968846,0.));
#6900=CARTESIAN_POINT('',(35.4236880322564,-4.99999999999999,0.));
#6901=CARTESIAN_POINT('',(35.4236880322564,-16.4730866968846,0.));
#6902=CARTESIAN_POINT('',(35.4236880322564,-5.,0.));
#6903=CARTESIAN_POINT('',(35.4236880322564,-4.99999999999999,5.));
#6904=CARTESIAN_POINT('',(35.4236880322564,-4.99999999999999,0.));
#6905=CARTESIAN_POINT('',(35.4236880322564,-16.4730866968846,5.));
#6906=CARTESIAN_POINT('',(35.4236880322564,-5.,5.));
#6907=CARTESIAN_POINT('',(35.4236880322564,-16.4730866968846,0.));
#6908=CARTESIAN_POINT('Origin',(47.5079103597517,-15.1889112159565,0.));
#6909=CARTESIAN_POINT('',(47.5079103597517,-15.1889112159564,0.));
#6910=CARTESIAN_POINT('',(141.5,-5.20048716631188,0.));
#6911=CARTESIAN_POINT('',(47.5079103597517,-15.1889112159564,5.));
#6912=CARTESIAN_POINT('',(141.5,-5.20048716631188,5.));
#6913=CARTESIAN_POINT('',(47.5079103597517,-15.1889112159564,0.));
#6914=CARTESIAN_POINT('Origin',(47.5079103597517,-5.,0.));
#6915=CARTESIAN_POINT('',(47.5079103597517,-4.99999999999998,0.));
#6916=CARTESIAN_POINT('',(47.5079103597517,-5.,0.));
#6917=CARTESIAN_POINT('',(47.5079103597517,-4.99999999999998,5.));
#6918=CARTESIAN_POINT('',(47.5079103597517,-5.,5.));
#6919=CARTESIAN_POINT('',(47.5079103597517,-4.99999999999998,0.));
#6920=CARTESIAN_POINT('Origin',(52.5430029962081,-14.653838098903,0.));
#6921=CARTESIAN_POINT('',(52.5430029962081,-4.99999999999998,0.));
#6922=CARTESIAN_POINT('',(52.5430029962081,-14.653838098903,0.));
#6923=CARTESIAN_POINT('',(52.5430029962081,-5.,0.));
#6924=CARTESIAN_POINT('',(52.5430029962081,-4.99999999999998,5.));
#6925=CARTESIAN_POINT('',(52.5430029962081,-4.99999999999998,0.));
#6926=CARTESIAN_POINT('',(52.5430029962081,-14.653838098903,5.));
#6927=CARTESIAN_POINT('',(52.5430029962081,-5.,5.));
#6928=CARTESIAN_POINT('',(52.5430029962081,-14.653838098903,0.));
#6929=CARTESIAN_POINT('Origin',(64.6272253237034,-13.369662617975,0.));
#6930=CARTESIAN_POINT('',(64.6272253237034,-13.3696626179749,0.));
#6931=CARTESIAN_POINT('',(141.5,-5.20048716631188,0.));
#6932=CARTESIAN_POINT('',(64.6272253237034,-13.3696626179749,5.));
#6933=CARTESIAN_POINT('',(141.5,-5.20048716631188,5.));
#6934=CARTESIAN_POINT('',(64.6272253237034,-13.3696626179749,0.));
#6935=CARTESIAN_POINT('Origin',(64.6272253237033,-5.,0.));
#6936=CARTESIAN_POINT('',(64.6272253237034,-4.99999999999998,0.));
#6937=CARTESIAN_POINT('',(64.6272253237033,-5.,0.));
#6938=CARTESIAN_POINT('',(64.6272253237034,-4.99999999999998,5.));
#6939=CARTESIAN_POINT('',(64.6272253237033,-5.,5.));
#6940=CARTESIAN_POINT('',(64.6272253237033,-4.99999999999998,0.));
#6941=CARTESIAN_POINT('Origin',(69.6623179601597,-12.8345895009215,0.));
#6942=CARTESIAN_POINT('',(69.6623179601597,-4.99999999999998,0.));
#6943=CARTESIAN_POINT('',(69.6623179601597,-12.8345895009215,0.));
#6944=CARTESIAN_POINT('',(69.6623179601597,-5.,0.));
#6945=CARTESIAN_POINT('',(69.6623179601597,-4.99999999999998,5.));
#6946=CARTESIAN_POINT('',(69.6623179601597,-4.99999999999998,0.));
#6947=CARTESIAN_POINT('',(69.6623179601597,-12.8345895009215,5.));
#6948=CARTESIAN_POINT('',(69.6623179601597,-5.,5.));
#6949=CARTESIAN_POINT('',(69.6623179601597,-12.8345895009215,0.));
#6950=CARTESIAN_POINT('Origin',(81.746540287655,-11.5504140199934,0.));
#6951=CARTESIAN_POINT('',(81.746540287655,-11.5504140199933,0.));
#6952=CARTESIAN_POINT('',(141.5,-5.20048716631188,0.));
#6953=CARTESIAN_POINT('',(81.746540287655,-11.5504140199933,5.));
#6954=CARTESIAN_POINT('',(141.5,-5.20048716631188,5.));
#6955=CARTESIAN_POINT('',(81.746540287655,-11.5504140199933,0.));
#6956=CARTESIAN_POINT('Origin',(81.746540287655,-5.,0.));
#6957=CARTESIAN_POINT('',(81.746540287655,-4.99999999999997,0.));
#6958=CARTESIAN_POINT('',(81.746540287655,-5.,0.));
#6959=CARTESIAN_POINT('',(81.746540287655,-4.99999999999997,5.));
#6960=CARTESIAN_POINT('',(81.746540287655,-5.,5.));
#6961=CARTESIAN_POINT('',(81.746540287655,-4.99999999999997,0.));
#6962=CARTESIAN_POINT('Origin',(86.7816329241114,-11.0153409029399,0.));
#6963=CARTESIAN_POINT('',(86.7816329241114,-4.99999999999997,0.));
#6964=CARTESIAN_POINT('',(86.7816329241114,-11.0153409029399,0.));
#6965=CARTESIAN_POINT('',(86.7816329241114,-5.,0.));
#6966=CARTESIAN_POINT('',(86.7816329241114,-4.99999999999997,5.));
#6967=CARTESIAN_POINT('',(86.7816329241114,-4.99999999999997,0.));
#6968=CARTESIAN_POINT('',(86.7816329241114,-11.0153409029399,5.));
#6969=CARTESIAN_POINT('',(86.7816329241114,-5.,5.));
#6970=CARTESIAN_POINT('',(86.7816329241114,-11.0153409029399,0.));
#6971=CARTESIAN_POINT('Origin',(98.8658552516067,-9.73116542201192,0.));
#6972=CARTESIAN_POINT('',(98.8658552516067,-9.73116542201174,0.));
#6973=CARTESIAN_POINT('',(141.5,-5.20048716631188,0.));
#6974=CARTESIAN_POINT('',(98.8658552516067,-9.73116542201174,5.));
#6975=CARTESIAN_POINT('',(141.5,-5.20048716631188,5.));
#6976=CARTESIAN_POINT('',(98.8658552516067,-9.73116542201174,0.));
#6977=CARTESIAN_POINT('Origin',(98.8658552516067,-5.,0.));
#6978=CARTESIAN_POINT('',(98.8658552516067,-4.99999999999997,0.));
#6979=CARTESIAN_POINT('',(98.8658552516067,-5.,0.));
#6980=CARTESIAN_POINT('',(98.8658552516067,-4.99999999999997,5.));
#6981=CARTESIAN_POINT('',(98.8658552516067,-5.,5.));
#6982=CARTESIAN_POINT('',(98.8658552516067,-4.99999999999997,0.));
#6983=CARTESIAN_POINT('Origin',(103.900947888063,-9.19609230495834,0.));
#6984=CARTESIAN_POINT('',(103.900947888063,-4.99999999999996,0.));
#6985=CARTESIAN_POINT('',(103.900947888063,-9.19609230495834,0.));
#6986=CARTESIAN_POINT('',(103.900947888063,-5.,0.));
#6987=CARTESIAN_POINT('',(103.900947888063,-4.99999999999996,5.));
#6988=CARTESIAN_POINT('',(103.900947888063,-4.99999999999996,0.));
#6989=CARTESIAN_POINT('',(103.900947888063,-9.19609230495834,5.));
#6990=CARTESIAN_POINT('',(103.900947888063,-5.,5.));
#6991=CARTESIAN_POINT('',(103.900947888063,-9.19609230495834,0.));
#6992=CARTESIAN_POINT('Origin',(115.985170215558,-7.91191682403039,0.));
#6993=CARTESIAN_POINT('',(115.985170215558,-7.91191682403039,0.));
#6994=CARTESIAN_POINT('',(141.5,-5.20048716631188,0.));
#6995=CARTESIAN_POINT('',(115.985170215558,-7.91191682403039,5.));
#6996=CARTESIAN_POINT('',(141.5,-5.20048716631188,5.));
#6997=CARTESIAN_POINT('',(115.985170215558,-7.91191682403039,0.));
#6998=CARTESIAN_POINT('Origin',(115.985170215558,-4.99999999999999,0.));
#6999=CARTESIAN_POINT('',(115.985170215558,-4.99999999999996,0.));
#7000=CARTESIAN_POINT('',(115.985170215558,-4.99999999999999,0.));
#7001=CARTESIAN_POINT('',(115.985170215558,-4.99999999999996,5.));
#7002=CARTESIAN_POINT('',(115.985170215558,-4.99999999999999,5.));
#7003=CARTESIAN_POINT('',(115.985170215558,-4.99999999999996,0.));
#7004=CARTESIAN_POINT('Origin',(121.020262852015,-7.3768437069768,0.));
#7005=CARTESIAN_POINT('',(121.020262852015,-4.99999999999996,0.));
#7006=CARTESIAN_POINT('',(121.020262852015,-7.3768437069768,0.));
#7007=CARTESIAN_POINT('',(121.020262852015,-4.99999999999999,0.));
#7008=CARTESIAN_POINT('',(121.020262852015,-4.99999999999996,5.));
#7009=CARTESIAN_POINT('',(121.020262852015,-4.99999999999996,0.));
#7010=CARTESIAN_POINT('',(121.020262852015,-7.3768437069768,5.));
#7011=CARTESIAN_POINT('',(121.020262852015,-4.99999999999999,5.));
#7012=CARTESIAN_POINT('',(121.020262852015,-7.3768437069768,0.));
#7013=CARTESIAN_POINT('Origin',(133.10448517951,-6.09266822604886,0.));
#7014=CARTESIAN_POINT('',(133.10448517951,-6.09266822604864,0.));
#7015=CARTESIAN_POINT('',(141.5,-5.20048716631188,0.));
#7016=CARTESIAN_POINT('',(133.10448517951,-6.09266822604864,5.));
#7017=CARTESIAN_POINT('',(141.5,-5.20048716631188,5.));
#7018=CARTESIAN_POINT('',(133.10448517951,-6.09266822604864,0.));
#7019=CARTESIAN_POINT('Origin',(133.10448517951,-4.99999999999999,0.));
#7020=CARTESIAN_POINT('',(133.10448517951,-4.99999999999995,0.));
#7021=CARTESIAN_POINT('',(133.10448517951,-4.99999999999999,0.));
#7022=CARTESIAN_POINT('',(133.10448517951,-4.99999999999995,5.));
#7023=CARTESIAN_POINT('',(133.10448517951,-4.99999999999999,5.));
#7024=CARTESIAN_POINT('',(133.10448517951,-4.99999999999995,0.));
#7025=CARTESIAN_POINT('Origin',(138.139577815966,-5.55759510899525,0.));
#7026=CARTESIAN_POINT('',(138.139577815966,-4.99999999999995,0.));
#7027=CARTESIAN_POINT('',(138.139577815966,-5.55759510899548,0.));
#7028=CARTESIAN_POINT('',(138.139577815966,-4.99999999999999,0.));
#7029=CARTESIAN_POINT('',(138.139577815966,-4.99999999999995,5.));
#7030=CARTESIAN_POINT('',(138.139577815966,-4.99999999999995,0.));
#7031=CARTESIAN_POINT('',(138.139577815966,-5.55759510899548,5.));
#7032=CARTESIAN_POINT('',(138.139577815966,-4.99999999999999,5.));
#7033=CARTESIAN_POINT('',(138.139577815966,-5.55759510899548,0.));
#7034=CARTESIAN_POINT('Origin',(141.5,-5.20048716631188,0.));
#7035=CARTESIAN_POINT('',(141.5,-5.20048716631188,0.));
#7036=CARTESIAN_POINT('',(141.5,-5.20048716631188,0.));
#7037=CARTESIAN_POINT('',(141.5,-5.20048716631188,5.));
#7038=CARTESIAN_POINT('',(141.5,-5.20048716631188,5.));
#7039=CARTESIAN_POINT('',(141.5,-5.20048716631188,0.));
#7040=CARTESIAN_POINT('Origin',(2.5,-25.,0.));
#7041=CARTESIAN_POINT('',(141.5,-10.2286405354467,0.));
#7042=CARTESIAN_POINT('',(2.5,-25.,0.));
#7043=CARTESIAN_POINT('',(141.5,-10.2286405354467,0.));
#7044=CARTESIAN_POINT('',(141.5,-10.2286405354467,5.));
#7045=CARTESIAN_POINT('',(141.5,-10.2286405354467,0.));
#7046=CARTESIAN_POINT('',(2.5,-25.,5.));
#7047=CARTESIAN_POINT('',(141.5,-10.2286405354467,5.));
#7048=CARTESIAN_POINT('',(2.5,-25.,0.));
#7049=CARTESIAN_POINT('Origin',(-2.5,-25.,0.));
#7050=CARTESIAN_POINT('',(-2.5,-25.,0.));
#7051=CARTESIAN_POINT('',(-2.5,-25.,0.));
#7052=CARTESIAN_POINT('',(-2.5,-25.,5.));
#7053=CARTESIAN_POINT('',(-2.5,-25.,5.));
#7054=CARTESIAN_POINT('',(-2.5,-25.,0.));
#7055=CARTESIAN_POINT('Origin',(-190.702041028867,-4.99999999999999,0.));
#7056=CARTESIAN_POINT('',(-190.702041028867,-5.,0.));
#7057=CARTESIAN_POINT('',(-190.702041028867,-4.99999999999999,0.));
#7058=CARTESIAN_POINT('',(-190.702041028867,-5.,5.));
#7059=CARTESIAN_POINT('',(-190.702041028867,-4.99999999999999,5.));
#7060=CARTESIAN_POINT('',(-190.702041028867,-5.,0.));
#7061=CARTESIAN_POINT('Origin',(-138.139577815966,-5.55759510899548,0.));
#7062=CARTESIAN_POINT('',(-143.386604695,-4.99999999999999,0.));
#7063=CARTESIAN_POINT('',(-138.139577815966,-5.55759510899548,0.));
#7064=CARTESIAN_POINT('',(-143.386604695,-4.99999999999999,0.));
#7065=CARTESIAN_POINT('',(-143.386604695,-4.99999999999999,5.));
#7066=CARTESIAN_POINT('',(-143.386604695,-5.,0.));
#7067=CARTESIAN_POINT('',(-138.139577815966,-5.55759510899548,5.));
#7068=CARTESIAN_POINT('',(-143.386604695,-4.99999999999999,5.));
#7069=CARTESIAN_POINT('',(-138.139577815966,-5.55759510899548,0.));
#7070=CARTESIAN_POINT('Origin',(-138.139577815966,-4.99999999999999,0.));
#7071=CARTESIAN_POINT('',(-138.139577815966,-4.99999999999999,0.));
#7072=CARTESIAN_POINT('',(-138.139577815966,-4.99999999999999,0.));
#7073=CARTESIAN_POINT('',(-138.139577815966,-4.99999999999999,5.));
#7074=CARTESIAN_POINT('',(-138.139577815966,-4.99999999999999,5.));
#7075=CARTESIAN_POINT('',(-138.139577815966,-5.,0.));
#7076=CARTESIAN_POINT('Origin',(-133.10448517951,-6.09266822604864,0.));
#7077=CARTESIAN_POINT('',(-133.10448517951,-4.99999999999999,0.));
#7078=CARTESIAN_POINT('',(-133.10448517951,-6.09266822604886,0.));
#7079=CARTESIAN_POINT('',(-133.10448517951,-4.99999999999999,0.));
#7080=CARTESIAN_POINT('',(-133.10448517951,-4.99999999999999,5.));
#7081=CARTESIAN_POINT('',(-133.10448517951,-5.,0.));
#7082=CARTESIAN_POINT('',(-133.10448517951,-6.09266822604886,5.));
#7083=CARTESIAN_POINT('',(-133.10448517951,-4.99999999999999,5.));
#7084=CARTESIAN_POINT('',(-133.10448517951,-6.09266822604886,0.));
#7085=CARTESIAN_POINT('Origin',(-121.020262852015,-7.376843706977,0.));
#7086=CARTESIAN_POINT('',(-121.020262852015,-7.376843706977,0.));
#7087=CARTESIAN_POINT('',(-143.386604695,-4.99999999999999,0.));
#7088=CARTESIAN_POINT('',(-121.020262852015,-7.376843706977,5.));
#7089=CARTESIAN_POINT('',(-143.386604695,-4.99999999999999,5.));
#7090=CARTESIAN_POINT('',(-121.020262852015,-7.376843706977,0.));
#7091=CARTESIAN_POINT('Origin',(-121.020262852015,-4.99999999999999,0.));
#7092=CARTESIAN_POINT('',(-121.020262852015,-4.99999999999999,0.));
#7093=CARTESIAN_POINT('',(-121.020262852015,-4.99999999999999,0.));
#7094=CARTESIAN_POINT('',(-121.020262852015,-4.99999999999999,5.));
#7095=CARTESIAN_POINT('',(-121.020262852015,-4.99999999999999,5.));
#7096=CARTESIAN_POINT('',(-121.020262852015,-5.,0.));
#7097=CARTESIAN_POINT('Origin',(-115.985170215558,-7.91191682403019,0.));
#7098=CARTESIAN_POINT('',(-115.985170215558,-4.99999999999999,0.));
#7099=CARTESIAN_POINT('',(-115.985170215558,-7.91191682403039,0.));
#7100=CARTESIAN_POINT('',(-115.985170215558,-4.99999999999999,0.));
#7101=CARTESIAN_POINT('',(-115.985170215558,-4.99999999999999,5.));
#7102=CARTESIAN_POINT('',(-115.985170215558,-5.,0.));
#7103=CARTESIAN_POINT('',(-115.985170215558,-7.91191682403039,5.));
#7104=CARTESIAN_POINT('',(-115.985170215558,-4.99999999999999,5.));
#7105=CARTESIAN_POINT('',(-115.985170215558,-7.91191682403039,0.));
#7106=CARTESIAN_POINT('Origin',(-103.900947888063,-9.19609230495853,0.));
#7107=CARTESIAN_POINT('',(-103.900947888063,-9.19609230495853,0.));
#7108=CARTESIAN_POINT('',(-143.386604695,-4.99999999999999,0.));
#7109=CARTESIAN_POINT('',(-103.900947888063,-9.19609230495853,5.));
#7110=CARTESIAN_POINT('',(-143.386604695,-4.99999999999999,5.));
#7111=CARTESIAN_POINT('',(-103.900947888063,-9.19609230495853,0.));
#7112=CARTESIAN_POINT('Origin',(-103.900947888063,-5.,0.));
#7113=CARTESIAN_POINT('',(-103.900947888063,-4.99999999999999,0.));
#7114=CARTESIAN_POINT('',(-103.900947888063,-5.,0.));
#7115=CARTESIAN_POINT('',(-103.900947888063,-4.99999999999999,5.));
#7116=CARTESIAN_POINT('',(-103.900947888063,-5.,5.));
#7117=CARTESIAN_POINT('',(-103.900947888063,-5.,0.));
#7118=CARTESIAN_POINT('Origin',(-98.8658552516067,-9.73116542201174,0.));
#7119=CARTESIAN_POINT('',(-98.8658552516067,-5.,0.));
#7120=CARTESIAN_POINT('',(-98.8658552516067,-9.73116542201192,0.));
#7121=CARTESIAN_POINT('',(-98.8658552516067,-5.,0.));
#7122=CARTESIAN_POINT('',(-98.8658552516067,-5.,5.));
#7123=CARTESIAN_POINT('',(-98.8658552516067,-5.,0.));
#7124=CARTESIAN_POINT('',(-98.8658552516067,-9.73116542201192,5.));
#7125=CARTESIAN_POINT('',(-98.8658552516067,-5.,5.));
#7126=CARTESIAN_POINT('',(-98.8658552516067,-9.73116542201192,0.));
#7127=CARTESIAN_POINT('Origin',(-86.7816329241114,-11.0153409029401,0.));
#7128=CARTESIAN_POINT('',(-86.7816329241114,-11.0153409029399,0.));
#7129=CARTESIAN_POINT('',(-143.386604695,-4.99999999999999,0.));
#7130=CARTESIAN_POINT('',(-86.7816329241114,-11.0153409029399,5.));
#7131=CARTESIAN_POINT('',(-143.386604695,-4.99999999999999,5.));
#7132=CARTESIAN_POINT('',(-86.7816329241114,-11.0153409029399,0.));
#7133=CARTESIAN_POINT('Origin',(-86.7816329241114,-5.,0.));
#7134=CARTESIAN_POINT('',(-86.7816329241114,-5.,0.));
#7135=CARTESIAN_POINT('',(-86.7816329241114,-5.,0.));
#7136=CARTESIAN_POINT('',(-86.7816329241114,-5.,5.));
#7137=CARTESIAN_POINT('',(-86.7816329241114,-5.,5.));
#7138=CARTESIAN_POINT('',(-86.7816329241113,-5.,0.));
#7139=CARTESIAN_POINT('Origin',(-81.746540287655,-11.5504140199933,0.));
#7140=CARTESIAN_POINT('',(-81.746540287655,-5.,0.));
#7141=CARTESIAN_POINT('',(-81.746540287655,-11.5504140199933,0.));
#7142=CARTESIAN_POINT('',(-81.746540287655,-5.,0.));
#7143=CARTESIAN_POINT('',(-81.746540287655,-5.,5.));
#7144=CARTESIAN_POINT('',(-81.746540287655,-5.,0.));
#7145=CARTESIAN_POINT('',(-81.746540287655,-11.5504140199933,5.));
#7146=CARTESIAN_POINT('',(-81.746540287655,-5.,5.));
#7147=CARTESIAN_POINT('',(-81.746540287655,-11.5504140199933,0.));
#7148=CARTESIAN_POINT('Origin',(-69.6623179601597,-12.8345895009216,0.));
#7149=CARTESIAN_POINT('',(-69.6623179601597,-12.8345895009216,0.));
#7150=CARTESIAN_POINT('',(-143.386604695,-4.99999999999999,0.));
#7151=CARTESIAN_POINT('',(-69.6623179601597,-12.8345895009216,5.));
#7152=CARTESIAN_POINT('',(-143.386604695,-4.99999999999999,5.));
#7153=CARTESIAN_POINT('',(-69.6623179601597,-12.8345895009216,0.));
#7154=CARTESIAN_POINT('Origin',(-69.6623179601597,-5.,0.));
#7155=CARTESIAN_POINT('',(-69.6623179601597,-5.,0.));
#7156=CARTESIAN_POINT('',(-69.6623179601597,-5.,0.));
#7157=CARTESIAN_POINT('',(-69.6623179601597,-5.,5.));
#7158=CARTESIAN_POINT('',(-69.6623179601597,-5.,5.));
#7159=CARTESIAN_POINT('',(-69.6623179601597,-5.,0.));
#7160=CARTESIAN_POINT('Origin',(-64.6272253237034,-13.3696626179749,0.));
#7161=CARTESIAN_POINT('',(-64.6272253237034,-5.,0.));
#7162=CARTESIAN_POINT('',(-64.6272253237034,-13.369662617975,0.));
#7163=CARTESIAN_POINT('',(-64.6272253237034,-5.,0.));
#7164=CARTESIAN_POINT('',(-64.6272253237034,-5.,5.));
#7165=CARTESIAN_POINT('',(-64.6272253237034,-5.,0.));
#7166=CARTESIAN_POINT('',(-64.6272253237034,-13.369662617975,5.));
#7167=CARTESIAN_POINT('',(-64.6272253237034,-5.,5.));
#7168=CARTESIAN_POINT('',(-64.6272253237034,-13.369662617975,0.));
#7169=CARTESIAN_POINT('Origin',(-52.5430029962081,-14.6538380989031,0.));
#7170=CARTESIAN_POINT('',(-52.5430029962081,-14.653838098903,0.));
#7171=CARTESIAN_POINT('',(-143.386604695,-4.99999999999999,0.));
#7172=CARTESIAN_POINT('',(-52.5430029962081,-14.653838098903,5.));
#7173=CARTESIAN_POINT('',(-143.386604695,-4.99999999999999,5.));
#7174=CARTESIAN_POINT('',(-52.5430029962081,-14.653838098903,0.));
#7175=CARTESIAN_POINT('Origin',(-52.5430029962081,-5.,0.));
#7176=CARTESIAN_POINT('',(-52.5430029962081,-5.,0.));
#7177=CARTESIAN_POINT('',(-52.5430029962081,-5.,0.));
#7178=CARTESIAN_POINT('',(-52.5430029962081,-5.,5.));
#7179=CARTESIAN_POINT('',(-52.5430029962081,-5.,5.));
#7180=CARTESIAN_POINT('',(-52.5430029962081,-5.,0.));
#7181=CARTESIAN_POINT('Origin',(-47.5079103597517,-15.1889112159564,0.));
#7182=CARTESIAN_POINT('',(-47.5079103597517,-5.,0.));
#7183=CARTESIAN_POINT('',(-47.5079103597517,-15.1889112159564,0.));
#7184=CARTESIAN_POINT('',(-47.5079103597517,-5.,0.));
#7185=CARTESIAN_POINT('',(-47.5079103597517,-5.,5.));
#7186=CARTESIAN_POINT('',(-47.5079103597517,-5.,0.));
#7187=CARTESIAN_POINT('',(-47.5079103597517,-15.1889112159564,5.));
#7188=CARTESIAN_POINT('',(-47.5079103597517,-5.,5.));
#7189=CARTESIAN_POINT('',(-47.5079103597517,-15.1889112159564,0.));
#7190=CARTESIAN_POINT('Origin',(-35.4236880322564,-16.4730866968846,0.));
#7191=CARTESIAN_POINT('',(-35.4236880322564,-16.4730866968846,0.));
#7192=CARTESIAN_POINT('',(-143.386604695,-4.99999999999999,0.));
#7193=CARTESIAN_POINT('',(-35.4236880322564,-16.4730866968846,5.));
#7194=CARTESIAN_POINT('',(-143.386604695,-4.99999999999999,5.));
#7195=CARTESIAN_POINT('',(-35.4236880322564,-16.4730866968846,0.));
#7196=CARTESIAN_POINT('Origin',(-35.4236880322564,-5.,0.));
#7197=CARTESIAN_POINT('',(-35.4236880322564,-5.,0.));
#7198=CARTESIAN_POINT('',(-35.4236880322564,-5.,0.));
#7199=CARTESIAN_POINT('',(-35.4236880322564,-5.,5.));
#7200=CARTESIAN_POINT('',(-35.4236880322564,-5.,5.));
#7201=CARTESIAN_POINT('',(-35.4236880322564,-5.,0.));
#7202=CARTESIAN_POINT('Origin',(8.66025403784439,-5.,0.));
#7203=CARTESIAN_POINT('',(141.5,-4.99999999999995,0.));
#7204=CARTESIAN_POINT('',(8.66025403784439,-5.,0.));
#7205=CARTESIAN_POINT('',(141.5,-4.99999999999995,5.));
#7206=CARTESIAN_POINT('',(141.5,-4.99999999999995,0.));
#7207=CARTESIAN_POINT('',(8.66025403784439,-5.,5.));
#7208=CARTESIAN_POINT('Origin',(8.66025403784439,-5.,0.));
#7209=CARTESIAN_POINT('',(8.66025403784439,-5.,0.));
#7210=CARTESIAN_POINT('',(8.66025403784439,-5.,5.));
#7211=CARTESIAN_POINT('Origin',(8.66025403784439,-5.,0.));
#7212=CARTESIAN_POINT('',(8.66025403784439,-5.,0.));
#7213=CARTESIAN_POINT('',(8.66025403784439,-5.,5.));
#7214=CARTESIAN_POINT('Origin',(8.66025403784439,-5.,0.));
#7215=CARTESIAN_POINT('',(8.66025403784439,-5.,0.));
#7216=CARTESIAN_POINT('',(8.66025403784439,-5.,5.));
#7217=CARTESIAN_POINT('Origin',(8.66025403784439,-5.,0.));
#7218=CARTESIAN_POINT('',(8.66025403784439,-5.,0.));
#7219=CARTESIAN_POINT('',(8.66025403784439,-5.,5.));
#7220=CARTESIAN_POINT('Origin',(8.66025403784439,-5.,0.));
#7221=CARTESIAN_POINT('',(8.66025403784439,-5.,0.));
#7222=CARTESIAN_POINT('',(8.66025403784439,-5.,5.));
#7223=CARTESIAN_POINT('Origin',(8.66025403784439,-5.,0.));
#7224=CARTESIAN_POINT('',(8.66025403784439,-5.,0.));
#7225=CARTESIAN_POINT('',(8.66025403784439,-5.,5.));
#7226=CARTESIAN_POINT('Origin',(8.66025403784439,-5.,0.));
#7227=CARTESIAN_POINT('',(8.66025403784437,-5.,5.));
#7228=CARTESIAN_POINT('',(8.66025403784439,-5.,5.));
#7229=CARTESIAN_POINT('',(8.66025403784439,-5.,0.));
#7230=CARTESIAN_POINT('',(8.66025403784439,-5.,0.));
#7231=CARTESIAN_POINT('',(8.66025403784439,-5.,0.));
#7232=CARTESIAN_POINT('Origin',(8.66025403784439,-5.,0.));
#7233=CARTESIAN_POINT('',(8.66025403784439,-5.,0.));
#7234=CARTESIAN_POINT('',(8.66025403784439,-5.,5.));
#7235=CARTESIAN_POINT('Origin',(-185.5,-5.,0.));
#7236=CARTESIAN_POINT('',(-200.5,-5.,0.));
#7237=CARTESIAN_POINT('',(-200.5,-5.,5.));
#7238=CARTESIAN_POINT('Origin',(-185.5,-5.,0.));
#7239=CARTESIAN_POINT('',(-200.5,-5.,0.));
#7240=CARTESIAN_POINT('',(-200.5,-5.,5.));
#7241=CARTESIAN_POINT('Origin',(-185.5,-5.,0.));
#7242=CARTESIAN_POINT('',(-200.5,-5.,0.));
#7243=CARTESIAN_POINT('',(-200.5,-5.,5.));
#7244=CARTESIAN_POINT('Origin',(-185.5,-5.,0.));
#7245=CARTESIAN_POINT('',(-200.5,-5.,0.));
#7246=CARTESIAN_POINT('',(-200.5,-5.,5.));
#7247=CARTESIAN_POINT('Origin',(-185.5,-5.,0.));
#7248=CARTESIAN_POINT('',(-200.5,-5.,0.));
#7249=CARTESIAN_POINT('',(-200.5,-5.,5.));
#7250=CARTESIAN_POINT('Origin',(-185.5,-5.,0.));
#7251=CARTESIAN_POINT('',(-200.5,-5.,0.));
#7252=CARTESIAN_POINT('',(-200.5,-5.,5.));
#7253=CARTESIAN_POINT('Origin',(-185.5,-5.,0.));
#7254=CARTESIAN_POINT('',(-8.66025403784441,-4.99999999999995,0.));
#7255=CARTESIAN_POINT('',(-200.5,-5.,0.));
#7256=CARTESIAN_POINT('',(-8.66025403784441,-4.99999999999995,5.));
#7257=CARTESIAN_POINT('',(-8.66025403784441,-4.99999999999995,0.));
#7258=CARTESIAN_POINT('',(-200.5,-5.,5.));
#7259=CARTESIAN_POINT('Origin',(-185.5,-5.,0.));
#7260=CARTESIAN_POINT('',(-200.5,-5.,0.));
#7261=CARTESIAN_POINT('',(-200.5,-5.,5.));
#7262=CARTESIAN_POINT('Origin',(-185.5,-5.,0.));
#7263=CARTESIAN_POINT('',(-200.5,-5.,5.));
#7264=CARTESIAN_POINT('',(-200.5,-5.,0.));
#7265=CARTESIAN_POINT('Origin',(14.5,18.6966213533496,0.));
#7266=CARTESIAN_POINT('',(14.5,5.,0.));
#7267=CARTESIAN_POINT('',(14.5,18.6966213533496,0.));
#7268=CARTESIAN_POINT('',(14.5,5.,0.));
#7269=CARTESIAN_POINT('',(14.5,5.,5.));
#7270=CARTESIAN_POINT('',(14.5,5.,0.));
#7271=CARTESIAN_POINT('',(14.5,18.6966213533496,5.));
#7272=CARTESIAN_POINT('',(14.5,5.,5.));
#7273=CARTESIAN_POINT('',(14.5,18.6966213533496,0.));
#7274=CARTESIAN_POINT('Origin',(2.50000000000002,19.9718466308649,0.));
#7275=CARTESIAN_POINT('',(2.5,19.9718466308649,0.));
#7276=CARTESIAN_POINT('',(141.5,5.20048716631188,0.));
#7277=CARTESIAN_POINT('',(2.5,19.9718466308649,5.));
#7278=CARTESIAN_POINT('',(141.5,5.20048716631188,5.));
#7279=CARTESIAN_POINT('',(2.5,19.9718466308649,0.));
#7280=CARTESIAN_POINT('Origin',(2.5,9.68245836551854,0.));
#7281=CARTESIAN_POINT('',(2.5,9.68245836551854,0.));
#7282=CARTESIAN_POINT('',(2.5,0.,0.));
#7283=CARTESIAN_POINT('',(2.5,9.68245836551854,5.));
#7284=CARTESIAN_POINT('',(2.5,0.,5.));
#7285=CARTESIAN_POINT('',(2.5,9.68245836551854,0.));
#7286=CARTESIAN_POINT('Origin',(-2.5,19.9718466308649,0.));
#7287=CARTESIAN_POINT('',(-2.5,9.68245836551854,0.));
#7288=CARTESIAN_POINT('',(-2.5,19.9718466308649,0.));
#7289=CARTESIAN_POINT('',(-2.5,0.,0.));
#7290=CARTESIAN_POINT('',(-2.5,9.68245836551854,5.));
#7291=CARTESIAN_POINT('',(-2.5,9.68245836551854,0.));
#7292=CARTESIAN_POINT('',(-2.5,19.9718466308649,5.));
#7293=CARTESIAN_POINT('',(-2.5,0.,5.));
#7294=CARTESIAN_POINT('',(-2.5,19.9718466308649,0.));
#7295=CARTESIAN_POINT('Origin',(-14.5,18.6966213533496,0.));
#7296=CARTESIAN_POINT('',(-14.5,18.6966213533496,0.));
#7297=CARTESIAN_POINT('',(-143.386604695,4.99999999999999,0.));
#7298=CARTESIAN_POINT('',(-14.5,18.6966213533496,5.));
#7299=CARTESIAN_POINT('',(-143.386604695,4.99999999999999,5.));
#7300=CARTESIAN_POINT('',(-14.5,18.6966213533496,0.));
#7301=CARTESIAN_POINT('Origin',(-14.5,5.,0.));
#7302=CARTESIAN_POINT('',(-14.5,5.,0.));
#7303=CARTESIAN_POINT('',(-14.5,5.,0.));
#7304=CARTESIAN_POINT('',(-14.5,5.,5.));
#7305=CARTESIAN_POINT('',(-14.5,5.,5.));
#7306=CARTESIAN_POINT('',(-14.5,5.,0.));
#7307=CARTESIAN_POINT('Origin',(-19.5,18.1652774877181,0.));
#7308=CARTESIAN_POINT('',(-19.5,5.,0.));
#7309=CARTESIAN_POINT('',(-19.5,18.1652774877181,0.));
#7310=CARTESIAN_POINT('',(-19.5,5.,0.));
#7311=CARTESIAN_POINT('',(-19.5,5.,5.));
#7312=CARTESIAN_POINT('',(-19.5,5.,0.));
#7313=CARTESIAN_POINT('',(-19.5,18.1652774877181,5.));
#7314=CARTESIAN_POINT('',(-19.5,5.,5.));
#7315=CARTESIAN_POINT('',(-19.5,18.1652774877181,0.));
#7316=CARTESIAN_POINT('Origin',(-30.3885953958,17.008159813938,0.));
#7317=CARTESIAN_POINT('',(-30.3885953958,17.008159813938,0.));
#7318=CARTESIAN_POINT('',(-143.386604695,4.99999999999999,0.));
#7319=CARTESIAN_POINT('',(-30.3885953958,17.008159813938,5.));
#7320=CARTESIAN_POINT('',(-143.386604695,4.99999999999999,5.));
#7321=CARTESIAN_POINT('',(-30.3885953958,17.008159813938,0.));
#7322=CARTESIAN_POINT('Origin',(-30.3885953958,5.,0.));
#7323=CARTESIAN_POINT('',(-30.3885953958,5.,0.));
#7324=CARTESIAN_POINT('',(-30.3885953958,5.,0.));
#7325=CARTESIAN_POINT('',(-30.3885953958,5.,5.));
#7326=CARTESIAN_POINT('',(-30.3885953958,5.,5.));
#7327=CARTESIAN_POINT('',(-30.3885953958,5.,0.));
#7328=CARTESIAN_POINT('Origin',(-35.4236880322564,16.4730866968846,0.));
#7329=CARTESIAN_POINT('',(-35.4236880322564,5.,0.));
#7330=CARTESIAN_POINT('',(-35.4236880322564,16.4730866968846,0.));
#7331=CARTESIAN_POINT('',(-35.4236880322564,5.,0.));
#7332=CARTESIAN_POINT('',(-35.4236880322564,5.,5.));
#7333=CARTESIAN_POINT('',(-35.4236880322564,5.,0.));
#7334=CARTESIAN_POINT('',(-35.4236880322564,16.4730866968846,5.));
#7335=CARTESIAN_POINT('',(-35.4236880322564,5.,5.));
#7336=CARTESIAN_POINT('',(-35.4236880322564,16.4730866968846,0.));
#7337=CARTESIAN_POINT('Origin',(-47.5079103597518,15.1889112159565,0.));
#7338=CARTESIAN_POINT('',(-47.5079103597517,15.1889112159564,0.));
#7339=CARTESIAN_POINT('',(-143.386604695,4.99999999999999,0.));
#7340=CARTESIAN_POINT('',(-47.5079103597517,15.1889112159564,5.));
#7341=CARTESIAN_POINT('',(-143.386604695,4.99999999999999,5.));
#7342=CARTESIAN_POINT('',(-47.5079103597517,15.1889112159564,0.));
#7343=CARTESIAN_POINT('Origin',(-47.5079103597517,5.,0.));
#7344=CARTESIAN_POINT('',(-47.5079103597517,5.,0.));
#7345=CARTESIAN_POINT('',(-47.5079103597517,5.,0.));
#7346=CARTESIAN_POINT('',(-47.5079103597517,5.,5.));
#7347=CARTESIAN_POINT('',(-47.5079103597517,5.,5.));
#7348=CARTESIAN_POINT('',(-47.5079103597517,5.,0.));
#7349=CARTESIAN_POINT('Origin',(-52.5430029962081,14.653838098903,0.));
#7350=CARTESIAN_POINT('',(-52.5430029962081,5.,0.));
#7351=CARTESIAN_POINT('',(-52.5430029962081,14.653838098903,0.));
#7352=CARTESIAN_POINT('',(-52.5430029962081,5.,0.));
#7353=CARTESIAN_POINT('',(-52.5430029962081,5.,5.));
#7354=CARTESIAN_POINT('',(-52.5430029962081,5.,0.));
#7355=CARTESIAN_POINT('',(-52.5430029962081,14.653838098903,5.));
#7356=CARTESIAN_POINT('',(-52.5430029962081,5.,5.));
#7357=CARTESIAN_POINT('',(-52.5430029962081,14.653838098903,0.));
#7358=CARTESIAN_POINT('Origin',(-64.6272253237034,13.369662617975,0.));
#7359=CARTESIAN_POINT('',(-64.6272253237034,13.3696626179749,0.));
#7360=CARTESIAN_POINT('',(-143.386604695,4.99999999999999,0.));
#7361=CARTESIAN_POINT('',(-64.6272253237033,13.3696626179749,5.));
#7362=CARTESIAN_POINT('',(-143.386604695,4.99999999999999,5.));
#7363=CARTESIAN_POINT('',(-64.6272253237034,13.3696626179749,0.));
#7364=CARTESIAN_POINT('Origin',(-64.6272253237034,5.,0.));
#7365=CARTESIAN_POINT('',(-64.6272253237034,5.,0.));
#7366=CARTESIAN_POINT('',(-64.6272253237034,5.,0.));
#7367=CARTESIAN_POINT('',(-64.6272253237033,5.,5.));
#7368=CARTESIAN_POINT('',(-64.6272253237034,5.,5.));
#7369=CARTESIAN_POINT('',(-64.6272253237034,5.,0.));
#7370=CARTESIAN_POINT('Origin',(-69.6623179601597,12.8345895009215,0.));
#7371=CARTESIAN_POINT('',(-69.6623179601597,5.,0.));
#7372=CARTESIAN_POINT('',(-69.6623179601597,12.8345895009215,0.));
#7373=CARTESIAN_POINT('',(-69.6623179601597,5.,0.));
#7374=CARTESIAN_POINT('',(-69.6623179601597,5.,5.));
#7375=CARTESIAN_POINT('',(-69.6623179601597,5.,0.));
#7376=CARTESIAN_POINT('',(-69.6623179601597,12.8345895009215,5.));
#7377=CARTESIAN_POINT('',(-69.6623179601597,5.,5.));
#7378=CARTESIAN_POINT('',(-69.6623179601597,12.8345895009215,0.));
#7379=CARTESIAN_POINT('Origin',(-81.746540287655,11.5504140199934,0.));
#7380=CARTESIAN_POINT('',(-81.746540287655,11.5504140199933,0.));
#7381=CARTESIAN_POINT('',(-143.386604695,4.99999999999999,0.));
#7382=CARTESIAN_POINT('',(-81.746540287655,11.5504140199933,5.));
#7383=CARTESIAN_POINT('',(-143.386604695,4.99999999999999,5.));
#7384=CARTESIAN_POINT('',(-81.746540287655,11.5504140199933,0.));
#7385=CARTESIAN_POINT('Origin',(-81.746540287655,5.,0.));
#7386=CARTESIAN_POINT('',(-81.746540287655,5.,0.));
#7387=CARTESIAN_POINT('',(-81.746540287655,5.,0.));
#7388=CARTESIAN_POINT('',(-81.746540287655,5.,5.));
#7389=CARTESIAN_POINT('',(-81.746540287655,5.,5.));
#7390=CARTESIAN_POINT('',(-81.746540287655,5.,0.));
#7391=CARTESIAN_POINT('Origin',(-86.7816329241114,11.0153409029399,0.));
#7392=CARTESIAN_POINT('',(-86.7816329241114,5.,0.));
#7393=CARTESIAN_POINT('',(-86.7816329241114,11.0153409029399,0.));
#7394=CARTESIAN_POINT('',(-86.7816329241114,5.,0.));
#7395=CARTESIAN_POINT('',(-86.7816329241114,5.,5.));
#7396=CARTESIAN_POINT('',(-86.7816329241114,5.,0.));
#7397=CARTESIAN_POINT('',(-86.7816329241114,11.0153409029399,5.));
#7398=CARTESIAN_POINT('',(-86.7816329241114,5.,5.));
#7399=CARTESIAN_POINT('',(-86.7816329241114,11.0153409029399,0.));
#7400=CARTESIAN_POINT('Origin',(-98.8658552516067,9.73116542201192,0.));
#7401=CARTESIAN_POINT('',(-98.8658552516067,9.73116542201174,0.));
#7402=CARTESIAN_POINT('',(-143.386604695,4.99999999999999,0.));
#7403=CARTESIAN_POINT('',(-98.8658552516067,9.73116542201174,5.));
#7404=CARTESIAN_POINT('',(-143.386604695,4.99999999999999,5.));
#7405=CARTESIAN_POINT('',(-98.8658552516067,9.73116542201174,0.));
#7406=CARTESIAN_POINT('Origin',(-98.8658552516067,5.,0.));
#7407=CARTESIAN_POINT('',(-98.8658552516067,5.,0.));
#7408=CARTESIAN_POINT('',(-98.8658552516067,5.,0.));
#7409=CARTESIAN_POINT('',(-98.8658552516067,5.,5.));
#7410=CARTESIAN_POINT('',(-98.8658552516067,5.,5.));
#7411=CARTESIAN_POINT('',(-98.8658552516067,5.,0.));
#7412=CARTESIAN_POINT('Origin',(-103.900947888063,9.19609230495834,0.));
#7413=CARTESIAN_POINT('',(-103.900947888063,4.99999999999999,0.));
#7414=CARTESIAN_POINT('',(-103.900947888063,9.19609230495834,0.));
#7415=CARTESIAN_POINT('',(-103.900947888063,5.,0.));
#7416=CARTESIAN_POINT('',(-103.900947888063,4.99999999999999,5.));
#7417=CARTESIAN_POINT('',(-103.900947888063,5.,0.));
#7418=CARTESIAN_POINT('',(-103.900947888063,9.19609230495834,5.));
#7419=CARTESIAN_POINT('',(-103.900947888063,5.,5.));
#7420=CARTESIAN_POINT('',(-103.900947888063,9.19609230495834,0.));
#7421=CARTESIAN_POINT('Origin',(-115.985170215558,7.91191682403039,0.));
#7422=CARTESIAN_POINT('',(-115.985170215558,7.91191682403019,0.));
#7423=CARTESIAN_POINT('',(-143.386604695,4.99999999999999,0.));
#7424=CARTESIAN_POINT('',(-115.985170215558,7.91191682403019,5.));
#7425=CARTESIAN_POINT('',(-143.386604695,4.99999999999999,5.));
#7426=CARTESIAN_POINT('',(-115.985170215558,7.91191682403019,0.));
#7427=CARTESIAN_POINT('Origin',(-115.985170215558,4.99999999999999,0.));
#7428=CARTESIAN_POINT('',(-115.985170215558,4.99999999999999,0.));
#7429=CARTESIAN_POINT('',(-115.985170215558,4.99999999999999,0.));
#7430=CARTESIAN_POINT('',(-115.985170215558,4.99999999999999,5.));
#7431=CARTESIAN_POINT('',(-115.985170215558,4.99999999999999,5.));
#7432=CARTESIAN_POINT('',(-115.985170215558,5.,0.));
#7433=CARTESIAN_POINT('Origin',(-121.020262852015,7.3768437069768,0.));
#7434=CARTESIAN_POINT('',(-121.020262852015,4.99999999999999,0.));
#7435=CARTESIAN_POINT('',(-121.020262852015,7.3768437069768,0.));
#7436=CARTESIAN_POINT('',(-121.020262852015,4.99999999999999,0.));
#7437=CARTESIAN_POINT('',(-121.020262852015,4.99999999999999,5.));
#7438=CARTESIAN_POINT('',(-121.020262852015,5.,0.));
#7439=CARTESIAN_POINT('',(-121.020262852015,7.3768437069768,5.));
#7440=CARTESIAN_POINT('',(-121.020262852015,4.99999999999999,5.));
#7441=CARTESIAN_POINT('',(-121.020262852015,7.3768437069768,0.));
#7442=CARTESIAN_POINT('Origin',(-133.10448517951,6.09266822604886,0.));
#7443=CARTESIAN_POINT('',(-133.10448517951,6.09266822604864,0.));
#7444=CARTESIAN_POINT('',(-143.386604695,4.99999999999999,0.));
#7445=CARTESIAN_POINT('',(-133.10448517951,6.09266822604864,5.));
#7446=CARTESIAN_POINT('',(-143.386604695,4.99999999999999,5.));
#7447=CARTESIAN_POINT('',(-133.10448517951,6.09266822604864,0.));
#7448=CARTESIAN_POINT('Origin',(-133.10448517951,4.99999999999999,0.));
#7449=CARTESIAN_POINT('',(-133.10448517951,4.99999999999999,0.));
#7450=CARTESIAN_POINT('',(-133.10448517951,4.99999999999999,0.));
#7451=CARTESIAN_POINT('',(-133.10448517951,4.99999999999999,5.));
#7452=CARTESIAN_POINT('',(-133.10448517951,4.99999999999999,5.));
#7453=CARTESIAN_POINT('',(-133.10448517951,5.,0.));
#7454=CARTESIAN_POINT('Origin',(-138.139577815966,5.55759510899525,0.));
#7455=CARTESIAN_POINT('',(-138.139577815966,4.99999999999999,0.));
#7456=CARTESIAN_POINT('',(-138.139577815966,5.55759510899525,0.));
#7457=CARTESIAN_POINT('',(-138.139577815966,4.99999999999999,0.));
#7458=CARTESIAN_POINT('',(-138.139577815966,4.99999999999999,5.));
#7459=CARTESIAN_POINT('',(-138.139577815966,5.,0.));
#7460=CARTESIAN_POINT('',(-138.139577815966,5.55759510899525,5.));
#7461=CARTESIAN_POINT('',(-138.139577815966,4.99999999999999,5.));
#7462=CARTESIAN_POINT('',(-138.139577815966,5.55759510899525,0.));
#7463=CARTESIAN_POINT('Origin',(-143.386604695,4.99999999999999,0.));
#7464=CARTESIAN_POINT('',(-143.386604695,4.99999999999999,0.));
#7465=CARTESIAN_POINT('',(-143.386604695,4.99999999999999,0.));
#7466=CARTESIAN_POINT('',(-143.386604695,4.99999999999999,5.));
#7467=CARTESIAN_POINT('',(-143.386604695,4.99999999999999,5.));
#7468=CARTESIAN_POINT('',(-143.386604695,5.,0.));
#7469=CARTESIAN_POINT('Origin',(-2.5,25.,0.));
#7470=CARTESIAN_POINT('',(-190.702041028867,5.,0.));
#7471=CARTESIAN_POINT('',(-2.5,25.,0.));
#7472=CARTESIAN_POINT('',(-190.702041028867,4.99999999999999,0.));
#7473=CARTESIAN_POINT('',(-190.702041028867,5.,5.));
#7474=CARTESIAN_POINT('',(-190.702041028867,5.,0.));
#7475=CARTESIAN_POINT('',(-2.5,25.,5.));
#7476=CARTESIAN_POINT('',(-190.702041028867,4.99999999999999,5.));
#7477=CARTESIAN_POINT('',(-2.5,25.,0.));
#7478=CARTESIAN_POINT('Origin',(2.5,25.,0.));
#7479=CARTESIAN_POINT('',(2.5,25.,0.));
#7480=CARTESIAN_POINT('',(2.5,25.,0.));
#7481=CARTESIAN_POINT('',(2.5,25.,5.));
#7482=CARTESIAN_POINT('',(2.5,25.,5.));
#7483=CARTESIAN_POINT('',(2.5,25.,0.));
#7484=CARTESIAN_POINT('Origin',(141.5,10.2286405354467,0.));
#7485=CARTESIAN_POINT('',(141.5,10.2286405354467,0.));
#7486=CARTESIAN_POINT('',(141.5,10.2286405354467,0.));
#7487=CARTESIAN_POINT('',(141.5,10.2286405354467,5.));
#7488=CARTESIAN_POINT('',(141.5,10.2286405354467,5.));
#7489=CARTESIAN_POINT('',(141.5,10.2286405354467,0.));
#7490=CARTESIAN_POINT('Origin',(138.139577815966,5.55759510899548,0.));
#7491=CARTESIAN_POINT('',(141.5,5.20048716631188,0.));
#7492=CARTESIAN_POINT('',(138.139577815966,5.55759510899525,0.));
#7493=CARTESIAN_POINT('',(141.5,5.20048716631188,0.));
#7494=CARTESIAN_POINT('',(141.5,5.20048716631188,5.));
#7495=CARTESIAN_POINT('',(141.5,5.20048716631188,0.));
#7496=CARTESIAN_POINT('',(138.139577815966,5.55759510899525,5.));
#7497=CARTESIAN_POINT('',(141.5,5.20048716631188,5.));
#7498=CARTESIAN_POINT('',(138.139577815966,5.55759510899525,0.));
#7499=CARTESIAN_POINT('Origin',(138.139577815966,5.,0.));
#7500=CARTESIAN_POINT('',(138.139577815966,5.,0.));
#7501=CARTESIAN_POINT('',(138.139577815966,4.99999999999999,0.));
#7502=CARTESIAN_POINT('',(138.139577815966,5.,5.));
#7503=CARTESIAN_POINT('',(138.139577815966,4.99999999999999,5.));
#7504=CARTESIAN_POINT('',(138.139577815966,5.,0.));
#7505=CARTESIAN_POINT('Origin',(133.10448517951,6.09266822604864,0.));
#7506=CARTESIAN_POINT('',(133.10448517951,5.,0.));
#7507=CARTESIAN_POINT('',(133.10448517951,6.09266822604864,0.));
#7508=CARTESIAN_POINT('',(133.10448517951,4.99999999999999,0.));
#7509=CARTESIAN_POINT('',(133.10448517951,5.,5.));
#7510=CARTESIAN_POINT('',(133.10448517951,5.,0.));
#7511=CARTESIAN_POINT('',(133.10448517951,6.09266822604864,5.));
#7512=CARTESIAN_POINT('',(133.10448517951,4.99999999999999,5.));
#7513=CARTESIAN_POINT('',(133.10448517951,6.09266822604864,0.));
#7514=CARTESIAN_POINT('Origin',(121.020262852015,7.376843706977,0.));
#7515=CARTESIAN_POINT('',(121.020262852015,7.3768437069768,0.));
#7516=CARTESIAN_POINT('',(141.5,5.20048716631188,0.));
#7517=CARTESIAN_POINT('',(121.020262852015,7.3768437069768,5.));
#7518=CARTESIAN_POINT('',(141.5,5.20048716631188,5.));
#7519=CARTESIAN_POINT('',(121.020262852015,7.3768437069768,0.));
#7520=CARTESIAN_POINT('Origin',(121.020262852015,5.,0.));
#7521=CARTESIAN_POINT('',(121.020262852015,5.,0.));
#7522=CARTESIAN_POINT('',(121.020262852015,4.99999999999999,0.));
#7523=CARTESIAN_POINT('',(121.020262852015,5.,5.));
#7524=CARTESIAN_POINT('',(121.020262852015,4.99999999999999,5.));
#7525=CARTESIAN_POINT('',(121.020262852015,5.,0.));
#7526=CARTESIAN_POINT('Origin',(115.985170215558,7.91191682403019,0.));
#7527=CARTESIAN_POINT('',(115.985170215558,5.,0.));
#7528=CARTESIAN_POINT('',(115.985170215558,7.91191682403039,0.));
#7529=CARTESIAN_POINT('',(115.985170215558,4.99999999999999,0.));
#7530=CARTESIAN_POINT('',(115.985170215558,5.,5.));
#7531=CARTESIAN_POINT('',(115.985170215558,5.,0.));
#7532=CARTESIAN_POINT('',(115.985170215558,7.91191682403039,5.));
#7533=CARTESIAN_POINT('',(115.985170215558,4.99999999999999,5.));
#7534=CARTESIAN_POINT('',(115.985170215558,7.91191682403039,0.));
#7535=CARTESIAN_POINT('Origin',(103.900947888063,9.19609230495853,0.));
#7536=CARTESIAN_POINT('',(103.900947888063,9.19609230495853,0.));
#7537=CARTESIAN_POINT('',(141.5,5.20048716631188,0.));
#7538=CARTESIAN_POINT('',(103.900947888063,9.19609230495853,5.));
#7539=CARTESIAN_POINT('',(141.5,5.20048716631188,5.));
#7540=CARTESIAN_POINT('',(103.900947888063,9.19609230495853,0.));
#7541=CARTESIAN_POINT('Origin',(103.900947888063,5.,0.));
#7542=CARTESIAN_POINT('',(103.900947888063,5.,0.));
#7543=CARTESIAN_POINT('',(103.900947888063,5.,0.));
#7544=CARTESIAN_POINT('',(103.900947888063,5.,5.));
#7545=CARTESIAN_POINT('',(103.900947888063,5.,5.));
#7546=CARTESIAN_POINT('',(103.900947888063,5.,0.));
#7547=CARTESIAN_POINT('Origin',(98.8658552516067,9.73116542201174,0.));
#7548=CARTESIAN_POINT('',(98.8658552516067,5.,0.));
#7549=CARTESIAN_POINT('',(98.8658552516067,9.73116542201174,0.));
#7550=CARTESIAN_POINT('',(98.8658552516067,5.,0.));
#7551=CARTESIAN_POINT('',(98.8658552516067,5.,5.));
#7552=CARTESIAN_POINT('',(98.8658552516066,5.,0.));
#7553=CARTESIAN_POINT('',(98.8658552516067,9.73116542201174,5.));
#7554=CARTESIAN_POINT('',(98.8658552516067,5.,5.));
#7555=CARTESIAN_POINT('',(98.8658552516067,9.73116542201174,0.));
#7556=CARTESIAN_POINT('Origin',(86.7816329241114,11.0153409029401,0.));
#7557=CARTESIAN_POINT('',(86.7816329241114,11.0153409029401,0.));
#7558=CARTESIAN_POINT('',(141.5,5.20048716631188,0.));
#7559=CARTESIAN_POINT('',(86.7816329241114,11.0153409029401,5.));
#7560=CARTESIAN_POINT('',(141.5,5.20048716631188,5.));
#7561=CARTESIAN_POINT('',(86.7816329241114,11.0153409029401,0.));
#7562=CARTESIAN_POINT('Origin',(86.7816329241114,5.,0.));
#7563=CARTESIAN_POINT('',(86.7816329241114,5.,0.));
#7564=CARTESIAN_POINT('',(86.7816329241114,5.,0.));
#7565=CARTESIAN_POINT('',(86.7816329241114,5.,5.));
#7566=CARTESIAN_POINT('',(86.7816329241114,5.,5.));
#7567=CARTESIAN_POINT('',(86.7816329241114,5.,0.));
#7568=CARTESIAN_POINT('Origin',(81.746540287655,11.5504140199933,0.));
#7569=CARTESIAN_POINT('',(81.746540287655,5.,0.));
#7570=CARTESIAN_POINT('',(81.746540287655,11.5504140199934,0.));
#7571=CARTESIAN_POINT('',(81.746540287655,5.,0.));
#7572=CARTESIAN_POINT('',(81.746540287655,5.,5.));
#7573=CARTESIAN_POINT('',(81.746540287655,5.,0.));
#7574=CARTESIAN_POINT('',(81.746540287655,11.5504140199934,5.));
#7575=CARTESIAN_POINT('',(81.746540287655,5.,5.));
#7576=CARTESIAN_POINT('',(81.746540287655,11.5504140199934,0.));
#7577=CARTESIAN_POINT('Origin',(69.6623179601597,12.8345895009216,0.));
#7578=CARTESIAN_POINT('',(69.6623179601597,12.8345895009216,0.));
#7579=CARTESIAN_POINT('',(141.5,5.20048716631188,0.));
#7580=CARTESIAN_POINT('',(69.6623179601597,12.8345895009216,5.));
#7581=CARTESIAN_POINT('',(141.5,5.20048716631188,5.));
#7582=CARTESIAN_POINT('',(69.6623179601597,12.8345895009216,0.));
#7583=CARTESIAN_POINT('Origin',(69.6623179601597,5.,0.));
#7584=CARTESIAN_POINT('',(69.6623179601597,5.,0.));
#7585=CARTESIAN_POINT('',(69.6623179601597,5.,0.));
#7586=CARTESIAN_POINT('',(69.6623179601597,5.,5.));
#7587=CARTESIAN_POINT('',(69.6623179601597,5.,5.));
#7588=CARTESIAN_POINT('',(69.6623179601597,5.,0.));
#7589=CARTESIAN_POINT('Origin',(64.6272253237034,13.3696626179749,0.));
#7590=CARTESIAN_POINT('',(64.6272253237033,5.,0.));
#7591=CARTESIAN_POINT('',(64.6272253237034,13.3696626179749,0.));
#7592=CARTESIAN_POINT('',(64.6272253237033,5.,0.));
#7593=CARTESIAN_POINT('',(64.6272253237033,5.,5.));
#7594=CARTESIAN_POINT('',(64.6272253237033,5.,0.));
#7595=CARTESIAN_POINT('',(64.6272253237034,13.3696626179749,5.));
#7596=CARTESIAN_POINT('',(64.6272253237033,5.,5.));
#7597=CARTESIAN_POINT('',(64.6272253237034,13.3696626179749,0.));
#7598=CARTESIAN_POINT('Origin',(52.5430029962081,14.6538380989031,0.));
#7599=CARTESIAN_POINT('',(52.5430029962081,14.6538380989031,0.));
#7600=CARTESIAN_POINT('',(141.5,5.20048716631188,0.));
#7601=CARTESIAN_POINT('',(52.5430029962081,14.6538380989031,5.));
#7602=CARTESIAN_POINT('',(141.5,5.20048716631188,5.));
#7603=CARTESIAN_POINT('',(52.5430029962081,14.6538380989031,0.));
#7604=CARTESIAN_POINT('Origin',(52.5430029962081,5.,0.));
#7605=CARTESIAN_POINT('',(52.5430029962081,5.,0.));
#7606=CARTESIAN_POINT('',(52.5430029962081,5.,0.));
#7607=CARTESIAN_POINT('',(52.5430029962081,5.,5.));
#7608=CARTESIAN_POINT('',(52.5430029962081,5.,5.));
#7609=CARTESIAN_POINT('',(52.5430029962081,5.,0.));
#7610=CARTESIAN_POINT('Origin',(47.5079103597517,15.1889112159564,0.));
#7611=CARTESIAN_POINT('',(47.5079103597517,5.,0.));
#7612=CARTESIAN_POINT('',(47.5079103597517,15.1889112159565,0.));
#7613=CARTESIAN_POINT('',(47.5079103597517,5.,0.));
#7614=CARTESIAN_POINT('',(47.5079103597517,5.,5.));
#7615=CARTESIAN_POINT('',(47.5079103597517,5.,0.));
#7616=CARTESIAN_POINT('',(47.5079103597517,15.1889112159565,5.));
#7617=CARTESIAN_POINT('',(47.5079103597517,5.,5.));
#7618=CARTESIAN_POINT('',(47.5079103597517,15.1889112159565,0.));
#7619=CARTESIAN_POINT('Origin',(35.4236880322564,16.4730866968846,0.));
#7620=CARTESIAN_POINT('',(35.4236880322564,16.4730866968846,0.));
#7621=CARTESIAN_POINT('',(141.5,5.20048716631188,0.));
#7622=CARTESIAN_POINT('',(35.4236880322564,16.4730866968846,5.));
#7623=CARTESIAN_POINT('',(141.5,5.20048716631188,5.));
#7624=CARTESIAN_POINT('',(35.4236880322564,16.4730866968846,0.));
#7625=CARTESIAN_POINT('Origin',(35.4236880322564,5.,0.));
#7626=CARTESIAN_POINT('',(35.4236880322564,5.,0.));
#7627=CARTESIAN_POINT('',(35.4236880322564,5.,0.));
#7628=CARTESIAN_POINT('',(35.4236880322564,5.,5.));
#7629=CARTESIAN_POINT('',(35.4236880322564,5.,5.));
#7630=CARTESIAN_POINT('',(35.4236880322564,5.,0.));
#7631=CARTESIAN_POINT('Origin',(30.3885953958,17.008159813938,0.));
#7632=CARTESIAN_POINT('',(30.3885953958,5.,0.));
#7633=CARTESIAN_POINT('',(30.3885953958,17.008159813938,0.));
#7634=CARTESIAN_POINT('',(30.3885953958,5.,0.));
#7635=CARTESIAN_POINT('',(30.3885953958,5.,5.));
#7636=CARTESIAN_POINT('',(30.3885953958,5.,0.));
#7637=CARTESIAN_POINT('',(30.3885953958,17.008159813938,5.));
#7638=CARTESIAN_POINT('',(30.3885953958,5.,5.));
#7639=CARTESIAN_POINT('',(30.3885953958,17.008159813938,0.));
#7640=CARTESIAN_POINT('Origin',(19.5,18.1652774877182,0.));
#7641=CARTESIAN_POINT('',(19.5,18.1652774877181,0.));
#7642=CARTESIAN_POINT('',(141.5,5.20048716631188,0.));
#7643=CARTESIAN_POINT('',(19.5,18.1652774877181,5.));
#7644=CARTESIAN_POINT('',(141.5,5.20048716631188,5.));
#7645=CARTESIAN_POINT('',(19.5,18.1652774877181,0.));
#7646=CARTESIAN_POINT('Origin',(19.5,5.,0.));
#7647=CARTESIAN_POINT('',(19.5,5.,0.));
#7648=CARTESIAN_POINT('',(19.5,5.,0.));
#7649=CARTESIAN_POINT('',(19.5,5.,5.));
#7650=CARTESIAN_POINT('',(19.5,5.,5.));
#7651=CARTESIAN_POINT('',(19.5,5.,0.));
#7652=CARTESIAN_POINT('Origin',(-200.5,5.,0.));
#7653=CARTESIAN_POINT('',(-185.5,5.,0.));
#7654=CARTESIAN_POINT('',(-185.5,5.00000000000005,5.));
#7655=CARTESIAN_POINT('Origin',(-200.5,5.,0.));
#7656=CARTESIAN_POINT('',(-185.5,5.,0.));
#7657=CARTESIAN_POINT('',(-185.5,5.00000000000005,5.));
#7658=CARTESIAN_POINT('Origin',(-200.5,5.,0.));
#7659=CARTESIAN_POINT('',(-185.5,5.,0.));
#7660=CARTESIAN_POINT('',(-185.5,5.00000000000005,5.));
#7661=CARTESIAN_POINT('Origin',(-200.5,5.,0.));
#7662=CARTESIAN_POINT('',(-185.5,5.,0.));
#7663=CARTESIAN_POINT('',(-185.5,5.00000000000005,5.));
#7664=CARTESIAN_POINT('Origin',(-200.5,5.,0.));
#7665=CARTESIAN_POINT('',(-185.5,5.,0.));
#7666=CARTESIAN_POINT('',(-185.5,5.00000000000005,5.));
#7667=CARTESIAN_POINT('Origin',(-200.5,5.,0.));
#7668=CARTESIAN_POINT('',(-185.5,5.,0.));
#7669=CARTESIAN_POINT('',(-185.5,5.00000000000005,5.));
#7670=CARTESIAN_POINT('Origin',(-200.5,5.,0.));
#7671=CARTESIAN_POINT('',(-185.5,5.,0.));
#7672=CARTESIAN_POINT('',(-185.5,5.00000000000005,5.));
#7673=CARTESIAN_POINT('Origin',(-200.5,5.,0.));
#7674=CARTESIAN_POINT('',(-8.66025403784436,5.00000000000005,5.));
#7675=CARTESIAN_POINT('',(-185.5,5.00000000000005,5.));
#7676=CARTESIAN_POINT('',(-8.66025403784436,5.00000000000005,0.));
#7677=CARTESIAN_POINT('',(-8.66025403784436,5.00000000000005,0.));
#7678=CARTESIAN_POINT('',(-185.5,5.,0.));
#7679=CARTESIAN_POINT('Origin',(-200.5,5.,0.));
#7680=CARTESIAN_POINT('',(-185.5,5.,0.));
#7681=CARTESIAN_POINT('',(-185.5,5.00000000000005,5.));
#7682=CARTESIAN_POINT('Origin',(144.5,5.,0.));
#7683=CARTESIAN_POINT('',(8.66025403784439,5.,0.));
#7684=CARTESIAN_POINT('',(8.66025403784439,5.,5.));
#7685=CARTESIAN_POINT('Origin',(144.5,5.,0.));
#7686=CARTESIAN_POINT('',(8.66025403784439,5.,0.));
#7687=CARTESIAN_POINT('',(8.66025403784439,5.,5.));
#7688=CARTESIAN_POINT('Origin',(144.5,5.,0.));
#7689=CARTESIAN_POINT('',(8.66025403784439,5.,0.));
#7690=CARTESIAN_POINT('',(8.66025403784439,5.,5.));
#7691=CARTESIAN_POINT('Origin',(144.5,5.,0.));
#7692=CARTESIAN_POINT('',(8.66025403784439,5.,0.));
#7693=CARTESIAN_POINT('',(8.66025403784439,5.,5.));
#7694=CARTESIAN_POINT('Origin',(144.5,5.,0.));
#7695=CARTESIAN_POINT('',(8.66025403784439,5.,0.));
#7696=CARTESIAN_POINT('',(8.66025403784439,5.,5.));
#7697=CARTESIAN_POINT('Origin',(144.5,5.,0.));
#7698=CARTESIAN_POINT('',(141.5,5.,5.));
#7699=CARTESIAN_POINT('',(8.66025403784439,5.,5.));
#7700=CARTESIAN_POINT('',(141.5,5.,0.));
#7701=CARTESIAN_POINT('',(141.5,5.,0.));
#7702=CARTESIAN_POINT('',(8.66025403784439,5.,0.));
#7703=CARTESIAN_POINT('Origin',(144.5,5.,0.));
#7704=CARTESIAN_POINT('',(8.66025403784439,5.,0.));
#7705=CARTESIAN_POINT('',(8.66025403784439,5.,5.));
#7706=CARTESIAN_POINT('Origin',(144.5,5.,0.));
#7707=CARTESIAN_POINT('',(8.66025403784439,5.,0.));
#7708=CARTESIAN_POINT('',(8.66025403784439,5.,0.));
#7709=CARTESIAN_POINT('',(8.66025403784437,5.,5.));
#7710=CARTESIAN_POINT('',(8.66025403784439,5.,0.));
#7711=CARTESIAN_POINT('',(8.66025403784439,5.,5.));
#7712=CARTESIAN_POINT('Origin',(144.5,5.,0.));
#7713=CARTESIAN_POINT('',(8.66025403784439,5.,5.));
#7714=CARTESIAN_POINT('',(8.66025403784439,5.,0.));
#7715=CARTESIAN_POINT('Origin',(-193.,4.44089209850063E-15,0.));
#7716=CARTESIAN_POINT('',(-201.345583160972,-3.99999999999981,0.));
#7717=CARTESIAN_POINT('Origin',(-195.601020514434,1.33226762470097E-14,
0.));
#7718=CARTESIAN_POINT('',(-207.731698424898,-4.,0.));
#7719=CARTESIAN_POINT('',(-207.731698424898,-4.,0.));
#7720=CARTESIAN_POINT('',(-207.731698424898,-0.999999999999996,0.));
#7721=CARTESIAN_POINT('',(-207.731698424898,-0.999999999999996,0.));
#7722=CARTESIAN_POINT('',(-199.731698424898,-0.999999999999758,0.));
#7723=CARTESIAN_POINT('',(-196.365849212449,-0.999999999999658,0.));
#7724=CARTESIAN_POINT('',(-199.731698424898,0.999999999999767,0.));
#7725=CARTESIAN_POINT('Origin',(-195.601020514434,1.33226762470097E-14,
0.));
#7726=CARTESIAN_POINT('',(-207.731698424898,1.,0.));
#7727=CARTESIAN_POINT('',(-196.75,0.999999999999679,0.));
#7728=CARTESIAN_POINT('',(-207.731698424898,4.00000000000001,0.));
#7729=CARTESIAN_POINT('',(-207.731698424898,1.,0.));
#7730=CARTESIAN_POINT('',(-201.345583160972,3.99999999999982,0.));
#7731=CARTESIAN_POINT('',(-207.731698424898,4.00000000000001,0.));
#7732=CARTESIAN_POINT('Origin',(-195.601020514434,1.33226762470097E-14,
0.));
#7733=CARTESIAN_POINT('',(141.5,16.5,0.));
#7734=CARTESIAN_POINT('',(141.5,17.5,0.));
#7735=CARTESIAN_POINT('',(142.5,17.5000000000001,0.));
#7736=CARTESIAN_POINT('Origin',(142.5,16.5,0.));
#7737=CARTESIAN_POINT('',(184.5,17.5000000000001,0.));
#7738=CARTESIAN_POINT('',(182.5,17.5000000000001,0.));
#7739=CARTESIAN_POINT('',(185.5,16.5,0.));
#7740=CARTESIAN_POINT('Origin',(184.5,16.5,0.));
#7741=CARTESIAN_POINT('',(185.5,5.,0.));
#7742=CARTESIAN_POINT('',(185.5,-17.5,0.));
#7743=CARTESIAN_POINT('',(190.702041028867,5.,0.));
#7744=CARTESIAN_POINT('',(185.5,5.,0.));
#7745=CARTESIAN_POINT('',(201.345583160972,3.99999999999982,0.));
#7746=CARTESIAN_POINT('Origin',(195.601020514434,1.33226762470097E-14,0.));
#7747=CARTESIAN_POINT('',(207.731698424898,4.00000000000001,0.));
#7748=CARTESIAN_POINT('',(207.731698424898,4.00000000000001,0.));
#7749=CARTESIAN_POINT('',(207.731698424898,1.,0.));
#7750=CARTESIAN_POINT('',(207.731698424898,1.,0.));
#7751=CARTESIAN_POINT('',(199.731698424898,0.999999999999767,0.));
#7752=CARTESIAN_POINT('',(3.36584921244908,0.999999999993942,0.));
#7753=CARTESIAN_POINT('',(199.731698424898,-0.999999999999758,0.));
#7754=CARTESIAN_POINT('Origin',(195.601020514434,1.33226762470097E-14,0.));
#7755=CARTESIAN_POINT('',(207.731698424898,-0.999999999999996,0.));
#7756=CARTESIAN_POINT('',(199.731698424898,-0.999999999999758,0.));
#7757=CARTESIAN_POINT('',(207.731698424898,-4.,0.));
#7758=CARTESIAN_POINT('',(207.731698424898,-0.999999999999996,0.));
#7759=CARTESIAN_POINT('',(201.345583160972,-3.99999999999981,0.));
#7760=CARTESIAN_POINT('',(207.731698424898,-4.,0.));
#7761=CARTESIAN_POINT('',(190.702041028867,-5.,0.));
#7762=CARTESIAN_POINT('Origin',(195.601020514434,1.33226762470097E-14,0.));
#7763=CARTESIAN_POINT('',(185.5,-5.,0.));
#7764=CARTESIAN_POINT('',(200.5,-5.,0.));
#7765=CARTESIAN_POINT('',(185.5,-19.5,0.));
#7766=CARTESIAN_POINT('',(185.5,-17.5,0.));
#7767=CARTESIAN_POINT('',(141.5,-19.5,0.));
#7768=CARTESIAN_POINT('',(70.75,-19.5,0.));
#7769=CARTESIAN_POINT('',(141.5,17.5,0.));
#7770=CARTESIAN_POINT('Origin',(0.,0.,0.));
#7771=CARTESIAN_POINT('Origin',(0.,0.,0.));
#7772=CARTESIAN_POINT('',(141.5,17.5,0.));
#7773=CARTESIAN_POINT('Origin',(0.,0.,0.));
#7774=CARTESIAN_POINT('Origin',(0.,0.,0.));
#7775=CARTESIAN_POINT('',(141.5,17.5,0.));
#7776=CARTESIAN_POINT('',(-6.55,-8.02143653441516E-16,0.));
#7777=CARTESIAN_POINT('Origin',(0.,0.,0.));
#7778=CARTESIAN_POINT('',(179.009513628056,-11.4149632967645,0.));
#7779=CARTESIAN_POINT('',(178.990397152487,-14.6149061963116,0.));
#7780=CARTESIAN_POINT('Origin',(178.999955390271,-13.0149347465381,0.));
#7781=CARTESIAN_POINT('',(174.009602847513,-11.3850938036883,0.));
#7782=CARTESIAN_POINT('',(174.009602847513,-11.3850938036883,0.));
#7783=CARTESIAN_POINT('',(173.990486371944,-14.5850367032353,0.));
#7784=CARTESIAN_POINT('Origin',(174.000044609729,-12.9850652534618,0.));
#7785=CARTESIAN_POINT('',(178.990397152487,-14.6149061963116,0.));
#7786=CARTESIAN_POINT('',(161.,-11.1,0.));
#7787=CARTESIAN_POINT('',(161.,11.1,0.));
#7788=CARTESIAN_POINT('Origin',(161.,2.95752201994086E-14,0.));
#7789=CARTESIAN_POINT('',(166.,-11.1,0.));
#7790=CARTESIAN_POINT('',(161.,-11.1,0.));
#7791=CARTESIAN_POINT('',(166.,11.1,0.));
#7792=CARTESIAN_POINT('Origin',(166.,3.04937052987691E-14,0.));
#7793=CARTESIAN_POINT('',(166.,11.1,0.));
#7794=CARTESIAN_POINT('',(148.009602847513,11.3850938036883,0.));
#7795=CARTESIAN_POINT('',(147.990486371944,14.5850367032354,0.));
#7796=CARTESIAN_POINT('Origin',(148.000044609729,12.9850652534619,0.));
#7797=CARTESIAN_POINT('',(153.009513628056,11.4149632967646,0.));
#7798=CARTESIAN_POINT('',(148.009602847513,11.3850938036883,0.));
#7799=CARTESIAN_POINT('',(152.990397152487,14.6149061963117,0.));
#7800=CARTESIAN_POINT('Origin',(152.999955390271,13.0149347465382,0.));
#7801=CARTESIAN_POINT('',(152.990397152487,14.6149061963117,0.));
#7802=CARTESIAN_POINT('',(153.009513628056,-11.4149632967646,0.));
#7803=CARTESIAN_POINT('',(152.990397152487,-14.6149061963116,0.));
#7804=CARTESIAN_POINT('Origin',(152.999955390271,-13.0149347465381,0.));
#7805=CARTESIAN_POINT('',(148.009602847513,-11.3850938036883,0.));
#7806=CARTESIAN_POINT('',(148.009602847513,-11.3850938036883,0.));
#7807=CARTESIAN_POINT('',(147.990486371944,-14.5850367032354,0.));
#7808=CARTESIAN_POINT('Origin',(148.000044609729,-12.9850652534618,0.));
#7809=CARTESIAN_POINT('',(152.990397152487,-14.6149061963116,0.));
#7810=CARTESIAN_POINT('',(173.990486371944,14.5850367032354,0.));
#7811=CARTESIAN_POINT('',(178.990397152487,14.6149061963117,0.));
#7812=CARTESIAN_POINT('',(178.990397152487,14.6149061963117,0.));
#7813=CARTESIAN_POINT('',(174.009602847513,11.3850938036883,0.));
#7814=CARTESIAN_POINT('Origin',(174.000044609729,12.9850652534619,0.));
#7815=CARTESIAN_POINT('',(179.009513628056,11.4149632967646,0.));
#7816=CARTESIAN_POINT('',(174.009602847513,11.3850938036883,0.));
#7817=CARTESIAN_POINT('Origin',(178.999955390271,13.0149347465382,0.));
#7818=CARTESIAN_POINT('Origin',(0.,0.,0.));
#7819=CARTESIAN_POINT('',(-10.,-1.22464679914735E-15,30.));
#7820=CARTESIAN_POINT('Origin',(0.,0.,30.));
#7821=CARTESIAN_POINT('',(-10.,-1.22464679914735E-15,25.));
#7822=CARTESIAN_POINT('',(-10.,-1.22464679914735E-15,0.));
#7823=CARTESIAN_POINT('',(-8.66025403784439,-5.,25.));
#7824=CARTESIAN_POINT('Origin',(0.,0.,25.));
#7825=CARTESIAN_POINT('',(-8.66025403784439,-5.,20.));
#7826=CARTESIAN_POINT('',(-8.66025403784439,-5.,0.));
#7827=CARTESIAN_POINT('',(-9.68245836551857,-2.49999999999998,20.));
#7828=CARTESIAN_POINT('Origin',(0.,0.,20.));
#7829=CARTESIAN_POINT('',(-9.68245836551857,-2.49999999999998,5.));
#7830=CARTESIAN_POINT('',(-9.68245836551855,-2.49999999999998,0.));
#7831=CARTESIAN_POINT('Origin',(0.,0.,5.));
#7832=CARTESIAN_POINT('Origin',(0.,0.,5.));
#7833=CARTESIAN_POINT('',(9.68245836551857,-2.49999999999998,5.));
#7834=CARTESIAN_POINT('Origin',(0.,0.,5.));
#7835=CARTESIAN_POINT('',(9.68245836551857,-2.49999999999998,20.));
#7836=CARTESIAN_POINT('',(9.68245836551855,-2.49999999999998,0.));
#7837=CARTESIAN_POINT('',(8.66025403784439,-5.,20.));
#7838=CARTESIAN_POINT('Origin',(0.,0.,20.));
#7839=CARTESIAN_POINT('',(8.66025403784439,-5.,25.));
#7840=CARTESIAN_POINT('',(8.66025403784439,-5.,0.));
#7841=CARTESIAN_POINT('',(8.66025403784439,5.,25.));
#7842=CARTESIAN_POINT('Origin',(0.,0.,25.));
#7843=CARTESIAN_POINT('',(8.66025403784439,5.,20.));
#7844=CARTESIAN_POINT('',(8.66025403784439,5.,0.));
#7845=CARTESIAN_POINT('',(9.68245836551857,2.50000000000002,20.));
#7846=CARTESIAN_POINT('Origin',(0.,0.,20.));
#7847=CARTESIAN_POINT('',(9.68245836551857,2.50000000000002,5.));
#7848=CARTESIAN_POINT('',(9.68245836551854,2.50000000000002,0.));
#7849=CARTESIAN_POINT('Origin',(0.,0.,5.));
#7850=CARTESIAN_POINT('Origin',(0.,0.,5.));
#7851=CARTESIAN_POINT('',(-9.68245836551857,2.50000000000002,5.));
#7852=CARTESIAN_POINT('Origin',(0.,0.,5.));
#7853=CARTESIAN_POINT('',(-9.68245836551857,2.50000000000002,20.));
#7854=CARTESIAN_POINT('',(-9.68245836551854,2.50000000000002,0.));
#7855=CARTESIAN_POINT('',(-8.66025403784439,5.,20.));
#7856=CARTESIAN_POINT('Origin',(0.,0.,20.));
#7857=CARTESIAN_POINT('',(-8.66025403784439,5.,25.));
#7858=CARTESIAN_POINT('',(-8.66025403784439,5.,0.));
#7859=CARTESIAN_POINT('Origin',(0.,0.,25.));
#7860=CARTESIAN_POINT('Origin',(90.3510205144337,0.,20.));
#7861=CARTESIAN_POINT('',(185.5,-2.49999999999998,20.));
#7862=CARTESIAN_POINT('',(189.062672099123,-2.49999999999998,20.));
#7863=CARTESIAN_POINT('',(191.351020514434,-2.49999999999998,20.));
#7864=CARTESIAN_POINT('',(190.702041028867,-4.99999999999998,20.));
#7865=CARTESIAN_POINT('Origin',(195.601020514434,1.33226762470097E-14,20.));
#7866=CARTESIAN_POINT('',(185.5,-5.,20.));
#7867=CARTESIAN_POINT('',(185.5,-5.,20.));
#7868=CARTESIAN_POINT('',(185.5,-10.25,20.));
#7869=CARTESIAN_POINT('Origin',(190.702041028867,5.,20.));
#7870=CARTESIAN_POINT('',(190.702041028867,4.99999999999999,20.));
#7871=CARTESIAN_POINT('',(185.5,5.,20.));
#7872=CARTESIAN_POINT('',(190.702041028867,5.,20.));
#7873=CARTESIAN_POINT('',(185.5,5.,25.));
#7874=CARTESIAN_POINT('',(185.5,5.,10.));
#7875=CARTESIAN_POINT('',(190.702041028867,4.99999999999999,25.));
#7876=CARTESIAN_POINT('',(190.702041028867,5.,25.));
#7877=CARTESIAN_POINT('',(190.702041028867,5.,0.));
#7878=CARTESIAN_POINT('Origin',(185.5,-5.,20.));
#7879=CARTESIAN_POINT('',(190.702041028867,-4.99999999999998,25.));
#7880=CARTESIAN_POINT('',(190.702041028867,-5.,0.));
#7881=CARTESIAN_POINT('',(185.5,-5.,25.));
#7882=CARTESIAN_POINT('',(185.5,-5.,25.));
#7883=CARTESIAN_POINT('',(185.5,-5.,10.));
#7884=CARTESIAN_POINT('Origin',(90.3510205144337,0.,25.));
#7885=CARTESIAN_POINT('Origin',(195.601020514434,1.33226762470097E-14,25.));
#7886=CARTESIAN_POINT('',(185.5,-10.25,25.));
#7887=CARTESIAN_POINT('Origin',(90.3510205144337,0.,20.));
#7888=CARTESIAN_POINT('',(189.062672099123,2.50000000000002,20.));
#7889=CARTESIAN_POINT('',(185.5,2.50000000000002,20.));
#7890=CARTESIAN_POINT('',(185.5,2.50000000000002,20.));
#7891=CARTESIAN_POINT('',(185.5,-10.25,20.));
#7892=CARTESIAN_POINT('Origin',(195.601020514434,1.33226762470097E-14,20.));
#7893=CARTESIAN_POINT('Origin',(195.601020514434,1.33226762470097E-14,0.));
#7894=CARTESIAN_POINT('',(189.062672099123,-2.49999999999998,5.));
#7895=CARTESIAN_POINT('',(189.062672099123,-2.49999999999998,0.));
#7896=CARTESIAN_POINT('',(190.702041028867,-5.,5.));
#7897=CARTESIAN_POINT('Origin',(195.601020514434,1.33226762470097E-14,5.));
#7898=CARTESIAN_POINT('',(190.702041028867,-5.,0.));
#7899=CARTESIAN_POINT('',(201.345583160972,-3.99999999999981,30.));
#7900=CARTESIAN_POINT('',(201.345583160972,-3.99999999999981,0.));
#7901=CARTESIAN_POINT('',(201.345583160972,3.99999999999982,30.));
#7902=CARTESIAN_POINT('Origin',(195.601020514434,1.33226762470097E-14,30.));
#7903=CARTESIAN_POINT('',(201.345583160972,3.99999999999982,0.));
#7904=CARTESIAN_POINT('',(190.702041028867,5.,5.));
#7905=CARTESIAN_POINT('',(190.702041028867,5.,0.));
#7906=CARTESIAN_POINT('',(189.062672099123,2.50000000000002,5.));
#7907=CARTESIAN_POINT('Origin',(195.601020514434,1.33226762470097E-14,5.));
#7908=CARTESIAN_POINT('',(189.062672099123,2.50000000000002,0.));
#7909=CARTESIAN_POINT('Origin',(65.75,0.,20.));
#7910=CARTESIAN_POINT('',(141.5,2.50000000000002,20.));
#7911=CARTESIAN_POINT('',(9.68245836551857,2.50000000000002,20.));
#7912=CARTESIAN_POINT('',(141.5,5.,20.));
#7913=CARTESIAN_POINT('',(141.5,5.,20.));
#7914=CARTESIAN_POINT('',(141.5,8.75,20.));
#7915=CARTESIAN_POINT('Origin',(65.75,0.,20.));
#7916=CARTESIAN_POINT('',(141.5,-2.49999999999998,20.));
#7917=CARTESIAN_POINT('',(141.5,-2.49999999999998,20.));
#7918=CARTESIAN_POINT('',(141.5,-4.99999999999995,20.));
#7919=CARTESIAN_POINT('',(141.5,8.75,20.));
#7920=CARTESIAN_POINT('',(8.66025403784439,-5.,20.));
#7921=CARTESIAN_POINT('Origin',(8.66025403784439,-5.,20.));
#7922=CARTESIAN_POINT('',(141.5,-4.99999999999995,25.));
#7923=CARTESIAN_POINT('',(141.5,-4.99999999999995,10.));
#7924=CARTESIAN_POINT('',(8.66025403784439,-5.,25.));
#7925=CARTESIAN_POINT('Origin',(141.5,5.,20.));
#7926=CARTESIAN_POINT('',(141.5,5.,25.));
#7927=CARTESIAN_POINT('',(141.5,5.,25.));
#7928=CARTESIAN_POINT('',(141.5,5.,10.));
#7929=CARTESIAN_POINT('Origin',(65.75,0.,25.));
#7930=CARTESIAN_POINT('',(141.5,8.75,25.));
#7931=CARTESIAN_POINT('Origin',(143.5,16.5,29.));
#7932=CARTESIAN_POINT('',(144.5,16.5,29.));
#7933=CARTESIAN_POINT('',(143.5,16.5,30.));
#7934=CARTESIAN_POINT('Origin',(143.5,16.5,29.));
#7935=CARTESIAN_POINT('',(143.5,17.5,29.));
#7936=CARTESIAN_POINT('Origin',(143.5,16.5,29.));
#7937=CARTESIAN_POINT('Origin',(143.5,16.5,29.));
#7938=CARTESIAN_POINT('Origin',(143.5,16.5,2.5));
#7939=CARTESIAN_POINT('',(144.5,16.5,3.));
#7940=CARTESIAN_POINT('',(143.5,17.5,3.));
#7941=CARTESIAN_POINT('Origin',(143.5,16.5,3.));
#7942=CARTESIAN_POINT('',(143.5,17.5,2.5));
#7943=CARTESIAN_POINT('',(144.5,16.5,2.5));
#7944=CARTESIAN_POINT('Origin',(143.5,-9.49999999999997,29.));
#7945=CARTESIAN_POINT('',(144.5,-17.5,29.));
#7946=CARTESIAN_POINT('',(144.5,-9.49999999999997,29.));
#7947=CARTESIAN_POINT('',(143.5,-18.5,30.));
#7948=CARTESIAN_POINT('',(143.5,-9.49999999999997,30.));
#7949=CARTESIAN_POINT('Origin',(143.5,-18.5,29.));
#7950=CARTESIAN_POINT('Origin',(173.,-18.5,29.));
#7951=CARTESIAN_POINT('',(183.5,-18.5,30.));
#7952=CARTESIAN_POINT('',(173.,-18.5,30.));
#7953=CARTESIAN_POINT('',(182.5,-17.5,29.));
#7954=CARTESIAN_POINT('Origin',(183.5,-18.5,29.));
#7955=CARTESIAN_POINT('',(173.,-17.5,29.));
#7956=CARTESIAN_POINT('Origin',(142.5,16.5,29.));
#7957=CARTESIAN_POINT('',(142.5,17.5,29.));
#7958=CARTESIAN_POINT('',(142.5,16.5,30.));
#7959=CARTESIAN_POINT('Origin',(142.5,16.5,29.));
#7960=CARTESIAN_POINT('',(141.5,16.5,29.));
#7961=CARTESIAN_POINT('Origin',(142.5,16.5,29.));
#7962=CARTESIAN_POINT('Origin',(142.5,16.5,29.));
#7963=CARTESIAN_POINT('Origin',(142.5,16.5,0.));
#7964=CARTESIAN_POINT('',(141.5,16.5,0.));
#7965=CARTESIAN_POINT('',(142.5,17.5,0.));
#7966=CARTESIAN_POINT('Origin',(183.5,16.5,29.));
#7967=CARTESIAN_POINT('',(183.5,17.5,29.));
#7968=CARTESIAN_POINT('',(183.5,16.5,30.));
#7969=CARTESIAN_POINT('Origin',(183.5,16.5,29.));
#7970=CARTESIAN_POINT('',(182.5,16.5,29.));
#7971=CARTESIAN_POINT('Origin',(183.5,16.5,29.));
#7972=CARTESIAN_POINT('Origin',(183.5,16.5,29.));
#7973=CARTESIAN_POINT('Origin',(183.5,16.5,0.));
#7974=CARTESIAN_POINT('',(183.5,17.5,3.));
#7975=CARTESIAN_POINT('',(182.5,16.5,3.));
#7976=CARTESIAN_POINT('Origin',(183.5,16.5,3.));
#7977=CARTESIAN_POINT('',(182.5,16.5,0.));
#7978=CARTESIAN_POINT('',(183.5,17.5,0.));
#7979=CARTESIAN_POINT('Origin',(183.5,8.00000000000004,29.));
#7980=CARTESIAN_POINT('',(183.5,8.00000000000004,30.));
#7981=CARTESIAN_POINT('',(182.5,8.00000000000004,29.));
#7982=CARTESIAN_POINT('Origin',(142.5,-19.5,29.));
#7983=CARTESIAN_POINT('',(141.5,-19.5,29.));
#7984=CARTESIAN_POINT('',(142.5,-19.5,30.));
#7985=CARTESIAN_POINT('Origin',(142.5,-19.5,29.));
#7986=CARTESIAN_POINT('',(142.5,-20.5,29.));
#7987=CARTESIAN_POINT('Origin',(142.5,-19.5,29.));
#7988=CARTESIAN_POINT('Origin',(142.5,-19.5,29.));
#7989=CARTESIAN_POINT('Origin',(184.5,16.5,29.));
#7990=CARTESIAN_POINT('',(185.5,16.5,29.));
#7991=CARTESIAN_POINT('',(184.5,16.5,30.));
#7992=CARTESIAN_POINT('Origin',(184.5,16.5,29.));
#7993=CARTESIAN_POINT('',(184.5,17.5,29.));
#7994=CARTESIAN_POINT('Origin',(184.5,16.5,29.));
#7995=CARTESIAN_POINT('Origin',(184.5,16.5,29.));
#7996=CARTESIAN_POINT('Origin',(184.5,16.5,0.));
#7997=CARTESIAN_POINT('',(184.5,17.5,0.));
#7998=CARTESIAN_POINT('',(185.5,16.5,0.));
#7999=CARTESIAN_POINT('Origin',(173.,16.5,29.));
#8000=CARTESIAN_POINT('',(173.,16.5,30.));
#8001=CARTESIAN_POINT('',(173.,17.5,29.));
#8002=CARTESIAN_POINT('Origin',(184.5,-19.5,29.));
#8003=CARTESIAN_POINT('',(184.5,-20.5,29.));
#8004=CARTESIAN_POINT('',(184.5,-19.5,30.));
#8005=CARTESIAN_POINT('Origin',(184.5,-19.5,29.));
#8006=CARTESIAN_POINT('',(185.5,-19.5,29.));
#8007=CARTESIAN_POINT('Origin',(184.5,-19.5,29.));
#8008=CARTESIAN_POINT('Origin',(184.5,-19.5,29.));
#8009=CARTESIAN_POINT('Origin',(70.75,-19.5,1.));
#8010=CARTESIAN_POINT('',(184.5,-20.5,1.));
#8011=CARTESIAN_POINT('Origin',(184.5,-19.5,1.));
#8012=CARTESIAN_POINT('',(142.5,-20.5,1.));
#8013=CARTESIAN_POINT('',(70.75,-20.5,1.));
#8014=CARTESIAN_POINT('Origin',(142.5,-19.5,1.));
#8015=CARTESIAN_POINT('Origin',(184.5,-19.5,0.));
#8016=CARTESIAN_POINT('',(185.5,-19.5,0.));
#8017=CARTESIAN_POINT('',(184.5,-20.5,0.));
#8018=CARTESIAN_POINT('Origin',(184.5,-11.,29.));
#8019=CARTESIAN_POINT('',(184.5,-11.,30.));
#8020=CARTESIAN_POINT('',(185.5,-11.,29.));
#8021=CARTESIAN_POINT('Origin',(152.5,-19.5,29.));
#8022=CARTESIAN_POINT('',(152.5,-19.5,30.));
#8023=CARTESIAN_POINT('',(152.5,-20.5,29.));
#8024=CARTESIAN_POINT('Origin',(142.5,-19.5,0.));
#8025=CARTESIAN_POINT('',(142.5,-20.5,0.));
#8026=CARTESIAN_POINT('',(141.5,-19.5,0.));
#8027=CARTESIAN_POINT('Origin',(142.5,8.00000000000002,29.));
#8028=CARTESIAN_POINT('',(142.5,8.00000000000002,30.));
#8029=CARTESIAN_POINT('',(141.5,8.00000000000002,29.));
#8030=CARTESIAN_POINT('Origin',(173.,16.5,29.));
#8031=CARTESIAN_POINT('',(173.,16.5,30.));
#8032=CARTESIAN_POINT('',(173.,17.5,29.));
#8033=CARTESIAN_POINT('Origin',(182.5,17.5000000000001,0.));
#8034=CARTESIAN_POINT('',(182.5,-17.5,3.));
#8035=CARTESIAN_POINT('',(182.5,-8.74999999999995,3.));
#8036=CARTESIAN_POINT('',(182.5,-17.5,0.));
#8037=CARTESIAN_POINT('Origin',(182.5,17.5,0.));
#8038=CARTESIAN_POINT('',(173.,17.5,3.));
#8039=CARTESIAN_POINT('Origin',(185.5,-20.5,0.));
#8040=CARTESIAN_POINT('',(185.5,2.50000000000002,5.));
#8041=CARTESIAN_POINT('',(185.5,2.50000000000002,2.5));
#8042=CARTESIAN_POINT('',(185.5,5.,5.));
#8043=CARTESIAN_POINT('',(185.5,-10.25,5.));
#8044=CARTESIAN_POINT('',(185.5,5.,0.));
#8045=CARTESIAN_POINT('',(185.5,-5.,5.));
#8046=CARTESIAN_POINT('',(185.5,-5.,0.));
#8047=CARTESIAN_POINT('',(185.5,-2.49999999999998,5.));
#8048=CARTESIAN_POINT('',(185.5,-10.25,5.));
#8049=CARTESIAN_POINT('',(185.5,-2.49999999999998,2.5));
#8050=CARTESIAN_POINT('Origin',(163.5,-1.49999999999997,30.));
#8051=CARTESIAN_POINT('Origin',(141.5,-20.5,0.));
#8052=CARTESIAN_POINT('Origin',(185.5,-2.49999999999998,5.));
#8053=CARTESIAN_POINT('',(189.25,-2.49999999999998,5.));
#8054=CARTESIAN_POINT('Origin',(191.351020514434,2.50000000000002,5.));
#8055=CARTESIAN_POINT('',(192.175510257217,2.50000000000002,5.));
#8056=CARTESIAN_POINT('Origin',(193.,4.44089209850063E-15,5.));
#8057=CARTESIAN_POINT('',(185.5,5.,5.));
#8058=CARTESIAN_POINT('Origin',(9.68245836551857,-2.49999999999998,5.));
#8059=CARTESIAN_POINT('',(141.5,-2.49999999999998,5.));
#8060=CARTESIAN_POINT('',(52.6312926922204,-2.49999999999998,5.));
#8061=CARTESIAN_POINT('',(141.5,-2.49999999999998,2.5));
#8062=CARTESIAN_POINT('Origin',(141.5,2.50000000000002,5.));
#8063=CARTESIAN_POINT('',(141.5,2.50000000000002,5.));
#8064=CARTESIAN_POINT('',(118.540063509461,2.50000000000002,5.));
#8065=CARTESIAN_POINT('',(141.5,2.50000000000002,2.5));
#8066=CARTESIAN_POINT('Origin',(207.731698424898,-0.999999999999996,0.));
#8067=CARTESIAN_POINT('',(199.731698424898,-0.999999999999758,30.));
#8068=CARTESIAN_POINT('',(199.731698424898,-0.999999999999758,5.));
#8069=CARTESIAN_POINT('',(207.731698424898,-0.999999999999996,30.));
#8070=CARTESIAN_POINT('',(199.731698424898,-0.999999999999758,30.));
#8071=CARTESIAN_POINT('',(207.731698424898,-0.999999999999996,0.));
#8072=CARTESIAN_POINT('Origin',(195.601020514434,1.33226762470097E-14,0.));
#8073=CARTESIAN_POINT('',(199.731698424898,0.999999999999767,30.));
#8074=CARTESIAN_POINT('',(199.731698424898,0.999999999999767,0.));
#8075=CARTESIAN_POINT('Origin',(195.601020514434,1.33226762470097E-14,30.));
#8076=CARTESIAN_POINT('Origin',(199.731698424898,0.999999999999767,0.));
#8077=CARTESIAN_POINT('',(207.731698424898,1.,30.));
#8078=CARTESIAN_POINT('',(207.731698424898,1.,0.));
#8079=CARTESIAN_POINT('',(199.731698424898,0.999999999999767,30.));
#8080=CARTESIAN_POINT('Origin',(207.731698424898,-4.,0.));
#8081=CARTESIAN_POINT('',(207.731698424898,-4.,30.));
#8082=CARTESIAN_POINT('',(207.731698424898,-0.999999999999996,30.));
#8083=CARTESIAN_POINT('',(207.731698424898,-4.,0.));
#8084=CARTESIAN_POINT('Origin',(201.345583160972,-3.99999999999981,0.));
#8085=CARTESIAN_POINT('',(207.731698424898,-4.,30.));
#8086=CARTESIAN_POINT('Origin',(207.731698424898,4.00000000000001,0.));
#8087=CARTESIAN_POINT('',(207.731698424898,4.00000000000001,30.));
#8088=CARTESIAN_POINT('',(207.731698424898,4.00000000000001,30.));
#8089=CARTESIAN_POINT('',(207.731698424898,4.00000000000001,0.));
#8090=CARTESIAN_POINT('Origin',(207.731698424898,1.,0.));
#8091=CARTESIAN_POINT('',(207.731698424898,1.,30.));
#8092=CARTESIAN_POINT('Origin',(198.166359469666,1.33226762955019E-14,30.));
#8093=CARTESIAN_POINT('Origin',(200.5,5.,0.));
#8094=CARTESIAN_POINT('Origin',(193.,4.44089209850063E-15,5.));
#8095=CARTESIAN_POINT('',(200.5,-5.,5.));
#8096=CARTESIAN_POINT('Origin',(185.5,-5.,0.));
#8097=CARTESIAN_POINT('Origin',(182.5,-17.5,0.));
#8098=CARTESIAN_POINT('',(144.5,-17.5,3.));
#8099=CARTESIAN_POINT('',(154.,-17.5,3.));
#8100=CARTESIAN_POINT('',(144.5,-17.5,0.));
#8101=CARTESIAN_POINT('Origin',(141.5,17.5,0.));
#8102=CARTESIAN_POINT('',(141.5,16.25,5.));
#8103=CARTESIAN_POINT('',(141.5,8.75000000000002,5.));
#8104=CARTESIAN_POINT('',(141.5,8.75000000000002,5.));
#8105=CARTESIAN_POINT('',(141.5,1.25000000000002,5.));
#8106=CARTESIAN_POINT('Origin',(95.5801270189222,2.88657986402541E-14,5.));
#8107=CARTESIAN_POINT('',(-189.062672099123,-2.49999999999998,5.));
#8108=CARTESIAN_POINT('',(-189.25,-2.49999999999998,5.));
#8109=CARTESIAN_POINT('Origin',(-195.601020514434,1.33226762470097E-14,
5.));
#8110=CARTESIAN_POINT('Origin',(144.5,-17.5,5.));
#8111=CARTESIAN_POINT('',(144.5,8.75000000000003,3.));
#8112=CARTESIAN_POINT('Origin',(163.5,4.44089209850063E-14,3.));
#8113=CARTESIAN_POINT('',(178.990397152487,-14.6149061963116,3.));
#8114=CARTESIAN_POINT('',(179.009513628056,-11.4149632967645,3.));
#8115=CARTESIAN_POINT('Origin',(178.999955390271,-13.0149347465381,3.));
#8116=CARTESIAN_POINT('',(173.990486371944,-14.5850367032353,3.));
#8117=CARTESIAN_POINT('',(171.201821777757,-14.5683772064075,3.));
#8118=CARTESIAN_POINT('',(174.009602847513,-11.3850938036883,3.));
#8119=CARTESIAN_POINT('Origin',(174.000044609729,-12.9850652534618,3.));
#8120=CARTESIAN_POINT('',(168.720982863054,-11.3534995603222,3.));
#8121=CARTESIAN_POINT('',(147.990486371944,14.5850367032354,3.));
#8122=CARTESIAN_POINT('',(148.009602847513,11.3850938036883,3.));
#8123=CARTESIAN_POINT('Origin',(148.000044609729,12.9850652534619,3.));
#8124=CARTESIAN_POINT('',(152.990397176328,14.6149061964541,3.));
#8125=CARTESIAN_POINT('',(155.701402450445,14.6311017560989,3.));
#8126=CARTESIAN_POINT('',(153.009513628056,11.4149632967646,3.));
#8127=CARTESIAN_POINT('Origin',(152.999955390271,13.0149347465382,3.));
#8128=CARTESIAN_POINT('',(158.220474316285,11.44609360309,3.));
#8129=CARTESIAN_POINT('',(152.990397152487,-14.6149061963116,3.));
#8130=CARTESIAN_POINT('',(153.009513628056,-11.4149632967646,3.));
#8131=CARTESIAN_POINT('Origin',(152.999955390271,-13.0149347465381,3.));
#8132=CARTESIAN_POINT('',(147.990486371944,-14.5850367032354,3.));
#8133=CARTESIAN_POINT('',(158.201357840716,-14.646036502637,3.));
#8134=CARTESIAN_POINT('',(148.009602847513,-11.3850938036883,3.));
#8135=CARTESIAN_POINT('Origin',(148.000044609729,-12.9850652534618,3.));
#8136=CARTESIAN_POINT('',(155.720518926014,-11.4311588565518,3.));
#8137=CARTESIAN_POINT('',(179.009513628056,11.4149632967646,3.));
#8138=CARTESIAN_POINT('',(178.990397152487,14.6149061963117,3.));
#8139=CARTESIAN_POINT('Origin',(178.999955390271,13.0149347465382,3.));
#8140=CARTESIAN_POINT('',(174.009602847513,11.3850938036883,3.));
#8141=CARTESIAN_POINT('',(171.220938253326,11.3684343068604,3.));
#8142=CARTESIAN_POINT('',(173.990486371944,14.5850367032354,3.));
#8143=CARTESIAN_POINT('Origin',(174.000044609729,12.9850652534619,3.));
#8144=CARTESIAN_POINT('',(168.701866387486,14.5534424598694,3.));
#8145=CARTESIAN_POINT('',(161.,11.1,3.));
#8146=CARTESIAN_POINT('',(161.,-11.1,3.));
#8147=CARTESIAN_POINT('Origin',(161.,2.95752201994086E-14,3.));
#8148=CARTESIAN_POINT('',(166.,11.1,3.));
#8149=CARTESIAN_POINT('',(162.25,11.1,3.));
#8150=CARTESIAN_POINT('',(166.,-11.1,3.));
#8151=CARTESIAN_POINT('Origin',(166.,3.04937052987691E-14,3.));
#8152=CARTESIAN_POINT('',(164.75,-11.1,3.));
#8153=CARTESIAN_POINT('Origin',(161.,11.1,0.));
#8154=CARTESIAN_POINT('',(161.,11.1,0.));
#8155=CARTESIAN_POINT('',(166.,11.1,0.));
#8156=CARTESIAN_POINT('Origin',(161.,2.95752201994086E-14,0.));
#8157=CARTESIAN_POINT('',(161.,-11.1,0.));
#8158=CARTESIAN_POINT('Origin',(179.009513628056,11.4149632967646,0.));
#8159=CARTESIAN_POINT('',(179.009513628056,11.4149632967646,0.));
#8160=CARTESIAN_POINT('',(174.009602847513,11.3850938036883,0.));
#8161=CARTESIAN_POINT('Origin',(178.999955390271,13.0149347465382,0.));
#8162=CARTESIAN_POINT('',(178.990397152487,14.6149061963117,0.));
#8163=CARTESIAN_POINT('Origin',(152.990397152487,-14.6149061963116,0.));
#8164=CARTESIAN_POINT('',(152.990397152487,-14.6149061963116,0.));
#8165=CARTESIAN_POINT('',(147.990486371944,-14.5850367032354,0.));
#8166=CARTESIAN_POINT('Origin',(152.999955390271,-13.0149347465381,0.));
#8167=CARTESIAN_POINT('',(153.009513628056,-11.4149632967646,0.));
#8168=CARTESIAN_POINT('Origin',(147.990486371944,14.5850367032354,0.));
#8169=CARTESIAN_POINT('',(147.990486371944,14.5850367032354,0.));
#8170=CARTESIAN_POINT('',(152.990397152487,14.6149061963117,0.));
#8171=CARTESIAN_POINT('Origin',(148.000044609729,12.9850652534619,0.));
#8172=CARTESIAN_POINT('',(148.009602847513,11.3850938036883,0.));
#8173=CARTESIAN_POINT('Origin',(178.990397152487,-14.6149061963116,0.));
#8174=CARTESIAN_POINT('',(178.990397152487,-14.6149061963116,0.));
#8175=CARTESIAN_POINT('',(173.990486371944,-14.5850367032353,0.));
#8176=CARTESIAN_POINT('Origin',(178.999955390271,-13.0149347465381,0.));
#8177=CARTESIAN_POINT('',(179.009513628056,-11.4149632967645,0.));
#8178=CARTESIAN_POINT('Origin',(174.009602847513,-11.3850938036883,0.));
#8179=CARTESIAN_POINT('',(174.009602847513,-11.3850938036883,0.));
#8180=CARTESIAN_POINT('Origin',(174.000044609729,-12.9850652534618,0.));
#8181=CARTESIAN_POINT('Origin',(166.,-11.1,0.));
#8182=CARTESIAN_POINT('',(166.,-11.1,0.));
#8183=CARTESIAN_POINT('Origin',(166.,3.04937052987691E-14,0.));
#8184=CARTESIAN_POINT('Origin',(153.009513628056,11.4149632967646,0.));
#8185=CARTESIAN_POINT('',(153.009513628056,11.4149632967646,0.));
#8186=CARTESIAN_POINT('Origin',(152.999955390271,13.0149347465382,0.));
#8187=CARTESIAN_POINT('Origin',(148.009602847513,-11.3850938036883,0.));
#8188=CARTESIAN_POINT('',(148.009602847513,-11.3850938036883,0.));
#8189=CARTESIAN_POINT('Origin',(148.000044609729,-12.9850652534618,0.));
#8190=CARTESIAN_POINT('Origin',(174.000044609729,12.9850652534619,0.));
#8191=CARTESIAN_POINT('',(173.990486371944,14.5850367032354,0.));
#8192=CARTESIAN_POINT('Origin',(173.990486371944,14.5850367032354,0.));
#8193=CARTESIAN_POINT('Origin',(0.,0.,0.));
#8194=CARTESIAN_POINT('',(-6.55,-8.02143653441516E-16,30.));
#8195=CARTESIAN_POINT('Origin',(0.,0.,30.));
#8196=CARTESIAN_POINT('',(-6.55,-8.02143653441516E-16,0.));
#8197=CARTESIAN_POINT('Origin',(0.,0.,30.));
#8198=CARTESIAN_POINT('Origin',(-90.3510205144337,0.,20.));
#8199=CARTESIAN_POINT('',(-189.062672099123,-2.49999999999998,20.));
#8200=CARTESIAN_POINT('',(-191.351020514434,-2.49999999999998,20.));
#8201=CARTESIAN_POINT('',(-190.702041028867,-4.99999999999998,20.));
#8202=CARTESIAN_POINT('',(-185.5,-5.,20.));
#8203=CARTESIAN_POINT('Origin',(-195.601020514434,1.33226762470097E-14,
20.));
#8204=CARTESIAN_POINT('Origin',(-90.3510205144337,0.,20.));
#8205=CARTESIAN_POINT('',(-189.062672099123,2.50000000000002,20.));
#8206=CARTESIAN_POINT('',(-9.68245836551857,2.50000000000002,20.));
#8207=CARTESIAN_POINT('',(-190.702041028867,4.99999999999999,20.));
#8208=CARTESIAN_POINT('Origin',(-195.601020514434,1.33226762470097E-14,
20.));
#8209=CARTESIAN_POINT('',(-141.5,5.,20.));
#8210=CARTESIAN_POINT('Origin',(-190.702041028867,5.,20.));
#8211=CARTESIAN_POINT('',(-190.702041028867,4.99999999999999,25.));
#8212=CARTESIAN_POINT('',(-190.702041028867,5.,0.));
#8213=CARTESIAN_POINT('',(-141.5,5.,25.));
#8214=CARTESIAN_POINT('Origin',(-185.5,-5.,20.));
#8215=CARTESIAN_POINT('',(-190.702041028867,-4.99999999999998,25.));
#8216=CARTESIAN_POINT('',(-185.5,-5.,25.));
#8217=CARTESIAN_POINT('',(-190.702041028867,-5.,0.));
#8218=CARTESIAN_POINT('Origin',(-90.3510205144337,0.,25.));
#8219=CARTESIAN_POINT('Origin',(-195.601020514434,1.33226762470097E-14,
25.));
#8220=CARTESIAN_POINT('Origin',(-191.351020514434,2.50000000000002,5.));
#8221=CARTESIAN_POINT('',(-189.062672099123,2.50000000000002,5.));
#8222=CARTESIAN_POINT('',(-189.062672099123,2.50000000000002,0.));
#8223=CARTESIAN_POINT('',(-192.175510257217,2.50000000000002,5.));
#8224=CARTESIAN_POINT('Origin',(-185.5,-2.49999999999998,5.));
#8225=CARTESIAN_POINT('',(-189.062672099123,-2.49999999999998,0.));
#8226=CARTESIAN_POINT('Origin',(-193.,4.44089209850063E-15,5.));
#8227=CARTESIAN_POINT('Origin',(-195.601020514434,1.33226762470097E-14,
5.));
#8228=CARTESIAN_POINT('Origin',(-195.601020514434,1.33226762470097E-14,
0.));
#8229=CARTESIAN_POINT('',(-201.345583160972,3.99999999999982,30.));
#8230=CARTESIAN_POINT('',(-201.345583160972,3.99999999999982,0.));
#8231=CARTESIAN_POINT('',(-201.345583160972,-3.99999999999981,30.));
#8232=CARTESIAN_POINT('Origin',(-195.601020514434,1.33226762470097E-14,
30.));
#8233=CARTESIAN_POINT('',(-201.345583160972,-3.99999999999981,0.));
#8234=CARTESIAN_POINT('Origin',(-195.601020514434,1.33226762470097E-14,
0.));
#8235=CARTESIAN_POINT('',(-199.731698424898,-0.999999999999758,30.));
#8236=CARTESIAN_POINT('',(-199.731698424898,-0.999999999999758,0.));
#8237=CARTESIAN_POINT('',(-199.731698424898,0.999999999999767,30.));
#8238=CARTESIAN_POINT('Origin',(-195.601020514434,1.33226762470097E-14,
30.));
#8239=CARTESIAN_POINT('',(-199.731698424898,0.999999999999767,5.));
#8240=CARTESIAN_POINT('Origin',(-207.731698424898,-0.999999999999996,0.));
#8241=CARTESIAN_POINT('',(-207.731698424898,-0.999999999999996,30.));
#8242=CARTESIAN_POINT('',(-207.731698424898,-0.999999999999996,0.));
#8243=CARTESIAN_POINT('',(-199.731698424898,-0.999999999999758,30.));
#8244=CARTESIAN_POINT('Origin',(-207.731698424898,-4.,0.));
#8245=CARTESIAN_POINT('',(-207.731698424898,-4.,30.));
#8246=CARTESIAN_POINT('',(-207.731698424898,-4.,0.));
#8247=CARTESIAN_POINT('',(-207.731698424898,-0.999999999999996,30.));
#8248=CARTESIAN_POINT('Origin',(-201.345583160972,-3.99999999999981,0.));
#8249=CARTESIAN_POINT('',(-207.731698424898,-4.,30.));
#8250=CARTESIAN_POINT('Origin',(-207.731698424898,4.00000000000001,0.));
#8251=CARTESIAN_POINT('',(-207.731698424898,4.00000000000001,30.));
#8252=CARTESIAN_POINT('',(-207.731698424898,4.00000000000001,0.));
#8253=CARTESIAN_POINT('',(-207.731698424898,4.00000000000001,30.));
#8254=CARTESIAN_POINT('Origin',(-207.731698424898,1.,0.));
#8255=CARTESIAN_POINT('',(-207.731698424898,1.,30.));
#8256=CARTESIAN_POINT('',(-207.731698424898,1.,0.));
#8257=CARTESIAN_POINT('',(-207.731698424898,1.,30.));
#8258=CARTESIAN_POINT('Origin',(-199.731698424898,0.999999999999767,0.));
#8259=CARTESIAN_POINT('',(-199.731698424898,0.999999999999767,30.));
#8260=CARTESIAN_POINT('Origin',(-198.166359469666,1.33226762955019E-14,
30.));
#8261=UNCERTAINTY_MEASURE_WITH_UNIT(LENGTH_MEASURE(0.01),#8265,
'DISTANCE_ACCURACY_VALUE',
'Maximum model space distance between geometric entities at asserted c
onnectivities');
#8262=UNCERTAINTY_MEASURE_WITH_UNIT(LENGTH_MEASURE(0.01),#8265,
'DISTANCE_ACCURACY_VALUE',
'Maximum model space distance between geometric entities at asserted c
onnectivities');
#8263=(
GEOMETRIC_REPRESENTATION_CONTEXT(3)
GLOBAL_UNCERTAINTY_ASSIGNED_CONTEXT((#8261))
GLOBAL_UNIT_ASSIGNED_CONTEXT((#8265,#8267,#8268))
REPRESENTATION_CONTEXT('','3D')
);
#8264=(
GEOMETRIC_REPRESENTATION_CONTEXT(3)
GLOBAL_UNCERTAINTY_ASSIGNED_CONTEXT((#8262))
GLOBAL_UNIT_ASSIGNED_CONTEXT((#8265,#8267,#8268))
REPRESENTATION_CONTEXT('','3D')
);
#8265=(
LENGTH_UNIT()
NAMED_UNIT(*)
SI_UNIT(.MILLI.,.METRE.)
);
#8266=(
LENGTH_UNIT()
NAMED_UNIT(*)
SI_UNIT($,.METRE.)
);
#8267=(
NAMED_UNIT(*)
PLANE_ANGLE_UNIT()
SI_UNIT($,.RADIAN.)
);
#8268=(
NAMED_UNIT(*)
SI_UNIT($,.STERADIAN.)
SOLID_ANGLE_UNIT()
);
#8269=SHAPE_DEFINITION_REPRESENTATION(#8270,#8271);
#8270=PRODUCT_DEFINITION_SHAPE('',$,#8273);
#8271=SHAPE_REPRESENTATION('',(#5179),#8263);
#8272=PRODUCT_DEFINITION_CONTEXT('part definition',#8277,'design');
#8273=PRODUCT_DEFINITION('MainHeartSupport_400_Connector_v3',
'MainHeartSupport_400_Connector_v3 v8',#8274,#8272);
#8274=PRODUCT_DEFINITION_FORMATION('',$,#8279);
#8275=PRODUCT_RELATED_PRODUCT_CATEGORY(
'MainHeartSupport_400_Connector_v3 v8',
'MainHeartSupport_400_Connector_v3 v8',(#8279));
#8276=APPLICATION_PROTOCOL_DEFINITION('international standard',
'automotive_design',2009,#8277);
#8277=APPLICATION_CONTEXT(
'Core Data for Automotive Mechanical Design Process');
#8278=PRODUCT_CONTEXT('part definition',#8277,'mechanical');
#8279=PRODUCT('MainHeartSupport_400_Connector_v3',
'MainHeartSupport_400_Connector_v3 v8',$,(#8278));
#8280=PRESENTATION_STYLE_ASSIGNMENT((#8281));
#8281=SURFACE_STYLE_USAGE(.BOTH.,#8282);
#8282=SURFACE_SIDE_STYLE('',(#8283));
#8283=SURFACE_STYLE_FILL_AREA(#8284);
#8284=FILL_AREA_STYLE('A\X\E7o - Acetinado',(#8285));
#8285=FILL_AREA_STYLE_COLOUR('A\X\E7o - Acetinado',#8286);
#8286=COLOUR_RGB('A\X\E7o - Acetinado',0.627450980392157,0.627450980392157,
0.627450980392157);
ENDSEC;
END-ISO-10303-21;
