ISO-10303-21;
HEADER;
/* Generated by software containing ST-Developer
 * from STEP Tools, Inc. (www.steptools.com) 
 */

FILE_DESCRIPTION(
/* description */ (''),
/* implementation_level */ '2;1');

FILE_NAME(
/* name */ 'Epi-EndoAssembly.step',
/* time_stamp */ '2026-09-05T21:59:54-03:00',
/* author */ (''),
/* organization */ (''),
/* preprocessor_version */ 'ST-DEVELOPER v20.2',
/* originating_system */ 'Autodesk Translation Framework v15.15.0.0',
/* authorisation */ '');

FILE_SCHEMA (('AUTOMOTIVE_DESIGN { 1 0 10303 214 3 1 1 }'));
ENDSEC;

DATA;
#10=MECHANICAL_DESIGN_GEOMETRIC_PRESENTATION_REPRESENTATION('',(#73,#74,
#75,#76,#77),#5600);
#11=CONTEXT_DEPENDENT_OVER_RIDING_STYLED_ITEM('',(#5652),#5625,#77,(#23));
#12=MAPPED_ITEM('',#13,#3481);
#13=REPRESENTATION_MAP(#3481,#5622);
#14=ITEM_DEFINED_TRANSFORMATION($,$,#3226,#3474);
#15=ITEM_DEFINED_TRANSFORMATION($,$,#3278,#3475);
#16=ITEM_DEFINED_TRANSFORMATION($,$,#3290,#3476);
#17=ITEM_DEFINED_TRANSFORMATION($,$,#3415,#3477);
#18=ITEM_DEFINED_TRANSFORMATION($,$,#3415,#3478);
#19=ITEM_DEFINED_TRANSFORMATION($,$,#3415,#3479);
#20=ITEM_DEFINED_TRANSFORMATION($,$,#3415,#3480);
#21=(
REPRESENTATION_RELATIONSHIP($,$,#5623,#5622)
REPRESENTATION_RELATIONSHIP_WITH_TRANSFORMATION(#14)
SHAPE_REPRESENTATION_RELATIONSHIP()
);
#22=(
REPRESENTATION_RELATIONSHIP($,$,#5624,#5622)
REPRESENTATION_RELATIONSHIP_WITH_TRANSFORMATION(#15)
SHAPE_REPRESENTATION_RELATIONSHIP()
);
#23=(
REPRESENTATION_RELATIONSHIP($,$,#5625,#5622)
REPRESENTATION_RELATIONSHIP_WITH_TRANSFORMATION(#16)
SHAPE_REPRESENTATION_RELATIONSHIP()
);
#24=(
REPRESENTATION_RELATIONSHIP($,$,#5626,#5622)
REPRESENTATION_RELATIONSHIP_WITH_TRANSFORMATION(#17)
SHAPE_REPRESENTATION_RELATIONSHIP()
);
#25=(
REPRESENTATION_RELATIONSHIP($,$,#5626,#5622)
REPRESENTATION_RELATIONSHIP_WITH_TRANSFORMATION(#18)
SHAPE_REPRESENTATION_RELATIONSHIP()
);
#26=(
REPRESENTATION_RELATIONSHIP($,$,#5626,#5622)
REPRESENTATION_RELATIONSHIP_WITH_TRANSFORMATION(#19)
SHAPE_REPRESENTATION_RELATIONSHIP()
);
#27=(
REPRESENTATION_RELATIONSHIP($,$,#5626,#5622)
REPRESENTATION_RELATIONSHIP_WITH_TRANSFORMATION(#20)
SHAPE_REPRESENTATION_RELATIONSHIP()
);
#28=CONTEXT_DEPENDENT_SHAPE_REPRESENTATION(#21,#5615);
#29=CONTEXT_DEPENDENT_SHAPE_REPRESENTATION(#22,#5616);
#30=CONTEXT_DEPENDENT_SHAPE_REPRESENTATION(#23,#5617);
#31=CONTEXT_DEPENDENT_SHAPE_REPRESENTATION(#24,#5618);
#32=CONTEXT_DEPENDENT_SHAPE_REPRESENTATION(#25,#5619);
#33=CONTEXT_DEPENDENT_SHAPE_REPRESENTATION(#26,#5620);
#34=CONTEXT_DEPENDENT_SHAPE_REPRESENTATION(#27,#5621);
#35=NEXT_ASSEMBLY_USAGE_OCCURRENCE('Base:1','Base:1','Base:1',#5628,#5629,
'Base:1');
#36=NEXT_ASSEMBLY_USAGE_OCCURRENCE('Tank:1','Tank:1','Tank:1',#5628,#5630,
'Tank:1');
#37=NEXT_ASSEMBLY_USAGE_OCCURRENCE('TubingClamp v4:1',
'TubingClamp v4:1','TubingClamp v4:1',#5628,#5631,'TubingClamp v4:1');
#38=NEXT_ASSEMBLY_USAGE_OCCURRENCE('LegV3 v2:1','LegV3 v2:1',
'LegV3 v2:1',#5628,#5632,'LegV3 v2:1');
#39=NEXT_ASSEMBLY_USAGE_OCCURRENCE('LegV3 v2:2','LegV3 v2:2',
'LegV3 v2:2',#5628,#5632,'LegV3 v2:2');
#40=NEXT_ASSEMBLY_USAGE_OCCURRENCE('LegV3 v2:3','LegV3 v2:3',
'LegV3 v2:3',#5628,#5632,'LegV3 v2:3');
#41=NEXT_ASSEMBLY_USAGE_OCCURRENCE('LegV3 v2:4','LegV3 v2:4',
'LegV3 v2:4',#5628,#5632,'LegV3 v2:4');
#42=B_SPLINE_SURFACE_WITH_KNOTS('',3,3,((#5190,#5191,#5192,#5193,#5194,
#5195,#5196,#5197,#5198,#5199,#5200,#5201,#5202,#5203,#5204,#5205,#5206,
#5207,#5208,#5209,#5210,#5211,#5212,#5213,#5214,#5215,#5216,#5217,#5218,
#5219,#5220,#5221,#5222),(#5223,#5224,#5225,#5226,#5227,#5228,#5229,#5230,
#5231,#5232,#5233,#5234,#5235,#5236,#5237,#5238,#5239,#5240,#5241,#5242,
#5243,#5244,#5245,#5246,#5247,#5248,#5249,#5250,#5251,#5252,#5253,#5254,
#5255),(#5256,#5257,#5258,#5259,#5260,#5261,#5262,#5263,#5264,#5265,#5266,
#5267,#5268,#5269,#5270,#5271,#5272,#5273,#5274,#5275,#5276,#5277,#5278,
#5279,#5280,#5281,#5282,#5283,#5284,#5285,#5286,#5287,#5288),(#5289,#5290,
#5291,#5292,#5293,#5294,#5295,#5296,#5297,#5298,#5299,#5300,#5301,#5302,
#5303,#5304,#5305,#5306,#5307,#5308,#5309,#5310,#5311,#5312,#5313,#5314,
#5315,#5316,#5317,#5318,#5319,#5320,#5321),(#5322,#5323,#5324,#5325,#5326,
#5327,#5328,#5329,#5330,#5331,#5332,#5333,#5334,#5335,#5336,#5337,#5338,
#5339,#5340,#5341,#5342,#5343,#5344,#5345,#5346,#5347,#5348,#5349,#5350,
#5351,#5352,#5353,#5354),(#5355,#5356,#5357,#5358,#5359,#5360,#5361,#5362,
#5363,#5364,#5365,#5366,#5367,#5368,#5369,#5370,#5371,#5372,#5373,#5374,
#5375,#5376,#5377,#5378,#5379,#5380,#5381,#5382,#5383,#5384,#5385,#5386,
#5387)),.UNSPECIFIED.,.F.,.F.,.F.,(4,1,1,4),(4,1,1,1,1,1,1,1,2,1,1,1,1,
1,1,1,1,1,1,2,1,1,1,1,1,1,1,1,4),(0.,0.285714285714286,0.571428571428571,
1.),(-1.20577346292055,-0.836971457114172,-0.46816945130779,-0.099367445501408,
0.269434560304974,0.453835563208165,0.54603606465976,0.592136315385558,
0.638236566111356,0.644650641321005,0.663892866949952,0.689549167788547,
0.740861769465739,0.843486972820122,1.04873737952889,1.25398778623765,1.45923819294642,
1.5618633963008,1.61317599797799,1.66448859965518,1.68753872501832,1.71058885038145,
1.75668910110772,1.84888960256026,2.03329060546534,2.4020926112755,2.77089461708566,
3.13969662289581,3.50849862870597),.UNSPECIFIED.);
#43=B_SPLINE_SURFACE_WITH_KNOTS('',3,3,((#5456,#5457,#5458,#5459),(#5460,
#5461,#5462,#5463),(#5464,#5465,#5466,#5467),(#5468,#5469,#5470,#5471),
(#5472,#5473,#5474,#5475),(#5476,#5477,#5478,#5479),(#5480,#5481,#5482,
#5483),(#5484,#5485,#5486,#5487),(#5488,#5489,#5490,#5491),(#5492,#5493,
#5494,#5495)),.UNSPECIFIED.,.F.,.F.,.F.,(4,2,1,1,2,4),(4,4),(0.,0.316703101611556,
0.463340620322312,0.536659379677689,0.683296898388444,1.),(0.,1.),
 .UNSPECIFIED.);
#44=ELLIPSE('',#3303,3.20255897681838,3.2);
#45=ELLIPSE('',#3304,7.20575769784536,7.20000000000401);
#46=ELLIPSE('',#3340,111.384328460744,100.);
#47=ELLIPSE('',#3341,111.384328460744,100.);
#48=ELLIPSE('',#3344,111.384328460744,100.);
#49=ELLIPSE('',#3345,111.384328460744,100.);
#50=ELLIPSE('',#3363,111.384328460744,100.);
#51=ELLIPSE('',#3370,111.384328460744,100.);
#52=ELLIPSE('',#3417,250.082169270912,250.);
#53=ELLIPSE('',#3418,250.082169270912,250.);
#54=B_SPLINE_CURVE_WITH_KNOTS('',3,(#4586,#4587,#4588,#4589,#4590,#4591,
#4592,#4593,#4594,#4595,#4596,#4597,#4598,#4599,#4600,#4601,#4602,#4603,
#4604),.UNSPECIFIED.,.F.,.F.,(4,2,2,2,3,2,2,2,4),(-0.482331145472205,-0.361698794122573,
-0.241066442772941,-0.12053322138647,0.,0.12053322138647,0.241066442772941,
0.361698794122573,0.384032262683525),.UNSPECIFIED.);
#55=B_SPLINE_CURVE_WITH_KNOTS('',3,(#4608,#4609,#4610,#4611,#4612,#4613),
 .UNSPECIFIED.,.F.,.F.,(4,2,4),(-0.986512749906645,-0.813811714218559,-0.555293332023129),
 .UNSPECIFIED.);
#56=B_SPLINE_CURVE_WITH_KNOTS('',3,(#4617,#4618,#4619,#4620,#4621,#4622),
 .UNSPECIFIED.,.F.,.F.,(4,2,4),(0.555293332023128,0.813811714218558,1.08510442672297),
 .UNSPECIFIED.);
#57=B_SPLINE_CURVE_WITH_KNOTS('',3,(#4626,#4627,#4628,#4629,#4630,#4631,
#4632,#4633,#4634,#4635),.UNSPECIFIED.,.F.,.F.,(4,2,2,2,4),(0.376971421220977,
0.471417246591859,0.56586307196274,0.660034569364362,0.754206066765985),
 .UNSPECIFIED.);
#58=B_SPLINE_CURVE_WITH_KNOTS('',3,(#5390,#5391,#5392,#5393,#5394,#5395,
#5396,#5397,#5398,#5399,#5400,#5401,#5402,#5403),.UNSPECIFIED.,.F.,.F.,
(4,2,2,2,2,2,4),(0.,0.662638687414174,1.17265570331635,1.51877860939818,
1.84193378154879,1.91799103632437,1.92315827570576),.UNSPECIFIED.);
#59=B_SPLINE_CURVE_WITH_KNOTS('',3,(#5407,#5408,#5409,#5410,#5411,#5412,
#5413,#5414,#5415,#5416,#5417,#5418,#5419,#5420),.UNSPECIFIED.,.F.,.F.,
(4,2,2,2,2,2,4),(-0.00186138192153965,0.,0.0273979176432578,0.143807309734038,
0.268490312072301,0.452212486105078,0.69091318912742),.UNSPECIFIED.);
#60=B_SPLINE_CURVE_WITH_KNOTS('',3,(#5422,#5423,#5424,#5425,#5426,#5427,
#5428,#5429),.UNSPECIFIED.,.F.,.F.,(4,1,1,1,1,4),(0.0396668881856192,0.269434560304974,
0.453835563208165,0.54603606465976,0.592136315385558,0.638236566111356),
 .UNSPECIFIED.);
#61=B_SPLINE_CURVE_WITH_KNOTS('',3,(#5431,#5432,#5433,#5434,#5435,#5436,
#5437,#5438,#5439,#5440,#5441,#5442,#5443,#5444),.UNSPECIFIED.,.F.,.F.,
(4,1,1,1,1,1,1,1,1,1,1,4),(0.638236566111356,0.644650641321005,0.663892866949952,
0.689549167788547,0.740861769465739,0.843486972820122,1.04873737952889,
1.25398778623765,1.45923819294642,1.5618633963008,1.61317599797799,1.66448859965518),
 .UNSPECIFIED.);
#62=B_SPLINE_CURVE_WITH_KNOTS('',3,(#5445,#5446,#5447,#5448,#5449,#5450,
#5451,#5452,#5453,#5454,#5455),.UNSPECIFIED.,.F.,.F.,(4,2,1,1,1,1,1,4),
(1.66375761259297,1.66448859965518,1.68753872501832,1.71058885038145,1.75668910110772,
1.84888960256026,2.03329060546534,2.26294707879341),.UNSPECIFIED.);
#63=B_SPLINE_CURVE_WITH_KNOTS('',3,(#5497,#5498,#5499,#5500),
 .UNSPECIFIED.,.F.,.F.,(4,4),(-5.39302882148577,-4.21721219369983),
 .UNSPECIFIED.);
#64=B_SPLINE_CURVE_WITH_KNOTS('',3,(#5502,#5503,#5504,#5505),
 .UNSPECIFIED.,.F.,.F.,(4,4),(-1.13665329201016,0.),.UNSPECIFIED.);
#65=SHAPE_REPRESENTATION_RELATIONSHIP('SRR','None',#5623,#69);
#66=SHAPE_REPRESENTATION_RELATIONSHIP('SRR','None',#5624,#70);
#67=SHAPE_REPRESENTATION_RELATIONSHIP('SRR','None',#5625,#71);
#68=SHAPE_REPRESENTATION_RELATIONSHIP('SRR','None',#5626,#72);
#69=ADVANCED_BREP_SHAPE_REPRESENTATION('',(#78),#5596);
#70=ADVANCED_BREP_SHAPE_REPRESENTATION('',(#79),#5597);
#71=ADVANCED_BREP_SHAPE_REPRESENTATION('',(#80),#5598);
#72=ADVANCED_BREP_SHAPE_REPRESENTATION('',(#81),#5599);
#73=STYLED_ITEM('',(#5653),#78);
#74=STYLED_ITEM('',(#5654),#79);
#75=STYLED_ITEM('',(#5652),#80);
#76=STYLED_ITEM('',(#5652),#81);
#77=STYLED_ITEM('',(#5655),#12);
#78=MANIFOLD_SOLID_BREP('Corpo1',#3176);
#79=MANIFOLD_SOLID_BREP('Corpo1',#3177);
#80=MANIFOLD_SOLID_BREP('Corpo1',#3178);
#81=MANIFOLD_SOLID_BREP('Corpo1',#3179);
#82=FACE_BOUND('',#393,.T.);
#83=FACE_BOUND('',#394,.T.);
#84=FACE_BOUND('',#395,.T.);
#85=FACE_BOUND('',#396,.T.);
#86=FACE_BOUND('',#397,.T.);
#87=FACE_BOUND('',#398,.T.);
#88=FACE_BOUND('',#399,.T.);
#89=FACE_BOUND('',#400,.T.);
#90=FACE_BOUND('',#401,.T.);
#91=FACE_BOUND('',#419,.T.);
#92=FACE_BOUND('',#427,.T.);
#93=FACE_BOUND('',#428,.T.);
#94=FACE_BOUND('',#429,.T.);
#95=FACE_BOUND('',#430,.T.);
#96=FACE_BOUND('',#431,.T.);
#97=FACE_BOUND('',#432,.T.);
#98=FACE_BOUND('',#433,.T.);
#99=FACE_BOUND('',#434,.T.);
#100=FACE_BOUND('',#435,.T.);
#101=FACE_BOUND('',#441,.T.);
#102=FACE_BOUND('',#487,.T.);
#103=FACE_BOUND('',#488,.T.);
#104=FACE_BOUND('',#489,.T.);
#105=FACE_BOUND('',#501,.T.);
#106=FACE_BOUND('',#538,.T.);
#107=FACE_BOUND('',#546,.T.);
#108=FACE_BOUND('',#556,.T.);
#109=FACE_BOUND('',#557,.T.);
#110=FACE_BOUND('',#578,.T.);
#111=FACE_BOUND('',#579,.T.);
#112=PLANE('',#3230);
#113=PLANE('',#3231);
#114=PLANE('',#3245);
#115=PLANE('',#3266);
#116=PLANE('',#3267);
#117=PLANE('',#3268);
#118=PLANE('',#3269);
#119=PLANE('',#3270);
#120=PLANE('',#3271);
#121=PLANE('',#3272);
#122=PLANE('',#3273);
#123=PLANE('',#3274);
#124=PLANE('',#3275);
#125=PLANE('',#3276);
#126=PLANE('',#3277);
#127=PLANE('',#3279);
#128=PLANE('',#3280);
#129=PLANE('',#3281);
#130=PLANE('',#3282);
#131=PLANE('',#3283);
#132=PLANE('',#3284);
#133=PLANE('',#3285);
#134=PLANE('',#3286);
#135=PLANE('',#3287);
#136=PLANE('',#3288);
#137=PLANE('',#3289);
#138=PLANE('',#3294);
#139=PLANE('',#3298);
#140=PLANE('',#3302);
#141=PLANE('',#3307);
#142=PLANE('',#3308);
#143=PLANE('',#3311);
#144=PLANE('',#3315);
#145=PLANE('',#3316);
#146=PLANE('',#3317);
#147=PLANE('',#3318);
#148=PLANE('',#3319);
#149=PLANE('',#3320);
#150=PLANE('',#3326);
#151=PLANE('',#3327);
#152=PLANE('',#3328);
#153=PLANE('',#3332);
#154=PLANE('',#3338);
#155=PLANE('',#3342);
#156=PLANE('',#3346);
#157=PLANE('',#3350);
#158=PLANE('',#3358);
#159=PLANE('',#3361);
#160=PLANE('',#3365);
#161=PLANE('',#3366);
#162=PLANE('',#3367);
#163=PLANE('',#3371);
#164=PLANE('',#3372);
#165=PLANE('',#3377);
#166=PLANE('',#3378);
#167=PLANE('',#3379);
#168=PLANE('',#3380);
#169=PLANE('',#3381);
#170=PLANE('',#3382);
#171=PLANE('',#3383);
#172=PLANE('',#3384);
#173=PLANE('',#3387);
#174=PLANE('',#3388);
#175=PLANE('',#3392);
#176=PLANE('',#3396);
#177=PLANE('',#3397);
#178=PLANE('',#3398);
#179=PLANE('',#3399);
#180=PLANE('',#3400);
#181=PLANE('',#3401);
#182=PLANE('',#3402);
#183=PLANE('',#3403);
#184=PLANE('',#3404);
#185=PLANE('',#3405);
#186=PLANE('',#3406);
#187=PLANE('',#3407);
#188=PLANE('',#3408);
#189=PLANE('',#3409);
#190=PLANE('',#3410);
#191=PLANE('',#3411);
#192=PLANE('',#3412);
#193=PLANE('',#3413);
#194=PLANE('',#3414);
#195=PLANE('',#3421);
#196=PLANE('',#3422);
#197=PLANE('',#3423);
#198=PLANE('',#3424);
#199=PLANE('',#3425);
#200=PLANE('',#3426);
#201=PLANE('',#3427);
#202=PLANE('',#3429);
#203=PLANE('',#3430);
#204=PLANE('',#3431);
#205=PLANE('',#3432);
#206=PLANE('',#3433);
#207=PLANE('',#3434);
#208=PLANE('',#3435);
#209=PLANE('',#3441);
#210=PLANE('',#3442);
#211=PLANE('',#3444);
#212=PLANE('',#3447);
#213=PLANE('',#3448);
#214=PLANE('',#3449);
#215=PLANE('',#3450);
#216=PLANE('',#3453);
#217=PLANE('',#3454);
#218=PLANE('',#3455);
#219=PLANE('',#3458);
#220=PLANE('',#3459);
#221=PLANE('',#3460);
#222=PLANE('',#3464);
#223=PLANE('',#3465);
#224=PLANE('',#3467);
#225=PLANE('',#3468);
#226=PLANE('',#3469);
#227=PLANE('',#3470);
#228=PLANE('',#3471);
#229=PLANE('',#3473);
#230=FACE_OUTER_BOUND('',#390,.T.);
#231=FACE_OUTER_BOUND('',#391,.T.);
#232=FACE_OUTER_BOUND('',#392,.T.);
#233=FACE_OUTER_BOUND('',#402,.T.);
#234=FACE_OUTER_BOUND('',#403,.T.);
#235=FACE_OUTER_BOUND('',#404,.T.);
#236=FACE_OUTER_BOUND('',#405,.T.);
#237=FACE_OUTER_BOUND('',#406,.T.);
#238=FACE_OUTER_BOUND('',#407,.T.);
#239=FACE_OUTER_BOUND('',#408,.T.);
#240=FACE_OUTER_BOUND('',#409,.T.);
#241=FACE_OUTER_BOUND('',#410,.T.);
#242=FACE_OUTER_BOUND('',#411,.T.);
#243=FACE_OUTER_BOUND('',#412,.T.);
#244=FACE_OUTER_BOUND('',#413,.T.);
#245=FACE_OUTER_BOUND('',#414,.T.);
#246=FACE_OUTER_BOUND('',#415,.T.);
#247=FACE_OUTER_BOUND('',#416,.T.);
#248=FACE_OUTER_BOUND('',#417,.T.);
#249=FACE_OUTER_BOUND('',#418,.T.);
#250=FACE_OUTER_BOUND('',#420,.T.);
#251=FACE_OUTER_BOUND('',#421,.T.);
#252=FACE_OUTER_BOUND('',#422,.T.);
#253=FACE_OUTER_BOUND('',#423,.T.);
#254=FACE_OUTER_BOUND('',#424,.T.);
#255=FACE_OUTER_BOUND('',#425,.T.);
#256=FACE_OUTER_BOUND('',#426,.T.);
#257=FACE_OUTER_BOUND('',#436,.T.);
#258=FACE_OUTER_BOUND('',#437,.T.);
#259=FACE_OUTER_BOUND('',#438,.T.);
#260=FACE_OUTER_BOUND('',#439,.T.);
#261=FACE_OUTER_BOUND('',#440,.T.);
#262=FACE_OUTER_BOUND('',#442,.T.);
#263=FACE_OUTER_BOUND('',#443,.T.);
#264=FACE_OUTER_BOUND('',#444,.T.);
#265=FACE_OUTER_BOUND('',#445,.T.);
#266=FACE_OUTER_BOUND('',#446,.T.);
#267=FACE_OUTER_BOUND('',#447,.T.);
#268=FACE_OUTER_BOUND('',#448,.T.);
#269=FACE_OUTER_BOUND('',#449,.T.);
#270=FACE_OUTER_BOUND('',#450,.T.);
#271=FACE_OUTER_BOUND('',#451,.T.);
#272=FACE_OUTER_BOUND('',#452,.T.);
#273=FACE_OUTER_BOUND('',#453,.T.);
#274=FACE_OUTER_BOUND('',#454,.T.);
#275=FACE_OUTER_BOUND('',#455,.T.);
#276=FACE_OUTER_BOUND('',#456,.T.);
#277=FACE_OUTER_BOUND('',#457,.T.);
#278=FACE_OUTER_BOUND('',#458,.T.);
#279=FACE_OUTER_BOUND('',#459,.T.);
#280=FACE_OUTER_BOUND('',#460,.T.);
#281=FACE_OUTER_BOUND('',#461,.T.);
#282=FACE_OUTER_BOUND('',#462,.T.);
#283=FACE_OUTER_BOUND('',#463,.T.);
#284=FACE_OUTER_BOUND('',#464,.T.);
#285=FACE_OUTER_BOUND('',#465,.T.);
#286=FACE_OUTER_BOUND('',#466,.T.);
#287=FACE_OUTER_BOUND('',#467,.T.);
#288=FACE_OUTER_BOUND('',#468,.T.);
#289=FACE_OUTER_BOUND('',#469,.T.);
#290=FACE_OUTER_BOUND('',#470,.T.);
#291=FACE_OUTER_BOUND('',#471,.T.);
#292=FACE_OUTER_BOUND('',#472,.T.);
#293=FACE_OUTER_BOUND('',#473,.T.);
#294=FACE_OUTER_BOUND('',#474,.T.);
#295=FACE_OUTER_BOUND('',#475,.T.);
#296=FACE_OUTER_BOUND('',#476,.T.);
#297=FACE_OUTER_BOUND('',#477,.T.);
#298=FACE_OUTER_BOUND('',#478,.T.);
#299=FACE_OUTER_BOUND('',#479,.T.);
#300=FACE_OUTER_BOUND('',#480,.T.);
#301=FACE_OUTER_BOUND('',#481,.T.);
#302=FACE_OUTER_BOUND('',#482,.T.);
#303=FACE_OUTER_BOUND('',#483,.T.);
#304=FACE_OUTER_BOUND('',#484,.T.);
#305=FACE_OUTER_BOUND('',#485,.T.);
#306=FACE_OUTER_BOUND('',#486,.T.);
#307=FACE_OUTER_BOUND('',#490,.T.);
#308=FACE_OUTER_BOUND('',#491,.T.);
#309=FACE_OUTER_BOUND('',#492,.T.);
#310=FACE_OUTER_BOUND('',#493,.T.);
#311=FACE_OUTER_BOUND('',#494,.T.);
#312=FACE_OUTER_BOUND('',#495,.T.);
#313=FACE_OUTER_BOUND('',#496,.T.);
#314=FACE_OUTER_BOUND('',#497,.T.);
#315=FACE_OUTER_BOUND('',#498,.T.);
#316=FACE_OUTER_BOUND('',#499,.T.);
#317=FACE_OUTER_BOUND('',#500,.T.);
#318=FACE_OUTER_BOUND('',#502,.T.);
#319=FACE_OUTER_BOUND('',#503,.T.);
#320=FACE_OUTER_BOUND('',#504,.T.);
#321=FACE_OUTER_BOUND('',#505,.T.);
#322=FACE_OUTER_BOUND('',#506,.T.);
#323=FACE_OUTER_BOUND('',#507,.T.);
#324=FACE_OUTER_BOUND('',#508,.T.);
#325=FACE_OUTER_BOUND('',#509,.T.);
#326=FACE_OUTER_BOUND('',#510,.T.);
#327=FACE_OUTER_BOUND('',#511,.T.);
#328=FACE_OUTER_BOUND('',#512,.T.);
#329=FACE_OUTER_BOUND('',#513,.T.);
#330=FACE_OUTER_BOUND('',#514,.T.);
#331=FACE_OUTER_BOUND('',#515,.T.);
#332=FACE_OUTER_BOUND('',#516,.T.);
#333=FACE_OUTER_BOUND('',#517,.T.);
#334=FACE_OUTER_BOUND('',#518,.T.);
#335=FACE_OUTER_BOUND('',#519,.T.);
#336=FACE_OUTER_BOUND('',#520,.T.);
#337=FACE_OUTER_BOUND('',#521,.T.);
#338=FACE_OUTER_BOUND('',#522,.T.);
#339=FACE_OUTER_BOUND('',#523,.T.);
#340=FACE_OUTER_BOUND('',#524,.T.);
#341=FACE_OUTER_BOUND('',#525,.T.);
#342=FACE_OUTER_BOUND('',#526,.T.);
#343=FACE_OUTER_BOUND('',#527,.T.);
#344=FACE_OUTER_BOUND('',#528,.T.);
#345=FACE_OUTER_BOUND('',#529,.T.);
#346=FACE_OUTER_BOUND('',#530,.T.);
#347=FACE_OUTER_BOUND('',#531,.T.);
#348=FACE_OUTER_BOUND('',#532,.T.);
#349=FACE_OUTER_BOUND('',#533,.T.);
#350=FACE_OUTER_BOUND('',#534,.T.);
#351=FACE_OUTER_BOUND('',#535,.T.);
#352=FACE_OUTER_BOUND('',#536,.T.);
#353=FACE_OUTER_BOUND('',#537,.T.);
#354=FACE_OUTER_BOUND('',#539,.T.);
#355=FACE_OUTER_BOUND('',#540,.T.);
#356=FACE_OUTER_BOUND('',#541,.T.);
#357=FACE_OUTER_BOUND('',#542,.T.);
#358=FACE_OUTER_BOUND('',#543,.T.);
#359=FACE_OUTER_BOUND('',#544,.T.);
#360=FACE_OUTER_BOUND('',#545,.T.);
#361=FACE_OUTER_BOUND('',#547,.T.);
#362=FACE_OUTER_BOUND('',#548,.T.);
#363=FACE_OUTER_BOUND('',#549,.T.);
#364=FACE_OUTER_BOUND('',#550,.T.);
#365=FACE_OUTER_BOUND('',#551,.T.);
#366=FACE_OUTER_BOUND('',#552,.T.);
#367=FACE_OUTER_BOUND('',#553,.T.);
#368=FACE_OUTER_BOUND('',#554,.T.);
#369=FACE_OUTER_BOUND('',#555,.T.);
#370=FACE_OUTER_BOUND('',#558,.T.);
#371=FACE_OUTER_BOUND('',#559,.T.);
#372=FACE_OUTER_BOUND('',#560,.T.);
#373=FACE_OUTER_BOUND('',#561,.T.);
#374=FACE_OUTER_BOUND('',#562,.T.);
#375=FACE_OUTER_BOUND('',#563,.T.);
#376=FACE_OUTER_BOUND('',#564,.T.);
#377=FACE_OUTER_BOUND('',#565,.T.);
#378=FACE_OUTER_BOUND('',#566,.T.);
#379=FACE_OUTER_BOUND('',#567,.T.);
#380=FACE_OUTER_BOUND('',#568,.T.);
#381=FACE_OUTER_BOUND('',#569,.T.);
#382=FACE_OUTER_BOUND('',#570,.T.);
#383=FACE_OUTER_BOUND('',#571,.T.);
#384=FACE_OUTER_BOUND('',#572,.T.);
#385=FACE_OUTER_BOUND('',#573,.T.);
#386=FACE_OUTER_BOUND('',#574,.T.);
#387=FACE_OUTER_BOUND('',#575,.T.);
#388=FACE_OUTER_BOUND('',#576,.T.);
#389=FACE_OUTER_BOUND('',#577,.T.);
#390=EDGE_LOOP('',(#2088,#2089,#2090,#2091));
#391=EDGE_LOOP('',(#2092,#2093,#2094,#2095));
#392=EDGE_LOOP('',(#2096,#2097,#2098,#2099,#2100,#2101,#2102,#2103));
#393=EDGE_LOOP('',(#2104));
#394=EDGE_LOOP('',(#2105));
#395=EDGE_LOOP('',(#2106));
#396=EDGE_LOOP('',(#2107));
#397=EDGE_LOOP('',(#2108));
#398=EDGE_LOOP('',(#2109));
#399=EDGE_LOOP('',(#2110));
#400=EDGE_LOOP('',(#2111));
#401=EDGE_LOOP('',(#2112,#2113,#2114,#2115));
#402=EDGE_LOOP('',(#2116,#2117,#2118,#2119));
#403=EDGE_LOOP('',(#2120,#2121,#2122,#2123));
#404=EDGE_LOOP('',(#2124,#2125,#2126,#2127));
#405=EDGE_LOOP('',(#2128,#2129,#2130,#2131));
#406=EDGE_LOOP('',(#2132,#2133,#2134,#2135));
#407=EDGE_LOOP('',(#2136,#2137,#2138,#2139));
#408=EDGE_LOOP('',(#2140,#2141,#2142,#2143));
#409=EDGE_LOOP('',(#2144,#2145,#2146,#2147));
#410=EDGE_LOOP('',(#2148,#2149,#2150,#2151));
#411=EDGE_LOOP('',(#2152,#2153,#2154,#2155));
#412=EDGE_LOOP('',(#2156,#2157,#2158,#2159));
#413=EDGE_LOOP('',(#2160,#2161,#2162,#2163));
#414=EDGE_LOOP('',(#2164,#2165,#2166,#2167));
#415=EDGE_LOOP('',(#2168,#2169,#2170,#2171));
#416=EDGE_LOOP('',(#2172,#2173,#2174,#2175));
#417=EDGE_LOOP('',(#2176,#2177,#2178,#2179));
#418=EDGE_LOOP('',(#2180,#2181,#2182,#2183));
#419=EDGE_LOOP('',(#2184,#2185,#2186,#2187));
#420=EDGE_LOOP('',(#2188,#2189,#2190,#2191));
#421=EDGE_LOOP('',(#2192,#2193,#2194,#2195));
#422=EDGE_LOOP('',(#2196,#2197,#2198,#2199));
#423=EDGE_LOOP('',(#2200,#2201,#2202,#2203));
#424=EDGE_LOOP('',(#2204,#2205,#2206,#2207));
#425=EDGE_LOOP('',(#2208,#2209,#2210,#2211));
#426=EDGE_LOOP('',(#2212,#2213,#2214,#2215,#2216,#2217,#2218,#2219));
#427=EDGE_LOOP('',(#2220));
#428=EDGE_LOOP('',(#2221));
#429=EDGE_LOOP('',(#2222));
#430=EDGE_LOOP('',(#2223));
#431=EDGE_LOOP('',(#2224));
#432=EDGE_LOOP('',(#2225));
#433=EDGE_LOOP('',(#2226));
#434=EDGE_LOOP('',(#2227));
#435=EDGE_LOOP('',(#2228,#2229,#2230,#2231));
#436=EDGE_LOOP('',(#2232,#2233,#2234,#2235));
#437=EDGE_LOOP('',(#2236,#2237,#2238,#2239));
#438=EDGE_LOOP('',(#2240,#2241,#2242,#2243));
#439=EDGE_LOOP('',(#2244,#2245,#2246,#2247));
#440=EDGE_LOOP('',(#2248,#2249,#2250,#2251));
#441=EDGE_LOOP('',(#2252,#2253,#2254,#2255));
#442=EDGE_LOOP('',(#2256,#2257,#2258,#2259));
#443=EDGE_LOOP('',(#2260,#2261,#2262,#2263));
#444=EDGE_LOOP('',(#2264,#2265,#2266,#2267));
#445=EDGE_LOOP('',(#2268,#2269,#2270,#2271));
#446=EDGE_LOOP('',(#2272,#2273,#2274,#2275));
#447=EDGE_LOOP('',(#2276,#2277,#2278,#2279));
#448=EDGE_LOOP('',(#2280,#2281,#2282,#2283));
#449=EDGE_LOOP('',(#2284,#2285,#2286,#2287,#2288,#2289));
#450=EDGE_LOOP('',(#2290,#2291,#2292,#2293));
#451=EDGE_LOOP('',(#2294,#2295,#2296,#2297,#2298,#2299));
#452=EDGE_LOOP('',(#2300,#2301,#2302,#2303,#2304,#2305,#2306,#2307,#2308));
#453=EDGE_LOOP('',(#2309,#2310,#2311,#2312,#2313,#2314));
#454=EDGE_LOOP('',(#2315,#2316,#2317,#2318,#2319));
#455=EDGE_LOOP('',(#2320,#2321,#2322,#2323));
#456=EDGE_LOOP('',(#2324,#2325,#2326,#2327));
#457=EDGE_LOOP('',(#2328,#2329,#2330,#2331));
#458=EDGE_LOOP('',(#2332,#2333));
#459=EDGE_LOOP('',(#2334,#2335,#2336,#2337,#2338,#2339,#2340));
#460=EDGE_LOOP('',(#2341,#2342,#2343,#2344,#2345,#2346,#2347,#2348,#2349));
#461=EDGE_LOOP('',(#2350,#2351,#2352,#2353));
#462=EDGE_LOOP('',(#2354,#2355,#2356,#2357));
#463=EDGE_LOOP('',(#2358,#2359,#2360));
#464=EDGE_LOOP('',(#2361,#2362,#2363));
#465=EDGE_LOOP('',(#2364,#2365,#2366,#2367));
#466=EDGE_LOOP('',(#2368,#2369,#2370,#2371,#2372,#2373,#2374,#2375));
#467=EDGE_LOOP('',(#2376,#2377,#2378,#2379,#2380,#2381,#2382,#2383));
#468=EDGE_LOOP('',(#2384,#2385,#2386,#2387));
#469=EDGE_LOOP('',(#2388,#2389,#2390,#2391,#2392,#2393,#2394,#2395));
#470=EDGE_LOOP('',(#2396,#2397,#2398,#2399));
#471=EDGE_LOOP('',(#2400,#2401,#2402,#2403,#2404,#2405,#2406,#2407,#2408,
#2409,#2410,#2411,#2412,#2413,#2414,#2415,#2416,#2417,#2418,#2419,#2420,
#2421));
#472=EDGE_LOOP('',(#2422,#2423,#2424,#2425,#2426,#2427,#2428,#2429,#2430,
#2431,#2432,#2433,#2434,#2435,#2436,#2437,#2438,#2439));
#473=EDGE_LOOP('',(#2440,#2441,#2442,#2443));
#474=EDGE_LOOP('',(#2444,#2445,#2446,#2447,#2448,#2449));
#475=EDGE_LOOP('',(#2450,#2451,#2452,#2453));
#476=EDGE_LOOP('',(#2454,#2455,#2456,#2457,#2458,#2459));
#477=EDGE_LOOP('',(#2460,#2461,#2462,#2463));
#478=EDGE_LOOP('',(#2464,#2465,#2466,#2467,#2468,#2469,#2470,#2471,#2472,
#2473,#2474,#2475,#2476,#2477,#2478,#2479,#2480,#2481,#2482,#2483,#2484,
#2485));
#479=EDGE_LOOP('',(#2486,#2487,#2488,#2489));
#480=EDGE_LOOP('',(#2490,#2491,#2492,#2493));
#481=EDGE_LOOP('',(#2494,#2495,#2496,#2497));
#482=EDGE_LOOP('',(#2498,#2499,#2500,#2501));
#483=EDGE_LOOP('',(#2502,#2503,#2504,#2505,#2506));
#484=EDGE_LOOP('',(#2507,#2508,#2509,#2510,#2511,#2512,#2513,#2514));
#485=EDGE_LOOP('',(#2515,#2516,#2517,#2518,#2519,#2520));
#486=EDGE_LOOP('',(#2521,#2522,#2523,#2524,#2525,#2526,#2527));
#487=EDGE_LOOP('',(#2528,#2529,#2530));
#488=EDGE_LOOP('',(#2531,#2532,#2533));
#489=EDGE_LOOP('',(#2534,#2535,#2536));
#490=EDGE_LOOP('',(#2537,#2538,#2539,#2540,#2541));
#491=EDGE_LOOP('',(#2542,#2543,#2544,#2545,#2546,#2547));
#492=EDGE_LOOP('',(#2548,#2549,#2550,#2551,#2552,#2553,#2554,#2555));
#493=EDGE_LOOP('',(#2556,#2557,#2558,#2559));
#494=EDGE_LOOP('',(#2560,#2561,#2562,#2563));
#495=EDGE_LOOP('',(#2564,#2565,#2566,#2567,#2568,#2569));
#496=EDGE_LOOP('',(#2570,#2571,#2572,#2573));
#497=EDGE_LOOP('',(#2574,#2575,#2576,#2577,#2578,#2579));
#498=EDGE_LOOP('',(#2580,#2581,#2582,#2583,#2584,#2585,#2586));
#499=EDGE_LOOP('',(#2587,#2588,#2589,#2590,#2591,#2592,#2593));
#500=EDGE_LOOP('',(#2594,#2595,#2596,#2597,#2598,#2599,#2600,#2601,#2602,
#2603,#2604,#2605));
#501=EDGE_LOOP('',(#2606,#2607,#2608,#2609));
#502=EDGE_LOOP('',(#2610,#2611,#2612,#2613,#2614,#2615));
#503=EDGE_LOOP('',(#2616,#2617,#2618,#2619));
#504=EDGE_LOOP('',(#2620,#2621,#2622,#2623));
#505=EDGE_LOOP('',(#2624,#2625,#2626,#2627));
#506=EDGE_LOOP('',(#2628,#2629,#2630,#2631,#2632,#2633,#2634,#2635,#2636,
#2637,#2638));
#507=EDGE_LOOP('',(#2639,#2640,#2641,#2642));
#508=EDGE_LOOP('',(#2643,#2644,#2645,#2646));
#509=EDGE_LOOP('',(#2647,#2648,#2649,#2650));
#510=EDGE_LOOP('',(#2651,#2652,#2653,#2654));
#511=EDGE_LOOP('',(#2655,#2656,#2657,#2658));
#512=EDGE_LOOP('',(#2659,#2660,#2661,#2662,#2663,#2664,#2665,#2666,#2667,
#2668,#2669));
#513=EDGE_LOOP('',(#2670,#2671,#2672,#2673));
#514=EDGE_LOOP('',(#2674,#2675,#2676,#2677));
#515=EDGE_LOOP('',(#2678,#2679,#2680,#2681));
#516=EDGE_LOOP('',(#2682,#2683,#2684,#2685));
#517=EDGE_LOOP('',(#2686,#2687,#2688,#2689,#2690,#2691,#2692,#2693));
#518=EDGE_LOOP('',(#2694,#2695,#2696,#2697));
#519=EDGE_LOOP('',(#2698,#2699,#2700,#2701));
#520=EDGE_LOOP('',(#2702,#2703,#2704,#2705));
#521=EDGE_LOOP('',(#2706,#2707,#2708,#2709));
#522=EDGE_LOOP('',(#2710,#2711,#2712,#2713));
#523=EDGE_LOOP('',(#2714,#2715,#2716,#2717));
#524=EDGE_LOOP('',(#2718,#2719,#2720,#2721));
#525=EDGE_LOOP('',(#2722,#2723,#2724,#2725));
#526=EDGE_LOOP('',(#2726,#2727,#2728,#2729,#2730,#2731));
#527=EDGE_LOOP('',(#2732,#2733,#2734,#2735));
#528=EDGE_LOOP('',(#2736,#2737,#2738,#2739));
#529=EDGE_LOOP('',(#2740,#2741,#2742,#2743));
#530=EDGE_LOOP('',(#2744,#2745,#2746,#2747,#2748,#2749));
#531=EDGE_LOOP('',(#2750,#2751,#2752,#2753));
#532=EDGE_LOOP('',(#2754,#2755,#2756,#2757));
#533=EDGE_LOOP('',(#2758,#2759,#2760,#2761));
#534=EDGE_LOOP('',(#2762,#2763,#2764,#2765));
#535=EDGE_LOOP('',(#2766,#2767,#2768,#2769));
#536=EDGE_LOOP('',(#2770,#2771,#2772,#2773));
#537=EDGE_LOOP('',(#2774,#2775,#2776,#2777,#2778,#2779));
#538=EDGE_LOOP('',(#2780));
#539=EDGE_LOOP('',(#2781,#2782,#2783,#2784));
#540=EDGE_LOOP('',(#2785,#2786,#2787,#2788));
#541=EDGE_LOOP('',(#2789,#2790,#2791,#2792));
#542=EDGE_LOOP('',(#2793,#2794,#2795,#2796));
#543=EDGE_LOOP('',(#2797,#2798,#2799,#2800));
#544=EDGE_LOOP('',(#2801,#2802,#2803,#2804));
#545=EDGE_LOOP('',(#2805,#2806,#2807,#2808,#2809,#2810));
#546=EDGE_LOOP('',(#2811));
#547=EDGE_LOOP('',(#2812,#2813,#2814,#2815));
#548=EDGE_LOOP('',(#2816,#2817,#2818,#2819));
#549=EDGE_LOOP('',(#2820,#2821,#2822,#2823));
#550=EDGE_LOOP('',(#2824,#2825,#2826,#2827,#2828,#2829));
#551=EDGE_LOOP('',(#2830,#2831,#2832,#2833));
#552=EDGE_LOOP('',(#2834,#2835,#2836,#2837));
#553=EDGE_LOOP('',(#2838,#2839,#2840,#2841));
#554=EDGE_LOOP('',(#2842,#2843,#2844,#2845));
#555=EDGE_LOOP('',(#2846,#2847,#2848,#2849,#2850,#2851));
#556=EDGE_LOOP('',(#2852,#2853,#2854,#2855,#2856,#2857));
#557=EDGE_LOOP('',(#2858,#2859,#2860,#2861,#2862,#2863));
#558=EDGE_LOOP('',(#2864,#2865,#2866,#2867,#2868,#2869,#2870,#2871));
#559=EDGE_LOOP('',(#2872,#2873,#2874,#2875,#2876,#2877));
#560=EDGE_LOOP('',(#2878,#2879,#2880,#2881,#2882,#2883,#2884,#2885,#2886,
#2887));
#561=EDGE_LOOP('',(#2888,#2889,#2890,#2891,#2892));
#562=EDGE_LOOP('',(#2893,#2894,#2895,#2896,#2897));
#563=EDGE_LOOP('',(#2898,#2899,#2900,#2901));
#564=EDGE_LOOP('',(#2902,#2903,#2904,#2905,#2906,#2907,#2908,#2909));
#565=EDGE_LOOP('',(#2910,#2911,#2912,#2913));
#566=EDGE_LOOP('',(#2914,#2915,#2916,#2917));
#567=EDGE_LOOP('',(#2918,#2919,#2920,#2921));
#568=EDGE_LOOP('',(#2922,#2923,#2924,#2925));
#569=EDGE_LOOP('',(#2926,#2927,#2928,#2929));
#570=EDGE_LOOP('',(#2930,#2931,#2932,#2933,#2934,#2935,#2936,#2937));
#571=EDGE_LOOP('',(#2938,#2939,#2940,#2941));
#572=EDGE_LOOP('',(#2942,#2943,#2944,#2945,#2946,#2947));
#573=EDGE_LOOP('',(#2948,#2949,#2950,#2951,#2952,#2953));
#574=EDGE_LOOP('',(#2954,#2955,#2956,#2957,#2958,#2959));
#575=EDGE_LOOP('',(#2960,#2961,#2962,#2963));
#576=EDGE_LOOP('',(#2964,#2965,#2966,#2967));
#577=EDGE_LOOP('',(#2968,#2969,#2970,#2971,#2972,#2973));
#578=EDGE_LOOP('',(#2974));
#579=EDGE_LOOP('',(#2975));
#580=LINE('',#4350,#927);
#581=LINE('',#4353,#928);
#582=LINE('',#4356,#929);
#583=LINE('',#4358,#930);
#584=LINE('',#4359,#931);
#585=LINE('',#4362,#932);
#586=LINE('',#4366,#933);
#587=LINE('',#4370,#934);
#588=LINE('',#4390,#935);
#589=LINE('',#4392,#936);
#590=LINE('',#4394,#937);
#591=LINE('',#4395,#938);
#592=LINE('',#4400,#939);
#593=LINE('',#4401,#940);
#594=LINE('',#4404,#941);
#595=LINE('',#4405,#942);
#596=LINE('',#4409,#943);
#597=LINE('',#4413,#944);
#598=LINE('',#4417,#945);
#599=LINE('',#4421,#946);
#600=LINE('',#4425,#947);
#601=LINE('',#4429,#948);
#602=LINE('',#4433,#949);
#603=LINE('',#4437,#950);
#604=LINE('',#4441,#951);
#605=LINE('',#4445,#952);
#606=LINE('',#4448,#953);
#607=LINE('',#4450,#954);
#608=LINE('',#4451,#955);
#609=LINE('',#4454,#956);
#610=LINE('',#4455,#957);
#611=LINE('',#4458,#958);
#612=LINE('',#4459,#959);
#613=LINE('',#4461,#960);
#614=LINE('',#4465,#961);
#615=LINE('',#4467,#962);
#616=LINE('',#4469,#963);
#617=LINE('',#4470,#964);
#618=LINE('',#4473,#965);
#619=LINE('',#4475,#966);
#620=LINE('',#4476,#967);
#621=LINE('',#4479,#968);
#622=LINE('',#4480,#969);
#623=LINE('',#4483,#970);
#624=LINE('',#4484,#971);
#625=LINE('',#4486,#972);
#626=LINE('',#4488,#973);
#627=LINE('',#4490,#974);
#628=LINE('',#4496,#975);
#629=LINE('',#4498,#976);
#630=LINE('',#4500,#977);
#631=LINE('',#4501,#978);
#632=LINE('',#4504,#979);
#633=LINE('',#4506,#980);
#634=LINE('',#4507,#981);
#635=LINE('',#4510,#982);
#636=LINE('',#4512,#983);
#637=LINE('',#4513,#984);
#638=LINE('',#4515,#985);
#639=LINE('',#4516,#986);
#640=LINE('',#4520,#987);
#641=LINE('',#4522,#988);
#642=LINE('',#4524,#989);
#643=LINE('',#4525,#990);
#644=LINE('',#4529,#991);
#645=LINE('',#4530,#992);
#646=LINE('',#4531,#993);
#647=LINE('',#4534,#994);
#648=LINE('',#4535,#995);
#649=LINE('',#4538,#996);
#650=LINE('',#4539,#997);
#651=LINE('',#4541,#998);
#652=LINE('',#4550,#999);
#653=LINE('',#4553,#1000);
#654=LINE('',#4556,#1001);
#655=LINE('',#4558,#1002);
#656=LINE('',#4560,#1003);
#657=LINE('',#4562,#1004);
#658=LINE('',#4563,#1005);
#659=LINE('',#4569,#1006);
#660=LINE('',#4572,#1007);
#661=LINE('',#4575,#1008);
#662=LINE('',#4577,#1009);
#663=LINE('',#4579,#1010);
#664=LINE('',#4581,#1011);
#665=LINE('',#4582,#1012);
#666=LINE('',#4606,#1013);
#667=LINE('',#4615,#1014);
#668=LINE('',#4637,#1015);
#669=LINE('',#4643,#1016);
#670=LINE('',#4645,#1017);
#671=LINE('',#4647,#1018);
#672=LINE('',#4651,#1019);
#673=LINE('',#4654,#1020);
#674=LINE('',#4657,#1021);
#675=LINE('',#4658,#1022);
#676=LINE('',#4661,#1023);
#677=LINE('',#4662,#1024);
#678=LINE('',#4665,#1025);
#679=LINE('',#4671,#1026);
#680=LINE('',#4674,#1027);
#681=LINE('',#4676,#1028);
#682=LINE('',#4678,#1029);
#683=LINE('',#4680,#1030);
#684=LINE('',#4681,#1031);
#685=LINE('',#4684,#1032);
#686=LINE('',#4686,#1033);
#687=LINE('',#4687,#1034);
#688=LINE('',#4691,#1035);
#689=LINE('',#4693,#1036);
#690=LINE('',#4695,#1037);
#691=LINE('',#4696,#1038);
#692=LINE('',#4699,#1039);
#693=LINE('',#4700,#1040);
#694=LINE('',#4703,#1041);
#695=LINE('',#4704,#1042);
#696=LINE('',#4706,#1043);
#697=LINE('',#4713,#1044);
#698=LINE('',#4716,#1045);
#699=LINE('',#4719,#1046);
#700=LINE('',#4725,#1047);
#701=LINE('',#4728,#1048);
#702=LINE('',#4731,#1049);
#703=LINE('',#4733,#1050);
#704=LINE('',#4735,#1051);
#705=LINE('',#4737,#1052);
#706=LINE('',#4739,#1053);
#707=LINE('',#4741,#1054);
#708=LINE('',#4745,#1055);
#709=LINE('',#4748,#1056);
#710=LINE('',#4752,#1057);
#711=LINE('',#4754,#1058);
#712=LINE('',#4758,#1059);
#713=LINE('',#4762,#1060);
#714=LINE('',#4764,#1061);
#715=LINE('',#4765,#1062);
#716=LINE('',#4768,#1063);
#717=LINE('',#4770,#1064);
#718=LINE('',#4772,#1065);
#719=LINE('',#4774,#1066);
#720=LINE('',#4776,#1067);
#721=LINE('',#4778,#1068);
#722=LINE('',#4780,#1069);
#723=LINE('',#4782,#1070);
#724=LINE('',#4784,#1071);
#725=LINE('',#4786,#1072);
#726=LINE('',#4788,#1073);
#727=LINE('',#4790,#1074);
#728=LINE('',#4792,#1075);
#729=LINE('',#4794,#1076);
#730=LINE('',#4796,#1077);
#731=LINE('',#4797,#1078);
#732=LINE('',#4802,#1079);
#733=LINE('',#4806,#1080);
#734=LINE('',#4808,#1081);
#735=LINE('',#4810,#1082);
#736=LINE('',#4811,#1083);
#737=LINE('',#4816,#1084);
#738=LINE('',#4820,#1085);
#739=LINE('',#4822,#1086);
#740=LINE('',#4824,#1087);
#741=LINE('',#4825,#1088);
#742=LINE('',#4831,#1089);
#743=LINE('',#4834,#1090);
#744=LINE('',#4836,#1091);
#745=LINE('',#4838,#1092);
#746=LINE('',#4842,#1093);
#747=LINE('',#4846,#1094);
#748=LINE('',#4848,#1095);
#749=LINE('',#4851,#1096);
#750=LINE('',#4855,#1097);
#751=LINE('',#4859,#1098);
#752=LINE('',#4861,#1099);
#753=LINE('',#4863,#1100);
#754=LINE('',#4865,#1101);
#755=LINE('',#4866,#1102);
#756=LINE('',#4871,#1103);
#757=LINE('',#4872,#1104);
#758=LINE('',#4875,#1105);
#759=LINE('',#4876,#1106);
#760=LINE('',#4879,#1107);
#761=LINE('',#4882,#1108);
#762=LINE('',#4885,#1109);
#763=LINE('',#4886,#1110);
#764=LINE('',#4889,#1111);
#765=LINE('',#4895,#1112);
#766=LINE('',#4897,#1113);
#767=LINE('',#4899,#1114);
#768=LINE('',#4901,#1115);
#769=LINE('',#4902,#1116);
#770=LINE('',#4905,#1117);
#771=LINE('',#4906,#1118);
#772=LINE('',#4907,#1119);
#773=LINE('',#4910,#1120);
#774=LINE('',#4911,#1121);
#775=LINE('',#4914,#1122);
#776=LINE('',#4916,#1123);
#777=LINE('',#4917,#1124);
#778=LINE('',#4919,#1125);
#779=LINE('',#4920,#1126);
#780=LINE('',#4922,#1127);
#781=LINE('',#4923,#1128);
#782=LINE('',#4926,#1129);
#783=LINE('',#4932,#1130);
#784=LINE('',#4933,#1131);
#785=LINE('',#4936,#1132);
#786=LINE('',#4938,#1133);
#787=LINE('',#4939,#1134);
#788=LINE('',#4940,#1135);
#789=LINE('',#4943,#1136);
#790=LINE('',#4948,#1137);
#791=LINE('',#4951,#1138);
#792=LINE('',#4952,#1139);
#793=LINE('',#4954,#1140);
#794=LINE('',#4956,#1141);
#795=LINE('',#4958,#1142);
#796=LINE('',#4960,#1143);
#797=LINE('',#4962,#1144);
#798=LINE('',#4963,#1145);
#799=LINE('',#4966,#1146);
#800=LINE('',#4968,#1147);
#801=LINE('',#4970,#1148);
#802=LINE('',#4972,#1149);
#803=LINE('',#4973,#1150);
#804=LINE('',#4975,#1151);
#805=LINE('',#4976,#1152);
#806=LINE('',#4978,#1153);
#807=LINE('',#4983,#1154);
#808=LINE('',#4984,#1155);
#809=LINE('',#4987,#1156);
#810=LINE('',#4988,#1157);
#811=LINE('',#4991,#1158);
#812=LINE('',#4993,#1159);
#813=LINE('',#4995,#1160);
#814=LINE('',#4996,#1161);
#815=LINE('',#4999,#1162);
#816=LINE('',#5002,#1163);
#817=LINE('',#5005,#1164);
#818=LINE('',#5006,#1165);
#819=LINE('',#5008,#1166);
#820=LINE('',#5012,#1167);
#821=LINE('',#5014,#1168);
#822=LINE('',#5016,#1169);
#823=LINE('',#5017,#1170);
#824=LINE('',#5019,#1171);
#825=LINE('',#5020,#1172);
#826=LINE('',#5022,#1173);
#827=LINE('',#5029,#1174);
#828=LINE('',#5030,#1175);
#829=LINE('',#5032,#1176);
#830=LINE('',#5034,#1177);
#831=LINE('',#5036,#1178);
#832=LINE('',#5038,#1179);
#833=LINE('',#5041,#1180);
#834=LINE('',#5052,#1181);
#835=LINE('',#5058,#1182);
#836=LINE('',#5063,#1183);
#837=LINE('',#5065,#1184);
#838=LINE('',#5067,#1185);
#839=LINE('',#5068,#1186);
#840=LINE('',#5071,#1187);
#841=LINE('',#5073,#1188);
#842=LINE('',#5074,#1189);
#843=LINE('',#5077,#1190);
#844=LINE('',#5079,#1191);
#845=LINE('',#5080,#1192);
#846=LINE('',#5083,#1193);
#847=LINE('',#5085,#1194);
#848=LINE('',#5086,#1195);
#849=LINE('',#5089,#1196);
#850=LINE('',#5091,#1197);
#851=LINE('',#5092,#1198);
#852=LINE('',#5094,#1199);
#853=LINE('',#5095,#1200);
#854=LINE('',#5102,#1201);
#855=LINE('',#5104,#1202);
#856=LINE('',#5106,#1203);
#857=LINE('',#5107,#1204);
#858=LINE('',#5110,#1205);
#859=LINE('',#5112,#1206);
#860=LINE('',#5113,#1207);
#861=LINE('',#5116,#1208);
#862=LINE('',#5118,#1209);
#863=LINE('',#5119,#1210);
#864=LINE('',#5122,#1211);
#865=LINE('',#5124,#1212);
#866=LINE('',#5125,#1213);
#867=LINE('',#5128,#1214);
#868=LINE('',#5130,#1215);
#869=LINE('',#5131,#1216);
#870=LINE('',#5133,#1217);
#871=LINE('',#5134,#1218);
#872=LINE('',#5140,#1219);
#873=LINE('',#5144,#1220);
#874=LINE('',#5149,#1221);
#875=LINE('',#5151,#1222);
#876=LINE('',#5153,#1223);
#877=LINE('',#5154,#1224);
#878=LINE('',#5157,#1225);
#879=LINE('',#5159,#1226);
#880=LINE('',#5163,#1227);
#881=LINE('',#5164,#1228);
#882=LINE('',#5167,#1229);
#883=LINE('',#5168,#1230);
#884=LINE('',#5172,#1231);
#885=LINE('',#5175,#1232);
#886=LINE('',#5176,#1233);
#887=LINE('',#5179,#1234);
#888=LINE('',#5180,#1235);
#889=LINE('',#5182,#1236);
#890=LINE('',#5185,#1237);
#891=LINE('',#5186,#1238);
#892=LINE('',#5188,#1239);
#893=LINE('',#5189,#1240);
#894=LINE('',#5507,#1241);
#895=LINE('',#5509,#1242);
#896=LINE('',#5513,#1243);
#897=LINE('',#5514,#1244);
#898=LINE('',#5516,#1245);
#899=LINE('',#5517,#1246);
#900=LINE('',#5519,#1247);
#901=LINE('',#5520,#1248);
#902=LINE('',#5523,#1249);
#903=LINE('',#5524,#1250);
#904=LINE('',#5528,#1251);
#905=LINE('',#5530,#1252);
#906=LINE('',#5535,#1253);
#907=LINE('',#5537,#1254);
#908=LINE('',#5539,#1255);
#909=LINE('',#5540,#1256);
#910=LINE('',#5546,#1257);
#911=LINE('',#5549,#1258);
#912=LINE('',#5551,#1259);
#913=LINE('',#5552,#1260);
#914=LINE('',#5558,#1261);
#915=LINE('',#5559,#1262);
#916=LINE('',#5561,#1263);
#917=LINE('',#5562,#1264);
#918=LINE('',#5564,#1265);
#919=LINE('',#5565,#1266);
#920=LINE('',#5568,#1267);
#921=LINE('',#5569,#1268);
#922=LINE('',#5572,#1269);
#923=LINE('',#5573,#1270);
#924=LINE('',#5575,#1271);
#925=LINE('',#5576,#1272);
#926=LINE('',#5578,#1273);
#927=VECTOR('',#3490,10.);
#928=VECTOR('',#3493,10.);
#929=VECTOR('',#3496,10.);
#930=VECTOR('',#3497,10.);
#931=VECTOR('',#3498,10.);
#932=VECTOR('',#3501,10.);
#933=VECTOR('',#3504,10.);
#934=VECTOR('',#3507,10.);
#935=VECTOR('',#3526,10.);
#936=VECTOR('',#3527,10.);
#937=VECTOR('',#3528,10.);
#938=VECTOR('',#3529,10.);
#939=VECTOR('',#3534,10.);
#940=VECTOR('',#3535,10.);
#941=VECTOR('',#3538,10.);
#942=VECTOR('',#3539,10.);
#943=VECTOR('',#3544,10.);
#944=VECTOR('',#3549,10.);
#945=VECTOR('',#3554,2.25000000000001);
#946=VECTOR('',#3559,2.25);
#947=VECTOR('',#3564,2.25000000000001);
#948=VECTOR('',#3569,2.25);
#949=VECTOR('',#3574,2.25000000000001);
#950=VECTOR('',#3579,2.25);
#951=VECTOR('',#3584,2.25000000000001);
#952=VECTOR('',#3589,2.25);
#953=VECTOR('',#3592,10.);
#954=VECTOR('',#3593,10.);
#955=VECTOR('',#3594,10.);
#956=VECTOR('',#3597,10.);
#957=VECTOR('',#3598,10.);
#958=VECTOR('',#3601,10.);
#959=VECTOR('',#3602,10.);
#960=VECTOR('',#3605,10.);
#961=VECTOR('',#3608,10.);
#962=VECTOR('',#3609,10.);
#963=VECTOR('',#3610,10.);
#964=VECTOR('',#3611,10.);
#965=VECTOR('',#3614,10.);
#966=VECTOR('',#3615,10.);
#967=VECTOR('',#3616,10.);
#968=VECTOR('',#3619,10.);
#969=VECTOR('',#3620,10.);
#970=VECTOR('',#3623,10.);
#971=VECTOR('',#3624,10.);
#972=VECTOR('',#3627,10.);
#973=VECTOR('',#3630,10.);
#974=VECTOR('',#3633,10.);
#975=VECTOR('',#3640,10.);
#976=VECTOR('',#3641,10.);
#977=VECTOR('',#3642,10.);
#978=VECTOR('',#3643,10.);
#979=VECTOR('',#3646,10.);
#980=VECTOR('',#3647,10.);
#981=VECTOR('',#3648,10.);
#982=VECTOR('',#3651,10.);
#983=VECTOR('',#3652,10.);
#984=VECTOR('',#3653,10.);
#985=VECTOR('',#3656,10.);
#986=VECTOR('',#3657,10.);
#987=VECTOR('',#3660,10.);
#988=VECTOR('',#3661,10.);
#989=VECTOR('',#3662,10.);
#990=VECTOR('',#3663,10.);
#991=VECTOR('',#3666,10.);
#992=VECTOR('',#3667,10.);
#993=VECTOR('',#3668,10.);
#994=VECTOR('',#3671,10.);
#995=VECTOR('',#3672,10.);
#996=VECTOR('',#3675,10.);
#997=VECTOR('',#3676,10.);
#998=VECTOR('',#3679,10.);
#999=VECTOR('',#3690,10.);
#1000=VECTOR('',#3693,10.);
#1001=VECTOR('',#3696,10.);
#1002=VECTOR('',#3697,10.);
#1003=VECTOR('',#3698,10.);
#1004=VECTOR('',#3699,10.);
#1005=VECTOR('',#3700,10.);
#1006=VECTOR('',#3705,10.);
#1007=VECTOR('',#3708,10.);
#1008=VECTOR('',#3711,10.);
#1009=VECTOR('',#3712,10.);
#1010=VECTOR('',#3713,10.);
#1011=VECTOR('',#3714,10.);
#1012=VECTOR('',#3715,10.);
#1013=VECTOR('',#3718,10.);
#1014=VECTOR('',#3719,10.);
#1015=VECTOR('',#3722,10.);
#1016=VECTOR('',#3729,10.);
#1017=VECTOR('',#3730,10.);
#1018=VECTOR('',#3731,10.);
#1019=VECTOR('',#3736,10.);
#1020=VECTOR('',#3739,10.);
#1021=VECTOR('',#3742,10.);
#1022=VECTOR('',#3743,10.);
#1023=VECTOR('',#3746,10.);
#1024=VECTOR('',#3747,10.);
#1025=VECTOR('',#3750,10.);
#1026=VECTOR('',#3759,10.);
#1027=VECTOR('',#3762,10.);
#1028=VECTOR('',#3765,10.);
#1029=VECTOR('',#3766,10.);
#1030=VECTOR('',#3767,10.);
#1031=VECTOR('',#3768,10.);
#1032=VECTOR('',#3771,10.);
#1033=VECTOR('',#3772,10.);
#1034=VECTOR('',#3773,10.);
#1035=VECTOR('',#3776,10.);
#1036=VECTOR('',#3777,10.);
#1037=VECTOR('',#3778,10.);
#1038=VECTOR('',#3779,10.);
#1039=VECTOR('',#3782,10.);
#1040=VECTOR('',#3783,10.);
#1041=VECTOR('',#3786,10.);
#1042=VECTOR('',#3787,10.);
#1043=VECTOR('',#3790,10.);
#1044=VECTOR('',#3799,10.);
#1045=VECTOR('',#3804,10.);
#1046=VECTOR('',#3809,10.);
#1047=VECTOR('',#3814,10.);
#1048=VECTOR('',#3817,10.);
#1049=VECTOR('',#3820,10.);
#1050=VECTOR('',#3821,10.);
#1051=VECTOR('',#3822,10.);
#1052=VECTOR('',#3823,10.);
#1053=VECTOR('',#3824,10.);
#1054=VECTOR('',#3825,10.);
#1055=VECTOR('',#3828,10.);
#1056=VECTOR('',#3831,10.);
#1057=VECTOR('',#3834,10.);
#1058=VECTOR('',#3835,10.);
#1059=VECTOR('',#3838,10.);
#1060=VECTOR('',#3841,10.);
#1061=VECTOR('',#3842,10.);
#1062=VECTOR('',#3843,10.);
#1063=VECTOR('',#3846,10.);
#1064=VECTOR('',#3847,10.);
#1065=VECTOR('',#3848,10.);
#1066=VECTOR('',#3849,10.);
#1067=VECTOR('',#3850,10.);
#1068=VECTOR('',#3851,10.);
#1069=VECTOR('',#3852,10.);
#1070=VECTOR('',#3853,10.);
#1071=VECTOR('',#3854,10.);
#1072=VECTOR('',#3855,10.);
#1073=VECTOR('',#3856,10.);
#1074=VECTOR('',#3857,10.);
#1075=VECTOR('',#3858,10.);
#1076=VECTOR('',#3859,10.);
#1077=VECTOR('',#3860,10.);
#1078=VECTOR('',#3861,10.);
#1079=VECTOR('',#3866,10.);
#1080=VECTOR('',#3871,10.);
#1081=VECTOR('',#3872,10.);
#1082=VECTOR('',#3873,10.);
#1083=VECTOR('',#3874,10.);
#1084=VECTOR('',#3879,10.);
#1085=VECTOR('',#3884,10.);
#1086=VECTOR('',#3885,10.);
#1087=VECTOR('',#3886,10.);
#1088=VECTOR('',#3887,10.);
#1089=VECTOR('',#3894,10.);
#1090=VECTOR('',#3897,10.);
#1091=VECTOR('',#3898,10.);
#1092=VECTOR('',#3899,10.);
#1093=VECTOR('',#3902,10.);
#1094=VECTOR('',#3905,10.);
#1095=VECTOR('',#3906,10.);
#1096=VECTOR('',#3909,10.);
#1097=VECTOR('',#3912,10.);
#1098=VECTOR('',#3915,10.);
#1099=VECTOR('',#3916,10.);
#1100=VECTOR('',#3917,10.);
#1101=VECTOR('',#3918,10.);
#1102=VECTOR('',#3919,10.);
#1103=VECTOR('',#3924,10.);
#1104=VECTOR('',#3925,10.);
#1105=VECTOR('',#3928,10.);
#1106=VECTOR('',#3929,10.);
#1107=VECTOR('',#3932,10.);
#1108=VECTOR('',#3935,10.);
#1109=VECTOR('',#3938,10.);
#1110=VECTOR('',#3939,10.);
#1111=VECTOR('',#3942,10.);
#1112=VECTOR('',#3949,10.);
#1113=VECTOR('',#3950,10.);
#1114=VECTOR('',#3951,10.);
#1115=VECTOR('',#3952,10.);
#1116=VECTOR('',#3953,10.);
#1117=VECTOR('',#3956,10.);
#1118=VECTOR('',#3957,10.);
#1119=VECTOR('',#3958,10.);
#1120=VECTOR('',#3961,10.);
#1121=VECTOR('',#3962,10.);
#1122=VECTOR('',#3963,10.);
#1123=VECTOR('',#3964,10.);
#1124=VECTOR('',#3965,10.);
#1125=VECTOR('',#3966,10.);
#1126=VECTOR('',#3967,10.);
#1127=VECTOR('',#3968,10.);
#1128=VECTOR('',#3969,10.);
#1129=VECTOR('',#3972,10.);
#1130=VECTOR('',#3979,10.);
#1131=VECTOR('',#3980,10.);
#1132=VECTOR('',#3983,10.);
#1133=VECTOR('',#3984,10.);
#1134=VECTOR('',#3985,10.);
#1135=VECTOR('',#3986,10.);
#1136=VECTOR('',#3989,10.);
#1137=VECTOR('',#3996,10.);
#1138=VECTOR('',#3999,10.);
#1139=VECTOR('',#4000,10.);
#1140=VECTOR('',#4003,10.);
#1141=VECTOR('',#4006,10.);
#1142=VECTOR('',#4009,10.);
#1143=VECTOR('',#4012,10.);
#1144=VECTOR('',#4013,10.);
#1145=VECTOR('',#4014,10.);
#1146=VECTOR('',#4017,10.);
#1147=VECTOR('',#4018,10.);
#1148=VECTOR('',#4019,10.);
#1149=VECTOR('',#4020,10.);
#1150=VECTOR('',#4021,10.);
#1151=VECTOR('',#4024,10.);
#1152=VECTOR('',#4025,10.);
#1153=VECTOR('',#4028,10.);
#1154=VECTOR('',#4033,10.);
#1155=VECTOR('',#4034,10.);
#1156=VECTOR('',#4037,10.);
#1157=VECTOR('',#4038,10.);
#1158=VECTOR('',#4041,10.);
#1159=VECTOR('',#4042,10.);
#1160=VECTOR('',#4045,10.);
#1161=VECTOR('',#4046,10.);
#1162=VECTOR('',#4049,10.);
#1163=VECTOR('',#4052,10.);
#1164=VECTOR('',#4055,10.);
#1165=VECTOR('',#4056,10.);
#1166=VECTOR('',#4059,10.);
#1167=VECTOR('',#4064,10.);
#1168=VECTOR('',#4067,10.);
#1169=VECTOR('',#4070,10.);
#1170=VECTOR('',#4071,10.);
#1171=VECTOR('',#4072,10.);
#1172=VECTOR('',#4073,10.);
#1173=VECTOR('',#4076,10.);
#1174=VECTOR('',#4089,10.);
#1175=VECTOR('',#4090,10.);
#1176=VECTOR('',#4093,10.);
#1177=VECTOR('',#4096,10.);
#1178=VECTOR('',#4099,10.);
#1179=VECTOR('',#4102,10.);
#1180=VECTOR('',#4107,10.);
#1181=VECTOR('',#4122,250.);
#1182=VECTOR('',#4127,10.);
#1183=VECTOR('',#4132,10.);
#1184=VECTOR('',#4133,10.);
#1185=VECTOR('',#4134,10.);
#1186=VECTOR('',#4135,10.);
#1187=VECTOR('',#4138,10.);
#1188=VECTOR('',#4139,10.);
#1189=VECTOR('',#4140,10.);
#1190=VECTOR('',#4143,10.);
#1191=VECTOR('',#4144,10.);
#1192=VECTOR('',#4145,10.);
#1193=VECTOR('',#4148,10.);
#1194=VECTOR('',#4149,10.);
#1195=VECTOR('',#4150,10.);
#1196=VECTOR('',#4153,10.);
#1197=VECTOR('',#4154,10.);
#1198=VECTOR('',#4155,10.);
#1199=VECTOR('',#4158,10.);
#1200=VECTOR('',#4159,10.);
#1201=VECTOR('',#4166,10.);
#1202=VECTOR('',#4167,10.);
#1203=VECTOR('',#4168,10.);
#1204=VECTOR('',#4169,10.);
#1205=VECTOR('',#4172,10.);
#1206=VECTOR('',#4173,10.);
#1207=VECTOR('',#4174,10.);
#1208=VECTOR('',#4177,10.);
#1209=VECTOR('',#4178,10.);
#1210=VECTOR('',#4179,10.);
#1211=VECTOR('',#4182,10.);
#1212=VECTOR('',#4183,10.);
#1213=VECTOR('',#4184,10.);
#1214=VECTOR('',#4187,10.);
#1215=VECTOR('',#4188,10.);
#1216=VECTOR('',#4189,10.);
#1217=VECTOR('',#4192,10.);
#1218=VECTOR('',#4193,10.);
#1219=VECTOR('',#4200,2.25);
#1220=VECTOR('',#4205,2.25);
#1221=VECTOR('',#4210,10.);
#1222=VECTOR('',#4211,10.);
#1223=VECTOR('',#4212,10.);
#1224=VECTOR('',#4213,10.);
#1225=VECTOR('',#4216,10.);
#1226=VECTOR('',#4217,10.);
#1227=VECTOR('',#4220,10.);
#1228=VECTOR('',#4221,10.);
#1229=VECTOR('',#4224,10.);
#1230=VECTOR('',#4225,10.);
#1231=VECTOR('',#4230,10.);
#1232=VECTOR('',#4233,10.);
#1233=VECTOR('',#4234,10.);
#1234=VECTOR('',#4237,10.);
#1235=VECTOR('',#4238,10.);
#1236=VECTOR('',#4241,10.);
#1237=VECTOR('',#4244,10.);
#1238=VECTOR('',#4245,10.);
#1239=VECTOR('',#4246,10.);
#1240=VECTOR('',#4247,10.);
#1241=VECTOR('',#4250,10.);
#1242=VECTOR('',#4251,10.);
#1243=VECTOR('',#4254,10.);
#1244=VECTOR('',#4255,10.);
#1245=VECTOR('',#4258,10.);
#1246=VECTOR('',#4259,10.);
#1247=VECTOR('',#4262,10.);
#1248=VECTOR('',#4263,10.);
#1249=VECTOR('',#4266,10.);
#1250=VECTOR('',#4267,10.);
#1251=VECTOR('',#4272,10.);
#1252=VECTOR('',#4275,10.);
#1253=VECTOR('',#4280,10.);
#1254=VECTOR('',#4281,10.);
#1255=VECTOR('',#4282,10.);
#1256=VECTOR('',#4283,10.);
#1257=VECTOR('',#4290,10.);
#1258=VECTOR('',#4293,10.);
#1259=VECTOR('',#4294,10.);
#1260=VECTOR('',#4295,10.);
#1261=VECTOR('',#4300,10.);
#1262=VECTOR('',#4301,10.);
#1263=VECTOR('',#4302,10.);
#1264=VECTOR('',#4303,10.);
#1265=VECTOR('',#4306,10.);
#1266=VECTOR('',#4307,10.);
#1267=VECTOR('',#4310,10.);
#1268=VECTOR('',#4311,10.);
#1269=VECTOR('',#4314,10.);
#1270=VECTOR('',#4315,10.);
#1271=VECTOR('',#4318,10.);
#1272=VECTOR('',#4319,10.);
#1273=VECTOR('',#4322,10.);
#1274=CIRCLE('',#3228,5.);
#1275=CIRCLE('',#3229,5.);
#1276=CIRCLE('',#3232,5.);
#1277=CIRCLE('',#3233,5.);
#1278=CIRCLE('',#3234,5.);
#1279=CIRCLE('',#3235,2.25000000000001);
#1280=CIRCLE('',#3236,2.25);
#1281=CIRCLE('',#3237,2.25000000000001);
#1282=CIRCLE('',#3238,2.25);
#1283=CIRCLE('',#3239,2.25000000000001);
#1284=CIRCLE('',#3240,2.25);
#1285=CIRCLE('',#3241,2.25000000000001);
#1286=CIRCLE('',#3242,2.25);
#1287=CIRCLE('',#3244,5.);
#1288=CIRCLE('',#3247,5.);
#1289=CIRCLE('',#3249,5.);
#1290=CIRCLE('',#3251,2.25000000000001);
#1291=CIRCLE('',#3253,2.25);
#1292=CIRCLE('',#3255,2.25000000000001);
#1293=CIRCLE('',#3257,2.25);
#1294=CIRCLE('',#3259,2.25000000000001);
#1295=CIRCLE('',#3261,2.25);
#1296=CIRCLE('',#3263,2.25000000000001);
#1297=CIRCLE('',#3265,2.25);
#1298=CIRCLE('',#3292,1.5);
#1299=CIRCLE('',#3293,1.5);
#1300=CIRCLE('',#3296,1.5);
#1301=CIRCLE('',#3297,1.5);
#1302=CIRCLE('',#3300,100.);
#1303=CIRCLE('',#3301,100.);
#1304=CIRCLE('',#3306,3.2);
#1305=CIRCLE('',#3310,2.5);
#1306=CIRCLE('',#3312,7.200000000004);
#1307=CIRCLE('',#3314,7.200000000004);
#1308=CIRCLE('',#3322,5.);
#1309=CIRCLE('',#3323,5.);
#1310=CIRCLE('',#3324,5.);
#1311=CIRCLE('',#3325,5.);
#1312=CIRCLE('',#3330,100.);
#1313=CIRCLE('',#3331,100.);
#1314=CIRCLE('',#3333,3.);
#1315=CIRCLE('',#3334,100.);
#1316=CIRCLE('',#3335,5.);
#1317=CIRCLE('',#3336,2.);
#1318=CIRCLE('',#3337,5.);
#1319=CIRCLE('',#3348,100.);
#1320=CIRCLE('',#3349,100.);
#1321=CIRCLE('',#3351,5.);
#1322=CIRCLE('',#3352,2.);
#1323=CIRCLE('',#3353,5.);
#1324=CIRCLE('',#3354,100.);
#1325=CIRCLE('',#3355,3.);
#1326=CIRCLE('',#3357,3.);
#1327=CIRCLE('',#3360,3.);
#1328=CIRCLE('',#3364,100.);
#1329=CIRCLE('',#3369,100.);
#1330=CIRCLE('',#3374,5.);
#1331=CIRCLE('',#3376,5.);
#1332=CIRCLE('',#3386,5.);
#1333=CIRCLE('',#3389,2.);
#1334=CIRCLE('',#3391,5.);
#1335=CIRCLE('',#3395,2.);
#1336=CIRCLE('',#3419,250.);
#1337=CIRCLE('',#3420,250.);
#1338=CIRCLE('',#3428,2.25);
#1339=CIRCLE('',#3436,2.25);
#1340=CIRCLE('',#3438,2.25);
#1341=CIRCLE('',#3440,2.25);
#1342=CIRCLE('',#3443,5.);
#1343=CIRCLE('',#3446,5.);
#1344=CIRCLE('',#3451,10.0000000000098);
#1345=CIRCLE('',#3452,9.);
#1346=CIRCLE('',#3457,10.0000000000098);
#1347=CIRCLE('',#3462,5.25);
#1348=CIRCLE('',#3463,5.25);
#1349=CIRCLE('',#3466,9.);
#1350=VERTEX_POINT('',#4346);
#1351=VERTEX_POINT('',#4347);
#1352=VERTEX_POINT('',#4349);
#1353=VERTEX_POINT('',#4351);
#1354=VERTEX_POINT('',#4355);
#1355=VERTEX_POINT('',#4357);
#1356=VERTEX_POINT('',#4361);
#1357=VERTEX_POINT('',#4363);
#1358=VERTEX_POINT('',#4365);
#1359=VERTEX_POINT('',#4367);
#1360=VERTEX_POINT('',#4369);
#1361=VERTEX_POINT('',#4372);
#1362=VERTEX_POINT('',#4374);
#1363=VERTEX_POINT('',#4376);
#1364=VERTEX_POINT('',#4378);
#1365=VERTEX_POINT('',#4380);
#1366=VERTEX_POINT('',#4382);
#1367=VERTEX_POINT('',#4384);
#1368=VERTEX_POINT('',#4386);
#1369=VERTEX_POINT('',#4388);
#1370=VERTEX_POINT('',#4389);
#1371=VERTEX_POINT('',#4391);
#1372=VERTEX_POINT('',#4393);
#1373=VERTEX_POINT('',#4397);
#1374=VERTEX_POINT('',#4398);
#1375=VERTEX_POINT('',#4403);
#1376=VERTEX_POINT('',#4407);
#1377=VERTEX_POINT('',#4411);
#1378=VERTEX_POINT('',#4415);
#1379=VERTEX_POINT('',#4419);
#1380=VERTEX_POINT('',#4423);
#1381=VERTEX_POINT('',#4427);
#1382=VERTEX_POINT('',#4431);
#1383=VERTEX_POINT('',#4435);
#1384=VERTEX_POINT('',#4439);
#1385=VERTEX_POINT('',#4443);
#1386=VERTEX_POINT('',#4447);
#1387=VERTEX_POINT('',#4449);
#1388=VERTEX_POINT('',#4453);
#1389=VERTEX_POINT('',#4457);
#1390=VERTEX_POINT('',#4463);
#1391=VERTEX_POINT('',#4464);
#1392=VERTEX_POINT('',#4466);
#1393=VERTEX_POINT('',#4468);
#1394=VERTEX_POINT('',#4472);
#1395=VERTEX_POINT('',#4474);
#1396=VERTEX_POINT('',#4478);
#1397=VERTEX_POINT('',#4482);
#1398=VERTEX_POINT('',#4494);
#1399=VERTEX_POINT('',#4495);
#1400=VERTEX_POINT('',#4497);
#1401=VERTEX_POINT('',#4499);
#1402=VERTEX_POINT('',#4503);
#1403=VERTEX_POINT('',#4505);
#1404=VERTEX_POINT('',#4509);
#1405=VERTEX_POINT('',#4511);
#1406=VERTEX_POINT('',#4518);
#1407=VERTEX_POINT('',#4519);
#1408=VERTEX_POINT('',#4521);
#1409=VERTEX_POINT('',#4523);
#1410=VERTEX_POINT('',#4527);
#1411=VERTEX_POINT('',#4528);
#1412=VERTEX_POINT('',#4533);
#1413=VERTEX_POINT('',#4537);
#1414=VERTEX_POINT('',#4546);
#1415=VERTEX_POINT('',#4547);
#1416=VERTEX_POINT('',#4549);
#1417=VERTEX_POINT('',#4551);
#1418=VERTEX_POINT('',#4555);
#1419=VERTEX_POINT('',#4557);
#1420=VERTEX_POINT('',#4559);
#1421=VERTEX_POINT('',#4561);
#1422=VERTEX_POINT('',#4565);
#1423=VERTEX_POINT('',#4566);
#1424=VERTEX_POINT('',#4568);
#1425=VERTEX_POINT('',#4570);
#1426=VERTEX_POINT('',#4574);
#1427=VERTEX_POINT('',#4576);
#1428=VERTEX_POINT('',#4578);
#1429=VERTEX_POINT('',#4580);
#1430=VERTEX_POINT('',#4584);
#1431=VERTEX_POINT('',#4585);
#1432=VERTEX_POINT('',#4605);
#1433=VERTEX_POINT('',#4607);
#1434=VERTEX_POINT('',#4614);
#1435=VERTEX_POINT('',#4616);
#1436=VERTEX_POINT('',#4623);
#1437=VERTEX_POINT('',#4625);
#1438=VERTEX_POINT('',#4636);
#1439=VERTEX_POINT('',#4640);
#1440=VERTEX_POINT('',#4642);
#1441=VERTEX_POINT('',#4644);
#1442=VERTEX_POINT('',#4646);
#1443=VERTEX_POINT('',#4650);
#1444=VERTEX_POINT('',#4652);
#1445=VERTEX_POINT('',#4656);
#1446=VERTEX_POINT('',#4660);
#1447=VERTEX_POINT('',#4664);
#1448=VERTEX_POINT('',#4670);
#1449=VERTEX_POINT('',#4672);
#1450=VERTEX_POINT('',#4677);
#1451=VERTEX_POINT('',#4679);
#1452=VERTEX_POINT('',#4683);
#1453=VERTEX_POINT('',#4685);
#1454=VERTEX_POINT('',#4689);
#1455=VERTEX_POINT('',#4690);
#1456=VERTEX_POINT('',#4692);
#1457=VERTEX_POINT('',#4694);
#1458=VERTEX_POINT('',#4698);
#1459=VERTEX_POINT('',#4702);
#1460=VERTEX_POINT('',#4710);
#1461=VERTEX_POINT('',#4712);
#1462=VERTEX_POINT('',#4721);
#1463=VERTEX_POINT('',#4722);
#1464=VERTEX_POINT('',#4724);
#1465=VERTEX_POINT('',#4726);
#1466=VERTEX_POINT('',#4730);
#1467=VERTEX_POINT('',#4732);
#1468=VERTEX_POINT('',#4734);
#1469=VERTEX_POINT('',#4736);
#1470=VERTEX_POINT('',#4738);
#1471=VERTEX_POINT('',#4740);
#1472=VERTEX_POINT('',#4742);
#1473=VERTEX_POINT('',#4744);
#1474=VERTEX_POINT('',#4746);
#1475=VERTEX_POINT('',#4749);
#1476=VERTEX_POINT('',#4751);
#1477=VERTEX_POINT('',#4753);
#1478=VERTEX_POINT('',#4755);
#1479=VERTEX_POINT('',#4757);
#1480=VERTEX_POINT('',#4759);
#1481=VERTEX_POINT('',#4761);
#1482=VERTEX_POINT('',#4763);
#1483=VERTEX_POINT('',#4767);
#1484=VERTEX_POINT('',#4769);
#1485=VERTEX_POINT('',#4771);
#1486=VERTEX_POINT('',#4773);
#1487=VERTEX_POINT('',#4775);
#1488=VERTEX_POINT('',#4777);
#1489=VERTEX_POINT('',#4779);
#1490=VERTEX_POINT('',#4781);
#1491=VERTEX_POINT('',#4783);
#1492=VERTEX_POINT('',#4785);
#1493=VERTEX_POINT('',#4787);
#1494=VERTEX_POINT('',#4789);
#1495=VERTEX_POINT('',#4791);
#1496=VERTEX_POINT('',#4793);
#1497=VERTEX_POINT('',#4795);
#1498=VERTEX_POINT('',#4799);
#1499=VERTEX_POINT('',#4801);
#1500=VERTEX_POINT('',#4805);
#1501=VERTEX_POINT('',#4807);
#1502=VERTEX_POINT('',#4809);
#1503=VERTEX_POINT('',#4813);
#1504=VERTEX_POINT('',#4815);
#1505=VERTEX_POINT('',#4819);
#1506=VERTEX_POINT('',#4821);
#1507=VERTEX_POINT('',#4823);
#1508=VERTEX_POINT('',#4827);
#1509=VERTEX_POINT('',#4829);
#1510=VERTEX_POINT('',#4833);
#1511=VERTEX_POINT('',#4835);
#1512=VERTEX_POINT('',#4837);
#1513=VERTEX_POINT('',#4839);
#1514=VERTEX_POINT('',#4841);
#1515=VERTEX_POINT('',#4843);
#1516=VERTEX_POINT('',#4845);
#1517=VERTEX_POINT('',#4847);
#1518=VERTEX_POINT('',#4850);
#1519=VERTEX_POINT('',#4852);
#1520=VERTEX_POINT('',#4854);
#1521=VERTEX_POINT('',#4856);
#1522=VERTEX_POINT('',#4858);
#1523=VERTEX_POINT('',#4860);
#1524=VERTEX_POINT('',#4862);
#1525=VERTEX_POINT('',#4864);
#1526=VERTEX_POINT('',#4868);
#1527=VERTEX_POINT('',#4869);
#1528=VERTEX_POINT('',#4874);
#1529=VERTEX_POINT('',#4878);
#1530=VERTEX_POINT('',#4880);
#1531=VERTEX_POINT('',#4884);
#1532=VERTEX_POINT('',#4888);
#1533=VERTEX_POINT('',#4890);
#1534=VERTEX_POINT('',#4894);
#1535=VERTEX_POINT('',#4896);
#1536=VERTEX_POINT('',#4898);
#1537=VERTEX_POINT('',#4900);
#1538=VERTEX_POINT('',#4904);
#1539=VERTEX_POINT('',#4909);
#1540=VERTEX_POINT('',#4912);
#1541=VERTEX_POINT('',#4913);
#1542=VERTEX_POINT('',#4915);
#1543=VERTEX_POINT('',#4918);
#1544=VERTEX_POINT('',#4921);
#1545=VERTEX_POINT('',#4925);
#1546=VERTEX_POINT('',#4927);
#1547=VERTEX_POINT('',#4931);
#1548=VERTEX_POINT('',#4935);
#1549=VERTEX_POINT('',#4937);
#1550=VERTEX_POINT('',#4942);
#1551=VERTEX_POINT('',#4946);
#1552=VERTEX_POINT('',#4950);
#1553=VERTEX_POINT('',#4961);
#1554=VERTEX_POINT('',#4965);
#1555=VERTEX_POINT('',#4967);
#1556=VERTEX_POINT('',#4969);
#1557=VERTEX_POINT('',#4971);
#1558=VERTEX_POINT('',#4980);
#1559=VERTEX_POINT('',#4981);
#1560=VERTEX_POINT('',#4986);
#1561=VERTEX_POINT('',#4990);
#1562=VERTEX_POINT('',#4992);
#1563=VERTEX_POINT('',#4998);
#1564=VERTEX_POINT('',#5000);
#1565=VERTEX_POINT('',#5004);
#1566=VERTEX_POINT('',#5010);
#1567=VERTEX_POINT('',#5018);
#1568=VERTEX_POINT('',#5048);
#1569=VERTEX_POINT('',#5049);
#1570=VERTEX_POINT('',#5051);
#1571=VERTEX_POINT('',#5053);
#1572=VERTEX_POINT('',#5055);
#1573=VERTEX_POINT('',#5057);
#1574=VERTEX_POINT('',#5061);
#1575=VERTEX_POINT('',#5062);
#1576=VERTEX_POINT('',#5064);
#1577=VERTEX_POINT('',#5066);
#1578=VERTEX_POINT('',#5070);
#1579=VERTEX_POINT('',#5072);
#1580=VERTEX_POINT('',#5076);
#1581=VERTEX_POINT('',#5078);
#1582=VERTEX_POINT('',#5082);
#1583=VERTEX_POINT('',#5084);
#1584=VERTEX_POINT('',#5088);
#1585=VERTEX_POINT('',#5090);
#1586=VERTEX_POINT('',#5097);
#1587=VERTEX_POINT('',#5100);
#1588=VERTEX_POINT('',#5101);
#1589=VERTEX_POINT('',#5103);
#1590=VERTEX_POINT('',#5105);
#1591=VERTEX_POINT('',#5109);
#1592=VERTEX_POINT('',#5111);
#1593=VERTEX_POINT('',#5115);
#1594=VERTEX_POINT('',#5117);
#1595=VERTEX_POINT('',#5121);
#1596=VERTEX_POINT('',#5123);
#1597=VERTEX_POINT('',#5127);
#1598=VERTEX_POINT('',#5129);
#1599=VERTEX_POINT('',#5136);
#1600=VERTEX_POINT('',#5139);
#1601=VERTEX_POINT('',#5143);
#1602=VERTEX_POINT('',#5147);
#1603=VERTEX_POINT('',#5148);
#1604=VERTEX_POINT('',#5150);
#1605=VERTEX_POINT('',#5152);
#1606=VERTEX_POINT('',#5156);
#1607=VERTEX_POINT('',#5158);
#1608=VERTEX_POINT('',#5160);
#1609=VERTEX_POINT('',#5162);
#1610=VERTEX_POINT('',#5166);
#1611=VERTEX_POINT('',#5170);
#1612=VERTEX_POINT('',#5174);
#1613=VERTEX_POINT('',#5178);
#1614=VERTEX_POINT('',#5184);
#1615=VERTEX_POINT('',#5187);
#1616=VERTEX_POINT('',#5388);
#1617=VERTEX_POINT('',#5389);
#1618=VERTEX_POINT('',#5404);
#1619=VERTEX_POINT('',#5406);
#1620=VERTEX_POINT('',#5421);
#1621=VERTEX_POINT('',#5430);
#1622=VERTEX_POINT('',#5496);
#1623=VERTEX_POINT('',#5501);
#1624=VERTEX_POINT('',#5506);
#1625=VERTEX_POINT('',#5508);
#1626=VERTEX_POINT('',#5510);
#1627=VERTEX_POINT('',#5512);
#1628=VERTEX_POINT('',#5522);
#1629=VERTEX_POINT('',#5526);
#1630=VERTEX_POINT('',#5533);
#1631=VERTEX_POINT('',#5534);
#1632=VERTEX_POINT('',#5536);
#1633=VERTEX_POINT('',#5538);
#1634=VERTEX_POINT('',#5542);
#1635=VERTEX_POINT('',#5544);
#1636=VERTEX_POINT('',#5548);
#1637=VERTEX_POINT('',#5550);
#1638=VERTEX_POINT('',#5554);
#1639=VERTEX_POINT('',#5555);
#1640=VERTEX_POINT('',#5557);
#1641=VERTEX_POINT('',#5560);
#1642=VERTEX_POINT('',#5567);
#1643=VERTEX_POINT('',#5571);
#1644=EDGE_CURVE('',#1350,#1351,#1274,.T.);
#1645=EDGE_CURVE('',#1351,#1352,#580,.T.);
#1646=EDGE_CURVE('',#1352,#1353,#1275,.T.);
#1647=EDGE_CURVE('',#1353,#1350,#581,.T.);
#1648=EDGE_CURVE('',#1353,#1354,#582,.T.);
#1649=EDGE_CURVE('',#1355,#1354,#583,.T.);
#1650=EDGE_CURVE('',#1350,#1355,#584,.T.);
#1651=EDGE_CURVE('',#1356,#1352,#585,.T.);
#1652=EDGE_CURVE('',#1357,#1356,#1276,.T.);
#1653=EDGE_CURVE('',#1358,#1357,#586,.T.);
#1654=EDGE_CURVE('',#1359,#1358,#1277,.T.);
#1655=EDGE_CURVE('',#1360,#1359,#587,.T.);
#1656=EDGE_CURVE('',#1354,#1360,#1278,.T.);
#1657=EDGE_CURVE('',#1361,#1361,#1279,.T.);
#1658=EDGE_CURVE('',#1362,#1362,#1280,.T.);
#1659=EDGE_CURVE('',#1363,#1363,#1281,.T.);
#1660=EDGE_CURVE('',#1364,#1364,#1282,.T.);
#1661=EDGE_CURVE('',#1365,#1365,#1283,.T.);
#1662=EDGE_CURVE('',#1366,#1366,#1284,.T.);
#1663=EDGE_CURVE('',#1367,#1367,#1285,.T.);
#1664=EDGE_CURVE('',#1368,#1368,#1286,.T.);
#1665=EDGE_CURVE('',#1369,#1370,#588,.T.);
#1666=EDGE_CURVE('',#1371,#1369,#589,.T.);
#1667=EDGE_CURVE('',#1372,#1371,#590,.T.);
#1668=EDGE_CURVE('',#1370,#1372,#591,.T.);
#1669=EDGE_CURVE('',#1373,#1374,#1287,.T.);
#1670=EDGE_CURVE('',#1374,#1357,#592,.T.);
#1671=EDGE_CURVE('',#1356,#1373,#593,.T.);
#1672=EDGE_CURVE('',#1375,#1374,#594,.T.);
#1673=EDGE_CURVE('',#1358,#1375,#595,.T.);
#1674=EDGE_CURVE('',#1375,#1376,#1288,.T.);
#1675=EDGE_CURVE('',#1376,#1359,#596,.T.);
#1676=EDGE_CURVE('',#1377,#1355,#1289,.T.);
#1677=EDGE_CURVE('',#1360,#1377,#597,.T.);
#1678=EDGE_CURVE('',#1378,#1378,#1290,.T.);
#1679=EDGE_CURVE('',#1378,#1361,#598,.T.);
#1680=EDGE_CURVE('',#1379,#1379,#1291,.T.);
#1681=EDGE_CURVE('',#1379,#1362,#599,.T.);
#1682=EDGE_CURVE('',#1380,#1380,#1292,.T.);
#1683=EDGE_CURVE('',#1380,#1363,#600,.T.);
#1684=EDGE_CURVE('',#1381,#1381,#1293,.T.);
#1685=EDGE_CURVE('',#1381,#1364,#601,.T.);
#1686=EDGE_CURVE('',#1382,#1382,#1294,.T.);
#1687=EDGE_CURVE('',#1382,#1365,#602,.T.);
#1688=EDGE_CURVE('',#1383,#1383,#1295,.T.);
#1689=EDGE_CURVE('',#1383,#1366,#603,.T.);
#1690=EDGE_CURVE('',#1384,#1384,#1296,.T.);
#1691=EDGE_CURVE('',#1384,#1367,#604,.T.);
#1692=EDGE_CURVE('',#1385,#1385,#1297,.T.);
#1693=EDGE_CURVE('',#1385,#1368,#605,.T.);
#1694=EDGE_CURVE('',#1369,#1386,#606,.T.);
#1695=EDGE_CURVE('',#1387,#1386,#607,.T.);
#1696=EDGE_CURVE('',#1371,#1387,#608,.T.);
#1697=EDGE_CURVE('',#1388,#1387,#609,.T.);
#1698=EDGE_CURVE('',#1372,#1388,#610,.T.);
#1699=EDGE_CURVE('',#1389,#1388,#611,.T.);
#1700=EDGE_CURVE('',#1370,#1389,#612,.T.);
#1701=EDGE_CURVE('',#1386,#1389,#613,.T.);
#1702=EDGE_CURVE('',#1390,#1391,#614,.T.);
#1703=EDGE_CURVE('',#1392,#1390,#615,.T.);
#1704=EDGE_CURVE('',#1393,#1392,#616,.T.);
#1705=EDGE_CURVE('',#1391,#1393,#617,.T.);
#1706=EDGE_CURVE('',#1392,#1394,#618,.T.);
#1707=EDGE_CURVE('',#1395,#1394,#619,.T.);
#1708=EDGE_CURVE('',#1393,#1395,#620,.T.);
#1709=EDGE_CURVE('',#1390,#1396,#621,.T.);
#1710=EDGE_CURVE('',#1394,#1396,#622,.T.);
#1711=EDGE_CURVE('',#1391,#1397,#623,.T.);
#1712=EDGE_CURVE('',#1396,#1397,#624,.T.);
#1713=EDGE_CURVE('',#1397,#1395,#625,.T.);
#1714=EDGE_CURVE('',#1377,#1376,#626,.T.);
#1715=EDGE_CURVE('',#1373,#1351,#627,.T.);
#1716=EDGE_CURVE('',#1398,#1399,#628,.T.);
#1717=EDGE_CURVE('',#1398,#1400,#629,.T.);
#1718=EDGE_CURVE('',#1401,#1400,#630,.T.);
#1719=EDGE_CURVE('',#1399,#1401,#631,.T.);
#1720=EDGE_CURVE('',#1399,#1402,#632,.T.);
#1721=EDGE_CURVE('',#1403,#1401,#633,.T.);
#1722=EDGE_CURVE('',#1402,#1403,#634,.T.);
#1723=EDGE_CURVE('',#1402,#1404,#635,.T.);
#1724=EDGE_CURVE('',#1405,#1403,#636,.T.);
#1725=EDGE_CURVE('',#1404,#1405,#637,.T.);
#1726=EDGE_CURVE('',#1404,#1398,#638,.T.);
#1727=EDGE_CURVE('',#1400,#1405,#639,.T.);
#1728=EDGE_CURVE('',#1406,#1407,#640,.T.);
#1729=EDGE_CURVE('',#1407,#1408,#641,.T.);
#1730=EDGE_CURVE('',#1408,#1409,#642,.T.);
#1731=EDGE_CURVE('',#1409,#1406,#643,.T.);
#1732=EDGE_CURVE('',#1410,#1411,#644,.T.);
#1733=EDGE_CURVE('',#1411,#1407,#645,.T.);
#1734=EDGE_CURVE('',#1410,#1406,#646,.T.);
#1735=EDGE_CURVE('',#1412,#1410,#647,.T.);
#1736=EDGE_CURVE('',#1412,#1409,#648,.T.);
#1737=EDGE_CURVE('',#1413,#1412,#649,.T.);
#1738=EDGE_CURVE('',#1413,#1408,#650,.T.);
#1739=EDGE_CURVE('',#1411,#1413,#651,.T.);
#1740=EDGE_CURVE('',#1414,#1415,#1298,.F.);
#1741=EDGE_CURVE('',#1415,#1416,#652,.T.);
#1742=EDGE_CURVE('',#1416,#1417,#1299,.F.);
#1743=EDGE_CURVE('',#1417,#1414,#653,.T.);
#1744=EDGE_CURVE('',#1416,#1418,#654,.T.);
#1745=EDGE_CURVE('',#1415,#1419,#655,.T.);
#1746=EDGE_CURVE('',#1420,#1419,#656,.T.);
#1747=EDGE_CURVE('',#1421,#1420,#657,.F.);
#1748=EDGE_CURVE('',#1418,#1421,#658,.T.);
#1749=EDGE_CURVE('',#1422,#1423,#1300,.F.);
#1750=EDGE_CURVE('',#1423,#1424,#659,.T.);
#1751=EDGE_CURVE('',#1424,#1425,#1301,.F.);
#1752=EDGE_CURVE('',#1425,#1422,#660,.T.);
#1753=EDGE_CURVE('',#1423,#1426,#661,.T.);
#1754=EDGE_CURVE('',#1427,#1426,#662,.T.);
#1755=EDGE_CURVE('',#1427,#1428,#663,.T.);
#1756=EDGE_CURVE('',#1429,#1428,#664,.T.);
#1757=EDGE_CURVE('',#1429,#1424,#665,.T.);
#1758=EDGE_CURVE('',#1430,#1431,#54,.T.);
#1759=EDGE_CURVE('',#1431,#1432,#666,.T.);
#1760=EDGE_CURVE('',#1432,#1433,#55,.T.);
#1761=EDGE_CURVE('',#1433,#1434,#667,.T.);
#1762=EDGE_CURVE('',#1434,#1435,#56,.T.);
#1763=EDGE_CURVE('',#1435,#1436,#1302,.T.);
#1764=EDGE_CURVE('',#1436,#1437,#57,.T.);
#1765=EDGE_CURVE('',#1437,#1438,#668,.T.);
#1766=EDGE_CURVE('',#1438,#1430,#1303,.T.);
#1767=EDGE_CURVE('',#1431,#1439,#44,.T.);
#1768=EDGE_CURVE('',#1439,#1440,#669,.T.);
#1769=EDGE_CURVE('',#1440,#1441,#670,.T.);
#1770=EDGE_CURVE('',#1441,#1442,#671,.T.);
#1771=EDGE_CURVE('',#1442,#1432,#45,.T.);
#1772=EDGE_CURVE('',#1443,#1430,#672,.T.);
#1773=EDGE_CURVE('',#1444,#1443,#1304,.T.);
#1774=EDGE_CURVE('',#1444,#1439,#673,.T.);
#1775=EDGE_CURVE('',#1445,#1438,#674,.T.);
#1776=EDGE_CURVE('',#1443,#1445,#675,.T.);
#1777=EDGE_CURVE('',#1446,#1437,#676,.T.);
#1778=EDGE_CURVE('',#1445,#1446,#677,.T.);
#1779=EDGE_CURVE('',#1436,#1447,#678,.T.);
#1780=EDGE_CURVE('',#1447,#1446,#1305,.T.);
#1781=EDGE_CURVE('',#1433,#1434,#1306,.T.);
#1782=EDGE_CURVE('',#1448,#1442,#679,.T.);
#1783=EDGE_CURVE('',#1449,#1448,#1307,.T.);
#1784=EDGE_CURVE('',#1449,#1435,#680,.T.);
#1785=EDGE_CURVE('',#1447,#1449,#681,.T.);
#1786=EDGE_CURVE('',#1448,#1450,#682,.T.);
#1787=EDGE_CURVE('',#1451,#1450,#683,.T.);
#1788=EDGE_CURVE('',#1444,#1451,#684,.T.);
#1789=EDGE_CURVE('',#1440,#1452,#685,.T.);
#1790=EDGE_CURVE('',#1453,#1452,#686,.T.);
#1791=EDGE_CURVE('',#1453,#1441,#687,.T.);
#1792=EDGE_CURVE('',#1454,#1455,#688,.T.);
#1793=EDGE_CURVE('',#1454,#1456,#689,.T.);
#1794=EDGE_CURVE('',#1457,#1456,#690,.T.);
#1795=EDGE_CURVE('',#1455,#1457,#691,.T.);
#1796=EDGE_CURVE('',#1455,#1458,#692,.T.);
#1797=EDGE_CURVE('',#1458,#1457,#693,.T.);
#1798=EDGE_CURVE('',#1459,#1454,#694,.T.);
#1799=EDGE_CURVE('',#1456,#1459,#695,.T.);
#1800=EDGE_CURVE('',#1458,#1459,#696,.T.);
#1801=EDGE_CURVE('',#1419,#1453,#1308,.T.);
#1802=EDGE_CURVE('',#1452,#1429,#1309,.T.);
#1803=EDGE_CURVE('',#1428,#1460,#1310,.T.);
#1804=EDGE_CURVE('',#1460,#1461,#697,.T.);
#1805=EDGE_CURVE('',#1461,#1420,#1311,.T.);
#1806=EDGE_CURVE('',#1425,#1451,#698,.T.);
#1807=EDGE_CURVE('',#1450,#1414,#699,.T.);
#1808=EDGE_CURVE('',#1462,#1463,#1312,.T.);
#1809=EDGE_CURVE('',#1463,#1464,#700,.T.);
#1810=EDGE_CURVE('',#1464,#1465,#1313,.T.);
#1811=EDGE_CURVE('',#1465,#1462,#701,.T.);
#1812=EDGE_CURVE('',#1466,#1462,#702,.T.);
#1813=EDGE_CURVE('',#1466,#1467,#703,.T.);
#1814=EDGE_CURVE('',#1467,#1468,#704,.T.);
#1815=EDGE_CURVE('',#1468,#1469,#705,.T.);
#1816=EDGE_CURVE('',#1469,#1470,#706,.T.);
#1817=EDGE_CURVE('',#1471,#1470,#707,.T.);
#1818=EDGE_CURVE('',#1472,#1471,#1314,.T.);
#1819=EDGE_CURVE('',#1473,#1472,#708,.T.);
#1820=EDGE_CURVE('',#1474,#1473,#1315,.T.);
#1821=EDGE_CURVE('',#1460,#1474,#709,.T.);
#1822=EDGE_CURVE('',#1475,#1427,#1316,.T.);
#1823=EDGE_CURVE('',#1475,#1476,#710,.T.);
#1824=EDGE_CURVE('',#1477,#1476,#711,.T.);
#1825=EDGE_CURVE('',#1478,#1477,#1317,.T.);
#1826=EDGE_CURVE('',#1479,#1478,#712,.T.);
#1827=EDGE_CURVE('',#1480,#1479,#1318,.T.);
#1828=EDGE_CURVE('',#1481,#1480,#713,.T.);
#1829=EDGE_CURVE('',#1482,#1481,#714,.T.);
#1830=EDGE_CURVE('',#1463,#1482,#715,.T.);
#1831=EDGE_CURVE('',#1465,#1483,#716,.T.);
#1832=EDGE_CURVE('',#1483,#1484,#717,.T.);
#1833=EDGE_CURVE('',#1484,#1485,#718,.T.);
#1834=EDGE_CURVE('',#1486,#1485,#719,.T.);
#1835=EDGE_CURVE('',#1486,#1487,#720,.T.);
#1836=EDGE_CURVE('',#1487,#1488,#721,.T.);
#1837=EDGE_CURVE('',#1489,#1488,#722,.T.);
#1838=EDGE_CURVE('',#1489,#1490,#723,.T.);
#1839=EDGE_CURVE('',#1490,#1491,#724,.T.);
#1840=EDGE_CURVE('',#1491,#1492,#725,.T.);
#1841=EDGE_CURVE('',#1493,#1492,#726,.T.);
#1842=EDGE_CURVE('',#1493,#1494,#727,.T.);
#1843=EDGE_CURVE('',#1494,#1495,#728,.T.);
#1844=EDGE_CURVE('',#1495,#1496,#729,.T.);
#1845=EDGE_CURVE('',#1496,#1497,#730,.T.);
#1846=EDGE_CURVE('',#1497,#1466,#731,.T.);
#1847=EDGE_CURVE('',#1485,#1498,#46,.T.);
#1848=EDGE_CURVE('',#1498,#1499,#732,.T.);
#1849=EDGE_CURVE('',#1499,#1486,#47,.T.);
#1850=EDGE_CURVE('',#1484,#1500,#733,.T.);
#1851=EDGE_CURVE('',#1501,#1500,#734,.T.);
#1852=EDGE_CURVE('',#1502,#1501,#735,.T.);
#1853=EDGE_CURVE('',#1502,#1498,#736,.T.);
#1854=EDGE_CURVE('',#1488,#1503,#48,.T.);
#1855=EDGE_CURVE('',#1503,#1504,#737,.T.);
#1856=EDGE_CURVE('',#1504,#1489,#49,.T.);
#1857=EDGE_CURVE('',#1487,#1505,#738,.T.);
#1858=EDGE_CURVE('',#1506,#1505,#739,.T.);
#1859=EDGE_CURVE('',#1507,#1506,#740,.T.);
#1860=EDGE_CURVE('',#1507,#1503,#741,.T.);
#1861=EDGE_CURVE('',#1508,#1493,#1319,.T.);
#1862=EDGE_CURVE('',#1492,#1509,#1320,.T.);
#1863=EDGE_CURVE('',#1509,#1508,#742,.T.);
#1864=EDGE_CURVE('',#1510,#1508,#743,.T.);
#1865=EDGE_CURVE('',#1510,#1511,#744,.T.);
#1866=EDGE_CURVE('',#1511,#1512,#745,.T.);
#1867=EDGE_CURVE('',#1513,#1512,#1321,.T.);
#1868=EDGE_CURVE('',#1514,#1513,#746,.T.);
#1869=EDGE_CURVE('',#1515,#1514,#1322,.T.);
#1870=EDGE_CURVE('',#1516,#1515,#747,.T.);
#1871=EDGE_CURVE('',#1517,#1516,#748,.T.);
#1872=EDGE_CURVE('',#1421,#1517,#1323,.T.);
#1873=EDGE_CURVE('',#1518,#1461,#749,.T.);
#1874=EDGE_CURVE('',#1519,#1518,#1324,.T.);
#1875=EDGE_CURVE('',#1519,#1520,#750,.T.);
#1876=EDGE_CURVE('',#1521,#1520,#1325,.T.);
#1877=EDGE_CURVE('',#1522,#1521,#751,.T.);
#1878=EDGE_CURVE('',#1523,#1522,#752,.T.);
#1879=EDGE_CURVE('',#1524,#1523,#753,.T.);
#1880=EDGE_CURVE('',#1525,#1524,#754,.T.);
#1881=EDGE_CURVE('',#1494,#1525,#755,.T.);
#1882=EDGE_CURVE('',#1526,#1527,#1326,.T.);
#1883=EDGE_CURVE('',#1527,#1521,#756,.T.);
#1884=EDGE_CURVE('',#1520,#1526,#757,.T.);
#1885=EDGE_CURVE('',#1528,#1519,#758,.T.);
#1886=EDGE_CURVE('',#1528,#1526,#759,.T.);
#1887=EDGE_CURVE('',#1471,#1529,#760,.T.);
#1888=EDGE_CURVE('',#1529,#1530,#1327,.T.);
#1889=EDGE_CURVE('',#1530,#1472,#761,.T.);
#1890=EDGE_CURVE('',#1470,#1531,#762,.T.);
#1891=EDGE_CURVE('',#1531,#1529,#763,.T.);
#1892=EDGE_CURVE('',#1518,#1532,#764,.T.);
#1893=EDGE_CURVE('',#1532,#1533,#50,.T.);
#1894=EDGE_CURVE('',#1533,#1528,#1328,.T.);
#1895=EDGE_CURVE('',#1534,#1533,#765,.T.);
#1896=EDGE_CURVE('',#1534,#1535,#766,.T.);
#1897=EDGE_CURVE('',#1536,#1535,#767,.T.);
#1898=EDGE_CURVE('',#1537,#1536,#768,.T.);
#1899=EDGE_CURVE('',#1527,#1537,#769,.T.);
#1900=EDGE_CURVE('',#1538,#1532,#770,.T.);
#1901=EDGE_CURVE('',#1496,#1538,#771,.T.);
#1902=EDGE_CURVE('',#1495,#1534,#772,.T.);
#1903=EDGE_CURVE('',#1539,#1474,#773,.T.);
#1904=EDGE_CURVE('',#1539,#1538,#774,.T.);
#1905=EDGE_CURVE('',#1540,#1541,#775,.T.);
#1906=EDGE_CURVE('',#1541,#1542,#776,.T.);
#1907=EDGE_CURVE('',#1542,#1540,#777,.T.);
#1908=EDGE_CURVE('',#1500,#1543,#778,.T.);
#1909=EDGE_CURVE('',#1543,#1501,#779,.T.);
#1910=EDGE_CURVE('',#1505,#1544,#780,.T.);
#1911=EDGE_CURVE('',#1544,#1506,#781,.T.);
#1912=EDGE_CURVE('',#1473,#1545,#782,.T.);
#1913=EDGE_CURVE('',#1545,#1546,#1329,.T.);
#1914=EDGE_CURVE('',#1546,#1539,#51,.T.);
#1915=EDGE_CURVE('',#1547,#1546,#783,.T.);
#1916=EDGE_CURVE('',#1497,#1547,#784,.T.);
#1917=EDGE_CURVE('',#1531,#1548,#785,.T.);
#1918=EDGE_CURVE('',#1548,#1549,#786,.T.);
#1919=EDGE_CURVE('',#1547,#1549,#787,.T.);
#1920=EDGE_CURVE('',#1545,#1530,#788,.T.);
#1921=EDGE_CURVE('',#1517,#1550,#789,.T.);
#1922=EDGE_CURVE('',#1550,#1418,#1330,.T.);
#1923=EDGE_CURVE('',#1426,#1551,#1331,.T.);
#1924=EDGE_CURVE('',#1551,#1475,#790,.T.);
#1925=EDGE_CURVE('',#1499,#1552,#791,.T.);
#1926=EDGE_CURVE('',#1552,#1544,#792,.T.);
#1927=EDGE_CURVE('',#1483,#1543,#793,.T.);
#1928=EDGE_CURVE('',#1464,#1502,#794,.T.);
#1929=EDGE_CURVE('',#1482,#1552,#795,.T.);
#1930=EDGE_CURVE('',#1507,#1510,#796,.T.);
#1931=EDGE_CURVE('',#1553,#1509,#797,.T.);
#1932=EDGE_CURVE('',#1504,#1553,#798,.T.);
#1933=EDGE_CURVE('',#1481,#1554,#799,.T.);
#1934=EDGE_CURVE('',#1555,#1554,#800,.T.);
#1935=EDGE_CURVE('',#1555,#1556,#801,.T.);
#1936=EDGE_CURVE('',#1556,#1557,#802,.T.);
#1937=EDGE_CURVE('',#1557,#1511,#803,.T.);
#1938=EDGE_CURVE('',#1553,#1542,#804,.T.);
#1939=EDGE_CURVE('',#1490,#1541,#805,.T.);
#1940=EDGE_CURVE('',#1491,#1540,#806,.T.);
#1941=EDGE_CURVE('',#1558,#1559,#1332,.T.);
#1942=EDGE_CURVE('',#1559,#1513,#807,.T.);
#1943=EDGE_CURVE('',#1512,#1558,#808,.T.);
#1944=EDGE_CURVE('',#1559,#1560,#809,.T.);
#1945=EDGE_CURVE('',#1514,#1560,#810,.T.);
#1946=EDGE_CURVE('',#1550,#1561,#811,.T.);
#1947=EDGE_CURVE('',#1562,#1561,#812,.T.);
#1948=EDGE_CURVE('',#1560,#1562,#1333,.T.);
#1949=EDGE_CURVE('',#1557,#1558,#813,.T.);
#1950=EDGE_CURVE('',#1417,#1556,#814,.T.);
#1951=EDGE_CURVE('',#1479,#1563,#815,.T.);
#1952=EDGE_CURVE('',#1563,#1564,#1334,.T.);
#1953=EDGE_CURVE('',#1564,#1480,#816,.T.);
#1954=EDGE_CURVE('',#1565,#1478,#817,.T.);
#1955=EDGE_CURVE('',#1565,#1563,#818,.T.);
#1956=EDGE_CURVE('',#1562,#1515,#819,.T.);
#1957=EDGE_CURVE('',#1566,#1565,#1335,.T.);
#1958=EDGE_CURVE('',#1477,#1566,#820,.T.);
#1959=EDGE_CURVE('',#1561,#1516,#821,.T.);
#1960=EDGE_CURVE('',#1555,#1422,#822,.T.);
#1961=EDGE_CURVE('',#1554,#1564,#823,.T.);
#1962=EDGE_CURVE('',#1567,#1566,#824,.T.);
#1963=EDGE_CURVE('',#1551,#1567,#825,.T.);
#1964=EDGE_CURVE('',#1476,#1567,#826,.T.);
#1965=EDGE_CURVE('',#1537,#1522,#827,.T.);
#1966=EDGE_CURVE('',#1523,#1536,#828,.T.);
#1967=EDGE_CURVE('',#1524,#1535,#829,.T.);
#1968=EDGE_CURVE('',#1469,#1548,#830,.T.);
#1969=EDGE_CURVE('',#1549,#1468,#831,.T.);
#1970=EDGE_CURVE('',#1525,#1534,#832,.T.);
#1971=EDGE_CURVE('',#1547,#1467,#833,.T.);
#1972=EDGE_CURVE('',#1568,#1569,#52,.F.);
#1973=EDGE_CURVE('',#1568,#1570,#834,.T.);
#1974=EDGE_CURVE('',#1570,#1571,#53,.T.);
#1975=EDGE_CURVE('',#1571,#1572,#1336,.T.);
#1976=EDGE_CURVE('',#1573,#1572,#835,.T.);
#1977=EDGE_CURVE('',#1569,#1573,#1337,.F.);
#1978=EDGE_CURVE('',#1574,#1575,#836,.T.);
#1979=EDGE_CURVE('',#1574,#1576,#837,.T.);
#1980=EDGE_CURVE('',#1576,#1577,#838,.T.);
#1981=EDGE_CURVE('',#1575,#1577,#839,.T.);
#1982=EDGE_CURVE('',#1578,#1574,#840,.T.);
#1983=EDGE_CURVE('',#1578,#1579,#841,.T.);
#1984=EDGE_CURVE('',#1579,#1576,#842,.T.);
#1985=EDGE_CURVE('',#1580,#1578,#843,.T.);
#1986=EDGE_CURVE('',#1580,#1581,#844,.T.);
#1987=EDGE_CURVE('',#1581,#1579,#845,.T.);
#1988=EDGE_CURVE('',#1582,#1580,#846,.T.);
#1989=EDGE_CURVE('',#1582,#1583,#847,.T.);
#1990=EDGE_CURVE('',#1583,#1581,#848,.T.);
#1991=EDGE_CURVE('',#1584,#1582,#849,.T.);
#1992=EDGE_CURVE('',#1584,#1585,#850,.T.);
#1993=EDGE_CURVE('',#1585,#1583,#851,.T.);
#1994=EDGE_CURVE('',#1575,#1584,#852,.T.);
#1995=EDGE_CURVE('',#1577,#1585,#853,.T.);
#1996=EDGE_CURVE('',#1586,#1586,#1338,.T.);
#1997=EDGE_CURVE('',#1587,#1588,#854,.T.);
#1998=EDGE_CURVE('',#1587,#1589,#855,.T.);
#1999=EDGE_CURVE('',#1589,#1590,#856,.T.);
#2000=EDGE_CURVE('',#1588,#1590,#857,.T.);
#2001=EDGE_CURVE('',#1591,#1587,#858,.T.);
#2002=EDGE_CURVE('',#1591,#1592,#859,.T.);
#2003=EDGE_CURVE('',#1592,#1589,#860,.T.);
#2004=EDGE_CURVE('',#1593,#1591,#861,.T.);
#2005=EDGE_CURVE('',#1593,#1594,#862,.T.);
#2006=EDGE_CURVE('',#1594,#1592,#863,.T.);
#2007=EDGE_CURVE('',#1595,#1593,#864,.T.);
#2008=EDGE_CURVE('',#1595,#1596,#865,.T.);
#2009=EDGE_CURVE('',#1596,#1594,#866,.T.);
#2010=EDGE_CURVE('',#1597,#1595,#867,.T.);
#2011=EDGE_CURVE('',#1597,#1598,#868,.T.);
#2012=EDGE_CURVE('',#1598,#1596,#869,.T.);
#2013=EDGE_CURVE('',#1588,#1597,#870,.T.);
#2014=EDGE_CURVE('',#1590,#1598,#871,.T.);
#2015=EDGE_CURVE('',#1599,#1599,#1339,.T.);
#2016=EDGE_CURVE('',#1599,#1600,#872,.T.);
#2017=EDGE_CURVE('',#1600,#1600,#1340,.T.);
#2018=EDGE_CURVE('',#1586,#1601,#873,.T.);
#2019=EDGE_CURVE('',#1601,#1601,#1341,.T.);
#2020=EDGE_CURVE('',#1602,#1603,#874,.T.);
#2021=EDGE_CURVE('',#1602,#1604,#875,.T.);
#2022=EDGE_CURVE('',#1604,#1605,#876,.T.);
#2023=EDGE_CURVE('',#1605,#1603,#877,.T.);
#2024=EDGE_CURVE('',#1603,#1606,#878,.T.);
#2025=EDGE_CURVE('',#1607,#1605,#879,.T.);
#2026=EDGE_CURVE('',#1608,#1607,#1342,.T.);
#2027=EDGE_CURVE('',#1609,#1608,#880,.T.);
#2028=EDGE_CURVE('',#1606,#1609,#881,.T.);
#2029=EDGE_CURVE('',#1604,#1610,#882,.T.);
#2030=EDGE_CURVE('',#1610,#1607,#883,.T.);
#2031=EDGE_CURVE('',#1610,#1611,#1343,.T.);
#2032=EDGE_CURVE('',#1611,#1608,#884,.T.);
#2033=EDGE_CURVE('',#1611,#1612,#885,.T.);
#2034=EDGE_CURVE('',#1612,#1609,#886,.T.);
#2035=EDGE_CURVE('',#1606,#1613,#887,.T.);
#2036=EDGE_CURVE('',#1613,#1612,#888,.T.);
#2037=EDGE_CURVE('',#1602,#1613,#889,.T.);
#2038=EDGE_CURVE('',#1614,#1568,#890,.T.);
#2039=EDGE_CURVE('',#1614,#1602,#891,.T.);
#2040=EDGE_CURVE('',#1613,#1615,#892,.T.);
#2041=EDGE_CURVE('',#1615,#1570,#893,.T.);
#2042=EDGE_CURVE('',#1616,#1617,#58,.T.);
#2043=EDGE_CURVE('',#1617,#1618,#1344,.T.);
#2044=EDGE_CURVE('',#1619,#1618,#59,.F.);
#2045=EDGE_CURVE('',#1619,#1620,#60,.T.);
#2046=EDGE_CURVE('',#1620,#1621,#61,.T.);
#2047=EDGE_CURVE('',#1621,#1616,#62,.T.);
#2048=EDGE_CURVE('',#1622,#1616,#63,.T.);
#2049=EDGE_CURVE('',#1619,#1623,#64,.T.);
#2050=EDGE_CURVE('',#1624,#1623,#894,.T.);
#2051=EDGE_CURVE('',#1624,#1625,#895,.T.);
#2052=EDGE_CURVE('',#1625,#1626,#1345,.T.);
#2053=EDGE_CURVE('',#1626,#1627,#896,.T.);
#2054=EDGE_CURVE('',#1627,#1622,#897,.T.);
#2055=EDGE_CURVE('',#1615,#1624,#898,.T.);
#2056=EDGE_CURVE('',#1623,#1571,#899,.T.);
#2057=EDGE_CURVE('',#1627,#1614,#900,.T.);
#2058=EDGE_CURVE('',#1569,#1622,#901,.F.);
#2059=EDGE_CURVE('',#1572,#1628,#902,.T.);
#2060=EDGE_CURVE('',#1628,#1623,#903,.T.);
#2061=EDGE_CURVE('',#1628,#1629,#1346,.T.);
#2062=EDGE_CURVE('',#1629,#1622,#904,.T.);
#2063=EDGE_CURVE('',#1573,#1629,#905,.T.);
#2064=EDGE_CURVE('',#1630,#1631,#906,.T.);
#2065=EDGE_CURVE('',#1630,#1632,#907,.T.);
#2066=EDGE_CURVE('',#1633,#1632,#908,.T.);
#2067=EDGE_CURVE('',#1631,#1633,#909,.T.);
#2068=EDGE_CURVE('',#1631,#1634,#1347,.T.);
#2069=EDGE_CURVE('',#1635,#1633,#1348,.T.);
#2070=EDGE_CURVE('',#1634,#1635,#910,.T.);
#2071=EDGE_CURVE('',#1634,#1636,#911,.T.);
#2072=EDGE_CURVE('',#1637,#1635,#912,.T.);
#2073=EDGE_CURVE('',#1636,#1637,#913,.T.);
#2074=EDGE_CURVE('',#1638,#1639,#1349,.T.);
#2075=EDGE_CURVE('',#1639,#1640,#914,.T.);
#2076=EDGE_CURVE('',#1640,#1637,#915,.T.);
#2077=EDGE_CURVE('',#1632,#1641,#916,.T.);
#2078=EDGE_CURVE('',#1641,#1638,#917,.T.);
#2079=EDGE_CURVE('',#1625,#1639,#918,.T.);
#2080=EDGE_CURVE('',#1624,#1640,#919,.T.);
#2081=EDGE_CURVE('',#1642,#1615,#920,.T.);
#2082=EDGE_CURVE('',#1636,#1642,#921,.T.);
#2083=EDGE_CURVE('',#1642,#1643,#922,.T.);
#2084=EDGE_CURVE('',#1643,#1614,#923,.T.);
#2085=EDGE_CURVE('',#1630,#1643,#924,.T.);
#2086=EDGE_CURVE('',#1627,#1641,#925,.T.);
#2087=EDGE_CURVE('',#1638,#1626,#926,.T.);
#2088=ORIENTED_EDGE('',*,*,#1644,.T.);
#2089=ORIENTED_EDGE('',*,*,#1645,.T.);
#2090=ORIENTED_EDGE('',*,*,#1646,.T.);
#2091=ORIENTED_EDGE('',*,*,#1647,.T.);
#2092=ORIENTED_EDGE('',*,*,#1647,.F.);
#2093=ORIENTED_EDGE('',*,*,#1648,.T.);
#2094=ORIENTED_EDGE('',*,*,#1649,.F.);
#2095=ORIENTED_EDGE('',*,*,#1650,.F.);
#2096=ORIENTED_EDGE('',*,*,#1646,.F.);
#2097=ORIENTED_EDGE('',*,*,#1651,.F.);
#2098=ORIENTED_EDGE('',*,*,#1652,.F.);
#2099=ORIENTED_EDGE('',*,*,#1653,.F.);
#2100=ORIENTED_EDGE('',*,*,#1654,.F.);
#2101=ORIENTED_EDGE('',*,*,#1655,.F.);
#2102=ORIENTED_EDGE('',*,*,#1656,.F.);
#2103=ORIENTED_EDGE('',*,*,#1648,.F.);
#2104=ORIENTED_EDGE('',*,*,#1657,.T.);
#2105=ORIENTED_EDGE('',*,*,#1658,.T.);
#2106=ORIENTED_EDGE('',*,*,#1659,.T.);
#2107=ORIENTED_EDGE('',*,*,#1660,.T.);
#2108=ORIENTED_EDGE('',*,*,#1661,.T.);
#2109=ORIENTED_EDGE('',*,*,#1662,.T.);
#2110=ORIENTED_EDGE('',*,*,#1663,.T.);
#2111=ORIENTED_EDGE('',*,*,#1664,.T.);
#2112=ORIENTED_EDGE('',*,*,#1665,.F.);
#2113=ORIENTED_EDGE('',*,*,#1666,.F.);
#2114=ORIENTED_EDGE('',*,*,#1667,.F.);
#2115=ORIENTED_EDGE('',*,*,#1668,.F.);
#2116=ORIENTED_EDGE('',*,*,#1669,.T.);
#2117=ORIENTED_EDGE('',*,*,#1670,.T.);
#2118=ORIENTED_EDGE('',*,*,#1652,.T.);
#2119=ORIENTED_EDGE('',*,*,#1671,.T.);
#2120=ORIENTED_EDGE('',*,*,#1670,.F.);
#2121=ORIENTED_EDGE('',*,*,#1672,.F.);
#2122=ORIENTED_EDGE('',*,*,#1673,.F.);
#2123=ORIENTED_EDGE('',*,*,#1653,.T.);
#2124=ORIENTED_EDGE('',*,*,#1674,.T.);
#2125=ORIENTED_EDGE('',*,*,#1675,.T.);
#2126=ORIENTED_EDGE('',*,*,#1654,.T.);
#2127=ORIENTED_EDGE('',*,*,#1673,.T.);
#2128=ORIENTED_EDGE('',*,*,#1676,.T.);
#2129=ORIENTED_EDGE('',*,*,#1649,.T.);
#2130=ORIENTED_EDGE('',*,*,#1656,.T.);
#2131=ORIENTED_EDGE('',*,*,#1677,.T.);
#2132=ORIENTED_EDGE('',*,*,#1678,.F.);
#2133=ORIENTED_EDGE('',*,*,#1679,.T.);
#2134=ORIENTED_EDGE('',*,*,#1657,.F.);
#2135=ORIENTED_EDGE('',*,*,#1679,.F.);
#2136=ORIENTED_EDGE('',*,*,#1680,.F.);
#2137=ORIENTED_EDGE('',*,*,#1681,.T.);
#2138=ORIENTED_EDGE('',*,*,#1658,.F.);
#2139=ORIENTED_EDGE('',*,*,#1681,.F.);
#2140=ORIENTED_EDGE('',*,*,#1682,.F.);
#2141=ORIENTED_EDGE('',*,*,#1683,.T.);
#2142=ORIENTED_EDGE('',*,*,#1659,.F.);
#2143=ORIENTED_EDGE('',*,*,#1683,.F.);
#2144=ORIENTED_EDGE('',*,*,#1684,.F.);
#2145=ORIENTED_EDGE('',*,*,#1685,.T.);
#2146=ORIENTED_EDGE('',*,*,#1660,.F.);
#2147=ORIENTED_EDGE('',*,*,#1685,.F.);
#2148=ORIENTED_EDGE('',*,*,#1686,.F.);
#2149=ORIENTED_EDGE('',*,*,#1687,.T.);
#2150=ORIENTED_EDGE('',*,*,#1661,.F.);
#2151=ORIENTED_EDGE('',*,*,#1687,.F.);
#2152=ORIENTED_EDGE('',*,*,#1688,.F.);
#2153=ORIENTED_EDGE('',*,*,#1689,.T.);
#2154=ORIENTED_EDGE('',*,*,#1662,.F.);
#2155=ORIENTED_EDGE('',*,*,#1689,.F.);
#2156=ORIENTED_EDGE('',*,*,#1690,.F.);
#2157=ORIENTED_EDGE('',*,*,#1691,.T.);
#2158=ORIENTED_EDGE('',*,*,#1663,.F.);
#2159=ORIENTED_EDGE('',*,*,#1691,.F.);
#2160=ORIENTED_EDGE('',*,*,#1692,.F.);
#2161=ORIENTED_EDGE('',*,*,#1693,.T.);
#2162=ORIENTED_EDGE('',*,*,#1664,.F.);
#2163=ORIENTED_EDGE('',*,*,#1693,.F.);
#2164=ORIENTED_EDGE('',*,*,#1666,.T.);
#2165=ORIENTED_EDGE('',*,*,#1694,.T.);
#2166=ORIENTED_EDGE('',*,*,#1695,.F.);
#2167=ORIENTED_EDGE('',*,*,#1696,.F.);
#2168=ORIENTED_EDGE('',*,*,#1667,.T.);
#2169=ORIENTED_EDGE('',*,*,#1696,.T.);
#2170=ORIENTED_EDGE('',*,*,#1697,.F.);
#2171=ORIENTED_EDGE('',*,*,#1698,.F.);
#2172=ORIENTED_EDGE('',*,*,#1668,.T.);
#2173=ORIENTED_EDGE('',*,*,#1698,.T.);
#2174=ORIENTED_EDGE('',*,*,#1699,.F.);
#2175=ORIENTED_EDGE('',*,*,#1700,.F.);
#2176=ORIENTED_EDGE('',*,*,#1665,.T.);
#2177=ORIENTED_EDGE('',*,*,#1700,.T.);
#2178=ORIENTED_EDGE('',*,*,#1701,.F.);
#2179=ORIENTED_EDGE('',*,*,#1694,.F.);
#2180=ORIENTED_EDGE('',*,*,#1702,.F.);
#2181=ORIENTED_EDGE('',*,*,#1703,.F.);
#2182=ORIENTED_EDGE('',*,*,#1704,.F.);
#2183=ORIENTED_EDGE('',*,*,#1705,.F.);
#2184=ORIENTED_EDGE('',*,*,#1701,.T.);
#2185=ORIENTED_EDGE('',*,*,#1699,.T.);
#2186=ORIENTED_EDGE('',*,*,#1697,.T.);
#2187=ORIENTED_EDGE('',*,*,#1695,.T.);
#2188=ORIENTED_EDGE('',*,*,#1704,.T.);
#2189=ORIENTED_EDGE('',*,*,#1706,.T.);
#2190=ORIENTED_EDGE('',*,*,#1707,.F.);
#2191=ORIENTED_EDGE('',*,*,#1708,.F.);
#2192=ORIENTED_EDGE('',*,*,#1703,.T.);
#2193=ORIENTED_EDGE('',*,*,#1709,.T.);
#2194=ORIENTED_EDGE('',*,*,#1710,.F.);
#2195=ORIENTED_EDGE('',*,*,#1706,.F.);
#2196=ORIENTED_EDGE('',*,*,#1702,.T.);
#2197=ORIENTED_EDGE('',*,*,#1711,.T.);
#2198=ORIENTED_EDGE('',*,*,#1712,.F.);
#2199=ORIENTED_EDGE('',*,*,#1709,.F.);
#2200=ORIENTED_EDGE('',*,*,#1705,.T.);
#2201=ORIENTED_EDGE('',*,*,#1708,.T.);
#2202=ORIENTED_EDGE('',*,*,#1713,.F.);
#2203=ORIENTED_EDGE('',*,*,#1711,.F.);
#2204=ORIENTED_EDGE('',*,*,#1675,.F.);
#2205=ORIENTED_EDGE('',*,*,#1714,.F.);
#2206=ORIENTED_EDGE('',*,*,#1677,.F.);
#2207=ORIENTED_EDGE('',*,*,#1655,.T.);
#2208=ORIENTED_EDGE('',*,*,#1645,.F.);
#2209=ORIENTED_EDGE('',*,*,#1715,.F.);
#2210=ORIENTED_EDGE('',*,*,#1671,.F.);
#2211=ORIENTED_EDGE('',*,*,#1651,.T.);
#2212=ORIENTED_EDGE('',*,*,#1644,.F.);
#2213=ORIENTED_EDGE('',*,*,#1650,.T.);
#2214=ORIENTED_EDGE('',*,*,#1676,.F.);
#2215=ORIENTED_EDGE('',*,*,#1714,.T.);
#2216=ORIENTED_EDGE('',*,*,#1674,.F.);
#2217=ORIENTED_EDGE('',*,*,#1672,.T.);
#2218=ORIENTED_EDGE('',*,*,#1669,.F.);
#2219=ORIENTED_EDGE('',*,*,#1715,.T.);
#2220=ORIENTED_EDGE('',*,*,#1678,.T.);
#2221=ORIENTED_EDGE('',*,*,#1680,.T.);
#2222=ORIENTED_EDGE('',*,*,#1682,.T.);
#2223=ORIENTED_EDGE('',*,*,#1684,.T.);
#2224=ORIENTED_EDGE('',*,*,#1686,.T.);
#2225=ORIENTED_EDGE('',*,*,#1688,.T.);
#2226=ORIENTED_EDGE('',*,*,#1690,.T.);
#2227=ORIENTED_EDGE('',*,*,#1692,.T.);
#2228=ORIENTED_EDGE('',*,*,#1713,.T.);
#2229=ORIENTED_EDGE('',*,*,#1707,.T.);
#2230=ORIENTED_EDGE('',*,*,#1710,.T.);
#2231=ORIENTED_EDGE('',*,*,#1712,.T.);
#2232=ORIENTED_EDGE('',*,*,#1716,.F.);
#2233=ORIENTED_EDGE('',*,*,#1717,.T.);
#2234=ORIENTED_EDGE('',*,*,#1718,.F.);
#2235=ORIENTED_EDGE('',*,*,#1719,.F.);
#2236=ORIENTED_EDGE('',*,*,#1720,.F.);
#2237=ORIENTED_EDGE('',*,*,#1719,.T.);
#2238=ORIENTED_EDGE('',*,*,#1721,.F.);
#2239=ORIENTED_EDGE('',*,*,#1722,.F.);
#2240=ORIENTED_EDGE('',*,*,#1723,.F.);
#2241=ORIENTED_EDGE('',*,*,#1722,.T.);
#2242=ORIENTED_EDGE('',*,*,#1724,.F.);
#2243=ORIENTED_EDGE('',*,*,#1725,.F.);
#2244=ORIENTED_EDGE('',*,*,#1726,.F.);
#2245=ORIENTED_EDGE('',*,*,#1725,.T.);
#2246=ORIENTED_EDGE('',*,*,#1727,.F.);
#2247=ORIENTED_EDGE('',*,*,#1717,.F.);
#2248=ORIENTED_EDGE('',*,*,#1728,.T.);
#2249=ORIENTED_EDGE('',*,*,#1729,.T.);
#2250=ORIENTED_EDGE('',*,*,#1730,.T.);
#2251=ORIENTED_EDGE('',*,*,#1731,.T.);
#2252=ORIENTED_EDGE('',*,*,#1727,.T.);
#2253=ORIENTED_EDGE('',*,*,#1724,.T.);
#2254=ORIENTED_EDGE('',*,*,#1721,.T.);
#2255=ORIENTED_EDGE('',*,*,#1718,.T.);
#2256=ORIENTED_EDGE('',*,*,#1732,.T.);
#2257=ORIENTED_EDGE('',*,*,#1733,.T.);
#2258=ORIENTED_EDGE('',*,*,#1728,.F.);
#2259=ORIENTED_EDGE('',*,*,#1734,.F.);
#2260=ORIENTED_EDGE('',*,*,#1735,.T.);
#2261=ORIENTED_EDGE('',*,*,#1734,.T.);
#2262=ORIENTED_EDGE('',*,*,#1731,.F.);
#2263=ORIENTED_EDGE('',*,*,#1736,.F.);
#2264=ORIENTED_EDGE('',*,*,#1737,.T.);
#2265=ORIENTED_EDGE('',*,*,#1736,.T.);
#2266=ORIENTED_EDGE('',*,*,#1730,.F.);
#2267=ORIENTED_EDGE('',*,*,#1738,.F.);
#2268=ORIENTED_EDGE('',*,*,#1739,.T.);
#2269=ORIENTED_EDGE('',*,*,#1738,.T.);
#2270=ORIENTED_EDGE('',*,*,#1729,.F.);
#2271=ORIENTED_EDGE('',*,*,#1733,.F.);
#2272=ORIENTED_EDGE('',*,*,#1716,.T.);
#2273=ORIENTED_EDGE('',*,*,#1720,.T.);
#2274=ORIENTED_EDGE('',*,*,#1723,.T.);
#2275=ORIENTED_EDGE('',*,*,#1726,.T.);
#2276=ORIENTED_EDGE('',*,*,#1739,.F.);
#2277=ORIENTED_EDGE('',*,*,#1732,.F.);
#2278=ORIENTED_EDGE('',*,*,#1735,.F.);
#2279=ORIENTED_EDGE('',*,*,#1737,.F.);
#2280=ORIENTED_EDGE('',*,*,#1740,.T.);
#2281=ORIENTED_EDGE('',*,*,#1741,.T.);
#2282=ORIENTED_EDGE('',*,*,#1742,.T.);
#2283=ORIENTED_EDGE('',*,*,#1743,.T.);
#2284=ORIENTED_EDGE('',*,*,#1744,.F.);
#2285=ORIENTED_EDGE('',*,*,#1741,.F.);
#2286=ORIENTED_EDGE('',*,*,#1745,.T.);
#2287=ORIENTED_EDGE('',*,*,#1746,.F.);
#2288=ORIENTED_EDGE('',*,*,#1747,.F.);
#2289=ORIENTED_EDGE('',*,*,#1748,.F.);
#2290=ORIENTED_EDGE('',*,*,#1749,.T.);
#2291=ORIENTED_EDGE('',*,*,#1750,.T.);
#2292=ORIENTED_EDGE('',*,*,#1751,.T.);
#2293=ORIENTED_EDGE('',*,*,#1752,.T.);
#2294=ORIENTED_EDGE('',*,*,#1750,.F.);
#2295=ORIENTED_EDGE('',*,*,#1753,.T.);
#2296=ORIENTED_EDGE('',*,*,#1754,.F.);
#2297=ORIENTED_EDGE('',*,*,#1755,.T.);
#2298=ORIENTED_EDGE('',*,*,#1756,.F.);
#2299=ORIENTED_EDGE('',*,*,#1757,.T.);
#2300=ORIENTED_EDGE('',*,*,#1758,.T.);
#2301=ORIENTED_EDGE('',*,*,#1759,.T.);
#2302=ORIENTED_EDGE('',*,*,#1760,.T.);
#2303=ORIENTED_EDGE('',*,*,#1761,.T.);
#2304=ORIENTED_EDGE('',*,*,#1762,.T.);
#2305=ORIENTED_EDGE('',*,*,#1763,.T.);
#2306=ORIENTED_EDGE('',*,*,#1764,.T.);
#2307=ORIENTED_EDGE('',*,*,#1765,.T.);
#2308=ORIENTED_EDGE('',*,*,#1766,.T.);
#2309=ORIENTED_EDGE('',*,*,#1759,.F.);
#2310=ORIENTED_EDGE('',*,*,#1767,.T.);
#2311=ORIENTED_EDGE('',*,*,#1768,.T.);
#2312=ORIENTED_EDGE('',*,*,#1769,.T.);
#2313=ORIENTED_EDGE('',*,*,#1770,.T.);
#2314=ORIENTED_EDGE('',*,*,#1771,.T.);
#2315=ORIENTED_EDGE('',*,*,#1758,.F.);
#2316=ORIENTED_EDGE('',*,*,#1772,.F.);
#2317=ORIENTED_EDGE('',*,*,#1773,.F.);
#2318=ORIENTED_EDGE('',*,*,#1774,.T.);
#2319=ORIENTED_EDGE('',*,*,#1767,.F.);
#2320=ORIENTED_EDGE('',*,*,#1766,.F.);
#2321=ORIENTED_EDGE('',*,*,#1775,.F.);
#2322=ORIENTED_EDGE('',*,*,#1776,.F.);
#2323=ORIENTED_EDGE('',*,*,#1772,.T.);
#2324=ORIENTED_EDGE('',*,*,#1765,.F.);
#2325=ORIENTED_EDGE('',*,*,#1777,.F.);
#2326=ORIENTED_EDGE('',*,*,#1778,.F.);
#2327=ORIENTED_EDGE('',*,*,#1775,.T.);
#2328=ORIENTED_EDGE('',*,*,#1764,.F.);
#2329=ORIENTED_EDGE('',*,*,#1779,.T.);
#2330=ORIENTED_EDGE('',*,*,#1780,.T.);
#2331=ORIENTED_EDGE('',*,*,#1777,.T.);
#2332=ORIENTED_EDGE('',*,*,#1761,.F.);
#2333=ORIENTED_EDGE('',*,*,#1781,.T.);
#2334=ORIENTED_EDGE('',*,*,#1760,.F.);
#2335=ORIENTED_EDGE('',*,*,#1771,.F.);
#2336=ORIENTED_EDGE('',*,*,#1782,.F.);
#2337=ORIENTED_EDGE('',*,*,#1783,.F.);
#2338=ORIENTED_EDGE('',*,*,#1784,.T.);
#2339=ORIENTED_EDGE('',*,*,#1762,.F.);
#2340=ORIENTED_EDGE('',*,*,#1781,.F.);
#2341=ORIENTED_EDGE('',*,*,#1780,.F.);
#2342=ORIENTED_EDGE('',*,*,#1785,.T.);
#2343=ORIENTED_EDGE('',*,*,#1783,.T.);
#2344=ORIENTED_EDGE('',*,*,#1786,.T.);
#2345=ORIENTED_EDGE('',*,*,#1787,.F.);
#2346=ORIENTED_EDGE('',*,*,#1788,.F.);
#2347=ORIENTED_EDGE('',*,*,#1773,.T.);
#2348=ORIENTED_EDGE('',*,*,#1776,.T.);
#2349=ORIENTED_EDGE('',*,*,#1778,.T.);
#2350=ORIENTED_EDGE('',*,*,#1769,.F.);
#2351=ORIENTED_EDGE('',*,*,#1789,.T.);
#2352=ORIENTED_EDGE('',*,*,#1790,.F.);
#2353=ORIENTED_EDGE('',*,*,#1791,.T.);
#2354=ORIENTED_EDGE('',*,*,#1792,.F.);
#2355=ORIENTED_EDGE('',*,*,#1793,.T.);
#2356=ORIENTED_EDGE('',*,*,#1794,.F.);
#2357=ORIENTED_EDGE('',*,*,#1795,.F.);
#2358=ORIENTED_EDGE('',*,*,#1796,.F.);
#2359=ORIENTED_EDGE('',*,*,#1795,.T.);
#2360=ORIENTED_EDGE('',*,*,#1797,.F.);
#2361=ORIENTED_EDGE('',*,*,#1798,.F.);
#2362=ORIENTED_EDGE('',*,*,#1799,.F.);
#2363=ORIENTED_EDGE('',*,*,#1793,.F.);
#2364=ORIENTED_EDGE('',*,*,#1800,.F.);
#2365=ORIENTED_EDGE('',*,*,#1797,.T.);
#2366=ORIENTED_EDGE('',*,*,#1794,.T.);
#2367=ORIENTED_EDGE('',*,*,#1799,.T.);
#2368=ORIENTED_EDGE('',*,*,#1801,.T.);
#2369=ORIENTED_EDGE('',*,*,#1790,.T.);
#2370=ORIENTED_EDGE('',*,*,#1802,.T.);
#2371=ORIENTED_EDGE('',*,*,#1756,.T.);
#2372=ORIENTED_EDGE('',*,*,#1803,.T.);
#2373=ORIENTED_EDGE('',*,*,#1804,.T.);
#2374=ORIENTED_EDGE('',*,*,#1805,.T.);
#2375=ORIENTED_EDGE('',*,*,#1746,.T.);
#2376=ORIENTED_EDGE('',*,*,#1768,.F.);
#2377=ORIENTED_EDGE('',*,*,#1774,.F.);
#2378=ORIENTED_EDGE('',*,*,#1788,.T.);
#2379=ORIENTED_EDGE('',*,*,#1806,.F.);
#2380=ORIENTED_EDGE('',*,*,#1751,.F.);
#2381=ORIENTED_EDGE('',*,*,#1757,.F.);
#2382=ORIENTED_EDGE('',*,*,#1802,.F.);
#2383=ORIENTED_EDGE('',*,*,#1789,.F.);
#2384=ORIENTED_EDGE('',*,*,#1763,.F.);
#2385=ORIENTED_EDGE('',*,*,#1784,.F.);
#2386=ORIENTED_EDGE('',*,*,#1785,.F.);
#2387=ORIENTED_EDGE('',*,*,#1779,.F.);
#2388=ORIENTED_EDGE('',*,*,#1770,.F.);
#2389=ORIENTED_EDGE('',*,*,#1791,.F.);
#2390=ORIENTED_EDGE('',*,*,#1801,.F.);
#2391=ORIENTED_EDGE('',*,*,#1745,.F.);
#2392=ORIENTED_EDGE('',*,*,#1740,.F.);
#2393=ORIENTED_EDGE('',*,*,#1807,.F.);
#2394=ORIENTED_EDGE('',*,*,#1786,.F.);
#2395=ORIENTED_EDGE('',*,*,#1782,.T.);
#2396=ORIENTED_EDGE('',*,*,#1808,.T.);
#2397=ORIENTED_EDGE('',*,*,#1809,.T.);
#2398=ORIENTED_EDGE('',*,*,#1810,.T.);
#2399=ORIENTED_EDGE('',*,*,#1811,.T.);
#2400=ORIENTED_EDGE('',*,*,#1808,.F.);
#2401=ORIENTED_EDGE('',*,*,#1812,.F.);
#2402=ORIENTED_EDGE('',*,*,#1813,.T.);
#2403=ORIENTED_EDGE('',*,*,#1814,.T.);
#2404=ORIENTED_EDGE('',*,*,#1815,.T.);
#2405=ORIENTED_EDGE('',*,*,#1816,.T.);
#2406=ORIENTED_EDGE('',*,*,#1817,.F.);
#2407=ORIENTED_EDGE('',*,*,#1818,.F.);
#2408=ORIENTED_EDGE('',*,*,#1819,.F.);
#2409=ORIENTED_EDGE('',*,*,#1820,.F.);
#2410=ORIENTED_EDGE('',*,*,#1821,.F.);
#2411=ORIENTED_EDGE('',*,*,#1803,.F.);
#2412=ORIENTED_EDGE('',*,*,#1755,.F.);
#2413=ORIENTED_EDGE('',*,*,#1822,.F.);
#2414=ORIENTED_EDGE('',*,*,#1823,.T.);
#2415=ORIENTED_EDGE('',*,*,#1824,.F.);
#2416=ORIENTED_EDGE('',*,*,#1825,.F.);
#2417=ORIENTED_EDGE('',*,*,#1826,.F.);
#2418=ORIENTED_EDGE('',*,*,#1827,.F.);
#2419=ORIENTED_EDGE('',*,*,#1828,.F.);
#2420=ORIENTED_EDGE('',*,*,#1829,.F.);
#2421=ORIENTED_EDGE('',*,*,#1830,.F.);
#2422=ORIENTED_EDGE('',*,*,#1811,.F.);
#2423=ORIENTED_EDGE('',*,*,#1831,.T.);
#2424=ORIENTED_EDGE('',*,*,#1832,.T.);
#2425=ORIENTED_EDGE('',*,*,#1833,.T.);
#2426=ORIENTED_EDGE('',*,*,#1834,.F.);
#2427=ORIENTED_EDGE('',*,*,#1835,.T.);
#2428=ORIENTED_EDGE('',*,*,#1836,.T.);
#2429=ORIENTED_EDGE('',*,*,#1837,.F.);
#2430=ORIENTED_EDGE('',*,*,#1838,.T.);
#2431=ORIENTED_EDGE('',*,*,#1839,.T.);
#2432=ORIENTED_EDGE('',*,*,#1840,.T.);
#2433=ORIENTED_EDGE('',*,*,#1841,.F.);
#2434=ORIENTED_EDGE('',*,*,#1842,.T.);
#2435=ORIENTED_EDGE('',*,*,#1843,.T.);
#2436=ORIENTED_EDGE('',*,*,#1844,.T.);
#2437=ORIENTED_EDGE('',*,*,#1845,.T.);
#2438=ORIENTED_EDGE('',*,*,#1846,.T.);
#2439=ORIENTED_EDGE('',*,*,#1812,.T.);
#2440=ORIENTED_EDGE('',*,*,#1847,.T.);
#2441=ORIENTED_EDGE('',*,*,#1848,.T.);
#2442=ORIENTED_EDGE('',*,*,#1849,.T.);
#2443=ORIENTED_EDGE('',*,*,#1834,.T.);
#2444=ORIENTED_EDGE('',*,*,#1847,.F.);
#2445=ORIENTED_EDGE('',*,*,#1833,.F.);
#2446=ORIENTED_EDGE('',*,*,#1850,.T.);
#2447=ORIENTED_EDGE('',*,*,#1851,.F.);
#2448=ORIENTED_EDGE('',*,*,#1852,.F.);
#2449=ORIENTED_EDGE('',*,*,#1853,.T.);
#2450=ORIENTED_EDGE('',*,*,#1854,.T.);
#2451=ORIENTED_EDGE('',*,*,#1855,.T.);
#2452=ORIENTED_EDGE('',*,*,#1856,.T.);
#2453=ORIENTED_EDGE('',*,*,#1837,.T.);
#2454=ORIENTED_EDGE('',*,*,#1854,.F.);
#2455=ORIENTED_EDGE('',*,*,#1836,.F.);
#2456=ORIENTED_EDGE('',*,*,#1857,.T.);
#2457=ORIENTED_EDGE('',*,*,#1858,.F.);
#2458=ORIENTED_EDGE('',*,*,#1859,.F.);
#2459=ORIENTED_EDGE('',*,*,#1860,.T.);
#2460=ORIENTED_EDGE('',*,*,#1861,.T.);
#2461=ORIENTED_EDGE('',*,*,#1841,.T.);
#2462=ORIENTED_EDGE('',*,*,#1862,.T.);
#2463=ORIENTED_EDGE('',*,*,#1863,.T.);
#2464=ORIENTED_EDGE('',*,*,#1861,.F.);
#2465=ORIENTED_EDGE('',*,*,#1864,.F.);
#2466=ORIENTED_EDGE('',*,*,#1865,.T.);
#2467=ORIENTED_EDGE('',*,*,#1866,.T.);
#2468=ORIENTED_EDGE('',*,*,#1867,.F.);
#2469=ORIENTED_EDGE('',*,*,#1868,.F.);
#2470=ORIENTED_EDGE('',*,*,#1869,.F.);
#2471=ORIENTED_EDGE('',*,*,#1870,.F.);
#2472=ORIENTED_EDGE('',*,*,#1871,.F.);
#2473=ORIENTED_EDGE('',*,*,#1872,.F.);
#2474=ORIENTED_EDGE('',*,*,#1747,.T.);
#2475=ORIENTED_EDGE('',*,*,#1805,.F.);
#2476=ORIENTED_EDGE('',*,*,#1873,.F.);
#2477=ORIENTED_EDGE('',*,*,#1874,.F.);
#2478=ORIENTED_EDGE('',*,*,#1875,.T.);
#2479=ORIENTED_EDGE('',*,*,#1876,.F.);
#2480=ORIENTED_EDGE('',*,*,#1877,.F.);
#2481=ORIENTED_EDGE('',*,*,#1878,.F.);
#2482=ORIENTED_EDGE('',*,*,#1879,.F.);
#2483=ORIENTED_EDGE('',*,*,#1880,.F.);
#2484=ORIENTED_EDGE('',*,*,#1881,.F.);
#2485=ORIENTED_EDGE('',*,*,#1842,.F.);
#2486=ORIENTED_EDGE('',*,*,#1882,.T.);
#2487=ORIENTED_EDGE('',*,*,#1883,.T.);
#2488=ORIENTED_EDGE('',*,*,#1876,.T.);
#2489=ORIENTED_EDGE('',*,*,#1884,.T.);
#2490=ORIENTED_EDGE('',*,*,#1884,.F.);
#2491=ORIENTED_EDGE('',*,*,#1875,.F.);
#2492=ORIENTED_EDGE('',*,*,#1885,.F.);
#2493=ORIENTED_EDGE('',*,*,#1886,.T.);
#2494=ORIENTED_EDGE('',*,*,#1818,.T.);
#2495=ORIENTED_EDGE('',*,*,#1887,.T.);
#2496=ORIENTED_EDGE('',*,*,#1888,.T.);
#2497=ORIENTED_EDGE('',*,*,#1889,.T.);
#2498=ORIENTED_EDGE('',*,*,#1887,.F.);
#2499=ORIENTED_EDGE('',*,*,#1817,.T.);
#2500=ORIENTED_EDGE('',*,*,#1890,.T.);
#2501=ORIENTED_EDGE('',*,*,#1891,.T.);
#2502=ORIENTED_EDGE('',*,*,#1874,.T.);
#2503=ORIENTED_EDGE('',*,*,#1892,.T.);
#2504=ORIENTED_EDGE('',*,*,#1893,.T.);
#2505=ORIENTED_EDGE('',*,*,#1894,.T.);
#2506=ORIENTED_EDGE('',*,*,#1885,.T.);
#2507=ORIENTED_EDGE('',*,*,#1882,.F.);
#2508=ORIENTED_EDGE('',*,*,#1886,.F.);
#2509=ORIENTED_EDGE('',*,*,#1894,.F.);
#2510=ORIENTED_EDGE('',*,*,#1895,.F.);
#2511=ORIENTED_EDGE('',*,*,#1896,.T.);
#2512=ORIENTED_EDGE('',*,*,#1897,.F.);
#2513=ORIENTED_EDGE('',*,*,#1898,.F.);
#2514=ORIENTED_EDGE('',*,*,#1899,.F.);
#2515=ORIENTED_EDGE('',*,*,#1893,.F.);
#2516=ORIENTED_EDGE('',*,*,#1900,.F.);
#2517=ORIENTED_EDGE('',*,*,#1901,.F.);
#2518=ORIENTED_EDGE('',*,*,#1844,.F.);
#2519=ORIENTED_EDGE('',*,*,#1902,.T.);
#2520=ORIENTED_EDGE('',*,*,#1895,.T.);
#2521=ORIENTED_EDGE('',*,*,#1892,.F.);
#2522=ORIENTED_EDGE('',*,*,#1873,.T.);
#2523=ORIENTED_EDGE('',*,*,#1804,.F.);
#2524=ORIENTED_EDGE('',*,*,#1821,.T.);
#2525=ORIENTED_EDGE('',*,*,#1903,.F.);
#2526=ORIENTED_EDGE('',*,*,#1904,.T.);
#2527=ORIENTED_EDGE('',*,*,#1900,.T.);
#2528=ORIENTED_EDGE('',*,*,#1905,.T.);
#2529=ORIENTED_EDGE('',*,*,#1906,.T.);
#2530=ORIENTED_EDGE('',*,*,#1907,.T.);
#2531=ORIENTED_EDGE('',*,*,#1908,.T.);
#2532=ORIENTED_EDGE('',*,*,#1909,.T.);
#2533=ORIENTED_EDGE('',*,*,#1851,.T.);
#2534=ORIENTED_EDGE('',*,*,#1910,.T.);
#2535=ORIENTED_EDGE('',*,*,#1911,.T.);
#2536=ORIENTED_EDGE('',*,*,#1858,.T.);
#2537=ORIENTED_EDGE('',*,*,#1820,.T.);
#2538=ORIENTED_EDGE('',*,*,#1912,.T.);
#2539=ORIENTED_EDGE('',*,*,#1913,.T.);
#2540=ORIENTED_EDGE('',*,*,#1914,.T.);
#2541=ORIENTED_EDGE('',*,*,#1903,.T.);
#2542=ORIENTED_EDGE('',*,*,#1914,.F.);
#2543=ORIENTED_EDGE('',*,*,#1915,.F.);
#2544=ORIENTED_EDGE('',*,*,#1916,.F.);
#2545=ORIENTED_EDGE('',*,*,#1845,.F.);
#2546=ORIENTED_EDGE('',*,*,#1901,.T.);
#2547=ORIENTED_EDGE('',*,*,#1904,.F.);
#2548=ORIENTED_EDGE('',*,*,#1888,.F.);
#2549=ORIENTED_EDGE('',*,*,#1891,.F.);
#2550=ORIENTED_EDGE('',*,*,#1917,.T.);
#2551=ORIENTED_EDGE('',*,*,#1918,.T.);
#2552=ORIENTED_EDGE('',*,*,#1919,.F.);
#2553=ORIENTED_EDGE('',*,*,#1915,.T.);
#2554=ORIENTED_EDGE('',*,*,#1913,.F.);
#2555=ORIENTED_EDGE('',*,*,#1920,.T.);
#2556=ORIENTED_EDGE('',*,*,#1872,.T.);
#2557=ORIENTED_EDGE('',*,*,#1921,.T.);
#2558=ORIENTED_EDGE('',*,*,#1922,.T.);
#2559=ORIENTED_EDGE('',*,*,#1748,.T.);
#2560=ORIENTED_EDGE('',*,*,#1822,.T.);
#2561=ORIENTED_EDGE('',*,*,#1754,.T.);
#2562=ORIENTED_EDGE('',*,*,#1923,.T.);
#2563=ORIENTED_EDGE('',*,*,#1924,.T.);
#2564=ORIENTED_EDGE('',*,*,#1849,.F.);
#2565=ORIENTED_EDGE('',*,*,#1925,.T.);
#2566=ORIENTED_EDGE('',*,*,#1926,.T.);
#2567=ORIENTED_EDGE('',*,*,#1910,.F.);
#2568=ORIENTED_EDGE('',*,*,#1857,.F.);
#2569=ORIENTED_EDGE('',*,*,#1835,.F.);
#2570=ORIENTED_EDGE('',*,*,#1832,.F.);
#2571=ORIENTED_EDGE('',*,*,#1927,.T.);
#2572=ORIENTED_EDGE('',*,*,#1908,.F.);
#2573=ORIENTED_EDGE('',*,*,#1850,.F.);
#2574=ORIENTED_EDGE('',*,*,#1810,.F.);
#2575=ORIENTED_EDGE('',*,*,#1928,.T.);
#2576=ORIENTED_EDGE('',*,*,#1852,.T.);
#2577=ORIENTED_EDGE('',*,*,#1909,.F.);
#2578=ORIENTED_EDGE('',*,*,#1927,.F.);
#2579=ORIENTED_EDGE('',*,*,#1831,.F.);
#2580=ORIENTED_EDGE('',*,*,#1809,.F.);
#2581=ORIENTED_EDGE('',*,*,#1830,.T.);
#2582=ORIENTED_EDGE('',*,*,#1929,.T.);
#2583=ORIENTED_EDGE('',*,*,#1925,.F.);
#2584=ORIENTED_EDGE('',*,*,#1848,.F.);
#2585=ORIENTED_EDGE('',*,*,#1853,.F.);
#2586=ORIENTED_EDGE('',*,*,#1928,.F.);
#2587=ORIENTED_EDGE('',*,*,#1855,.F.);
#2588=ORIENTED_EDGE('',*,*,#1860,.F.);
#2589=ORIENTED_EDGE('',*,*,#1930,.T.);
#2590=ORIENTED_EDGE('',*,*,#1864,.T.);
#2591=ORIENTED_EDGE('',*,*,#1863,.F.);
#2592=ORIENTED_EDGE('',*,*,#1931,.F.);
#2593=ORIENTED_EDGE('',*,*,#1932,.F.);
#2594=ORIENTED_EDGE('',*,*,#1911,.F.);
#2595=ORIENTED_EDGE('',*,*,#1926,.F.);
#2596=ORIENTED_EDGE('',*,*,#1929,.F.);
#2597=ORIENTED_EDGE('',*,*,#1829,.T.);
#2598=ORIENTED_EDGE('',*,*,#1933,.T.);
#2599=ORIENTED_EDGE('',*,*,#1934,.F.);
#2600=ORIENTED_EDGE('',*,*,#1935,.T.);
#2601=ORIENTED_EDGE('',*,*,#1936,.T.);
#2602=ORIENTED_EDGE('',*,*,#1937,.T.);
#2603=ORIENTED_EDGE('',*,*,#1865,.F.);
#2604=ORIENTED_EDGE('',*,*,#1930,.F.);
#2605=ORIENTED_EDGE('',*,*,#1859,.T.);
#2606=ORIENTED_EDGE('',*,*,#1792,.T.);
#2607=ORIENTED_EDGE('',*,*,#1796,.T.);
#2608=ORIENTED_EDGE('',*,*,#1800,.T.);
#2609=ORIENTED_EDGE('',*,*,#1798,.T.);
#2610=ORIENTED_EDGE('',*,*,#1856,.F.);
#2611=ORIENTED_EDGE('',*,*,#1932,.T.);
#2612=ORIENTED_EDGE('',*,*,#1938,.T.);
#2613=ORIENTED_EDGE('',*,*,#1906,.F.);
#2614=ORIENTED_EDGE('',*,*,#1939,.F.);
#2615=ORIENTED_EDGE('',*,*,#1838,.F.);
#2616=ORIENTED_EDGE('',*,*,#1839,.F.);
#2617=ORIENTED_EDGE('',*,*,#1939,.T.);
#2618=ORIENTED_EDGE('',*,*,#1905,.F.);
#2619=ORIENTED_EDGE('',*,*,#1940,.F.);
#2620=ORIENTED_EDGE('',*,*,#1941,.T.);
#2621=ORIENTED_EDGE('',*,*,#1942,.T.);
#2622=ORIENTED_EDGE('',*,*,#1867,.T.);
#2623=ORIENTED_EDGE('',*,*,#1943,.T.);
#2624=ORIENTED_EDGE('',*,*,#1942,.F.);
#2625=ORIENTED_EDGE('',*,*,#1944,.T.);
#2626=ORIENTED_EDGE('',*,*,#1945,.F.);
#2627=ORIENTED_EDGE('',*,*,#1868,.T.);
#2628=ORIENTED_EDGE('',*,*,#1922,.F.);
#2629=ORIENTED_EDGE('',*,*,#1946,.T.);
#2630=ORIENTED_EDGE('',*,*,#1947,.F.);
#2631=ORIENTED_EDGE('',*,*,#1948,.F.);
#2632=ORIENTED_EDGE('',*,*,#1944,.F.);
#2633=ORIENTED_EDGE('',*,*,#1941,.F.);
#2634=ORIENTED_EDGE('',*,*,#1949,.F.);
#2635=ORIENTED_EDGE('',*,*,#1936,.F.);
#2636=ORIENTED_EDGE('',*,*,#1950,.F.);
#2637=ORIENTED_EDGE('',*,*,#1742,.F.);
#2638=ORIENTED_EDGE('',*,*,#1744,.T.);
#2639=ORIENTED_EDGE('',*,*,#1827,.T.);
#2640=ORIENTED_EDGE('',*,*,#1951,.T.);
#2641=ORIENTED_EDGE('',*,*,#1952,.T.);
#2642=ORIENTED_EDGE('',*,*,#1953,.T.);
#2643=ORIENTED_EDGE('',*,*,#1951,.F.);
#2644=ORIENTED_EDGE('',*,*,#1826,.T.);
#2645=ORIENTED_EDGE('',*,*,#1954,.F.);
#2646=ORIENTED_EDGE('',*,*,#1955,.T.);
#2647=ORIENTED_EDGE('',*,*,#1869,.T.);
#2648=ORIENTED_EDGE('',*,*,#1945,.T.);
#2649=ORIENTED_EDGE('',*,*,#1948,.T.);
#2650=ORIENTED_EDGE('',*,*,#1956,.T.);
#2651=ORIENTED_EDGE('',*,*,#1957,.T.);
#2652=ORIENTED_EDGE('',*,*,#1954,.T.);
#2653=ORIENTED_EDGE('',*,*,#1825,.T.);
#2654=ORIENTED_EDGE('',*,*,#1958,.T.);
#2655=ORIENTED_EDGE('',*,*,#1956,.F.);
#2656=ORIENTED_EDGE('',*,*,#1947,.T.);
#2657=ORIENTED_EDGE('',*,*,#1959,.T.);
#2658=ORIENTED_EDGE('',*,*,#1870,.T.);
#2659=ORIENTED_EDGE('',*,*,#1923,.F.);
#2660=ORIENTED_EDGE('',*,*,#1753,.F.);
#2661=ORIENTED_EDGE('',*,*,#1749,.F.);
#2662=ORIENTED_EDGE('',*,*,#1960,.F.);
#2663=ORIENTED_EDGE('',*,*,#1934,.T.);
#2664=ORIENTED_EDGE('',*,*,#1961,.T.);
#2665=ORIENTED_EDGE('',*,*,#1952,.F.);
#2666=ORIENTED_EDGE('',*,*,#1955,.F.);
#2667=ORIENTED_EDGE('',*,*,#1957,.F.);
#2668=ORIENTED_EDGE('',*,*,#1962,.F.);
#2669=ORIENTED_EDGE('',*,*,#1963,.F.);
#2670=ORIENTED_EDGE('',*,*,#1958,.F.);
#2671=ORIENTED_EDGE('',*,*,#1824,.T.);
#2672=ORIENTED_EDGE('',*,*,#1964,.T.);
#2673=ORIENTED_EDGE('',*,*,#1962,.T.);
#2674=ORIENTED_EDGE('',*,*,#1953,.F.);
#2675=ORIENTED_EDGE('',*,*,#1961,.F.);
#2676=ORIENTED_EDGE('',*,*,#1933,.F.);
#2677=ORIENTED_EDGE('',*,*,#1828,.T.);
#2678=ORIENTED_EDGE('',*,*,#1943,.F.);
#2679=ORIENTED_EDGE('',*,*,#1866,.F.);
#2680=ORIENTED_EDGE('',*,*,#1937,.F.);
#2681=ORIENTED_EDGE('',*,*,#1949,.T.);
#2682=ORIENTED_EDGE('',*,*,#1924,.F.);
#2683=ORIENTED_EDGE('',*,*,#1963,.T.);
#2684=ORIENTED_EDGE('',*,*,#1964,.F.);
#2685=ORIENTED_EDGE('',*,*,#1823,.F.);
#2686=ORIENTED_EDGE('',*,*,#1743,.F.);
#2687=ORIENTED_EDGE('',*,*,#1950,.T.);
#2688=ORIENTED_EDGE('',*,*,#1935,.F.);
#2689=ORIENTED_EDGE('',*,*,#1960,.T.);
#2690=ORIENTED_EDGE('',*,*,#1752,.F.);
#2691=ORIENTED_EDGE('',*,*,#1806,.T.);
#2692=ORIENTED_EDGE('',*,*,#1787,.T.);
#2693=ORIENTED_EDGE('',*,*,#1807,.T.);
#2694=ORIENTED_EDGE('',*,*,#1921,.F.);
#2695=ORIENTED_EDGE('',*,*,#1871,.T.);
#2696=ORIENTED_EDGE('',*,*,#1959,.F.);
#2697=ORIENTED_EDGE('',*,*,#1946,.F.);
#2698=ORIENTED_EDGE('',*,*,#1878,.T.);
#2699=ORIENTED_EDGE('',*,*,#1965,.F.);
#2700=ORIENTED_EDGE('',*,*,#1898,.T.);
#2701=ORIENTED_EDGE('',*,*,#1966,.F.);
#2702=ORIENTED_EDGE('',*,*,#1879,.T.);
#2703=ORIENTED_EDGE('',*,*,#1966,.T.);
#2704=ORIENTED_EDGE('',*,*,#1897,.T.);
#2705=ORIENTED_EDGE('',*,*,#1967,.F.);
#2706=ORIENTED_EDGE('',*,*,#1816,.F.);
#2707=ORIENTED_EDGE('',*,*,#1968,.T.);
#2708=ORIENTED_EDGE('',*,*,#1917,.F.);
#2709=ORIENTED_EDGE('',*,*,#1890,.F.);
#2710=ORIENTED_EDGE('',*,*,#1815,.F.);
#2711=ORIENTED_EDGE('',*,*,#1969,.F.);
#2712=ORIENTED_EDGE('',*,*,#1918,.F.);
#2713=ORIENTED_EDGE('',*,*,#1968,.F.);
#2714=ORIENTED_EDGE('',*,*,#1967,.T.);
#2715=ORIENTED_EDGE('',*,*,#1896,.F.);
#2716=ORIENTED_EDGE('',*,*,#1970,.F.);
#2717=ORIENTED_EDGE('',*,*,#1880,.T.);
#2718=ORIENTED_EDGE('',*,*,#1883,.F.);
#2719=ORIENTED_EDGE('',*,*,#1899,.T.);
#2720=ORIENTED_EDGE('',*,*,#1965,.T.);
#2721=ORIENTED_EDGE('',*,*,#1877,.T.);
#2722=ORIENTED_EDGE('',*,*,#1969,.T.);
#2723=ORIENTED_EDGE('',*,*,#1814,.F.);
#2724=ORIENTED_EDGE('',*,*,#1971,.F.);
#2725=ORIENTED_EDGE('',*,*,#1919,.T.);
#2726=ORIENTED_EDGE('',*,*,#1862,.F.);
#2727=ORIENTED_EDGE('',*,*,#1840,.F.);
#2728=ORIENTED_EDGE('',*,*,#1940,.T.);
#2729=ORIENTED_EDGE('',*,*,#1907,.F.);
#2730=ORIENTED_EDGE('',*,*,#1938,.F.);
#2731=ORIENTED_EDGE('',*,*,#1931,.T.);
#2732=ORIENTED_EDGE('',*,*,#1843,.F.);
#2733=ORIENTED_EDGE('',*,*,#1881,.T.);
#2734=ORIENTED_EDGE('',*,*,#1970,.T.);
#2735=ORIENTED_EDGE('',*,*,#1902,.F.);
#2736=ORIENTED_EDGE('',*,*,#1846,.F.);
#2737=ORIENTED_EDGE('',*,*,#1916,.T.);
#2738=ORIENTED_EDGE('',*,*,#1971,.T.);
#2739=ORIENTED_EDGE('',*,*,#1813,.F.);
#2740=ORIENTED_EDGE('',*,*,#1889,.F.);
#2741=ORIENTED_EDGE('',*,*,#1920,.F.);
#2742=ORIENTED_EDGE('',*,*,#1912,.F.);
#2743=ORIENTED_EDGE('',*,*,#1819,.T.);
#2744=ORIENTED_EDGE('',*,*,#1972,.F.);
#2745=ORIENTED_EDGE('',*,*,#1973,.T.);
#2746=ORIENTED_EDGE('',*,*,#1974,.T.);
#2747=ORIENTED_EDGE('',*,*,#1975,.T.);
#2748=ORIENTED_EDGE('',*,*,#1976,.F.);
#2749=ORIENTED_EDGE('',*,*,#1977,.F.);
#2750=ORIENTED_EDGE('',*,*,#1978,.F.);
#2751=ORIENTED_EDGE('',*,*,#1979,.T.);
#2752=ORIENTED_EDGE('',*,*,#1980,.T.);
#2753=ORIENTED_EDGE('',*,*,#1981,.F.);
#2754=ORIENTED_EDGE('',*,*,#1982,.F.);
#2755=ORIENTED_EDGE('',*,*,#1983,.T.);
#2756=ORIENTED_EDGE('',*,*,#1984,.T.);
#2757=ORIENTED_EDGE('',*,*,#1979,.F.);
#2758=ORIENTED_EDGE('',*,*,#1985,.F.);
#2759=ORIENTED_EDGE('',*,*,#1986,.T.);
#2760=ORIENTED_EDGE('',*,*,#1987,.T.);
#2761=ORIENTED_EDGE('',*,*,#1983,.F.);
#2762=ORIENTED_EDGE('',*,*,#1988,.F.);
#2763=ORIENTED_EDGE('',*,*,#1989,.T.);
#2764=ORIENTED_EDGE('',*,*,#1990,.T.);
#2765=ORIENTED_EDGE('',*,*,#1986,.F.);
#2766=ORIENTED_EDGE('',*,*,#1991,.F.);
#2767=ORIENTED_EDGE('',*,*,#1992,.T.);
#2768=ORIENTED_EDGE('',*,*,#1993,.T.);
#2769=ORIENTED_EDGE('',*,*,#1989,.F.);
#2770=ORIENTED_EDGE('',*,*,#1994,.F.);
#2771=ORIENTED_EDGE('',*,*,#1981,.T.);
#2772=ORIENTED_EDGE('',*,*,#1995,.T.);
#2773=ORIENTED_EDGE('',*,*,#1992,.F.);
#2774=ORIENTED_EDGE('',*,*,#1995,.F.);
#2775=ORIENTED_EDGE('',*,*,#1980,.F.);
#2776=ORIENTED_EDGE('',*,*,#1984,.F.);
#2777=ORIENTED_EDGE('',*,*,#1987,.F.);
#2778=ORIENTED_EDGE('',*,*,#1990,.F.);
#2779=ORIENTED_EDGE('',*,*,#1993,.F.);
#2780=ORIENTED_EDGE('',*,*,#1996,.F.);
#2781=ORIENTED_EDGE('',*,*,#1997,.F.);
#2782=ORIENTED_EDGE('',*,*,#1998,.T.);
#2783=ORIENTED_EDGE('',*,*,#1999,.T.);
#2784=ORIENTED_EDGE('',*,*,#2000,.F.);
#2785=ORIENTED_EDGE('',*,*,#2001,.F.);
#2786=ORIENTED_EDGE('',*,*,#2002,.T.);
#2787=ORIENTED_EDGE('',*,*,#2003,.T.);
#2788=ORIENTED_EDGE('',*,*,#1998,.F.);
#2789=ORIENTED_EDGE('',*,*,#2004,.F.);
#2790=ORIENTED_EDGE('',*,*,#2005,.T.);
#2791=ORIENTED_EDGE('',*,*,#2006,.T.);
#2792=ORIENTED_EDGE('',*,*,#2002,.F.);
#2793=ORIENTED_EDGE('',*,*,#2007,.F.);
#2794=ORIENTED_EDGE('',*,*,#2008,.T.);
#2795=ORIENTED_EDGE('',*,*,#2009,.T.);
#2796=ORIENTED_EDGE('',*,*,#2005,.F.);
#2797=ORIENTED_EDGE('',*,*,#2010,.F.);
#2798=ORIENTED_EDGE('',*,*,#2011,.T.);
#2799=ORIENTED_EDGE('',*,*,#2012,.T.);
#2800=ORIENTED_EDGE('',*,*,#2008,.F.);
#2801=ORIENTED_EDGE('',*,*,#2013,.F.);
#2802=ORIENTED_EDGE('',*,*,#2000,.T.);
#2803=ORIENTED_EDGE('',*,*,#2014,.T.);
#2804=ORIENTED_EDGE('',*,*,#2011,.F.);
#2805=ORIENTED_EDGE('',*,*,#2014,.F.);
#2806=ORIENTED_EDGE('',*,*,#1999,.F.);
#2807=ORIENTED_EDGE('',*,*,#2003,.F.);
#2808=ORIENTED_EDGE('',*,*,#2006,.F.);
#2809=ORIENTED_EDGE('',*,*,#2009,.F.);
#2810=ORIENTED_EDGE('',*,*,#2012,.F.);
#2811=ORIENTED_EDGE('',*,*,#2015,.F.);
#2812=ORIENTED_EDGE('',*,*,#2015,.T.);
#2813=ORIENTED_EDGE('',*,*,#2016,.T.);
#2814=ORIENTED_EDGE('',*,*,#2017,.F.);
#2815=ORIENTED_EDGE('',*,*,#2016,.F.);
#2816=ORIENTED_EDGE('',*,*,#1996,.T.);
#2817=ORIENTED_EDGE('',*,*,#2018,.T.);
#2818=ORIENTED_EDGE('',*,*,#2019,.F.);
#2819=ORIENTED_EDGE('',*,*,#2018,.F.);
#2820=ORIENTED_EDGE('',*,*,#2020,.F.);
#2821=ORIENTED_EDGE('',*,*,#2021,.T.);
#2822=ORIENTED_EDGE('',*,*,#2022,.T.);
#2823=ORIENTED_EDGE('',*,*,#2023,.T.);
#2824=ORIENTED_EDGE('',*,*,#2024,.F.);
#2825=ORIENTED_EDGE('',*,*,#2023,.F.);
#2826=ORIENTED_EDGE('',*,*,#2025,.F.);
#2827=ORIENTED_EDGE('',*,*,#2026,.F.);
#2828=ORIENTED_EDGE('',*,*,#2027,.F.);
#2829=ORIENTED_EDGE('',*,*,#2028,.F.);
#2830=ORIENTED_EDGE('',*,*,#2029,.T.);
#2831=ORIENTED_EDGE('',*,*,#2030,.T.);
#2832=ORIENTED_EDGE('',*,*,#2025,.T.);
#2833=ORIENTED_EDGE('',*,*,#2022,.F.);
#2834=ORIENTED_EDGE('',*,*,#2031,.T.);
#2835=ORIENTED_EDGE('',*,*,#2032,.T.);
#2836=ORIENTED_EDGE('',*,*,#2026,.T.);
#2837=ORIENTED_EDGE('',*,*,#2030,.F.);
#2838=ORIENTED_EDGE('',*,*,#2033,.T.);
#2839=ORIENTED_EDGE('',*,*,#2034,.T.);
#2840=ORIENTED_EDGE('',*,*,#2027,.T.);
#2841=ORIENTED_EDGE('',*,*,#2032,.F.);
#2842=ORIENTED_EDGE('',*,*,#2035,.F.);
#2843=ORIENTED_EDGE('',*,*,#2028,.T.);
#2844=ORIENTED_EDGE('',*,*,#2034,.F.);
#2845=ORIENTED_EDGE('',*,*,#2036,.F.);
#2846=ORIENTED_EDGE('',*,*,#2037,.T.);
#2847=ORIENTED_EDGE('',*,*,#2036,.T.);
#2848=ORIENTED_EDGE('',*,*,#2033,.F.);
#2849=ORIENTED_EDGE('',*,*,#2031,.F.);
#2850=ORIENTED_EDGE('',*,*,#2029,.F.);
#2851=ORIENTED_EDGE('',*,*,#2021,.F.);
#2852=ORIENTED_EDGE('',*,*,#1978,.T.);
#2853=ORIENTED_EDGE('',*,*,#1994,.T.);
#2854=ORIENTED_EDGE('',*,*,#1991,.T.);
#2855=ORIENTED_EDGE('',*,*,#1988,.T.);
#2856=ORIENTED_EDGE('',*,*,#1985,.T.);
#2857=ORIENTED_EDGE('',*,*,#1982,.T.);
#2858=ORIENTED_EDGE('',*,*,#1997,.T.);
#2859=ORIENTED_EDGE('',*,*,#2013,.T.);
#2860=ORIENTED_EDGE('',*,*,#2010,.T.);
#2861=ORIENTED_EDGE('',*,*,#2007,.T.);
#2862=ORIENTED_EDGE('',*,*,#2004,.T.);
#2863=ORIENTED_EDGE('',*,*,#2001,.T.);
#2864=ORIENTED_EDGE('',*,*,#1973,.F.);
#2865=ORIENTED_EDGE('',*,*,#2038,.F.);
#2866=ORIENTED_EDGE('',*,*,#2039,.T.);
#2867=ORIENTED_EDGE('',*,*,#2020,.T.);
#2868=ORIENTED_EDGE('',*,*,#2024,.T.);
#2869=ORIENTED_EDGE('',*,*,#2035,.T.);
#2870=ORIENTED_EDGE('',*,*,#2040,.T.);
#2871=ORIENTED_EDGE('',*,*,#2041,.T.);
#2872=ORIENTED_EDGE('',*,*,#2042,.T.);
#2873=ORIENTED_EDGE('',*,*,#2043,.T.);
#2874=ORIENTED_EDGE('',*,*,#2044,.F.);
#2875=ORIENTED_EDGE('',*,*,#2045,.T.);
#2876=ORIENTED_EDGE('',*,*,#2046,.T.);
#2877=ORIENTED_EDGE('',*,*,#2047,.T.);
#2878=ORIENTED_EDGE('',*,*,#2048,.T.);
#2879=ORIENTED_EDGE('',*,*,#2047,.F.);
#2880=ORIENTED_EDGE('',*,*,#2046,.F.);
#2881=ORIENTED_EDGE('',*,*,#2045,.F.);
#2882=ORIENTED_EDGE('',*,*,#2049,.T.);
#2883=ORIENTED_EDGE('',*,*,#2050,.F.);
#2884=ORIENTED_EDGE('',*,*,#2051,.T.);
#2885=ORIENTED_EDGE('',*,*,#2052,.T.);
#2886=ORIENTED_EDGE('',*,*,#2053,.T.);
#2887=ORIENTED_EDGE('',*,*,#2054,.T.);
#2888=ORIENTED_EDGE('',*,*,#2055,.T.);
#2889=ORIENTED_EDGE('',*,*,#2050,.T.);
#2890=ORIENTED_EDGE('',*,*,#2056,.T.);
#2891=ORIENTED_EDGE('',*,*,#1974,.F.);
#2892=ORIENTED_EDGE('',*,*,#2041,.F.);
#2893=ORIENTED_EDGE('',*,*,#2057,.T.);
#2894=ORIENTED_EDGE('',*,*,#2038,.T.);
#2895=ORIENTED_EDGE('',*,*,#1972,.T.);
#2896=ORIENTED_EDGE('',*,*,#2058,.T.);
#2897=ORIENTED_EDGE('',*,*,#2054,.F.);
#2898=ORIENTED_EDGE('',*,*,#2059,.F.);
#2899=ORIENTED_EDGE('',*,*,#1975,.F.);
#2900=ORIENTED_EDGE('',*,*,#2056,.F.);
#2901=ORIENTED_EDGE('',*,*,#2060,.F.);
#2902=ORIENTED_EDGE('',*,*,#2061,.F.);
#2903=ORIENTED_EDGE('',*,*,#2060,.T.);
#2904=ORIENTED_EDGE('',*,*,#2049,.F.);
#2905=ORIENTED_EDGE('',*,*,#2044,.T.);
#2906=ORIENTED_EDGE('',*,*,#2043,.F.);
#2907=ORIENTED_EDGE('',*,*,#2042,.F.);
#2908=ORIENTED_EDGE('',*,*,#2048,.F.);
#2909=ORIENTED_EDGE('',*,*,#2062,.F.);
#2910=ORIENTED_EDGE('',*,*,#2063,.T.);
#2911=ORIENTED_EDGE('',*,*,#2062,.T.);
#2912=ORIENTED_EDGE('',*,*,#2058,.F.);
#2913=ORIENTED_EDGE('',*,*,#1977,.T.);
#2914=ORIENTED_EDGE('',*,*,#1976,.T.);
#2915=ORIENTED_EDGE('',*,*,#2059,.T.);
#2916=ORIENTED_EDGE('',*,*,#2061,.T.);
#2917=ORIENTED_EDGE('',*,*,#2063,.F.);
#2918=ORIENTED_EDGE('',*,*,#2064,.F.);
#2919=ORIENTED_EDGE('',*,*,#2065,.T.);
#2920=ORIENTED_EDGE('',*,*,#2066,.F.);
#2921=ORIENTED_EDGE('',*,*,#2067,.F.);
#2922=ORIENTED_EDGE('',*,*,#2068,.F.);
#2923=ORIENTED_EDGE('',*,*,#2067,.T.);
#2924=ORIENTED_EDGE('',*,*,#2069,.F.);
#2925=ORIENTED_EDGE('',*,*,#2070,.F.);
#2926=ORIENTED_EDGE('',*,*,#2071,.F.);
#2927=ORIENTED_EDGE('',*,*,#2070,.T.);
#2928=ORIENTED_EDGE('',*,*,#2072,.F.);
#2929=ORIENTED_EDGE('',*,*,#2073,.F.);
#2930=ORIENTED_EDGE('',*,*,#2074,.T.);
#2931=ORIENTED_EDGE('',*,*,#2075,.T.);
#2932=ORIENTED_EDGE('',*,*,#2076,.T.);
#2933=ORIENTED_EDGE('',*,*,#2072,.T.);
#2934=ORIENTED_EDGE('',*,*,#2069,.T.);
#2935=ORIENTED_EDGE('',*,*,#2066,.T.);
#2936=ORIENTED_EDGE('',*,*,#2077,.T.);
#2937=ORIENTED_EDGE('',*,*,#2078,.T.);
#2938=ORIENTED_EDGE('',*,*,#2079,.F.);
#2939=ORIENTED_EDGE('',*,*,#2051,.F.);
#2940=ORIENTED_EDGE('',*,*,#2080,.T.);
#2941=ORIENTED_EDGE('',*,*,#2075,.F.);
#2942=ORIENTED_EDGE('',*,*,#2080,.F.);
#2943=ORIENTED_EDGE('',*,*,#2055,.F.);
#2944=ORIENTED_EDGE('',*,*,#2081,.F.);
#2945=ORIENTED_EDGE('',*,*,#2082,.F.);
#2946=ORIENTED_EDGE('',*,*,#2073,.T.);
#2947=ORIENTED_EDGE('',*,*,#2076,.F.);
#2948=ORIENTED_EDGE('',*,*,#2083,.F.);
#2949=ORIENTED_EDGE('',*,*,#2081,.T.);
#2950=ORIENTED_EDGE('',*,*,#2040,.F.);
#2951=ORIENTED_EDGE('',*,*,#2037,.F.);
#2952=ORIENTED_EDGE('',*,*,#2039,.F.);
#2953=ORIENTED_EDGE('',*,*,#2084,.F.);
#2954=ORIENTED_EDGE('',*,*,#2085,.T.);
#2955=ORIENTED_EDGE('',*,*,#2084,.T.);
#2956=ORIENTED_EDGE('',*,*,#2057,.F.);
#2957=ORIENTED_EDGE('',*,*,#2086,.T.);
#2958=ORIENTED_EDGE('',*,*,#2077,.F.);
#2959=ORIENTED_EDGE('',*,*,#2065,.F.);
#2960=ORIENTED_EDGE('',*,*,#2086,.F.);
#2961=ORIENTED_EDGE('',*,*,#2053,.F.);
#2962=ORIENTED_EDGE('',*,*,#2087,.F.);
#2963=ORIENTED_EDGE('',*,*,#2078,.F.);
#2964=ORIENTED_EDGE('',*,*,#2087,.T.);
#2965=ORIENTED_EDGE('',*,*,#2052,.F.);
#2966=ORIENTED_EDGE('',*,*,#2079,.T.);
#2967=ORIENTED_EDGE('',*,*,#2074,.F.);
#2968=ORIENTED_EDGE('',*,*,#2071,.T.);
#2969=ORIENTED_EDGE('',*,*,#2082,.T.);
#2970=ORIENTED_EDGE('',*,*,#2083,.T.);
#2971=ORIENTED_EDGE('',*,*,#2085,.F.);
#2972=ORIENTED_EDGE('',*,*,#2064,.T.);
#2973=ORIENTED_EDGE('',*,*,#2068,.T.);
#2974=ORIENTED_EDGE('',*,*,#2017,.T.);
#2975=ORIENTED_EDGE('',*,*,#2019,.T.);
#2976=CYLINDRICAL_SURFACE('',#3227,5.);
#2977=CYLINDRICAL_SURFACE('',#3243,5.);
#2978=CYLINDRICAL_SURFACE('',#3246,5.);
#2979=CYLINDRICAL_SURFACE('',#3248,5.);
#2980=CYLINDRICAL_SURFACE('',#3250,2.25000000000001);
#2981=CYLINDRICAL_SURFACE('',#3252,2.25);
#2982=CYLINDRICAL_SURFACE('',#3254,2.25000000000001);
#2983=CYLINDRICAL_SURFACE('',#3256,2.25);
#2984=CYLINDRICAL_SURFACE('',#3258,2.25000000000001);
#2985=CYLINDRICAL_SURFACE('',#3260,2.25);
#2986=CYLINDRICAL_SURFACE('',#3262,2.25000000000001);
#2987=CYLINDRICAL_SURFACE('',#3264,2.25);
#2988=CYLINDRICAL_SURFACE('',#3291,1.5);
#2989=CYLINDRICAL_SURFACE('',#3295,1.5);
#2990=CYLINDRICAL_SURFACE('',#3299,100.);
#2991=CYLINDRICAL_SURFACE('',#3305,3.2);
#2992=CYLINDRICAL_SURFACE('',#3309,2.5);
#2993=CYLINDRICAL_SURFACE('',#3313,7.200000000004);
#2994=CYLINDRICAL_SURFACE('',#3321,5.);
#2995=CYLINDRICAL_SURFACE('',#3329,100.);
#2996=CYLINDRICAL_SURFACE('',#3339,100.);
#2997=CYLINDRICAL_SURFACE('',#3343,100.);
#2998=CYLINDRICAL_SURFACE('',#3347,100.);
#2999=CYLINDRICAL_SURFACE('',#3356,3.);
#3000=CYLINDRICAL_SURFACE('',#3359,3.);
#3001=CYLINDRICAL_SURFACE('',#3362,100.);
#3002=CYLINDRICAL_SURFACE('',#3368,100.);
#3003=CYLINDRICAL_SURFACE('',#3373,5.);
#3004=CYLINDRICAL_SURFACE('',#3375,5.);
#3005=CYLINDRICAL_SURFACE('',#3385,5.);
#3006=CYLINDRICAL_SURFACE('',#3390,5.);
#3007=CYLINDRICAL_SURFACE('',#3393,2.);
#3008=CYLINDRICAL_SURFACE('',#3394,2.);
#3009=CYLINDRICAL_SURFACE('',#3416,250.);
#3010=CYLINDRICAL_SURFACE('',#3437,2.25);
#3011=CYLINDRICAL_SURFACE('',#3439,2.25);
#3012=CYLINDRICAL_SURFACE('',#3445,5.);
#3013=CYLINDRICAL_SURFACE('',#3456,10.0000000000098);
#3014=CYLINDRICAL_SURFACE('',#3461,5.25);
#3015=CYLINDRICAL_SURFACE('',#3472,9.);
#3016=ADVANCED_FACE('',(#230),#2976,.T.);
#3017=ADVANCED_FACE('',(#231),#112,.T.);
#3018=ADVANCED_FACE('',(#232,#82,#83,#84,#85,#86,#87,#88,#89,#90),#113,
 .F.);
#3019=ADVANCED_FACE('',(#233),#2977,.T.);
#3020=ADVANCED_FACE('',(#234),#114,.T.);
#3021=ADVANCED_FACE('',(#235),#2978,.T.);
#3022=ADVANCED_FACE('',(#236),#2979,.T.);
#3023=ADVANCED_FACE('',(#237),#2980,.F.);
#3024=ADVANCED_FACE('',(#238),#2981,.F.);
#3025=ADVANCED_FACE('',(#239),#2982,.F.);
#3026=ADVANCED_FACE('',(#240),#2983,.F.);
#3027=ADVANCED_FACE('',(#241),#2984,.F.);
#3028=ADVANCED_FACE('',(#242),#2985,.F.);
#3029=ADVANCED_FACE('',(#243),#2986,.F.);
#3030=ADVANCED_FACE('',(#244),#2987,.F.);
#3031=ADVANCED_FACE('',(#245),#115,.T.);
#3032=ADVANCED_FACE('',(#246),#116,.T.);
#3033=ADVANCED_FACE('',(#247),#117,.T.);
#3034=ADVANCED_FACE('',(#248),#118,.T.);
#3035=ADVANCED_FACE('',(#249,#91),#119,.T.);
#3036=ADVANCED_FACE('',(#250),#120,.T.);
#3037=ADVANCED_FACE('',(#251),#121,.T.);
#3038=ADVANCED_FACE('',(#252),#122,.T.);
#3039=ADVANCED_FACE('',(#253),#123,.T.);
#3040=ADVANCED_FACE('',(#254),#124,.T.);
#3041=ADVANCED_FACE('',(#255),#125,.T.);
#3042=ADVANCED_FACE('',(#256,#92,#93,#94,#95,#96,#97,#98,#99,#100),#126,
 .T.);
#3043=ADVANCED_FACE('',(#257),#127,.T.);
#3044=ADVANCED_FACE('',(#258),#128,.T.);
#3045=ADVANCED_FACE('',(#259),#129,.T.);
#3046=ADVANCED_FACE('',(#260),#130,.T.);
#3047=ADVANCED_FACE('',(#261,#101),#131,.T.);
#3048=ADVANCED_FACE('',(#262),#132,.T.);
#3049=ADVANCED_FACE('',(#263),#133,.T.);
#3050=ADVANCED_FACE('',(#264),#134,.T.);
#3051=ADVANCED_FACE('',(#265),#135,.T.);
#3052=ADVANCED_FACE('',(#266),#136,.T.);
#3053=ADVANCED_FACE('',(#267),#137,.F.);
#3054=ADVANCED_FACE('',(#268),#2988,.T.);
#3055=ADVANCED_FACE('',(#269),#138,.T.);
#3056=ADVANCED_FACE('',(#270),#2989,.T.);
#3057=ADVANCED_FACE('',(#271),#139,.T.);
#3058=ADVANCED_FACE('',(#272),#2990,.T.);
#3059=ADVANCED_FACE('',(#273),#140,.T.);
#3060=ADVANCED_FACE('',(#274),#2991,.F.);
#3061=ADVANCED_FACE('',(#275),#141,.T.);
#3062=ADVANCED_FACE('',(#276),#142,.T.);
#3063=ADVANCED_FACE('',(#277),#2992,.T.);
#3064=ADVANCED_FACE('',(#278),#143,.T.);
#3065=ADVANCED_FACE('',(#279),#2993,.T.);
#3066=ADVANCED_FACE('',(#280),#144,.F.);
#3067=ADVANCED_FACE('',(#281),#145,.T.);
#3068=ADVANCED_FACE('',(#282),#146,.T.);
#3069=ADVANCED_FACE('',(#283),#147,.T.);
#3070=ADVANCED_FACE('',(#284),#148,.T.);
#3071=ADVANCED_FACE('',(#285),#149,.T.);
#3072=ADVANCED_FACE('',(#286),#2994,.T.);
#3073=ADVANCED_FACE('',(#287),#150,.T.);
#3074=ADVANCED_FACE('',(#288),#151,.T.);
#3075=ADVANCED_FACE('',(#289),#152,.T.);
#3076=ADVANCED_FACE('',(#290),#2995,.T.);
#3077=ADVANCED_FACE('',(#291),#153,.T.);
#3078=ADVANCED_FACE('',(#292),#154,.T.);
#3079=ADVANCED_FACE('',(#293),#2996,.T.);
#3080=ADVANCED_FACE('',(#294),#155,.T.);
#3081=ADVANCED_FACE('',(#295),#2997,.T.);
#3082=ADVANCED_FACE('',(#296),#156,.T.);
#3083=ADVANCED_FACE('',(#297),#2998,.T.);
#3084=ADVANCED_FACE('',(#298),#157,.T.);
#3085=ADVANCED_FACE('',(#299),#2999,.T.);
#3086=ADVANCED_FACE('',(#300),#158,.T.);
#3087=ADVANCED_FACE('',(#301),#3000,.T.);
#3088=ADVANCED_FACE('',(#302),#159,.T.);
#3089=ADVANCED_FACE('',(#303),#3001,.T.);
#3090=ADVANCED_FACE('',(#304),#160,.T.);
#3091=ADVANCED_FACE('',(#305),#161,.T.);
#3092=ADVANCED_FACE('',(#306,#102,#103,#104),#162,.T.);
#3093=ADVANCED_FACE('',(#307),#3002,.T.);
#3094=ADVANCED_FACE('',(#308),#163,.T.);
#3095=ADVANCED_FACE('',(#309),#164,.T.);
#3096=ADVANCED_FACE('',(#310),#3003,.T.);
#3097=ADVANCED_FACE('',(#311),#3004,.T.);
#3098=ADVANCED_FACE('',(#312),#165,.T.);
#3099=ADVANCED_FACE('',(#313),#166,.T.);
#3100=ADVANCED_FACE('',(#314),#167,.T.);
#3101=ADVANCED_FACE('',(#315),#168,.F.);
#3102=ADVANCED_FACE('',(#316),#169,.F.);
#3103=ADVANCED_FACE('',(#317,#105),#170,.T.);
#3104=ADVANCED_FACE('',(#318),#171,.T.);
#3105=ADVANCED_FACE('',(#319),#172,.T.);
#3106=ADVANCED_FACE('',(#320),#3005,.T.);
#3107=ADVANCED_FACE('',(#321),#173,.T.);
#3108=ADVANCED_FACE('',(#322),#174,.T.);
#3109=ADVANCED_FACE('',(#323),#3006,.T.);
#3110=ADVANCED_FACE('',(#324),#175,.T.);
#3111=ADVANCED_FACE('',(#325),#3007,.T.);
#3112=ADVANCED_FACE('',(#326),#3008,.T.);
#3113=ADVANCED_FACE('',(#327),#176,.T.);
#3114=ADVANCED_FACE('',(#328),#177,.T.);
#3115=ADVANCED_FACE('',(#329),#178,.T.);
#3116=ADVANCED_FACE('',(#330),#179,.T.);
#3117=ADVANCED_FACE('',(#331),#180,.T.);
#3118=ADVANCED_FACE('',(#332),#181,.T.);
#3119=ADVANCED_FACE('',(#333),#182,.F.);
#3120=ADVANCED_FACE('',(#334),#183,.T.);
#3121=ADVANCED_FACE('',(#335),#184,.F.);
#3122=ADVANCED_FACE('',(#336),#185,.F.);
#3123=ADVANCED_FACE('',(#337),#186,.T.);
#3124=ADVANCED_FACE('',(#338),#187,.T.);
#3125=ADVANCED_FACE('',(#339),#188,.T.);
#3126=ADVANCED_FACE('',(#340),#189,.T.);
#3127=ADVANCED_FACE('',(#341),#190,.T.);
#3128=ADVANCED_FACE('',(#342),#191,.T.);
#3129=ADVANCED_FACE('',(#343),#192,.T.);
#3130=ADVANCED_FACE('',(#344),#193,.T.);
#3131=ADVANCED_FACE('',(#345),#194,.T.);
#3132=ADVANCED_FACE('',(#346),#3009,.F.);
#3133=ADVANCED_FACE('',(#347),#195,.F.);
#3134=ADVANCED_FACE('',(#348),#196,.F.);
#3135=ADVANCED_FACE('',(#349),#197,.F.);
#3136=ADVANCED_FACE('',(#350),#198,.F.);
#3137=ADVANCED_FACE('',(#351),#199,.F.);
#3138=ADVANCED_FACE('',(#352),#200,.F.);
#3139=ADVANCED_FACE('',(#353,#106),#201,.F.);
#3140=ADVANCED_FACE('',(#354),#202,.F.);
#3141=ADVANCED_FACE('',(#355),#203,.F.);
#3142=ADVANCED_FACE('',(#356),#204,.F.);
#3143=ADVANCED_FACE('',(#357),#205,.F.);
#3144=ADVANCED_FACE('',(#358),#206,.F.);
#3145=ADVANCED_FACE('',(#359),#207,.F.);
#3146=ADVANCED_FACE('',(#360,#107),#208,.F.);
#3147=ADVANCED_FACE('',(#361),#3010,.F.);
#3148=ADVANCED_FACE('',(#362),#3011,.F.);
#3149=ADVANCED_FACE('',(#363),#209,.F.);
#3150=ADVANCED_FACE('',(#364),#210,.T.);
#3151=ADVANCED_FACE('',(#365),#211,.F.);
#3152=ADVANCED_FACE('',(#366),#3012,.F.);
#3153=ADVANCED_FACE('',(#367),#212,.F.);
#3154=ADVANCED_FACE('',(#368),#213,.F.);
#3155=ADVANCED_FACE('',(#369,#108,#109),#214,.F.);
#3156=ADVANCED_FACE('',(#370),#215,.F.);
#3157=ADVANCED_FACE('',(#371),#42,.T.);
#3158=ADVANCED_FACE('',(#372),#43,.F.);
#3159=ADVANCED_FACE('',(#373),#216,.F.);
#3160=ADVANCED_FACE('',(#374),#217,.F.);
#3161=ADVANCED_FACE('',(#375),#218,.T.);
#3162=ADVANCED_FACE('',(#376),#3013,.T.);
#3163=ADVANCED_FACE('',(#377),#219,.T.);
#3164=ADVANCED_FACE('',(#378),#220,.T.);
#3165=ADVANCED_FACE('',(#379),#221,.T.);
#3166=ADVANCED_FACE('',(#380),#3014,.F.);
#3167=ADVANCED_FACE('',(#381),#222,.T.);
#3168=ADVANCED_FACE('',(#382),#223,.T.);
#3169=ADVANCED_FACE('',(#383),#224,.T.);
#3170=ADVANCED_FACE('',(#384),#225,.T.);
#3171=ADVANCED_FACE('',(#385),#226,.T.);
#3172=ADVANCED_FACE('',(#386),#227,.T.);
#3173=ADVANCED_FACE('',(#387),#228,.T.);
#3174=ADVANCED_FACE('',(#388),#3015,.T.);
#3175=ADVANCED_FACE('',(#389,#110,#111),#229,.T.);
#3176=CLOSED_SHELL('',(#3016,#3017,#3018,#3019,#3020,#3021,#3022,#3023,
#3024,#3025,#3026,#3027,#3028,#3029,#3030,#3031,#3032,#3033,#3034,#3035,
#3036,#3037,#3038,#3039,#3040,#3041,#3042));
#3177=CLOSED_SHELL('',(#3043,#3044,#3045,#3046,#3047,#3048,#3049,#3050,
#3051,#3052,#3053));
#3178=CLOSED_SHELL('',(#3054,#3055,#3056,#3057,#3058,#3059,#3060,#3061,
#3062,#3063,#3064,#3065,#3066,#3067,#3068,#3069,#3070,#3071,#3072,#3073,
#3074,#3075,#3076,#3077,#3078,#3079,#3080,#3081,#3082,#3083,#3084,#3085,
#3086,#3087,#3088,#3089,#3090,#3091,#3092,#3093,#3094,#3095,#3096,#3097,
#3098,#3099,#3100,#3101,#3102,#3103,#3104,#3105,#3106,#3107,#3108,#3109,
#3110,#3111,#3112,#3113,#3114,#3115,#3116,#3117,#3118,#3119,#3120,#3121,
#3122,#3123,#3124,#3125,#3126,#3127,#3128,#3129,#3130,#3131));
#3179=CLOSED_SHELL('',(#3132,#3133,#3134,#3135,#3136,#3137,#3138,#3139,
#3140,#3141,#3142,#3143,#3144,#3145,#3146,#3147,#3148,#3149,#3150,#3151,
#3152,#3153,#3154,#3155,#3156,#3157,#3158,#3159,#3160,#3161,#3162,#3163,
#3164,#3165,#3166,#3167,#3168,#3169,#3170,#3171,#3172,#3173,#3174,#3175));
#3180=DERIVED_UNIT_ELEMENT(#3188,1.);
#3181=DERIVED_UNIT_ELEMENT(#5602,-3.);
#3182=DERIVED_UNIT_ELEMENT(#3188,1.);
#3183=DERIVED_UNIT_ELEMENT(#5602,-3.);
#3184=DERIVED_UNIT_ELEMENT(#3188,1.);
#3185=DERIVED_UNIT_ELEMENT(#5602,-3.);
#3186=DERIVED_UNIT_ELEMENT(#3188,1.);
#3187=DERIVED_UNIT_ELEMENT(#5602,-3.);
#3188=(
MASS_UNIT()
NAMED_UNIT(*)
SI_UNIT(.KILO.,.GRAM.)
);
#3189=DERIVED_UNIT((#3180,#3181));
#3190=DERIVED_UNIT((#3182,#3183));
#3191=DERIVED_UNIT((#3184,#3185));
#3192=DERIVED_UNIT((#3186,#3187));
#3193=MEASURE_REPRESENTATION_ITEM('density measure',
POSITIVE_RATIO_MEASURE(7850.),#3189);
#3194=MEASURE_REPRESENTATION_ITEM('density measure',
POSITIVE_RATIO_MEASURE(1190.),#3190);
#3195=MEASURE_REPRESENTATION_ITEM('density measure',
POSITIVE_RATIO_MEASURE(7850.),#3191);
#3196=MEASURE_REPRESENTATION_ITEM('density measure',
POSITIVE_RATIO_MEASURE(7850.),#3192);
#3197=PROPERTY_DEFINITION_REPRESENTATION(#3217,#3205);
#3198=PROPERTY_DEFINITION_REPRESENTATION(#3218,#3206);
#3199=PROPERTY_DEFINITION_REPRESENTATION(#3219,#3207);
#3200=PROPERTY_DEFINITION_REPRESENTATION(#3220,#3208);
#3201=PROPERTY_DEFINITION_REPRESENTATION(#3221,#3209);
#3202=PROPERTY_DEFINITION_REPRESENTATION(#3222,#3210);
#3203=PROPERTY_DEFINITION_REPRESENTATION(#3223,#3211);
#3204=PROPERTY_DEFINITION_REPRESENTATION(#3224,#3212);
#3205=REPRESENTATION('material name',(#3213),#5596);
#3206=REPRESENTATION('density',(#3193),#5596);
#3207=REPRESENTATION('material name',(#3214),#5597);
#3208=REPRESENTATION('density',(#3194),#5597);
#3209=REPRESENTATION('material name',(#3215),#5598);
#3210=REPRESENTATION('density',(#3195),#5598);
#3211=REPRESENTATION('material name',(#3216),#5599);
#3212=REPRESENTATION('density',(#3196),#5599);
#3213=DESCRIPTIVE_REPRESENTATION_ITEM('A\X\E7o','A\X\E7o');
#3214=DESCRIPTIVE_REPRESENTATION_ITEM('Acr\X\EDlico, transparente',
'Acr\X\EDlico, transparente');
#3215=DESCRIPTIVE_REPRESENTATION_ITEM('A\X\E7o','A\X\E7o');
#3216=DESCRIPTIVE_REPRESENTATION_ITEM('A\X\E7o','A\X\E7o');
#3217=PROPERTY_DEFINITION('material property','material name',#5629);
#3218=PROPERTY_DEFINITION('material property','density of part',#5629);
#3219=PROPERTY_DEFINITION('material property','material name',#5630);
#3220=PROPERTY_DEFINITION('material property','density of part',#5630);
#3221=PROPERTY_DEFINITION('material property','material name',#5631);
#3222=PROPERTY_DEFINITION('material property','density of part',#5631);
#3223=PROPERTY_DEFINITION('material property','material name',#5632);
#3224=PROPERTY_DEFINITION('material property','density of part',#5632);
#3225=AXIS2_PLACEMENT_3D('',#4343,#3482,#3483);
#3226=AXIS2_PLACEMENT_3D('',#4344,#3484,#3485);
#3227=AXIS2_PLACEMENT_3D('',#4345,#3486,#3487);
#3228=AXIS2_PLACEMENT_3D('',#4348,#3488,#3489);
#3229=AXIS2_PLACEMENT_3D('',#4352,#3491,#3492);
#3230=AXIS2_PLACEMENT_3D('',#4354,#3494,#3495);
#3231=AXIS2_PLACEMENT_3D('',#4360,#3499,#3500);
#3232=AXIS2_PLACEMENT_3D('',#4364,#3502,#3503);
#3233=AXIS2_PLACEMENT_3D('',#4368,#3505,#3506);
#3234=AXIS2_PLACEMENT_3D('',#4371,#3508,#3509);
#3235=AXIS2_PLACEMENT_3D('',#4373,#3510,#3511);
#3236=AXIS2_PLACEMENT_3D('',#4375,#3512,#3513);
#3237=AXIS2_PLACEMENT_3D('',#4377,#3514,#3515);
#3238=AXIS2_PLACEMENT_3D('',#4379,#3516,#3517);
#3239=AXIS2_PLACEMENT_3D('',#4381,#3518,#3519);
#3240=AXIS2_PLACEMENT_3D('',#4383,#3520,#3521);
#3241=AXIS2_PLACEMENT_3D('',#4385,#3522,#3523);
#3242=AXIS2_PLACEMENT_3D('',#4387,#3524,#3525);
#3243=AXIS2_PLACEMENT_3D('',#4396,#3530,#3531);
#3244=AXIS2_PLACEMENT_3D('',#4399,#3532,#3533);
#3245=AXIS2_PLACEMENT_3D('',#4402,#3536,#3537);
#3246=AXIS2_PLACEMENT_3D('',#4406,#3540,#3541);
#3247=AXIS2_PLACEMENT_3D('',#4408,#3542,#3543);
#3248=AXIS2_PLACEMENT_3D('',#4410,#3545,#3546);
#3249=AXIS2_PLACEMENT_3D('',#4412,#3547,#3548);
#3250=AXIS2_PLACEMENT_3D('',#4414,#3550,#3551);
#3251=AXIS2_PLACEMENT_3D('',#4416,#3552,#3553);
#3252=AXIS2_PLACEMENT_3D('',#4418,#3555,#3556);
#3253=AXIS2_PLACEMENT_3D('',#4420,#3557,#3558);
#3254=AXIS2_PLACEMENT_3D('',#4422,#3560,#3561);
#3255=AXIS2_PLACEMENT_3D('',#4424,#3562,#3563);
#3256=AXIS2_PLACEMENT_3D('',#4426,#3565,#3566);
#3257=AXIS2_PLACEMENT_3D('',#4428,#3567,#3568);
#3258=AXIS2_PLACEMENT_3D('',#4430,#3570,#3571);
#3259=AXIS2_PLACEMENT_3D('',#4432,#3572,#3573);
#3260=AXIS2_PLACEMENT_3D('',#4434,#3575,#3576);
#3261=AXIS2_PLACEMENT_3D('',#4436,#3577,#3578);
#3262=AXIS2_PLACEMENT_3D('',#4438,#3580,#3581);
#3263=AXIS2_PLACEMENT_3D('',#4440,#3582,#3583);
#3264=AXIS2_PLACEMENT_3D('',#4442,#3585,#3586);
#3265=AXIS2_PLACEMENT_3D('',#4444,#3587,#3588);
#3266=AXIS2_PLACEMENT_3D('',#4446,#3590,#3591);
#3267=AXIS2_PLACEMENT_3D('',#4452,#3595,#3596);
#3268=AXIS2_PLACEMENT_3D('',#4456,#3599,#3600);
#3269=AXIS2_PLACEMENT_3D('',#4460,#3603,#3604);
#3270=AXIS2_PLACEMENT_3D('',#4462,#3606,#3607);
#3271=AXIS2_PLACEMENT_3D('',#4471,#3612,#3613);
#3272=AXIS2_PLACEMENT_3D('',#4477,#3617,#3618);
#3273=AXIS2_PLACEMENT_3D('',#4481,#3621,#3622);
#3274=AXIS2_PLACEMENT_3D('',#4485,#3625,#3626);
#3275=AXIS2_PLACEMENT_3D('',#4487,#3628,#3629);
#3276=AXIS2_PLACEMENT_3D('',#4489,#3631,#3632);
#3277=AXIS2_PLACEMENT_3D('',#4491,#3634,#3635);
#3278=AXIS2_PLACEMENT_3D('',#4492,#3636,#3637);
#3279=AXIS2_PLACEMENT_3D('',#4493,#3638,#3639);
#3280=AXIS2_PLACEMENT_3D('',#4502,#3644,#3645);
#3281=AXIS2_PLACEMENT_3D('',#4508,#3649,#3650);
#3282=AXIS2_PLACEMENT_3D('',#4514,#3654,#3655);
#3283=AXIS2_PLACEMENT_3D('',#4517,#3658,#3659);
#3284=AXIS2_PLACEMENT_3D('',#4526,#3664,#3665);
#3285=AXIS2_PLACEMENT_3D('',#4532,#3669,#3670);
#3286=AXIS2_PLACEMENT_3D('',#4536,#3673,#3674);
#3287=AXIS2_PLACEMENT_3D('',#4540,#3677,#3678);
#3288=AXIS2_PLACEMENT_3D('',#4542,#3680,#3681);
#3289=AXIS2_PLACEMENT_3D('',#4543,#3682,#3683);
#3290=AXIS2_PLACEMENT_3D('',#4544,#3684,#3685);
#3291=AXIS2_PLACEMENT_3D('',#4545,#3686,#3687);
#3292=AXIS2_PLACEMENT_3D('',#4548,#3688,#3689);
#3293=AXIS2_PLACEMENT_3D('',#4552,#3691,#3692);
#3294=AXIS2_PLACEMENT_3D('',#4554,#3694,#3695);
#3295=AXIS2_PLACEMENT_3D('',#4564,#3701,#3702);
#3296=AXIS2_PLACEMENT_3D('',#4567,#3703,#3704);
#3297=AXIS2_PLACEMENT_3D('',#4571,#3706,#3707);
#3298=AXIS2_PLACEMENT_3D('',#4573,#3709,#3710);
#3299=AXIS2_PLACEMENT_3D('',#4583,#3716,#3717);
#3300=AXIS2_PLACEMENT_3D('',#4624,#3720,#3721);
#3301=AXIS2_PLACEMENT_3D('',#4638,#3723,#3724);
#3302=AXIS2_PLACEMENT_3D('',#4639,#3725,#3726);
#3303=AXIS2_PLACEMENT_3D('',#4641,#3727,#3728);
#3304=AXIS2_PLACEMENT_3D('',#4648,#3732,#3733);
#3305=AXIS2_PLACEMENT_3D('',#4649,#3734,#3735);
#3306=AXIS2_PLACEMENT_3D('',#4653,#3737,#3738);
#3307=AXIS2_PLACEMENT_3D('',#4655,#3740,#3741);
#3308=AXIS2_PLACEMENT_3D('',#4659,#3744,#3745);
#3309=AXIS2_PLACEMENT_3D('',#4663,#3748,#3749);
#3310=AXIS2_PLACEMENT_3D('',#4666,#3751,#3752);
#3311=AXIS2_PLACEMENT_3D('',#4667,#3753,#3754);
#3312=AXIS2_PLACEMENT_3D('',#4668,#3755,#3756);
#3313=AXIS2_PLACEMENT_3D('',#4669,#3757,#3758);
#3314=AXIS2_PLACEMENT_3D('',#4673,#3760,#3761);
#3315=AXIS2_PLACEMENT_3D('',#4675,#3763,#3764);
#3316=AXIS2_PLACEMENT_3D('',#4682,#3769,#3770);
#3317=AXIS2_PLACEMENT_3D('',#4688,#3774,#3775);
#3318=AXIS2_PLACEMENT_3D('',#4697,#3780,#3781);
#3319=AXIS2_PLACEMENT_3D('',#4701,#3784,#3785);
#3320=AXIS2_PLACEMENT_3D('',#4705,#3788,#3789);
#3321=AXIS2_PLACEMENT_3D('',#4707,#3791,#3792);
#3322=AXIS2_PLACEMENT_3D('',#4708,#3793,#3794);
#3323=AXIS2_PLACEMENT_3D('',#4709,#3795,#3796);
#3324=AXIS2_PLACEMENT_3D('',#4711,#3797,#3798);
#3325=AXIS2_PLACEMENT_3D('',#4714,#3800,#3801);
#3326=AXIS2_PLACEMENT_3D('',#4715,#3802,#3803);
#3327=AXIS2_PLACEMENT_3D('',#4717,#3805,#3806);
#3328=AXIS2_PLACEMENT_3D('',#4718,#3807,#3808);
#3329=AXIS2_PLACEMENT_3D('',#4720,#3810,#3811);
#3330=AXIS2_PLACEMENT_3D('',#4723,#3812,#3813);
#3331=AXIS2_PLACEMENT_3D('',#4727,#3815,#3816);
#3332=AXIS2_PLACEMENT_3D('',#4729,#3818,#3819);
#3333=AXIS2_PLACEMENT_3D('',#4743,#3826,#3827);
#3334=AXIS2_PLACEMENT_3D('',#4747,#3829,#3830);
#3335=AXIS2_PLACEMENT_3D('',#4750,#3832,#3833);
#3336=AXIS2_PLACEMENT_3D('',#4756,#3836,#3837);
#3337=AXIS2_PLACEMENT_3D('',#4760,#3839,#3840);
#3338=AXIS2_PLACEMENT_3D('',#4766,#3844,#3845);
#3339=AXIS2_PLACEMENT_3D('',#4798,#3862,#3863);
#3340=AXIS2_PLACEMENT_3D('',#4800,#3864,#3865);
#3341=AXIS2_PLACEMENT_3D('',#4803,#3867,#3868);
#3342=AXIS2_PLACEMENT_3D('',#4804,#3869,#3870);
#3343=AXIS2_PLACEMENT_3D('',#4812,#3875,#3876);
#3344=AXIS2_PLACEMENT_3D('',#4814,#3877,#3878);
#3345=AXIS2_PLACEMENT_3D('',#4817,#3880,#3881);
#3346=AXIS2_PLACEMENT_3D('',#4818,#3882,#3883);
#3347=AXIS2_PLACEMENT_3D('',#4826,#3888,#3889);
#3348=AXIS2_PLACEMENT_3D('',#4828,#3890,#3891);
#3349=AXIS2_PLACEMENT_3D('',#4830,#3892,#3893);
#3350=AXIS2_PLACEMENT_3D('',#4832,#3895,#3896);
#3351=AXIS2_PLACEMENT_3D('',#4840,#3900,#3901);
#3352=AXIS2_PLACEMENT_3D('',#4844,#3903,#3904);
#3353=AXIS2_PLACEMENT_3D('',#4849,#3907,#3908);
#3354=AXIS2_PLACEMENT_3D('',#4853,#3910,#3911);
#3355=AXIS2_PLACEMENT_3D('',#4857,#3913,#3914);
#3356=AXIS2_PLACEMENT_3D('',#4867,#3920,#3921);
#3357=AXIS2_PLACEMENT_3D('',#4870,#3922,#3923);
#3358=AXIS2_PLACEMENT_3D('',#4873,#3926,#3927);
#3359=AXIS2_PLACEMENT_3D('',#4877,#3930,#3931);
#3360=AXIS2_PLACEMENT_3D('',#4881,#3933,#3934);
#3361=AXIS2_PLACEMENT_3D('',#4883,#3936,#3937);
#3362=AXIS2_PLACEMENT_3D('',#4887,#3940,#3941);
#3363=AXIS2_PLACEMENT_3D('',#4891,#3943,#3944);
#3364=AXIS2_PLACEMENT_3D('',#4892,#3945,#3946);
#3365=AXIS2_PLACEMENT_3D('',#4893,#3947,#3948);
#3366=AXIS2_PLACEMENT_3D('',#4903,#3954,#3955);
#3367=AXIS2_PLACEMENT_3D('',#4908,#3959,#3960);
#3368=AXIS2_PLACEMENT_3D('',#4924,#3970,#3971);
#3369=AXIS2_PLACEMENT_3D('',#4928,#3973,#3974);
#3370=AXIS2_PLACEMENT_3D('',#4929,#3975,#3976);
#3371=AXIS2_PLACEMENT_3D('',#4930,#3977,#3978);
#3372=AXIS2_PLACEMENT_3D('',#4934,#3981,#3982);
#3373=AXIS2_PLACEMENT_3D('',#4941,#3987,#3988);
#3374=AXIS2_PLACEMENT_3D('',#4944,#3990,#3991);
#3375=AXIS2_PLACEMENT_3D('',#4945,#3992,#3993);
#3376=AXIS2_PLACEMENT_3D('',#4947,#3994,#3995);
#3377=AXIS2_PLACEMENT_3D('',#4949,#3997,#3998);
#3378=AXIS2_PLACEMENT_3D('',#4953,#4001,#4002);
#3379=AXIS2_PLACEMENT_3D('',#4955,#4004,#4005);
#3380=AXIS2_PLACEMENT_3D('',#4957,#4007,#4008);
#3381=AXIS2_PLACEMENT_3D('',#4959,#4010,#4011);
#3382=AXIS2_PLACEMENT_3D('',#4964,#4015,#4016);
#3383=AXIS2_PLACEMENT_3D('',#4974,#4022,#4023);
#3384=AXIS2_PLACEMENT_3D('',#4977,#4026,#4027);
#3385=AXIS2_PLACEMENT_3D('',#4979,#4029,#4030);
#3386=AXIS2_PLACEMENT_3D('',#4982,#4031,#4032);
#3387=AXIS2_PLACEMENT_3D('',#4985,#4035,#4036);
#3388=AXIS2_PLACEMENT_3D('',#4989,#4039,#4040);
#3389=AXIS2_PLACEMENT_3D('',#4994,#4043,#4044);
#3390=AXIS2_PLACEMENT_3D('',#4997,#4047,#4048);
#3391=AXIS2_PLACEMENT_3D('',#5001,#4050,#4051);
#3392=AXIS2_PLACEMENT_3D('',#5003,#4053,#4054);
#3393=AXIS2_PLACEMENT_3D('',#5007,#4057,#4058);
#3394=AXIS2_PLACEMENT_3D('',#5009,#4060,#4061);
#3395=AXIS2_PLACEMENT_3D('',#5011,#4062,#4063);
#3396=AXIS2_PLACEMENT_3D('',#5013,#4065,#4066);
#3397=AXIS2_PLACEMENT_3D('',#5015,#4068,#4069);
#3398=AXIS2_PLACEMENT_3D('',#5021,#4074,#4075);
#3399=AXIS2_PLACEMENT_3D('',#5023,#4077,#4078);
#3400=AXIS2_PLACEMENT_3D('',#5024,#4079,#4080);
#3401=AXIS2_PLACEMENT_3D('',#5025,#4081,#4082);
#3402=AXIS2_PLACEMENT_3D('',#5026,#4083,#4084);
#3403=AXIS2_PLACEMENT_3D('',#5027,#4085,#4086);
#3404=AXIS2_PLACEMENT_3D('',#5028,#4087,#4088);
#3405=AXIS2_PLACEMENT_3D('',#5031,#4091,#4092);
#3406=AXIS2_PLACEMENT_3D('',#5033,#4094,#4095);
#3407=AXIS2_PLACEMENT_3D('',#5035,#4097,#4098);
#3408=AXIS2_PLACEMENT_3D('',#5037,#4100,#4101);
#3409=AXIS2_PLACEMENT_3D('',#5039,#4103,#4104);
#3410=AXIS2_PLACEMENT_3D('',#5040,#4105,#4106);
#3411=AXIS2_PLACEMENT_3D('',#5042,#4108,#4109);
#3412=AXIS2_PLACEMENT_3D('',#5043,#4110,#4111);
#3413=AXIS2_PLACEMENT_3D('',#5044,#4112,#4113);
#3414=AXIS2_PLACEMENT_3D('',#5045,#4114,#4115);
#3415=AXIS2_PLACEMENT_3D('',#5046,#4116,#4117);
#3416=AXIS2_PLACEMENT_3D('',#5047,#4118,#4119);
#3417=AXIS2_PLACEMENT_3D('',#5050,#4120,#4121);
#3418=AXIS2_PLACEMENT_3D('',#5054,#4123,#4124);
#3419=AXIS2_PLACEMENT_3D('',#5056,#4125,#4126);
#3420=AXIS2_PLACEMENT_3D('',#5059,#4128,#4129);
#3421=AXIS2_PLACEMENT_3D('',#5060,#4130,#4131);
#3422=AXIS2_PLACEMENT_3D('',#5069,#4136,#4137);
#3423=AXIS2_PLACEMENT_3D('',#5075,#4141,#4142);
#3424=AXIS2_PLACEMENT_3D('',#5081,#4146,#4147);
#3425=AXIS2_PLACEMENT_3D('',#5087,#4151,#4152);
#3426=AXIS2_PLACEMENT_3D('',#5093,#4156,#4157);
#3427=AXIS2_PLACEMENT_3D('',#5096,#4160,#4161);
#3428=AXIS2_PLACEMENT_3D('',#5098,#4162,#4163);
#3429=AXIS2_PLACEMENT_3D('',#5099,#4164,#4165);
#3430=AXIS2_PLACEMENT_3D('',#5108,#4170,#4171);
#3431=AXIS2_PLACEMENT_3D('',#5114,#4175,#4176);
#3432=AXIS2_PLACEMENT_3D('',#5120,#4180,#4181);
#3433=AXIS2_PLACEMENT_3D('',#5126,#4185,#4186);
#3434=AXIS2_PLACEMENT_3D('',#5132,#4190,#4191);
#3435=AXIS2_PLACEMENT_3D('',#5135,#4194,#4195);
#3436=AXIS2_PLACEMENT_3D('',#5137,#4196,#4197);
#3437=AXIS2_PLACEMENT_3D('',#5138,#4198,#4199);
#3438=AXIS2_PLACEMENT_3D('',#5141,#4201,#4202);
#3439=AXIS2_PLACEMENT_3D('',#5142,#4203,#4204);
#3440=AXIS2_PLACEMENT_3D('',#5145,#4206,#4207);
#3441=AXIS2_PLACEMENT_3D('',#5146,#4208,#4209);
#3442=AXIS2_PLACEMENT_3D('',#5155,#4214,#4215);
#3443=AXIS2_PLACEMENT_3D('',#5161,#4218,#4219);
#3444=AXIS2_PLACEMENT_3D('',#5165,#4222,#4223);
#3445=AXIS2_PLACEMENT_3D('',#5169,#4226,#4227);
#3446=AXIS2_PLACEMENT_3D('',#5171,#4228,#4229);
#3447=AXIS2_PLACEMENT_3D('',#5173,#4231,#4232);
#3448=AXIS2_PLACEMENT_3D('',#5177,#4235,#4236);
#3449=AXIS2_PLACEMENT_3D('',#5181,#4239,#4240);
#3450=AXIS2_PLACEMENT_3D('',#5183,#4242,#4243);
#3451=AXIS2_PLACEMENT_3D('',#5405,#4248,#4249);
#3452=AXIS2_PLACEMENT_3D('',#5511,#4252,#4253);
#3453=AXIS2_PLACEMENT_3D('',#5515,#4256,#4257);
#3454=AXIS2_PLACEMENT_3D('',#5518,#4260,#4261);
#3455=AXIS2_PLACEMENT_3D('',#5521,#4264,#4265);
#3456=AXIS2_PLACEMENT_3D('',#5525,#4268,#4269);
#3457=AXIS2_PLACEMENT_3D('',#5527,#4270,#4271);
#3458=AXIS2_PLACEMENT_3D('',#5529,#4273,#4274);
#3459=AXIS2_PLACEMENT_3D('',#5531,#4276,#4277);
#3460=AXIS2_PLACEMENT_3D('',#5532,#4278,#4279);
#3461=AXIS2_PLACEMENT_3D('',#5541,#4284,#4285);
#3462=AXIS2_PLACEMENT_3D('',#5543,#4286,#4287);
#3463=AXIS2_PLACEMENT_3D('',#5545,#4288,#4289);
#3464=AXIS2_PLACEMENT_3D('',#5547,#4291,#4292);
#3465=AXIS2_PLACEMENT_3D('',#5553,#4296,#4297);
#3466=AXIS2_PLACEMENT_3D('',#5556,#4298,#4299);
#3467=AXIS2_PLACEMENT_3D('',#5563,#4304,#4305);
#3468=AXIS2_PLACEMENT_3D('',#5566,#4308,#4309);
#3469=AXIS2_PLACEMENT_3D('',#5570,#4312,#4313);
#3470=AXIS2_PLACEMENT_3D('',#5574,#4316,#4317);
#3471=AXIS2_PLACEMENT_3D('',#5577,#4320,#4321);
#3472=AXIS2_PLACEMENT_3D('',#5579,#4323,#4324);
#3473=AXIS2_PLACEMENT_3D('',#5580,#4325,#4326);
#3474=AXIS2_PLACEMENT_3D('',#5581,#4327,#4328);
#3475=AXIS2_PLACEMENT_3D('',#5582,#4329,#4330);
#3476=AXIS2_PLACEMENT_3D('',#5583,#4331,#4332);
#3477=AXIS2_PLACEMENT_3D('',#5584,#4333,#4334);
#3478=AXIS2_PLACEMENT_3D('',#5585,#4335,#4336);
#3479=AXIS2_PLACEMENT_3D('',#5586,#4337,#4338);
#3480=AXIS2_PLACEMENT_3D('',#5587,#4339,#4340);
#3481=AXIS2_PLACEMENT_3D('',#5588,#4341,#4342);
#3482=DIRECTION('axis',(0.,0.,1.));
#3483=DIRECTION('refdir',(1.,0.,0.));
#3484=DIRECTION('axis',(0.,0.,1.));
#3485=DIRECTION('refdir',(1.,0.,0.));
#3486=DIRECTION('center_axis',(0.,1.,0.));
#3487=DIRECTION('ref_axis',(-0.707106781186547,0.,0.707106781186547));
#3488=DIRECTION('center_axis',(0.,-1.,0.));
#3489=DIRECTION('ref_axis',(-0.707106781186547,0.,0.707106781186547));
#3490=DIRECTION('',(0.,-1.,0.));
#3491=DIRECTION('center_axis',(0.,1.,0.));
#3492=DIRECTION('ref_axis',(-0.707106781186547,0.,0.707106781186547));
#3493=DIRECTION('',(0.,1.,0.));
#3494=DIRECTION('center_axis',(1.79883812064595E-33,0.,1.));
#3495=DIRECTION('ref_axis',(1.,0.,-1.79883812064595E-33));
#3496=DIRECTION('',(1.,0.,-1.79883812064595E-33));
#3497=DIRECTION('',(0.,-1.,0.));
#3498=DIRECTION('',(1.,0.,-1.79883812064595E-33));
#3499=DIRECTION('center_axis',(0.,1.,0.));
#3500=DIRECTION('ref_axis',(1.,0.,0.));
#3501=DIRECTION('',(5.4747247150094E-34,0.,1.));
#3502=DIRECTION('center_axis',(0.,1.,0.));
#3503=DIRECTION('ref_axis',(-0.707106781186547,0.,-0.707106781186547));
#3504=DIRECTION('',(-1.,0.,0.));
#3505=DIRECTION('center_axis',(0.,1.,0.));
#3506=DIRECTION('ref_axis',(0.707106781186547,0.,-0.707106781186547));
#3507=DIRECTION('',(0.,0.,-1.));
#3508=DIRECTION('center_axis',(0.,1.,0.));
#3509=DIRECTION('ref_axis',(0.707106781186547,0.,0.707106781186547));
#3510=DIRECTION('center_axis',(0.,1.,0.));
#3511=DIRECTION('ref_axis',(-1.,0.,0.));
#3512=DIRECTION('center_axis',(0.,1.,0.));
#3513=DIRECTION('ref_axis',(-1.,0.,0.));
#3514=DIRECTION('center_axis',(0.,1.,0.));
#3515=DIRECTION('ref_axis',(-1.,0.,0.));
#3516=DIRECTION('center_axis',(0.,1.,0.));
#3517=DIRECTION('ref_axis',(-1.,0.,0.));
#3518=DIRECTION('center_axis',(0.,1.,0.));
#3519=DIRECTION('ref_axis',(-1.,0.,0.));
#3520=DIRECTION('center_axis',(0.,1.,0.));
#3521=DIRECTION('ref_axis',(-1.,0.,0.));
#3522=DIRECTION('center_axis',(0.,1.,0.));
#3523=DIRECTION('ref_axis',(-1.,0.,0.));
#3524=DIRECTION('center_axis',(0.,1.,0.));
#3525=DIRECTION('ref_axis',(-1.,0.,0.));
#3526=DIRECTION('',(1.,0.,0.));
#3527=DIRECTION('',(0.,0.,-1.));
#3528=DIRECTION('',(-1.,0.,-2.67684876341207E-17));
#3529=DIRECTION('',(0.,0.,1.));
#3530=DIRECTION('center_axis',(0.,1.,0.));
#3531=DIRECTION('ref_axis',(-0.707106781186547,0.,-0.707106781186547));
#3532=DIRECTION('center_axis',(0.,-1.,0.));
#3533=DIRECTION('ref_axis',(-0.707106781186547,0.,-0.707106781186547));
#3534=DIRECTION('',(0.,-1.,0.));
#3535=DIRECTION('',(0.,1.,0.));
#3536=DIRECTION('center_axis',(0.,0.,-1.));
#3537=DIRECTION('ref_axis',(-1.,0.,0.));
#3538=DIRECTION('',(-1.,0.,0.));
#3539=DIRECTION('',(0.,1.,0.));
#3540=DIRECTION('center_axis',(0.,1.,0.));
#3541=DIRECTION('ref_axis',(0.707106781186547,0.,-0.707106781186547));
#3542=DIRECTION('center_axis',(0.,-1.,0.));
#3543=DIRECTION('ref_axis',(0.707106781186547,0.,-0.707106781186547));
#3544=DIRECTION('',(0.,-1.,0.));
#3545=DIRECTION('center_axis',(0.,1.,0.));
#3546=DIRECTION('ref_axis',(0.707106781186547,0.,0.707106781186547));
#3547=DIRECTION('center_axis',(0.,-1.,0.));
#3548=DIRECTION('ref_axis',(0.707106781186547,0.,0.707106781186547));
#3549=DIRECTION('',(0.,1.,0.));
#3550=DIRECTION('center_axis',(0.,-1.,0.));
#3551=DIRECTION('ref_axis',(-1.,0.,0.));
#3552=DIRECTION('center_axis',(0.,-1.,0.));
#3553=DIRECTION('ref_axis',(-1.,0.,0.));
#3554=DIRECTION('',(0.,-1.,0.));
#3555=DIRECTION('center_axis',(0.,-1.,0.));
#3556=DIRECTION('ref_axis',(-1.,0.,0.));
#3557=DIRECTION('center_axis',(0.,-1.,0.));
#3558=DIRECTION('ref_axis',(-1.,0.,0.));
#3559=DIRECTION('',(0.,-1.,0.));
#3560=DIRECTION('center_axis',(0.,-1.,0.));
#3561=DIRECTION('ref_axis',(-1.,0.,0.));
#3562=DIRECTION('center_axis',(0.,-1.,0.));
#3563=DIRECTION('ref_axis',(-1.,0.,0.));
#3564=DIRECTION('',(0.,-1.,0.));
#3565=DIRECTION('center_axis',(0.,-1.,0.));
#3566=DIRECTION('ref_axis',(-1.,0.,0.));
#3567=DIRECTION('center_axis',(0.,-1.,0.));
#3568=DIRECTION('ref_axis',(-1.,0.,0.));
#3569=DIRECTION('',(0.,-1.,0.));
#3570=DIRECTION('center_axis',(0.,-1.,0.));
#3571=DIRECTION('ref_axis',(-1.,0.,0.));
#3572=DIRECTION('center_axis',(0.,-1.,0.));
#3573=DIRECTION('ref_axis',(-1.,0.,0.));
#3574=DIRECTION('',(0.,-1.,0.));
#3575=DIRECTION('center_axis',(0.,-1.,0.));
#3576=DIRECTION('ref_axis',(-1.,0.,0.));
#3577=DIRECTION('center_axis',(0.,-1.,0.));
#3578=DIRECTION('ref_axis',(-1.,0.,0.));
#3579=DIRECTION('',(0.,-1.,0.));
#3580=DIRECTION('center_axis',(0.,-1.,0.));
#3581=DIRECTION('ref_axis',(-1.,0.,0.));
#3582=DIRECTION('center_axis',(0.,-1.,0.));
#3583=DIRECTION('ref_axis',(-1.,0.,0.));
#3584=DIRECTION('',(0.,-1.,0.));
#3585=DIRECTION('center_axis',(0.,-1.,0.));
#3586=DIRECTION('ref_axis',(-1.,0.,0.));
#3587=DIRECTION('center_axis',(0.,-1.,0.));
#3588=DIRECTION('ref_axis',(-1.,0.,0.));
#3589=DIRECTION('',(0.,-1.,0.));
#3590=DIRECTION('center_axis',(1.,0.,0.));
#3591=DIRECTION('ref_axis',(0.,0.,-1.));
#3592=DIRECTION('',(0.,1.,0.));
#3593=DIRECTION('',(0.,0.,-1.));
#3594=DIRECTION('',(0.,1.,0.));
#3595=DIRECTION('center_axis',(2.67684876341207E-17,0.,-1.));
#3596=DIRECTION('ref_axis',(-1.,0.,-2.67684876341207E-17));
#3597=DIRECTION('',(-1.,0.,-2.67684876341207E-17));
#3598=DIRECTION('',(0.,1.,0.));
#3599=DIRECTION('center_axis',(-1.,0.,0.));
#3600=DIRECTION('ref_axis',(0.,0.,1.));
#3601=DIRECTION('',(0.,0.,1.));
#3602=DIRECTION('',(0.,1.,0.));
#3603=DIRECTION('center_axis',(0.,0.,1.));
#3604=DIRECTION('ref_axis',(1.,0.,0.));
#3605=DIRECTION('',(1.,0.,0.));
#3606=DIRECTION('center_axis',(0.,1.,0.));
#3607=DIRECTION('ref_axis',(0.,0.,1.));
#3608=DIRECTION('',(-1.,0.,0.));
#3609=DIRECTION('',(0.,0.,1.));
#3610=DIRECTION('',(1.,0.,0.));
#3611=DIRECTION('',(0.,0.,-1.));
#3612=DIRECTION('center_axis',(0.,0.,1.));
#3613=DIRECTION('ref_axis',(1.,0.,0.));
#3614=DIRECTION('',(0.,1.,0.));
#3615=DIRECTION('',(1.,0.,0.));
#3616=DIRECTION('',(0.,1.,0.));
#3617=DIRECTION('center_axis',(-1.,0.,0.));
#3618=DIRECTION('ref_axis',(0.,0.,1.));
#3619=DIRECTION('',(0.,1.,0.));
#3620=DIRECTION('',(0.,0.,1.));
#3621=DIRECTION('center_axis',(0.,0.,-1.));
#3622=DIRECTION('ref_axis',(-1.,0.,0.));
#3623=DIRECTION('',(0.,1.,0.));
#3624=DIRECTION('',(-1.,0.,0.));
#3625=DIRECTION('center_axis',(1.,0.,0.));
#3626=DIRECTION('ref_axis',(0.,0.,-1.));
#3627=DIRECTION('',(0.,0.,-1.));
#3628=DIRECTION('center_axis',(1.,0.,0.));
#3629=DIRECTION('ref_axis',(0.,0.,-1.));
#3630=DIRECTION('',(0.,0.,-1.));
#3631=DIRECTION('center_axis',(-1.,0.,5.4747247150094E-34));
#3632=DIRECTION('ref_axis',(5.4747247150094E-34,0.,1.));
#3633=DIRECTION('',(5.4747247150094E-34,0.,1.));
#3634=DIRECTION('center_axis',(0.,1.,0.));
#3635=DIRECTION('ref_axis',(0.,0.,1.));
#3636=DIRECTION('axis',(0.,0.,1.));
#3637=DIRECTION('refdir',(1.,0.,0.));
#3638=DIRECTION('center_axis',(0.,0.,-1.));
#3639=DIRECTION('ref_axis',(-1.,0.,0.));
#3640=DIRECTION('',(1.,0.,0.));
#3641=DIRECTION('',(0.,1.,0.));
#3642=DIRECTION('',(-1.,0.,0.));
#3643=DIRECTION('',(0.,1.,0.));
#3644=DIRECTION('center_axis',(-1.,0.,0.));
#3645=DIRECTION('ref_axis',(0.,0.,1.));
#3646=DIRECTION('',(0.,0.,-1.));
#3647=DIRECTION('',(0.,0.,1.));
#3648=DIRECTION('',(0.,1.,0.));
#3649=DIRECTION('center_axis',(0.,0.,1.));
#3650=DIRECTION('ref_axis',(1.,0.,0.));
#3651=DIRECTION('',(-1.,0.,0.));
#3652=DIRECTION('',(1.,0.,0.));
#3653=DIRECTION('',(0.,1.,0.));
#3654=DIRECTION('center_axis',(1.,0.,8.02087675827928E-17));
#3655=DIRECTION('ref_axis',(8.02087675827928E-17,0.,-1.));
#3656=DIRECTION('',(-8.02087675827928E-17,0.,1.));
#3657=DIRECTION('',(8.02087675827928E-17,0.,-1.));
#3658=DIRECTION('center_axis',(0.,1.,0.));
#3659=DIRECTION('ref_axis',(0.,0.,1.));
#3660=DIRECTION('',(-1.,0.,0.));
#3661=DIRECTION('',(0.,0.,1.));
#3662=DIRECTION('',(1.,0.,0.));
#3663=DIRECTION('',(0.,0.,-1.));
#3664=DIRECTION('center_axis',(0.,0.,-1.));
#3665=DIRECTION('ref_axis',(-1.,0.,0.));
#3666=DIRECTION('',(-1.,0.,0.));
#3667=DIRECTION('',(0.,1.,0.));
#3668=DIRECTION('',(0.,1.,0.));
#3669=DIRECTION('center_axis',(1.,0.,0.));
#3670=DIRECTION('ref_axis',(0.,0.,-1.));
#3671=DIRECTION('',(0.,0.,-1.));
#3672=DIRECTION('',(0.,1.,0.));
#3673=DIRECTION('center_axis',(0.,0.,1.));
#3674=DIRECTION('ref_axis',(1.,0.,0.));
#3675=DIRECTION('',(1.,0.,0.));
#3676=DIRECTION('',(0.,1.,0.));
#3677=DIRECTION('center_axis',(-1.,0.,0.));
#3678=DIRECTION('ref_axis',(0.,0.,1.));
#3679=DIRECTION('',(0.,0.,1.));
#3680=DIRECTION('center_axis',(0.,1.,0.));
#3681=DIRECTION('ref_axis',(0.,0.,1.));
#3682=DIRECTION('center_axis',(0.,1.,0.));
#3683=DIRECTION('ref_axis',(-1.,0.,0.));
#3684=DIRECTION('axis',(0.,0.,1.));
#3685=DIRECTION('refdir',(1.,0.,0.));
#3686=DIRECTION('center_axis',(0.,0.,1.));
#3687=DIRECTION('ref_axis',(0.707106781186542,0.707106781186553,0.));
#3688=DIRECTION('center_axis',(0.,0.,-1.));
#3689=DIRECTION('ref_axis',(0.707106781186542,0.707106781186553,0.));
#3690=DIRECTION('',(0.,0.,1.));
#3691=DIRECTION('center_axis',(0.,0.,1.));
#3692=DIRECTION('ref_axis',(0.707106781186542,0.707106781186553,0.));
#3693=DIRECTION('',(0.,0.,-1.));
#3694=DIRECTION('center_axis',(0.,1.,0.));
#3695=DIRECTION('ref_axis',(0.,0.,-1.));
#3696=DIRECTION('',(1.,0.,0.));
#3697=DIRECTION('',(-1.,0.,0.));
#3698=DIRECTION('',(0.,0.,-1.));
#3699=DIRECTION('',(1.,0.,0.));
#3700=DIRECTION('',(0.,0.,1.));
#3701=DIRECTION('center_axis',(0.,0.,1.));
#3702=DIRECTION('ref_axis',(0.707106781186542,0.707106781186553,0.));
#3703=DIRECTION('center_axis',(0.,0.,-1.));
#3704=DIRECTION('ref_axis',(0.707106781186542,0.707106781186553,0.));
#3705=DIRECTION('',(0.,0.,1.));
#3706=DIRECTION('center_axis',(0.,0.,1.));
#3707=DIRECTION('ref_axis',(0.707106781186542,0.707106781186553,0.));
#3708=DIRECTION('',(0.,0.,-1.));
#3709=DIRECTION('center_axis',(0.,1.,0.));
#3710=DIRECTION('ref_axis',(0.,0.,-1.));
#3711=DIRECTION('',(1.,0.,0.));
#3712=DIRECTION('',(0.,0.,1.));
#3713=DIRECTION('',(-1.,0.,0.));
#3714=DIRECTION('',(0.,0.,-1.));
#3715=DIRECTION('',(1.,0.,0.));
#3716=DIRECTION('center_axis',(0.,0.,-1.));
#3717=DIRECTION('ref_axis',(-0.589835068298991,0.807523740954236,0.));
#3718=DIRECTION('',(0.,0.,1.));
#3719=DIRECTION('',(0.,0.,-1.));
#3720=DIRECTION('center_axis',(0.,0.,1.));
#3721=DIRECTION('ref_axis',(-0.589835068298991,0.807523740954236,0.));
#3722=DIRECTION('',(0.,0.,1.));
#3723=DIRECTION('center_axis',(0.,0.,-1.));
#3724=DIRECTION('ref_axis',(-0.589835068298991,0.807523740954236,0.));
#3725=DIRECTION('center_axis',(-0.605858025421892,0.795572782988387,0.));
#3726=DIRECTION('ref_axis',(0.,0.,1.));
#3727=DIRECTION('center_axis',(0.605858025421892,-0.795572782988387,0.));
#3728=DIRECTION('ref_axis',(0.795572782988387,0.605858025421892,0.));
#3729=DIRECTION('',(-0.795572782988387,-0.605858025421892,0.));
#3730=DIRECTION('',(0.,0.,1.));
#3731=DIRECTION('',(0.795572782988387,0.605858025421892,0.));
#3732=DIRECTION('center_axis',(-0.605858025421892,0.795572782988387,0.));
#3733=DIRECTION('ref_axis',(0.795572782987948,0.605858025421558,-1.05021772359416E-6));
#3734=DIRECTION('center_axis',(-0.573576436351046,0.819152044288991,0.));
#3735=DIRECTION('ref_axis',(0.,0.,1.));
#3736=DIRECTION('',(-0.573576436351047,0.819152044288992,0.));
#3737=DIRECTION('center_axis',(-0.573576436351046,0.819152044288992,0.));
#3738=DIRECTION('ref_axis',(0.,0.,1.));
#3739=DIRECTION('',(-0.573576436351047,0.819152044288992,0.));
#3740=DIRECTION('center_axis',(0.,0.,1.));
#3741=DIRECTION('ref_axis',(0.819152044288992,0.573576436351046,0.));
#3742=DIRECTION('',(-0.573576436351047,0.819152044288992,0.));
#3743=DIRECTION('',(-0.819152044288992,-0.573576436351046,0.));
#3744=DIRECTION('center_axis',(-0.819152044288991,-0.573576436351046,0.));
#3745=DIRECTION('ref_axis',(0.,0.,1.));
#3746=DIRECTION('',(-0.573576436351047,0.819152044288992,0.));
#3747=DIRECTION('',(0.,0.,-1.));
#3748=DIRECTION('center_axis',(-0.573576436351046,0.819152044288991,0.));
#3749=DIRECTION('ref_axis',(-0.57922796533957,-0.405579787672639,-0.707106781186547));
#3750=DIRECTION('',(0.573576436351047,-0.819152044288992,0.));
#3751=DIRECTION('center_axis',(-0.573576436351046,0.819152044288992,0.));
#3752=DIRECTION('ref_axis',(-0.57922796533957,-0.405579787672639,-0.707106781186547));
#3753=DIRECTION('center_axis',(-0.573576436351046,0.819152044288992,0.));
#3754=DIRECTION('ref_axis',(0.,0.,-1.));
#3755=DIRECTION('center_axis',(-0.573576436351046,0.819152044288992,0.));
#3756=DIRECTION('ref_axis',(8.60975950554726E-7,6.0286185079569E-7,0.999999999999448));
#3757=DIRECTION('center_axis',(-0.573576436351046,0.819152044288991,0.));
#3758=DIRECTION('ref_axis',(0.819152044288465,0.573576436350678,-1.13335191346616E-6));
#3759=DIRECTION('',(-0.573576436351047,0.819152044288992,0.));
#3760=DIRECTION('center_axis',(0.573576436351046,-0.819152044288992,0.));
#3761=DIRECTION('ref_axis',(8.60975950554726E-7,6.0286185079569E-7,0.999999999999448));
#3762=DIRECTION('',(-0.573576436351047,0.819152044288992,0.));
#3763=DIRECTION('center_axis',(-0.573576436351046,0.819152044288992,0.));
#3764=DIRECTION('ref_axis',(0.,0.,-1.));
#3765=DIRECTION('',(0.819152044288992,0.573576436351046,0.));
#3766=DIRECTION('',(-0.819152044288992,-0.573576436351046,0.));
#3767=DIRECTION('',(0.,0.,1.));
#3768=DIRECTION('',(-0.819152044288991,-0.573576436351047,0.));
#3769=DIRECTION('center_axis',(-0.819152044288991,-0.573576436351047,0.));
#3770=DIRECTION('ref_axis',(0.,0.,1.));
#3771=DIRECTION('',(0.573576436351046,-0.819152044288992,0.));
#3772=DIRECTION('',(0.,0.,-1.));
#3773=DIRECTION('',(-0.573576436351046,0.819152044288992,0.));
#3774=DIRECTION('center_axis',(0.573576436351047,-0.819152044288991,0.));
#3775=DIRECTION('ref_axis',(0.,0.,1.));
#3776=DIRECTION('',(0.,0.,-1.));
#3777=DIRECTION('',(-0.819152044288991,-0.573576436351047,0.));
#3778=DIRECTION('',(0.,0.,1.));
#3779=DIRECTION('',(-0.819152044288991,-0.573576436351047,0.));
#3780=DIRECTION('center_axis',(0.,0.,-1.));
#3781=DIRECTION('ref_axis',(0.573576436351046,-0.819152044288992,0.));
#3782=DIRECTION('',(-1.,0.,0.));
#3783=DIRECTION('',(0.573576436351046,-0.819152044288992,0.));
#3784=DIRECTION('center_axis',(0.,0.,1.));
#3785=DIRECTION('ref_axis',(-0.573576436351047,0.819152044288992,0.));
#3786=DIRECTION('',(1.,0.,0.));
#3787=DIRECTION('',(-0.573576436351046,0.819152044288992,0.));
#3788=DIRECTION('center_axis',(-0.819152044288991,-0.573576436351047,0.));
#3789=DIRECTION('ref_axis',(0.,0.,1.));
#3790=DIRECTION('',(0.,0.,1.));
#3791=DIRECTION('center_axis',(0.,0.,-1.));
#3792=DIRECTION('ref_axis',(-0.663647036978831,0.748045861100252,0.));
#3793=DIRECTION('center_axis',(0.,0.,1.));
#3794=DIRECTION('ref_axis',(-0.663647036978831,0.748045861100252,0.));
#3795=DIRECTION('center_axis',(0.,0.,-1.));
#3796=DIRECTION('ref_axis',(-0.663647036978831,0.748045861100252,0.));
#3797=DIRECTION('center_axis',(0.,0.,1.));
#3798=DIRECTION('ref_axis',(-0.663647036978831,0.748045861100252,0.));
#3799=DIRECTION('',(0.,0.,1.));
#3800=DIRECTION('center_axis',(0.,-1.12641524375412E-16,-1.));
#3801=DIRECTION('ref_axis',(-0.663647036978831,0.748045861100252,0.));
#3802=DIRECTION('center_axis',(0.,0.,-1.));
#3803=DIRECTION('ref_axis',(-0.819152044288992,-0.573576436351046,0.));
#3804=DIRECTION('',(0.,-1.,0.));
#3805=DIRECTION('center_axis',(0.,0.,-1.));
#3806=DIRECTION('ref_axis',(-0.819152044288992,-0.573576436351046,0.));
#3807=DIRECTION('center_axis',(0.,0.,1.));
#3808=DIRECTION('ref_axis',(0.819152044288992,0.573576436351046,0.));
#3809=DIRECTION('',(0.,1.,0.));
#3810=DIRECTION('center_axis',(0.,0.,1.));
#3811=DIRECTION('ref_axis',(0.998314364087596,-0.0580381810223109,0.));
#3812=DIRECTION('center_axis',(0.,0.,1.));
#3813=DIRECTION('ref_axis',(0.998314364087596,-0.0580381810223109,0.));
#3814=DIRECTION('',(0.,0.,1.));
#3815=DIRECTION('center_axis',(0.,0.,-1.));
#3816=DIRECTION('ref_axis',(0.998314364087596,-0.0580381810223109,0.));
#3817=DIRECTION('',(0.,0.,-1.));
#3818=DIRECTION('center_axis',(0.,0.,-1.));
#3819=DIRECTION('ref_axis',(0.,-1.,0.));
#3820=DIRECTION('',(0.115880699560178,0.993263139087243,0.));
#3821=DIRECTION('',(-1.,0.,0.));
#3822=DIRECTION('',(0.,-1.,0.));
#3823=DIRECTION('',(1.,0.,0.));
#3824=DIRECTION('',(-0.581238193719097,-0.813733471206735,0.));
#3825=DIRECTION('',(1.,0.,0.));
#3826=DIRECTION('center_axis',(0.,0.,1.));
#3827=DIRECTION('ref_axis',(-0.707106781186548,-0.707106781186547,0.));
#3828=DIRECTION('',(0.,-1.,0.));
#3829=DIRECTION('center_axis',(0.,0.,1.));
#3830=DIRECTION('ref_axis',(-0.99821762118461,0.059678980860425,0.));
#3831=DIRECTION('',(-0.119145220618431,-0.992876838486922,0.));
#3832=DIRECTION('center_axis',(0.,0.,1.));
#3833=DIRECTION('ref_axis',(0.707106781186547,0.707106781186547,0.));
#3834=DIRECTION('',(0.,-1.,0.));
#3835=DIRECTION('',(1.,0.,0.));
#3836=DIRECTION('center_axis',(0.,0.,1.));
#3837=DIRECTION('ref_axis',(-0.615412209402636,-0.788205438016109,0.));
#3838=DIRECTION('',(0.242535625036333,-0.970142500145332,0.));
#3839=DIRECTION('center_axis',(0.,0.,1.));
#3840=DIRECTION('ref_axis',(-0.992507556682903,-0.122183263695704,0.));
#3841=DIRECTION('',(0.,-1.,0.));
#3842=DIRECTION('',(1.,0.,0.));
#3843=DIRECTION('',(0.,1.,0.));
#3844=DIRECTION('center_axis',(0.993263139087243,-0.115880699560178,0.));
#3845=DIRECTION('ref_axis',(0.,0.,-1.));
#3846=DIRECTION('',(-0.115880699560178,-0.993263139087243,0.));
#3847=DIRECTION('',(0.104172564169347,0.892907692880116,0.438022749260689));
#3848=DIRECTION('',(0.104172564169347,0.892907692880117,-0.438022749260687));
#3849=DIRECTION('',(0.,0.,-1.));
#3850=DIRECTION('',(-0.104172564169347,-0.892907692880116,0.438022749260689));
#3851=DIRECTION('',(0.104172564169347,0.892907692880116,0.438022749260689));
#3852=DIRECTION('',(0.,0.,-1.));
#3853=DIRECTION('',(-0.104172564169347,-0.892907692880117,-0.438022749260687));
#3854=DIRECTION('',(-0.104172564169347,-0.892907692880116,0.438022749260689));
#3855=DIRECTION('',(0.115880699560178,0.993263139087243,0.));
#3856=DIRECTION('',(0.,0.,-1.));
#3857=DIRECTION('',(-0.115880699560178,-0.993263139087243,1.11882674092694E-16));
#3858=DIRECTION('',(0.,0.,-1.));
#3859=DIRECTION('',(0.104172564169347,0.892907692880117,-0.438022749260687));
#3860=DIRECTION('',(-0.104172564169347,-0.892907692880117,-0.438022749260687));
#3861=DIRECTION('',(0.,0.,-1.));
#3862=DIRECTION('center_axis',(0.,0.,1.));
#3863=DIRECTION('ref_axis',(0.998314364087596,-0.0580381810223109,0.));
#3864=DIRECTION('center_axis',(0.,0.440418964250585,0.897792367938401));
#3865=DIRECTION('ref_axis',(-1.99349951643591E-17,-0.897792367938401,0.440418964250585));
#3866=DIRECTION('',(0.,0.,1.));
#3867=DIRECTION('center_axis',(0.,-0.440418964250588,-0.8977923679384));
#3868=DIRECTION('ref_axis',(-1.9934995164359E-17,-0.8977923679384,0.440418964250588));
#3869=DIRECTION('center_axis',(0.,-0.440418964250585,-0.897792367938401));
#3870=DIRECTION('ref_axis',(0.,-0.897792367938401,0.440418964250585));
#3871=DIRECTION('',(-1.,0.,0.));
#3872=DIRECTION('',(-0.107115242378497,-0.892627019820805,0.437885062928646));
#3873=DIRECTION('',(-1.,0.,0.));
#3874=DIRECTION('',(0.,-0.897792367938401,0.440418964250585));
#3875=DIRECTION('center_axis',(0.,0.,1.));
#3876=DIRECTION('ref_axis',(0.998314364087596,-0.0580381810223109,0.));
#3877=DIRECTION('center_axis',(0.,-0.440418964250588,0.8977923679384));
#3878=DIRECTION('ref_axis',(-1.9934995164359E-17,-0.8977923679384,-0.440418964250588));
#3879=DIRECTION('',(0.,0.,1.));
#3880=DIRECTION('center_axis',(0.,0.440418964250585,-0.897792367938401));
#3881=DIRECTION('ref_axis',(-1.99349951643591E-17,-0.897792367938401,-0.440418964250585));
#3882=DIRECTION('center_axis',(0.,0.440418964250588,-0.8977923679384));
#3883=DIRECTION('ref_axis',(0.,-0.8977923679384,-0.440418964250588));
#3884=DIRECTION('',(-1.,0.,0.));
#3885=DIRECTION('',(-0.107115242378496,-0.892627019820804,-0.437885062928649));
#3886=DIRECTION('',(-1.,0.,0.));
#3887=DIRECTION('',(0.,-0.8977923679384,-0.440418964250588));
#3888=DIRECTION('center_axis',(0.,0.,1.));
#3889=DIRECTION('ref_axis',(0.998314364087596,-0.0580381810223109,0.));
#3890=DIRECTION('center_axis',(0.,-1.12641524375412E-16,-1.));
#3891=DIRECTION('ref_axis',(0.998314364087596,-0.0580381810223109,0.));
#3892=DIRECTION('center_axis',(0.,0.,1.));
#3893=DIRECTION('ref_axis',(0.998314364087596,-0.0580381810223109,0.));
#3894=DIRECTION('',(0.,0.,1.));
#3895=DIRECTION('center_axis',(0.,1.12641524375412E-16,1.));
#3896=DIRECTION('ref_axis',(0.,1.,-1.12641524375412E-16));
#3897=DIRECTION('',(0.,-1.,1.12641524375412E-16));
#3898=DIRECTION('',(1.,0.,0.));
#3899=DIRECTION('',(0.,-1.,0.));
#3900=DIRECTION('center_axis',(0.,-1.12641524375412E-16,-1.));
#3901=DIRECTION('ref_axis',(-0.992507556682903,-0.122183263695704,0.));
#3902=DIRECTION('',(-0.242535625036333,0.970142500145332,-1.09278330077744E-16));
#3903=DIRECTION('center_axis',(0.,-1.12641524375412E-16,-1.));
#3904=DIRECTION('ref_axis',(-0.615412209402636,-0.788205438016109,0.));
#3905=DIRECTION('',(-1.,0.,0.));
#3906=DIRECTION('',(0.,-1.,1.12641524375412E-16));
#3907=DIRECTION('center_axis',(0.,-1.12641524375412E-16,-1.));
#3908=DIRECTION('ref_axis',(0.707106781186547,0.707106781186547,0.));
#3909=DIRECTION('',(0.119145220618431,0.992876838486922,-1.11839160604207E-16));
#3910=DIRECTION('center_axis',(0.,-1.12641524375412E-16,-1.));
#3911=DIRECTION('ref_axis',(-0.99821762118461,0.059678980860425,0.));
#3912=DIRECTION('',(0.,-1.,0.));
#3913=DIRECTION('center_axis',(0.,-1.12641524375412E-16,-1.));
#3914=DIRECTION('ref_axis',(-0.707106781186548,-0.707106781186547,0.));
#3915=DIRECTION('',(-1.,0.,5.55111512312578E-16));
#3916=DIRECTION('',(-0.581238193719097,-0.813733471206735,0.));
#3917=DIRECTION('',(1.,0.,0.));
#3918=DIRECTION('',(0.,-1.,0.));
#3919=DIRECTION('',(-1.,0.,0.));
#3920=DIRECTION('center_axis',(0.,0.,-1.));
#3921=DIRECTION('ref_axis',(-0.707106781186548,-0.707106781186547,0.));
#3922=DIRECTION('center_axis',(0.,0.,1.));
#3923=DIRECTION('ref_axis',(-0.707106781186548,-0.707106781186547,0.));
#3924=DIRECTION('',(0.,0.,1.));
#3925=DIRECTION('',(0.,0.,-1.));
#3926=DIRECTION('center_axis',(-1.,0.,0.));
#3927=DIRECTION('ref_axis',(0.,0.,1.));
#3928=DIRECTION('',(0.,0.,1.));
#3929=DIRECTION('',(0.,-1.,0.));
#3930=DIRECTION('center_axis',(0.,0.,-1.));
#3931=DIRECTION('ref_axis',(-0.707106781186548,-0.707106781186547,0.));
#3932=DIRECTION('',(0.,0.,1.));
#3933=DIRECTION('center_axis',(0.,0.,-1.));
#3934=DIRECTION('ref_axis',(-0.707106781186548,-0.707106781186547,0.));
#3935=DIRECTION('',(0.,0.,-1.));
#3936=DIRECTION('center_axis',(0.,-1.,0.));
#3937=DIRECTION('ref_axis',(0.,0.,-1.));
#3938=DIRECTION('',(-2.36553201269564E-18,0.,1.));
#3939=DIRECTION('',(-1.,0.,0.));
#3940=DIRECTION('center_axis',(0.,0.,1.));
#3941=DIRECTION('ref_axis',(-0.99821762118461,0.059678980860425,0.));
#3942=DIRECTION('',(0.,0.,-1.));
#3943=DIRECTION('center_axis',(0.,0.440418964250585,0.897792367938401));
#3944=DIRECTION('ref_axis',(8.97074782396158E-17,0.897792367938401,-0.440418964250585));
#3945=DIRECTION('center_axis',(0.,0.,1.));
#3946=DIRECTION('ref_axis',(-0.99821762118461,0.059678980860425,0.));
#3947=DIRECTION('center_axis',(0.,0.,-1.));
#3948=DIRECTION('ref_axis',(1.,0.,0.));
#3949=DIRECTION('',(-1.,0.,0.));
#3950=DIRECTION('',(0.,-1.,0.));
#3951=DIRECTION('',(-1.,0.,0.));
#3952=DIRECTION('',(0.581238193719097,0.813733471206735,0.));
#3953=DIRECTION('',(1.,0.,0.));
#3954=DIRECTION('center_axis',(0.,-0.440418964250585,-0.897792367938401));
#3955=DIRECTION('ref_axis',(0.,-0.897792367938401,0.440418964250585));
#3956=DIRECTION('',(-0.107115242378497,-0.892627019820805,0.437885062928646));
#3957=DIRECTION('',(-1.,0.,0.));
#3958=DIRECTION('',(-1.,0.,0.));
#3959=DIRECTION('center_axis',(-0.992876838486922,0.119145220618431,0.));
#3960=DIRECTION('ref_axis',(0.,0.,1.));
#3961=DIRECTION('',(0.,0.,-1.));
#3962=DIRECTION('',(0.107115242378497,0.892627019820805,0.437885062928646));
#3963=DIRECTION('',(0.107115242378496,0.892627019820804,-0.437885062928649));
#3964=DIRECTION('',(0.107115242378497,0.892627019820805,0.437885062928646));
#3965=DIRECTION('',(-0.119145220618431,-0.992876838486922,0.));
#3966=DIRECTION('',(-0.107115242378496,-0.892627019820804,-0.437885062928649));
#3967=DIRECTION('',(0.119145220618431,0.992876838486922,0.));
#3968=DIRECTION('',(0.107115242378496,0.892627019820804,-0.437885062928649));
#3969=DIRECTION('',(0.,0.,1.));
#3970=DIRECTION('center_axis',(0.,0.,1.));
#3971=DIRECTION('ref_axis',(-0.99821762118461,0.059678980860425,0.));
#3972=DIRECTION('',(0.,0.,1.));
#3973=DIRECTION('center_axis',(0.,0.,-1.));
#3974=DIRECTION('ref_axis',(-0.99821762118461,0.059678980860425,0.));
#3975=DIRECTION('center_axis',(0.,0.440418964250585,-0.897792367938401));
#3976=DIRECTION('ref_axis',(8.97074782396158E-17,0.897792367938401,0.440418964250585));
#3977=DIRECTION('center_axis',(0.,-0.440418964250585,0.897792367938401));
#3978=DIRECTION('ref_axis',(0.,0.897792367938401,0.440418964250585));
#3979=DIRECTION('',(-1.,0.,0.));
#3980=DIRECTION('',(-1.,0.,0.));
#3981=DIRECTION('center_axis',(0.,0.,1.));
#3982=DIRECTION('ref_axis',(-1.,0.,0.));
#3983=DIRECTION('',(0.581238193719097,0.813733471206735,0.));
#3984=DIRECTION('',(-1.,0.,0.));
#3985=DIRECTION('',(0.,-1.,0.));
#3986=DIRECTION('',(0.,-1.,0.));
#3987=DIRECTION('center_axis',(0.,0.,1.));
#3988=DIRECTION('ref_axis',(0.707106781186547,0.707106781186547,0.));
#3989=DIRECTION('',(0.,0.,-1.));
#3990=DIRECTION('center_axis',(0.,0.,1.));
#3991=DIRECTION('ref_axis',(0.707106781186547,0.707106781186547,0.));
#3992=DIRECTION('center_axis',(0.,0.,1.));
#3993=DIRECTION('ref_axis',(0.707106781186547,0.707106781186547,0.));
#3994=DIRECTION('center_axis',(0.,0.,-1.));
#3995=DIRECTION('ref_axis',(0.707106781186547,0.707106781186547,0.));
#3996=DIRECTION('',(0.,0.,-1.));
#3997=DIRECTION('center_axis',(0.,0.440418964250588,0.8977923679384));
#3998=DIRECTION('ref_axis',(0.,0.8977923679384,-0.440418964250588));
#3999=DIRECTION('',(0.,0.8977923679384,-0.440418964250588));
#4000=DIRECTION('',(-1.,0.,0.));
#4001=DIRECTION('center_axis',(0.,0.440418964250588,-0.8977923679384));
#4002=DIRECTION('ref_axis',(0.,-0.8977923679384,-0.440418964250588));
#4003=DIRECTION('',(-1.,0.,0.));
#4004=DIRECTION('center_axis',(0.,0.,1.));
#4005=DIRECTION('ref_axis',(0.,1.,0.));
#4006=DIRECTION('',(0.,1.,0.));
#4007=DIRECTION('center_axis',(-1.,0.,0.));
#4008=DIRECTION('ref_axis',(0.,0.,1.));
#4009=DIRECTION('',(0.,0.,1.));
#4010=DIRECTION('center_axis',(-1.,0.,0.));
#4011=DIRECTION('ref_axis',(0.,0.,1.));
#4012=DIRECTION('',(0.,0.,1.));
#4013=DIRECTION('',(0.,-1.,0.));
#4014=DIRECTION('',(0.,0.897792367938401,0.440418964250585));
#4015=DIRECTION('center_axis',(0.,-1.,0.));
#4016=DIRECTION('ref_axis',(0.,0.,1.));
#4017=DIRECTION('',(-2.22044604925031E-16,0.,1.));
#4018=DIRECTION('',(1.,0.,0.));
#4019=DIRECTION('',(0.,0.,1.));
#4020=DIRECTION('',(1.,0.,0.));
#4021=DIRECTION('',(0.,0.,1.));
#4022=DIRECTION('center_axis',(0.,-0.440418964250585,0.897792367938401));
#4023=DIRECTION('ref_axis',(0.,0.897792367938401,0.440418964250585));
#4024=DIRECTION('',(-1.,0.,0.));
#4025=DIRECTION('',(-1.,0.,0.));
#4026=DIRECTION('center_axis',(0.,0.440418964250588,0.8977923679384));
#4027=DIRECTION('ref_axis',(0.,0.8977923679384,-0.440418964250588));
#4028=DIRECTION('',(-1.,0.,0.));
#4029=DIRECTION('center_axis',(0.,0.,-1.));
#4030=DIRECTION('ref_axis',(-0.992507556682903,-0.122183263695704,0.));
#4031=DIRECTION('center_axis',(0.,0.,1.));
#4032=DIRECTION('ref_axis',(-0.992507556682903,-0.122183263695704,0.));
#4033=DIRECTION('',(0.,0.,1.));
#4034=DIRECTION('',(0.,0.,-1.));
#4035=DIRECTION('center_axis',(-0.970142500145332,-0.242535625036333,0.));
#4036=DIRECTION('ref_axis',(0.,0.,1.));
#4037=DIRECTION('',(0.242535625036333,-0.970142500145332,0.));
#4038=DIRECTION('',(0.,0.,-1.));
#4039=DIRECTION('center_axis',(0.,0.,-1.));
#4040=DIRECTION('ref_axis',(0.,1.,0.));
#4041=DIRECTION('',(0.,-1.,0.));
#4042=DIRECTION('',(1.,0.,0.));
#4043=DIRECTION('center_axis',(0.,0.,1.));
#4044=DIRECTION('ref_axis',(-0.615412209402636,-0.788205438016109,0.));
#4045=DIRECTION('',(0.,-1.,0.));
#4046=DIRECTION('',(0.,-1.,0.));
#4047=DIRECTION('center_axis',(2.22044604925031E-16,0.,-1.));
#4048=DIRECTION('ref_axis',(-0.992507556682903,-0.122183263695704,0.));
#4049=DIRECTION('',(-2.22044604925031E-16,0.,1.));
#4050=DIRECTION('center_axis',(0.,0.,-1.));
#4051=DIRECTION('ref_axis',(-0.992507556682903,-0.122183263695704,0.));
#4052=DIRECTION('',(2.22044604925031E-16,0.,-1.));
#4053=DIRECTION('center_axis',(-0.970142500145332,-0.242535625036333,-2.15414908165752E-16));
#4054=DIRECTION('ref_axis',(-2.22044604925031E-16,0.,1.));
#4055=DIRECTION('',(2.22044604925031E-16,0.,-1.));
#4056=DIRECTION('',(-0.242535625036333,0.970142500145332,0.));
#4057=DIRECTION('center_axis',(0.,0.,1.));
#4058=DIRECTION('ref_axis',(-0.615412209402636,-0.788205438016109,0.));
#4059=DIRECTION('',(0.,0.,1.));
#4060=DIRECTION('center_axis',(-2.22044604925031E-16,0.,1.));
#4061=DIRECTION('ref_axis',(-0.615412209402636,-0.788205438016109,0.));
#4062=DIRECTION('center_axis',(0.,0.,-1.));
#4063=DIRECTION('ref_axis',(-0.615412209402636,-0.788205438016109,0.));
#4064=DIRECTION('',(-2.22044604925031E-16,0.,1.));
#4065=DIRECTION('center_axis',(0.,-1.,0.));
#4066=DIRECTION('ref_axis',(0.,0.,-1.));
#4067=DIRECTION('',(-4.44089209850063E-16,0.,1.));
#4068=DIRECTION('center_axis',(0.,0.,1.));
#4069=DIRECTION('ref_axis',(0.,-1.,0.));
#4070=DIRECTION('',(0.,1.,0.));
#4071=DIRECTION('',(0.,-1.,0.));
#4072=DIRECTION('',(-1.,0.,0.));
#4073=DIRECTION('',(0.,-1.,0.));
#4074=DIRECTION('center_axis',(0.,-1.,0.));
#4075=DIRECTION('ref_axis',(0.,0.,-1.));
#4076=DIRECTION('',(0.,0.,1.));
#4077=DIRECTION('center_axis',(-1.,0.,-2.22044604925031E-16));
#4078=DIRECTION('ref_axis',(2.22044604925031E-16,0.,-1.));
#4079=DIRECTION('center_axis',(-1.,0.,0.));
#4080=DIRECTION('ref_axis',(0.,0.,-1.));
#4081=DIRECTION('center_axis',(1.,0.,0.));
#4082=DIRECTION('ref_axis',(0.,0.,-1.));
#4083=DIRECTION('center_axis',(-1.,0.,0.));
#4084=DIRECTION('ref_axis',(0.,0.,1.));
#4085=DIRECTION('center_axis',(1.,0.,0.));
#4086=DIRECTION('ref_axis',(0.,0.,-1.));
#4087=DIRECTION('center_axis',(-0.813733471206735,0.581238193719097,0.));
#4088=DIRECTION('ref_axis',(0.581238193719097,0.813733471206735,0.));
#4089=DIRECTION('',(-2.36553201269564E-18,0.,1.));
#4090=DIRECTION('',(0.,0.,-1.));
#4091=DIRECTION('center_axis',(0.,-1.,0.));
#4092=DIRECTION('ref_axis',(-1.,0.,0.));
#4093=DIRECTION('',(2.36553201269564E-18,0.,-1.));
#4094=DIRECTION('center_axis',(0.813733471206735,-0.581238193719097,0.));
#4095=DIRECTION('ref_axis',(0.581238193719097,0.813733471206735,0.));
#4096=DIRECTION('',(0.,0.,1.));
#4097=DIRECTION('center_axis',(0.,1.,0.));
#4098=DIRECTION('ref_axis',(-1.,0.,0.));
#4099=DIRECTION('',(2.36553201269564E-18,0.,-1.));
#4100=DIRECTION('center_axis',(1.,0.,2.36553201269564E-18));
#4101=DIRECTION('ref_axis',(-2.36553201269564E-18,0.,1.));
#4102=DIRECTION('',(2.36553201269564E-18,0.,-1.));
#4103=DIRECTION('center_axis',(0.,-1.,0.));
#4104=DIRECTION('ref_axis',(0.,0.,-1.));
#4105=DIRECTION('center_axis',(1.,0.,2.36553201269564E-18));
#4106=DIRECTION('ref_axis',(-2.36553201269564E-18,0.,1.));
#4107=DIRECTION('',(2.36553201269564E-18,0.,-1.));
#4108=DIRECTION('center_axis',(0.,0.,-1.));
#4109=DIRECTION('ref_axis',(0.,-1.,0.));
#4110=DIRECTION('center_axis',(0.,-1.,0.));
#4111=DIRECTION('ref_axis',(0.,0.,1.));
#4112=DIRECTION('center_axis',(0.,-1.,0.));
#4113=DIRECTION('ref_axis',(0.,0.,1.));
#4114=DIRECTION('center_axis',(-1.,0.,0.));
#4115=DIRECTION('ref_axis',(0.,0.,1.));
#4116=DIRECTION('axis',(0.,0.,1.));
#4117=DIRECTION('refdir',(1.,0.,0.));
#4118=DIRECTION('center_axis',(-0.707106781186545,-1.2490009027033E-16,
-0.70710678118655));
#4119=DIRECTION('ref_axis',(-0.705344683311625,0.0705532100478293,0.705344683311621));
#4120=DIRECTION('center_axis',(-0.706874447754551,-0.0256326007925509,-0.706874447754556));
#4121=DIRECTION('ref_axis',(-0.0181249858398416,0.999671430909481,-0.0181249858398791));
#4122=DIRECTION('',(0.707106781186545,1.2490009027033E-16,0.70710678118655));
#4123=DIRECTION('center_axis',(0.706874447754552,-0.0256326007925508,0.706874447754555));
#4124=DIRECTION('ref_axis',(0.0181249858398928,0.999671430909481,0.0181249858398279));
#4125=DIRECTION('center_axis',(0.707106781186546,0.,0.707106781186549));
#4126=DIRECTION('ref_axis',(-0.705344683311625,0.0705532100478293,0.705344683311621));
#4127=DIRECTION('',(0.707106781186546,0.,0.707106781186549));
#4128=DIRECTION('center_axis',(-0.707106781186545,0.,-0.70710678118655));
#4129=DIRECTION('ref_axis',(-0.705344683311625,0.0705532100478293,0.705344683311621));
#4130=DIRECTION('center_axis',(-0.258819045102524,0.,0.965925826289067));
#4131=DIRECTION('ref_axis',(0.965925826289067,0.,0.258819045102524));
#4132=DIRECTION('',(0.965925826289067,0.,0.258819045102524));
#4133=DIRECTION('',(0.,1.,0.));
#4134=DIRECTION('',(0.965925826289067,0.,0.258819045102524));
#4135=DIRECTION('',(0.,1.,0.));
#4136=DIRECTION('center_axis',(-0.965925826289069,0.,0.258819045102518));
#4137=DIRECTION('ref_axis',(0.258819045102518,0.,0.965925826289069));
#4138=DIRECTION('',(0.258819045102518,0.,0.965925826289069));
#4139=DIRECTION('',(0.,1.,0.));
#4140=DIRECTION('',(0.258819045102518,0.,0.965925826289069));
#4141=DIRECTION('center_axis',(-0.707106781186545,0.,-0.70710678118655));
#4142=DIRECTION('ref_axis',(-0.70710678118655,0.,0.707106781186545));
#4143=DIRECTION('',(-0.70710678118655,0.,0.707106781186545));
#4144=DIRECTION('',(0.,1.,0.));
#4145=DIRECTION('',(-0.70710678118655,0.,0.707106781186545));
#4146=DIRECTION('center_axis',(0.258819045102524,0.,-0.965925826289068));
#4147=DIRECTION('ref_axis',(-0.965925826289068,0.,-0.258819045102524));
#4148=DIRECTION('',(-0.965925826289068,0.,-0.258819045102524));
#4149=DIRECTION('',(0.,1.,0.));
#4150=DIRECTION('',(-0.965925826289068,0.,-0.258819045102524));
#4151=DIRECTION('center_axis',(0.965925826289069,0.,-0.258819045102518));
#4152=DIRECTION('ref_axis',(-0.258819045102518,0.,-0.965925826289069));
#4153=DIRECTION('',(-0.258819045102518,0.,-0.965925826289069));
#4154=DIRECTION('',(0.,1.,0.));
#4155=DIRECTION('',(-0.258819045102518,0.,-0.965925826289069));
#4156=DIRECTION('center_axis',(0.707106781186546,0.,0.707106781186549));
#4157=DIRECTION('ref_axis',(0.707106781186549,0.,-0.707106781186546));
#4158=DIRECTION('',(0.707106781186549,0.,-0.707106781186546));
#4159=DIRECTION('',(0.707106781186549,0.,-0.707106781186546));
#4160=DIRECTION('center_axis',(0.,1.,0.));
#4161=DIRECTION('ref_axis',(0.,0.,1.));
#4162=DIRECTION('center_axis',(0.,-1.,0.));
#4163=DIRECTION('ref_axis',(1.,0.,0.));
#4164=DIRECTION('center_axis',(-0.258819045102524,0.,0.965925826289067));
#4165=DIRECTION('ref_axis',(0.965925826289067,0.,0.258819045102524));
#4166=DIRECTION('',(0.965925826289067,0.,0.258819045102524));
#4167=DIRECTION('',(0.,1.,0.));
#4168=DIRECTION('',(0.965925826289067,0.,0.258819045102524));
#4169=DIRECTION('',(0.,1.,0.));
#4170=DIRECTION('center_axis',(-0.965925826289069,0.,0.258819045102517));
#4171=DIRECTION('ref_axis',(0.258819045102517,0.,0.965925826289069));
#4172=DIRECTION('',(0.258819045102517,0.,0.965925826289069));
#4173=DIRECTION('',(0.,1.,0.));
#4174=DIRECTION('',(0.258819045102517,0.,0.965925826289069));
#4175=DIRECTION('center_axis',(-0.707106781186545,0.,-0.70710678118655));
#4176=DIRECTION('ref_axis',(-0.70710678118655,0.,0.707106781186545));
#4177=DIRECTION('',(-0.70710678118655,0.,0.707106781186545));
#4178=DIRECTION('',(0.,1.,0.));
#4179=DIRECTION('',(-0.70710678118655,0.,0.707106781186545));
#4180=DIRECTION('center_axis',(0.258819045102524,0.,-0.965925826289068));
#4181=DIRECTION('ref_axis',(-0.965925826289068,0.,-0.258819045102524));
#4182=DIRECTION('',(-0.965925826289068,0.,-0.258819045102524));
#4183=DIRECTION('',(0.,1.,0.));
#4184=DIRECTION('',(-0.965925826289068,0.,-0.258819045102524));
#4185=DIRECTION('center_axis',(0.965925826289069,0.,-0.258819045102518));
#4186=DIRECTION('ref_axis',(-0.258819045102518,0.,-0.965925826289069));
#4187=DIRECTION('',(-0.258819045102518,0.,-0.965925826289069));
#4188=DIRECTION('',(0.,1.,0.));
#4189=DIRECTION('',(-0.258819045102518,0.,-0.965925826289069));
#4190=DIRECTION('center_axis',(0.707106781186545,0.,0.70710678118655));
#4191=DIRECTION('ref_axis',(0.70710678118655,0.,-0.707106781186545));
#4192=DIRECTION('',(0.70710678118655,0.,-0.707106781186545));
#4193=DIRECTION('',(0.70710678118655,0.,-0.707106781186545));
#4194=DIRECTION('center_axis',(0.,1.,0.));
#4195=DIRECTION('ref_axis',(0.,0.,1.));
#4196=DIRECTION('center_axis',(0.,-1.,0.));
#4197=DIRECTION('ref_axis',(1.,0.,0.));
#4198=DIRECTION('center_axis',(0.,1.,0.));
#4199=DIRECTION('ref_axis',(1.,0.,0.));
#4200=DIRECTION('',(0.,1.,0.));
#4201=DIRECTION('center_axis',(0.,-1.,0.));
#4202=DIRECTION('ref_axis',(1.,0.,0.));
#4203=DIRECTION('center_axis',(0.,1.,0.));
#4204=DIRECTION('ref_axis',(1.,0.,0.));
#4205=DIRECTION('',(0.,1.,0.));
#4206=DIRECTION('center_axis',(0.,-1.,0.));
#4207=DIRECTION('ref_axis',(1.,0.,0.));
#4208=DIRECTION('center_axis',(-0.707106781186542,0.,-0.707106781186553));
#4209=DIRECTION('ref_axis',(0.707106781186553,0.,-0.707106781186542));
#4210=DIRECTION('',(-0.103734583612969,-0.989180606525061,0.103734583612967));
#4211=DIRECTION('',(-0.707106781186553,0.,0.707106781186542));
#4212=DIRECTION('',(0.,-1.,0.));
#4213=DIRECTION('',(0.707106781186553,0.,-0.707106781186542));
#4214=DIRECTION('center_axis',(0.,1.,0.));
#4215=DIRECTION('ref_axis',(1.,0.,0.));
#4216=DIRECTION('',(0.707106781186545,0.,0.70710678118655));
#4217=DIRECTION('',(6.82757475036861E-17,0.,-1.));
#4218=DIRECTION('center_axis',(0.,-1.,0.));
#4219=DIRECTION('ref_axis',(-1.,0.,2.22044604925031E-16));
#4220=DIRECTION('',(-1.,0.,-5.93702152205966E-18));
#4221=DIRECTION('',(-0.70710678118655,0.,0.707106781186545));
#4222=DIRECTION('center_axis',(-1.,0.,-6.82757475036861E-17));
#4223=DIRECTION('ref_axis',(6.82757475036861E-17,0.,-1.));
#4224=DIRECTION('',(-6.82757475036861E-17,0.,1.));
#4225=DIRECTION('',(0.,-1.,0.));
#4226=DIRECTION('center_axis',(0.,-1.,0.));
#4227=DIRECTION('ref_axis',(-1.,0.,2.22044604925031E-16));
#4228=DIRECTION('center_axis',(0.,1.,0.));
#4229=DIRECTION('ref_axis',(-1.,0.,2.22044604925031E-16));
#4230=DIRECTION('',(0.,-1.,0.));
#4231=DIRECTION('center_axis',(-5.93702152205966E-18,0.,1.));
#4232=DIRECTION('ref_axis',(-1.,0.,-5.93702152205966E-18));
#4233=DIRECTION('',(1.,0.,5.93702152205966E-18));
#4234=DIRECTION('',(0.,-1.,0.));
#4235=DIRECTION('center_axis',(0.707106781186545,0.,0.70710678118655));
#4236=DIRECTION('ref_axis',(-0.70710678118655,0.,0.707106781186545));
#4237=DIRECTION('',(0.103734583612968,0.989180606525061,-0.103734583612968));
#4238=DIRECTION('',(-0.70710678118655,0.,0.707106781186545));
#4239=DIRECTION('center_axis',(0.,1.,0.));
#4240=DIRECTION('ref_axis',(1.,0.,0.));
#4241=DIRECTION('',(0.707106781186545,0.,0.70710678118655));
#4242=DIRECTION('center_axis',(-0.699456314692095,0.146702855032585,0.699456314692091));
#4243=DIRECTION('ref_axis',(0.707106781186545,0.,0.70710678118655));
#4244=DIRECTION('',(-0.0857722215788445,-0.988862583846401,0.121630244076251));
#4245=DIRECTION('',(0.707106781186545,0.,0.70710678118655));
#4246=DIRECTION('',(0.707106781186545,0.,0.70710678118655));
#4247=DIRECTION('',(-0.121630244076252,-0.988862583846401,0.0857722215788437));
#4248=DIRECTION('center_axis',(0.,1.,0.));
#4249=DIRECTION('ref_axis',(0.707107769559387,0.,0.707105792812326));
#4250=DIRECTION('',(-0.112346795384433,-0.990725995136735,0.0764212020788438));
#4251=DIRECTION('',(-1.,0.,0.));
#4252=DIRECTION('center_axis',(0.,-1.,0.));
#4253=DIRECTION('ref_axis',(-1.,0.,-1.2335811384724E-16));
#4254=DIRECTION('',(0.,0.,-1.));
#4255=DIRECTION('',(-0.0764212020788445,-0.990725995136735,0.112346795384432));
#4256=DIRECTION('center_axis',(-0.706874447754552,0.0256326007925508,-0.706874447754555));
#4257=DIRECTION('ref_axis',(-0.707106781186549,0.,0.707106781186546));
#4258=DIRECTION('',(-0.707106781186549,0.,0.707106781186546));
#4259=DIRECTION('',(0.707106781186549,0.,-0.707106781186546));
#4260=DIRECTION('center_axis',(0.706874447754551,0.0256326007925509,0.706874447754556));
#4261=DIRECTION('ref_axis',(0.70710678118655,0.,-0.707106781186545));
#4262=DIRECTION('',(0.70710678118655,0.,-0.707106781186545));
#4263=DIRECTION('',(0.70710678118655,1.7325171700061E-14,-0.707106781186545));
#4264=DIRECTION('center_axis',(0.707106781186546,0.,0.707106781186549));
#4265=DIRECTION('ref_axis',(0.707106781186549,0.,-0.707106781186546));
#4266=DIRECTION('',(-0.707106781186549,0.,0.707106781186546));
#4267=DIRECTION('',(0.,1.,0.));
#4268=DIRECTION('center_axis',(0.,1.,0.));
#4269=DIRECTION('ref_axis',(-0.707106781187948,0.,0.707106781185147));
#4270=DIRECTION('center_axis',(0.,-1.,0.));
#4271=DIRECTION('ref_axis',(0.707107769559387,0.,0.707105792812326));
#4272=DIRECTION('',(0.,1.,0.));
#4273=DIRECTION('center_axis',(-0.707106781186545,0.,-0.70710678118655));
#4274=DIRECTION('ref_axis',(-0.70710678118655,0.,0.707106781186545));
#4275=DIRECTION('',(-0.70710678118655,0.,0.707106781186545));
#4276=DIRECTION('center_axis',(0.,-1.,0.));
#4277=DIRECTION('ref_axis',(-1.,0.,0.));
#4278=DIRECTION('center_axis',(1.,0.,6.45651090523988E-17));
#4279=DIRECTION('ref_axis',(6.45651090523988E-17,0.,-1.));
#4280=DIRECTION('',(-6.45651090523988E-17,0.,1.));
#4281=DIRECTION('',(0.,1.,0.));
#4282=DIRECTION('',(6.45651090523988E-17,0.,-1.));
#4283=DIRECTION('',(0.,1.,0.));
#4284=DIRECTION('center_axis',(0.,1.,0.));
#4285=DIRECTION('ref_axis',(-1.,0.,2.11471052309554E-16));
#4286=DIRECTION('center_axis',(0.,1.,0.));
#4287=DIRECTION('ref_axis',(-1.,0.,2.11471052309554E-16));
#4288=DIRECTION('center_axis',(0.,-1.,0.));
#4289=DIRECTION('ref_axis',(-1.,0.,2.11471052309554E-16));
#4290=DIRECTION('',(0.,1.,0.));
#4291=DIRECTION('center_axis',(5.93702152205966E-18,0.,-1.));
#4292=DIRECTION('ref_axis',(-1.,0.,-5.93702152205966E-18));
#4293=DIRECTION('',(1.,0.,5.93702152205966E-18));
#4294=DIRECTION('',(-1.,0.,-5.93702152205966E-18));
#4295=DIRECTION('',(0.,1.,0.));
#4296=DIRECTION('center_axis',(0.,1.,0.));
#4297=DIRECTION('ref_axis',(-1.,0.,0.));
#4298=DIRECTION('center_axis',(0.,1.,0.));
#4299=DIRECTION('ref_axis',(-1.,0.,-2.46716227694479E-16));
#4300=DIRECTION('',(1.,0.,0.));
#4301=DIRECTION('',(0.70710678118655,0.,-0.707106781186545));
#4302=DIRECTION('',(-0.70710678118655,0.,0.707106781186545));
#4303=DIRECTION('',(-9.18125421216847E-15,0.,1.));
#4304=DIRECTION('center_axis',(0.,0.,1.));
#4305=DIRECTION('ref_axis',(-1.,0.,0.));
#4306=DIRECTION('',(0.,1.,0.));
#4307=DIRECTION('',(0.,1.,0.));
#4308=DIRECTION('center_axis',(0.707106781186546,0.,0.707106781186549));
#4309=DIRECTION('ref_axis',(-0.707106781186549,0.,0.707106781186546));
#4310=DIRECTION('',(0.,-1.,0.));
#4311=DIRECTION('',(0.707106781186549,0.,-0.707106781186546));
#4312=DIRECTION('center_axis',(0.70710678118655,0.,-0.707106781186545));
#4313=DIRECTION('ref_axis',(0.707106781186545,0.,0.70710678118655));
#4314=DIRECTION('',(-0.707106781186545,0.,-0.70710678118655));
#4315=DIRECTION('',(0.,-1.,0.));
#4316=DIRECTION('center_axis',(-0.707106781186545,0.,-0.70710678118655));
#4317=DIRECTION('ref_axis',(0.70710678118655,0.,-0.707106781186545));
#4318=DIRECTION('',(0.70710678118655,0.,-0.707106781186545));
#4319=DIRECTION('',(0.,1.,0.));
#4320=DIRECTION('center_axis',(-1.,0.,0.));
#4321=DIRECTION('ref_axis',(0.,0.,-1.));
#4322=DIRECTION('',(0.,-1.,0.));
#4323=DIRECTION('center_axis',(0.,-1.,0.));
#4324=DIRECTION('ref_axis',(-1.,0.,-1.2335811384724E-16));
#4325=DIRECTION('center_axis',(0.,1.,0.));
#4326=DIRECTION('ref_axis',(1.,0.,0.));
#4327=DIRECTION('',(0.,0.,1.));
#4328=DIRECTION('',(1.,0.,0.));
#4329=DIRECTION('',(0.,0.,1.));
#4330=DIRECTION('',(1.,0.,0.));
#4331=DIRECTION('',(0.,0.,1.));
#4332=DIRECTION('',(1.,0.,0.));
#4333=DIRECTION('',(1.23259516440834E-32,2.73967838562889E-18,0.999999999999994));
#4334=DIRECTION('',(1.,1.11022302462516E-15,-5.43962780885277E-17));
#4335=DIRECTION('',(1.,7.50403858308509E-16,-1.66533453693773E-16));
#4336=DIRECTION('',(1.11022302462515E-16,-2.01070107830968E-16,-1.00000000000001));
#4337=DIRECTION('',(5.43691730342151E-17,-5.85482703093718E-32,-0.999999999999994));
#4338=DIRECTION('',(-1.,1.11195774810113E-15,0.));
#4339=DIRECTION('',(-0.999999999999995,-7.17760716354182E-16,-2.77555756156289E-17));
#4340=DIRECTION('',(3.05311331771918E-16,1.26560579985873E-16,1.00000000000001));
#4341=DIRECTION('center_axis',(0.,0.,1.));
#4342=DIRECTION('ref_axis',(1.,0.,0.));
#4343=CARTESIAN_POINT('',(0.,0.,0.));
#4344=CARTESIAN_POINT('',(0.,0.,0.));
#4345=CARTESIAN_POINT('Origin',(5.,0.,-5.));
#4346=CARTESIAN_POINT('',(5.,12.,-8.99419060322973E-33));
#4347=CARTESIAN_POINT('',(-2.7373623575047E-33,12.,-5.));
#4348=CARTESIAN_POINT('Origin',(5.,12.,-5.));
#4349=CARTESIAN_POINT('',(-2.7373623575047E-33,0.,-5.));
#4350=CARTESIAN_POINT('',(0.,0.,-5.));
#4351=CARTESIAN_POINT('',(5.,0.,-8.99419060322973E-33));
#4352=CARTESIAN_POINT('Origin',(5.,0.,-5.));
#4353=CARTESIAN_POINT('',(5.,0.,0.));
#4354=CARTESIAN_POINT('Origin',(0.,0.,0.));
#4355=CARTESIAN_POINT('',(192.,0.,-3.45376919164022E-31));
#4356=CARTESIAN_POINT('',(0.,0.,0.));
#4357=CARTESIAN_POINT('',(192.,12.,-3.45376919164022E-31));
#4358=CARTESIAN_POINT('',(192.,0.,0.));
#4359=CARTESIAN_POINT('',(0.,12.,0.));
#4360=CARTESIAN_POINT('Origin',(98.5,0.,-98.5));
#4361=CARTESIAN_POINT('',(-1.05114714528181E-31,0.,-192.));
#4362=CARTESIAN_POINT('',(-1.07852076885685E-31,0.,-197.));
#4363=CARTESIAN_POINT('',(5.,0.,-197.));
#4364=CARTESIAN_POINT('Origin',(5.,0.,-192.));
#4365=CARTESIAN_POINT('',(192.,0.,-197.));
#4366=CARTESIAN_POINT('',(197.,0.,-197.));
#4367=CARTESIAN_POINT('',(197.,0.,-192.));
#4368=CARTESIAN_POINT('Origin',(192.,0.,-192.));
#4369=CARTESIAN_POINT('',(197.,0.,-5.));
#4370=CARTESIAN_POINT('',(197.,0.,-3.54371109767251E-31));
#4371=CARTESIAN_POINT('Origin',(192.,0.,-5.));
#4372=CARTESIAN_POINT('',(185.25,0.,-5.275));
#4373=CARTESIAN_POINT('Origin',(183.,0.,-5.275));
#4374=CARTESIAN_POINT('',(7.52500000000018,0.,-183.));
#4375=CARTESIAN_POINT('Origin',(5.27500000000018,0.,-183.));
#4376=CARTESIAN_POINT('',(185.25,0.,-191.725));
#4377=CARTESIAN_POINT('Origin',(183.,0.,-191.725));
#4378=CARTESIAN_POINT('',(16.25,0.,-5.275));
#4379=CARTESIAN_POINT('Origin',(14.,0.,-5.275));
#4380=CARTESIAN_POINT('',(193.975,0.,-13.9999999999999));
#4381=CARTESIAN_POINT('Origin',(191.725,0.,-13.9999999999999));
#4382=CARTESIAN_POINT('',(16.25,0.,-191.725));
#4383=CARTESIAN_POINT('Origin',(14.,0.,-191.725));
#4384=CARTESIAN_POINT('',(193.975,0.,-183.));
#4385=CARTESIAN_POINT('Origin',(191.725,0.,-183.));
#4386=CARTESIAN_POINT('',(7.52500000000018,0.,-13.9999999999999));
#4387=CARTESIAN_POINT('Origin',(5.27500000000018,0.,-13.9999999999999));
#4388=CARTESIAN_POINT('',(15.5500000000001,0.,-181.45));
#4389=CARTESIAN_POINT('',(181.45,0.,-181.45));
#4390=CARTESIAN_POINT('',(15.5500000000001,0.,-181.45));
#4391=CARTESIAN_POINT('',(15.5500000000001,0.,-15.55));
#4392=CARTESIAN_POINT('',(15.5500000000001,0.,-15.55));
#4393=CARTESIAN_POINT('',(181.45,0.,-15.55));
#4394=CARTESIAN_POINT('',(181.45,0.,-15.55));
#4395=CARTESIAN_POINT('',(181.45,0.,-181.45));
#4396=CARTESIAN_POINT('Origin',(5.,0.,-192.));
#4397=CARTESIAN_POINT('',(-1.05114714528181E-31,12.,-192.));
#4398=CARTESIAN_POINT('',(5.,12.,-197.));
#4399=CARTESIAN_POINT('Origin',(5.,12.,-192.));
#4400=CARTESIAN_POINT('',(5.,0.,-197.));
#4401=CARTESIAN_POINT('',(0.,0.,-192.));
#4402=CARTESIAN_POINT('Origin',(197.,0.,-197.));
#4403=CARTESIAN_POINT('',(192.,12.,-197.));
#4404=CARTESIAN_POINT('',(197.,12.,-197.));
#4405=CARTESIAN_POINT('',(192.,0.,-197.));
#4406=CARTESIAN_POINT('Origin',(192.,0.,-192.));
#4407=CARTESIAN_POINT('',(197.,12.,-192.));
#4408=CARTESIAN_POINT('Origin',(192.,12.,-192.));
#4409=CARTESIAN_POINT('',(197.,0.,-192.));
#4410=CARTESIAN_POINT('Origin',(192.,0.,-5.));
#4411=CARTESIAN_POINT('',(197.,12.,-5.));
#4412=CARTESIAN_POINT('Origin',(192.,12.,-5.));
#4413=CARTESIAN_POINT('',(197.,0.,-5.));
#4414=CARTESIAN_POINT('Origin',(183.,12.,-5.275));
#4415=CARTESIAN_POINT('',(185.25,12.,-5.275));
#4416=CARTESIAN_POINT('Origin',(183.,12.,-5.275));
#4417=CARTESIAN_POINT('',(185.25,12.,-5.275));
#4418=CARTESIAN_POINT('Origin',(5.27500000000018,12.,-183.));
#4419=CARTESIAN_POINT('',(7.52500000000018,12.,-183.));
#4420=CARTESIAN_POINT('Origin',(5.27500000000018,12.,-183.));
#4421=CARTESIAN_POINT('',(7.52500000000018,12.,-183.));
#4422=CARTESIAN_POINT('Origin',(183.,12.,-191.725));
#4423=CARTESIAN_POINT('',(185.25,12.,-191.725));
#4424=CARTESIAN_POINT('Origin',(183.,12.,-191.725));
#4425=CARTESIAN_POINT('',(185.25,12.,-191.725));
#4426=CARTESIAN_POINT('Origin',(14.,12.,-5.275));
#4427=CARTESIAN_POINT('',(16.25,12.,-5.275));
#4428=CARTESIAN_POINT('Origin',(14.,12.,-5.275));
#4429=CARTESIAN_POINT('',(16.25,12.,-5.275));
#4430=CARTESIAN_POINT('Origin',(191.725,12.,-13.9999999999999));
#4431=CARTESIAN_POINT('',(193.975,12.,-13.9999999999999));
#4432=CARTESIAN_POINT('Origin',(191.725,12.,-13.9999999999999));
#4433=CARTESIAN_POINT('',(193.975,12.,-13.9999999999999));
#4434=CARTESIAN_POINT('Origin',(14.,12.,-191.725));
#4435=CARTESIAN_POINT('',(16.25,12.,-191.725));
#4436=CARTESIAN_POINT('Origin',(14.,12.,-191.725));
#4437=CARTESIAN_POINT('',(16.25,12.,-191.725));
#4438=CARTESIAN_POINT('Origin',(191.725,12.,-183.));
#4439=CARTESIAN_POINT('',(193.975,12.,-183.));
#4440=CARTESIAN_POINT('Origin',(191.725,12.,-183.));
#4441=CARTESIAN_POINT('',(193.975,12.,-183.));
#4442=CARTESIAN_POINT('Origin',(5.27500000000018,12.,-13.9999999999999));
#4443=CARTESIAN_POINT('',(7.52500000000018,12.,-13.9999999999999));
#4444=CARTESIAN_POINT('Origin',(5.27500000000018,12.,-13.9999999999999));
#4445=CARTESIAN_POINT('',(7.52500000000018,12.,-13.9999999999999));
#4446=CARTESIAN_POINT('Origin',(15.5500000000001,0.,-15.55));
#4447=CARTESIAN_POINT('',(15.5500000000001,5.,-181.45));
#4448=CARTESIAN_POINT('',(15.5500000000001,0.,-181.45));
#4449=CARTESIAN_POINT('',(15.5500000000001,5.,-15.55));
#4450=CARTESIAN_POINT('',(15.5500000000001,5.,-15.55));
#4451=CARTESIAN_POINT('',(15.5500000000001,0.,-15.55));
#4452=CARTESIAN_POINT('Origin',(181.45,0.,-15.55));
#4453=CARTESIAN_POINT('',(181.45,5.,-15.55));
#4454=CARTESIAN_POINT('',(181.45,5.,-15.55));
#4455=CARTESIAN_POINT('',(181.45,0.,-15.55));
#4456=CARTESIAN_POINT('Origin',(181.45,0.,-181.45));
#4457=CARTESIAN_POINT('',(181.45,5.,-181.45));
#4458=CARTESIAN_POINT('',(181.45,5.,-181.45));
#4459=CARTESIAN_POINT('',(181.45,0.,-181.45));
#4460=CARTESIAN_POINT('Origin',(15.5500000000001,0.,-181.45));
#4461=CARTESIAN_POINT('',(15.5500000000001,5.,-181.45));
#4462=CARTESIAN_POINT('Origin',(98.5000000000002,5.,-98.5));
#4463=CARTESIAN_POINT('',(186.45,5.,-10.55));
#4464=CARTESIAN_POINT('',(10.5500000000001,5.,-10.55));
#4465=CARTESIAN_POINT('',(142.475,5.,-10.55));
#4466=CARTESIAN_POINT('',(186.45,5.,-186.45));
#4467=CARTESIAN_POINT('',(186.45,5.,-142.475));
#4468=CARTESIAN_POINT('',(10.5500000000001,5.,-186.45));
#4469=CARTESIAN_POINT('',(54.5250000000001,5.,-186.45));
#4470=CARTESIAN_POINT('',(10.5500000000001,5.,-54.525));
#4471=CARTESIAN_POINT('Origin',(10.5500000000001,0.,-186.45));
#4472=CARTESIAN_POINT('',(186.45,12.,-186.45));
#4473=CARTESIAN_POINT('',(186.45,0.,-186.45));
#4474=CARTESIAN_POINT('',(10.5500000000001,12.,-186.45));
#4475=CARTESIAN_POINT('',(186.45,12.,-186.45));
#4476=CARTESIAN_POINT('',(10.5500000000001,0.,-186.45));
#4477=CARTESIAN_POINT('Origin',(186.45,0.,-186.45));
#4478=CARTESIAN_POINT('',(186.45,12.,-10.55));
#4479=CARTESIAN_POINT('',(186.45,0.,-10.55));
#4480=CARTESIAN_POINT('',(186.45,12.,-10.55));
#4481=CARTESIAN_POINT('Origin',(186.45,0.,-10.55));
#4482=CARTESIAN_POINT('',(10.5500000000001,12.,-10.55));
#4483=CARTESIAN_POINT('',(10.5500000000001,0.,-10.55));
#4484=CARTESIAN_POINT('',(10.5500000000001,12.,-10.55));
#4485=CARTESIAN_POINT('Origin',(10.5500000000001,0.,-10.55));
#4486=CARTESIAN_POINT('',(10.5500000000001,12.,-186.45));
#4487=CARTESIAN_POINT('Origin',(197.,0.,-3.54371109767251E-31));
#4488=CARTESIAN_POINT('',(197.,12.,-3.54371109767251E-31));
#4489=CARTESIAN_POINT('Origin',(-1.07852076885685E-31,0.,-197.));
#4490=CARTESIAN_POINT('',(-1.07852076885685E-31,12.,-197.));
#4491=CARTESIAN_POINT('Origin',(98.5,12.,-98.5));
#4492=CARTESIAN_POINT('',(0.,0.,0.));
#4493=CARTESIAN_POINT('Origin',(181.4,9.75,-15.3));
#4494=CARTESIAN_POINT('',(15.3000000000001,9.75,-15.3));
#4495=CARTESIAN_POINT('',(181.4,9.75,-15.3));
#4496=CARTESIAN_POINT('',(139.875,9.75,-15.3));
#4497=CARTESIAN_POINT('',(15.3000000000001,85.55,-15.3));
#4498=CARTESIAN_POINT('',(15.3000000000001,9.75,-15.3));
#4499=CARTESIAN_POINT('',(181.4,85.55,-15.3));
#4500=CARTESIAN_POINT('',(15.3000000000001,85.55,-15.3));
#4501=CARTESIAN_POINT('',(181.4,9.75,-15.3));
#4502=CARTESIAN_POINT('Origin',(181.4,9.75,-181.4));
#4503=CARTESIAN_POINT('',(181.4,9.75,-181.4));
#4504=CARTESIAN_POINT('',(181.4,9.75,-139.875));
#4505=CARTESIAN_POINT('',(181.4,85.55,-181.4));
#4506=CARTESIAN_POINT('',(181.4,85.55,-15.3));
#4507=CARTESIAN_POINT('',(181.4,9.75,-181.4));
#4508=CARTESIAN_POINT('Origin',(15.3000000000002,9.75,-181.4));
#4509=CARTESIAN_POINT('',(15.3000000000002,9.75,-181.4));
#4510=CARTESIAN_POINT('',(56.8250000000001,9.75,-181.4));
#4511=CARTESIAN_POINT('',(15.3000000000002,85.55,-181.4));
#4512=CARTESIAN_POINT('',(181.4,85.55,-181.4));
#4513=CARTESIAN_POINT('',(15.3000000000002,9.75,-181.4));
#4514=CARTESIAN_POINT('Origin',(15.3000000000001,9.75,-15.3));
#4515=CARTESIAN_POINT('',(15.3000000000001,9.75,-56.825));
#4516=CARTESIAN_POINT('',(15.3000000000002,85.55,-181.4));
#4517=CARTESIAN_POINT('Origin',(98.3500000000001,85.55,-98.35));
#4518=CARTESIAN_POINT('',(186.15,85.55,-186.15));
#4519=CARTESIAN_POINT('',(10.5500000000001,85.55,-186.15));
#4520=CARTESIAN_POINT('',(186.15,85.55,-186.15));
#4521=CARTESIAN_POINT('',(10.5500000000001,85.55,-10.55));
#4522=CARTESIAN_POINT('',(10.5500000000001,85.55,-186.15));
#4523=CARTESIAN_POINT('',(186.15,85.55,-10.55));
#4524=CARTESIAN_POINT('',(10.5500000000001,85.55,-10.55));
#4525=CARTESIAN_POINT('',(186.15,85.55,-10.55));
#4526=CARTESIAN_POINT('Origin',(186.15,5.,-186.15));
#4527=CARTESIAN_POINT('',(186.15,5.,-186.15));
#4528=CARTESIAN_POINT('',(10.5500000000001,5.,-186.15));
#4529=CARTESIAN_POINT('',(186.15,5.,-186.15));
#4530=CARTESIAN_POINT('',(10.5500000000001,5.,-186.15));
#4531=CARTESIAN_POINT('',(186.15,5.,-186.15));
#4532=CARTESIAN_POINT('Origin',(186.15,5.,-10.55));
#4533=CARTESIAN_POINT('',(186.15,5.,-10.55));
#4534=CARTESIAN_POINT('',(186.15,5.,-10.55));
#4535=CARTESIAN_POINT('',(186.15,5.,-10.55));
#4536=CARTESIAN_POINT('Origin',(10.5500000000001,5.,-10.55));
#4537=CARTESIAN_POINT('',(10.5500000000001,5.,-10.55));
#4538=CARTESIAN_POINT('',(10.5500000000001,5.,-10.55));
#4539=CARTESIAN_POINT('',(10.5500000000001,5.,-10.55));
#4540=CARTESIAN_POINT('Origin',(10.5500000000001,5.,-186.15));
#4541=CARTESIAN_POINT('',(10.5500000000001,5.,-186.15));
#4542=CARTESIAN_POINT('Origin',(98.3500000000001,9.75,-98.35));
#4543=CARTESIAN_POINT('Origin',(98.3500000000001,5.,-98.35));
#4544=CARTESIAN_POINT('',(0.,0.,0.));
#4545=CARTESIAN_POINT('Origin',(9.05000000000014,90.35,-87.35));
#4546=CARTESIAN_POINT('',(10.5500000000001,90.35,-91.15));
#4547=CARTESIAN_POINT('',(9.05000000000014,91.85,-91.15));
#4548=CARTESIAN_POINT('Origin',(9.05000000000014,90.35,-91.15));
#4549=CARTESIAN_POINT('',(9.05000000000014,91.85,-86.35));
#4550=CARTESIAN_POINT('',(9.05000000000014,91.85,-87.35));
#4551=CARTESIAN_POINT('',(10.5500000000001,90.35,-86.35));
#4552=CARTESIAN_POINT('Origin',(9.05000000000014,90.35,-86.35));
#4553=CARTESIAN_POINT('',(10.5500000000001,90.35,-87.35));
#4554=CARTESIAN_POINT('Origin',(10.5500000000001,91.85,-76.35));
#4555=CARTESIAN_POINT('',(15.2500000000001,91.85,-86.35));
#4556=CARTESIAN_POINT('',(10.5500000000001,91.85,-86.35));
#4557=CARTESIAN_POINT('',(7.9858713248058,91.85,-91.15));
#4558=CARTESIAN_POINT('',(10.5500000000001,91.85,-91.15));
#4559=CARTESIAN_POINT('',(7.9858713248058,91.85,-76.35));
#4560=CARTESIAN_POINT('',(7.9858713248058,91.85,-81.85));
#4561=CARTESIAN_POINT('',(15.2500000000001,91.85,-76.35));
#4562=CARTESIAN_POINT('',(10.5500000000001,91.85,-76.35));
#4563=CARTESIAN_POINT('',(15.2500000000001,91.85,-87.35));
#4564=CARTESIAN_POINT('Origin',(9.05000000000014,90.35,-87.35));
#4565=CARTESIAN_POINT('',(10.5500000000001,90.35,-110.35));
#4566=CARTESIAN_POINT('',(9.05000000000014,91.85,-110.35));
#4567=CARTESIAN_POINT('Origin',(9.05000000000014,90.35,-110.35));
#4568=CARTESIAN_POINT('',(9.05000000000014,91.85,-95.15));
#4569=CARTESIAN_POINT('',(9.05000000000014,91.85,-87.35));
#4570=CARTESIAN_POINT('',(10.5500000000001,90.35,-95.15));
#4571=CARTESIAN_POINT('Origin',(9.05000000000014,90.35,-95.15));
#4572=CARTESIAN_POINT('',(10.5500000000001,90.35,-87.35));
#4573=CARTESIAN_POINT('Origin',(10.5500000000001,91.85,-76.35));
#4574=CARTESIAN_POINT('',(15.2500000000001,91.85,-110.35));
#4575=CARTESIAN_POINT('',(10.5500000000001,91.85,-110.35));
#4576=CARTESIAN_POINT('',(15.2500000000001,91.85,-120.35));
#4577=CARTESIAN_POINT('',(15.2500000000001,91.85,-87.35));
#4578=CARTESIAN_POINT('',(7.9858713248058,91.85,-120.35));
#4579=CARTESIAN_POINT('',(10.5500000000001,91.85,-120.35));
#4580=CARTESIAN_POINT('',(7.9858713248058,91.85,-95.15));
#4581=CARTESIAN_POINT('',(7.9858713248058,91.85,-81.85));
#4582=CARTESIAN_POINT('',(9.68963534547357,91.85,-95.15));
#4583=CARTESIAN_POINT('Origin',(76.0160840596175,19.2747104457534,-97.5500000000015));
#4584=CARTESIAN_POINT('',(14.6350539706822,98.2200658836841,-101.55));
#4585=CARTESIAN_POINT('',(15.4302815174283,98.831988744592,-95.3110527075348));
#4586=CARTESIAN_POINT('Ctrl Pts',(14.6350539706822,98.2200658836841,-101.55));
#4587=CARTESIAN_POINT('Ctrl Pts',(14.9524994325026,98.4668838166138,-101.55));
#4588=CARTESIAN_POINT('Ctrl Pts',(15.2927730546377,98.7280626287915,-101.469770730095));
#4589=CARTESIAN_POINT('Ctrl Pts',(15.9216259490107,99.2047534641377,-101.14319719933));
#4590=CARTESIAN_POINT('Ctrl Pts',(16.2101194416676,99.4203744423933,-100.896846814183));
#4591=CARTESIAN_POINT('Ctrl Pts',(16.6667017654865,99.759066377881,-100.328470321489));
#4592=CARTESIAN_POINT('Ctrl Pts',(16.8652631383684,99.9047733818108,-99.9686790917393));
#4593=CARTESIAN_POINT('Ctrl Pts',(17.1289049849394,100.097521615304,-99.1803320585261));
#4594=CARTESIAN_POINT('Ctrl Pts',(17.193905981329,100.144676231118,-98.7517774046216));
#4595=CARTESIAN_POINT('Ctrl Pts',(17.193905981329,100.144676231118,-98.35));
#4596=CARTESIAN_POINT('Ctrl Pts',(17.193905981329,100.144676231118,-97.9482225953785));
#4597=CARTESIAN_POINT('Ctrl Pts',(17.1289049849394,100.097521615304,-97.5196679414739));
#4598=CARTESIAN_POINT('Ctrl Pts',(16.8652631383684,99.9047733818108,-96.7313209082608));
#4599=CARTESIAN_POINT('Ctrl Pts',(16.6667017654865,99.759066377881,-96.3715296785106));
#4600=CARTESIAN_POINT('Ctrl Pts',(16.2101194416676,99.4203744423933,-95.8031531858172));
#4601=CARTESIAN_POINT('Ctrl Pts',(15.9216259490107,99.2047534641377,-95.5568028006704));
#4602=CARTESIAN_POINT('Ctrl Pts',(15.548987644935,98.9222815759723,-95.3632856717051));
#4603=CARTESIAN_POINT('Ctrl Pts',(15.4899217604118,98.8774069899396,-95.335760209283));
#4604=CARTESIAN_POINT('Ctrl Pts',(15.4302815174283,98.831988744592,-95.3110527075348));
#4605=CARTESIAN_POINT('',(15.4302815174283,98.831988744592,-91.2201191719329));
#4606=CARTESIAN_POINT('',(15.4302815174283,98.8319887445921,-97.5500000000015));
#4607=CARTESIAN_POINT('',(18.6584404245129,101.189914874653,-93.1684951059103));
#4608=CARTESIAN_POINT('Ctrl Pts',(15.4302815176128,98.8319887447325,-91.2201191702824));
#4609=CARTESIAN_POINT('Ctrl Pts',(15.9013339788674,99.1907125725795,-91.3032954716922));
#4610=CARTESIAN_POINT('Ctrl Pts',(16.3786249067666,99.5473237627197,-91.4638244958506));
#4611=CARTESIAN_POINT('Ctrl Pts',(17.515359643686,100.381923461143,-92.0475258401721));
#4612=CARTESIAN_POINT('Ctrl Pts',(18.1473430076225,100.832040610586,-92.5665126684734));
#4613=CARTESIAN_POINT('Ctrl Pts',(18.6584404245129,101.189914874653,-93.1684951059104));
#4614=CARTESIAN_POINT('',(18.6584404245129,101.189914874653,-103.53150489409));
#4615=CARTESIAN_POINT('',(18.6584404245129,101.189914874653,-97.5500000000015));
#4616=CARTESIAN_POINT('',(14.6350470522186,98.2200605044891,-105.549999999999));
#4617=CARTESIAN_POINT('Ctrl Pts',(18.6584404245129,101.189914874653,-103.53150489409));
#4618=CARTESIAN_POINT('Ctrl Pts',(18.1473430076225,100.832040610586,-104.133487331527));
#4619=CARTESIAN_POINT('Ctrl Pts',(17.515359643686,100.381923461143,-104.652474159828));
#4620=CARTESIAN_POINT('Ctrl Pts',(16.1187280209577,99.3565053989691,-105.36962982441));
#4621=CARTESIAN_POINT('Ctrl Pts',(15.3489639578949,98.7751400886555,-105.550000000004));
#4622=CARTESIAN_POINT('Ctrl Pts',(14.6350539706822,98.2200658836841,-105.550000000004));
#4623=CARTESIAN_POINT('',(13.4558733480699,97.2889401460252,-105.55));
#4624=CARTESIAN_POINT('Origin',(76.0160840596175,19.2747104457534,-105.55));
#4625=CARTESIAN_POINT('',(11.5194561689617,95.695813491537,-103.05));
#4626=CARTESIAN_POINT('Ctrl Pts',(13.4558733480699,97.2889401460252,-105.55));
#4627=CARTESIAN_POINT('Ctrl Pts',(13.2102694042461,97.0919884548242,-105.55));
#4628=CARTESIAN_POINT('Ctrl Pts',(12.9493016927589,96.8806151006794,-105.487179302974));
#4629=CARTESIAN_POINT('Ctrl Pts',(12.4709200526687,96.4893956212376,-105.231731867275));
#4630=CARTESIAN_POINT('Ctrl Pts',(12.2534524383807,96.3096147245629,-105.039105775791));
#4631=CARTESIAN_POINT('Ctrl Pts',(11.9112186387338,96.0250564369302,-104.595037098563));
#4632=CARTESIAN_POINT('Ctrl Pts',(11.7634213025038,95.9011529903474,-104.314198945491));
#4633=CARTESIAN_POINT('Ctrl Pts',(11.5675615173693,95.7364937793742,-103.698636160211));
#4634=CARTESIAN_POINT('Ctrl Pts',(11.5194561689617,95.695813491537,-103.363904991339));
#4635=CARTESIAN_POINT('Ctrl Pts',(11.5194561689617,95.695813491537,-103.05));
#4636=CARTESIAN_POINT('',(11.5194561689617,95.695813491537,-101.55));
#4637=CARTESIAN_POINT('',(11.5194561689617,95.695813491537,-97.5500000000015));
#4638=CARTESIAN_POINT('Origin',(76.0160840596175,19.2747104457534,-101.55));
#4639=CARTESIAN_POINT('Origin',(11.0492237325748,95.4956516104579,-96.750000000001));
#4640=CARTESIAN_POINT('',(14.6321641733321,98.2241929420096,-95.15));
#4641=CARTESIAN_POINT('Origin',(14.6321641733321,98.2241929420096,-98.35));
#4642=CARTESIAN_POINT('',(5.07765633131266,90.9480827245384,-95.15));
#4643=CARTESIAN_POINT('',(12.7949055767137,96.8250527384504,-95.15));
#4644=CARTESIAN_POINT('',(5.07765633131266,90.9480827245384,-91.15));
#4645=CARTESIAN_POINT('',(5.07765633131266,90.9480827245384,-96.750000000001));
#4646=CARTESIAN_POINT('',(14.6321701987347,98.224197530576,-91.15));
#4647=CARTESIAN_POINT('',(10.0126257704814,94.7062440189724,-91.15));
#4648=CARTESIAN_POINT('Origin',(14.6321641733321,98.2241929420096,-98.35));
#4649=CARTESIAN_POINT('Origin',(16.2840643100231,95.8650350544573,-98.35));
#4650=CARTESIAN_POINT('',(18.5783700554273,92.5884268773014,-101.55));
#4651=CARTESIAN_POINT('',(16.2840643100231,95.8650350544573,-101.55));
#4652=CARTESIAN_POINT('',(18.5783700554273,92.5884268773014,-95.15));
#4653=CARTESIAN_POINT('Origin',(18.5783700554273,92.5884268773014,-98.35));
#4654=CARTESIAN_POINT('',(16.2840643100231,95.8650350544573,-95.15));
#4655=CARTESIAN_POINT('Origin',(13.0074561328671,93.5707293090531,-101.55));
#4656=CARTESIAN_POINT('',(15.3017618782713,90.2941211318972,-101.55));
#4657=CARTESIAN_POINT('',(13.0074561328671,93.5707293090531,-101.55));
#4658=CARTESIAN_POINT('',(10.3868496125373,86.8526625137909,-101.55));
#4659=CARTESIAN_POINT('Origin',(13.0074561328671,93.5707293090531,-105.55));
#4660=CARTESIAN_POINT('',(15.3017618782713,90.2941211318972,-103.05));
#4661=CARTESIAN_POINT('',(13.0074561328671,93.5707293090531,-103.05));
#4662=CARTESIAN_POINT('',(15.3017618782713,90.2941211318972,-105.55));
#4663=CARTESIAN_POINT('Origin',(15.0553362435896,95.0046703999308,-103.05));
#4664=CARTESIAN_POINT('',(17.3496419889938,91.7280622227748,-105.55));
#4665=CARTESIAN_POINT('',(15.0553362435896,95.0046703999308,-105.55));
#4666=CARTESIAN_POINT('Origin',(17.3496419889938,91.7280622227748,-103.05));
#4667=CARTESIAN_POINT('Origin',(14.6452502054005,98.3798488309606,-98.350000000002));
#4668=CARTESIAN_POINT('Origin',(14.5633350009699,98.3224911873243,-98.35));
#4669=CARTESIAN_POINT('Origin',(16.2840643100231,95.8650350544573,-98.35));
#4670=CARTESIAN_POINT('',(18.5783762544541,92.5884312179067,-91.15));
#4671=CARTESIAN_POINT('',(16.2840705090499,95.8650393950627,-91.15));
#4672=CARTESIAN_POINT('',(18.5783628856736,92.5884218569858,-105.549999999999));
#4673=CARTESIAN_POINT('Origin',(18.5783700554273,92.5884268773014,-98.35));
#4674=CARTESIAN_POINT('',(16.2840571402694,95.8650300341417,-105.549999999999));
#4675=CARTESIAN_POINT('Origin',(18.6602852598578,92.6457845209376,-98.350000000002));
#4676=CARTESIAN_POINT('',(12.8443057454043,88.573391822844,-105.55));
#4677=CARTESIAN_POINT('',(10.5500000000001,86.9669016449542,-91.15));
#4678=CARTESIAN_POINT('',(12.8443057454043,88.573391822844,-91.15));
#4679=CARTESIAN_POINT('',(10.5500000000001,86.9669016449542,-95.15));
#4680=CARTESIAN_POINT('',(10.5500000000001,86.9669016449542,-96.75));
#4681=CARTESIAN_POINT('',(12.8443057454043,88.573391822844,-95.15));
#4682=CARTESIAN_POINT('Origin',(6.45423977855519,88.9821178182447,-95.15));
#4683=CARTESIAN_POINT('',(5.09207430226937,90.9274917280553,-95.15));
#4684=CARTESIAN_POINT('',(6.45423977855518,88.9821178182448,-95.15));
#4685=CARTESIAN_POINT('',(5.09207430226937,90.9274917280553,-91.15));
#4686=CARTESIAN_POINT('',(5.09207430226937,90.9274917280553,-81.85));
#4687=CARTESIAN_POINT('',(6.45423977855518,88.9821178182448,-91.15));
#4688=CARTESIAN_POINT('Origin',(12.8443057454043,88.573391822844,-95.15));
#4689=CARTESIAN_POINT('',(8.95489914203183,85.85,-91.15));
#4690=CARTESIAN_POINT('',(8.95489914203183,85.85,-95.15));
#4691=CARTESIAN_POINT('',(8.95489914203184,85.85,-103.579235073089));
#4692=CARTESIAN_POINT('',(8.74854552395936,85.7055096410888,-91.15));
#4693=CARTESIAN_POINT('',(12.8443057454043,88.573391822844,-91.15));
#4694=CARTESIAN_POINT('',(8.74854552395936,85.7055096410888,-95.15));
#4695=CARTESIAN_POINT('',(8.74854552395936,85.7055096410888,-105.55));
#4696=CARTESIAN_POINT('',(12.8443057454043,88.573391822844,-95.15));
#4697=CARTESIAN_POINT('Origin',(8.829270690947,94.307456132867,-95.15));
#4698=CARTESIAN_POINT('',(8.64737228545112,85.85,-95.15));
#4699=CARTESIAN_POINT('',(9.68963534547357,85.85,-95.15));
#4700=CARTESIAN_POINT('',(6.45423977855518,88.9821178182448,-95.15));
#4701=CARTESIAN_POINT('Origin',(10.5500000000002,91.85,-91.15));
#4702=CARTESIAN_POINT('',(8.64737228545113,85.85,-91.15));
#4703=CARTESIAN_POINT('',(10.5500000000001,85.85,-91.15));
#4704=CARTESIAN_POINT('',(6.45423977855518,88.9821178182448,-91.15));
#4705=CARTESIAN_POINT('Origin',(6.45423977855519,88.9821178182447,-95.15));
#4706=CARTESIAN_POINT('',(8.64737228545113,85.85,-103.579235073089));
#4707=CARTESIAN_POINT('Origin',(7.9858713248058,86.85,-81.85));
#4708=CARTESIAN_POINT('Origin',(7.9858713248058,86.85,-91.15));
#4709=CARTESIAN_POINT('Origin',(7.9858713248058,86.85,-95.15));
#4710=CARTESIAN_POINT('',(3.0214871323712,87.4457261030921,-120.35));
#4711=CARTESIAN_POINT('Origin',(7.9858713248058,86.85,-120.35));
#4712=CARTESIAN_POINT('',(3.0214871323712,87.4457261030921,-76.35));
#4713=CARTESIAN_POINT('',(3.0214871323712,87.4457261030921,-81.85));
#4714=CARTESIAN_POINT('Origin',(7.9858713248058,86.85,-76.35));
#4715=CARTESIAN_POINT('Origin',(16.2840643100231,95.8650350544573,-95.15));
#4716=CARTESIAN_POINT('',(10.5500000000001,72.8662280664335,-95.15));
#4717=CARTESIAN_POINT('Origin',(16.2840571402694,95.8650300341417,-105.55));
#4718=CARTESIAN_POINT('Origin',(10.5500000000001,91.85,-91.15));
#4719=CARTESIAN_POINT('',(10.5500000000001,71.6375,-91.15));
#4720=CARTESIAN_POINT('Origin',(-89.4499999999999,77.8136177450831,-94.1));
#4721=CARTESIAN_POINT('',(9.87631390872442,66.2255477890653,-120.35));
#4722=CARTESIAN_POINT('',(10.5500000000001,77.8136177450831,-120.35));
#4723=CARTESIAN_POINT('Origin',(-89.4499999999999,77.8136177450831,-120.35));
#4724=CARTESIAN_POINT('',(10.5500000000001,77.8136177450831,-115.35));
#4725=CARTESIAN_POINT('',(10.5500000000001,77.8136177450831,-94.1));
#4726=CARTESIAN_POINT('',(9.87631390872442,66.2255477890653,-115.35));
#4727=CARTESIAN_POINT('Origin',(-89.4499999999999,77.8136177450831,-115.35));
#4728=CARTESIAN_POINT('',(9.87631390872441,66.2255477890653,-94.1));
#4729=CARTESIAN_POINT('Origin',(10.5500000000001,90.85,-120.35));
#4730=CARTESIAN_POINT('',(3.55000000000014,12.,-120.35));
#4731=CARTESIAN_POINT('',(9.88481775829008,66.2984379281995,-120.35));
#4732=CARTESIAN_POINT('',(-0.199999999999999,12.,-120.35));
#4733=CARTESIAN_POINT('',(10.5500000000001,12.,-120.35));
#4734=CARTESIAN_POINT('',(-0.2,-0.2,-120.35));
#4735=CARTESIAN_POINT('',(-0.199999999999999,12.,-120.35));
#4736=CARTESIAN_POINT('',(1.8,-0.2,-120.35));
#4737=CARTESIAN_POINT('',(-0.2,-0.2,-120.35));
#4738=CARTESIAN_POINT('',(-0.199999999999999,-3.,-120.35));
#4739=CARTESIAN_POINT('',(1.8,-0.2,-120.35));
#4740=CARTESIAN_POINT('',(-2.44999999999986,-3.,-120.35));
#4741=CARTESIAN_POINT('',(-5.44999999999986,-3.,-120.35));
#4742=CARTESIAN_POINT('',(-5.44999999999986,0.,-120.35));
#4743=CARTESIAN_POINT('Origin',(-2.44999999999986,0.,-120.35));
#4744=CARTESIAN_POINT('',(-5.44999999999986,10.8714458657221,-120.35));
#4745=CARTESIAN_POINT('',(-5.44999999999986,85.85,-120.35));
#4746=CARTESIAN_POINT('',(-4.73768384869204,22.7859679275651,-120.35));
#4747=CARTESIAN_POINT('Origin',(94.5500000000001,10.8714458657221,-120.35));
#4748=CARTESIAN_POINT('',(1.29053627760266,73.0211356466877,-120.35));
#4749=CARTESIAN_POINT('',(20.2500000000001,86.85,-120.35));
#4750=CARTESIAN_POINT('Origin',(15.2500000000001,86.85,-120.35));
#4751=CARTESIAN_POINT('',(20.2500000000001,65.85,-120.35));
#4752=CARTESIAN_POINT('',(20.2500000000001,85.85,-120.35));
#4753=CARTESIAN_POINT('',(19.061552812809,65.85,-120.35));
#4754=CARTESIAN_POINT('',(15.5000000000001,65.85,-120.35));
#4755=CARTESIAN_POINT('',(17.1212678125183,67.3649287499273,-120.35));
#4756=CARTESIAN_POINT('Origin',(19.061552812809,67.85,-120.35));
#4757=CARTESIAN_POINT('',(15.6492874992735,73.2528500029066,-120.35));
#4758=CARTESIAN_POINT('',(13.854411764706,80.4323529411765,-120.35));
#4759=CARTESIAN_POINT('',(15.5000000000001,74.4655281280883,-120.35));
#4760=CARTESIAN_POINT('Origin',(20.5000000000001,74.4655281280883,-120.35));
#4761=CARTESIAN_POINT('',(15.5000000000001,85.85,-120.35));
#4762=CARTESIAN_POINT('',(15.5000000000001,85.85,-120.35));
#4763=CARTESIAN_POINT('',(10.5500000000001,85.85,-120.35));
#4764=CARTESIAN_POINT('',(10.5500000000001,85.85,-120.35));
#4765=CARTESIAN_POINT('',(10.5500000000001,85.85,-120.35));
#4766=CARTESIAN_POINT('Origin',(7.05000000000014,42.,-89.85));
#4767=CARTESIAN_POINT('',(4.87449640157087,23.3528262991777,-115.35));
#4768=CARTESIAN_POINT('',(6.00035448693555,33.0030384594464,-115.35));
#4769=CARTESIAN_POINT('',(8.25526558713804,52.3308478897534,-101.134608211519));
#4770=CARTESIAN_POINT('',(8.03816550063368,50.4699900054303,-102.047466385969));
#4771=CARTESIAN_POINT('',(9.87631390872443,66.2255477890653,-107.950760316131));
#4772=CARTESIAN_POINT('',(9.19529002795653,60.3882002396262,-105.087204494646));
#4773=CARTESIAN_POINT('',(9.87631390872442,66.2255477890653,-102.381543893093));
#4774=CARTESIAN_POINT('',(9.87631390872441,66.2255477890653,-94.1));
#4775=CARTESIAN_POINT('',(8.91751378792339,58.0072610393421,-98.35));
#4776=CARTESIAN_POINT('',(7.97784166762641,49.9529285796538,-94.3988851472736));
#4777=CARTESIAN_POINT('',(9.87631390872442,66.2255477890653,-94.3184561069072));
#4778=CARTESIAN_POINT('',(9.97223078345178,67.0476924295855,-93.9151467182637));
#4779=CARTESIAN_POINT('',(9.87631390872442,66.2255477890653,-88.7492396838694));
#4780=CARTESIAN_POINT('',(9.87631390872441,66.2255477890653,-94.1));
#4781=CARTESIAN_POINT('',(8.25526558713804,52.3308478897534,-95.5653917884811));
#4782=CARTESIAN_POINT('',(7.91110395894398,49.3808910766615,-97.0125158347562));
#4783=CARTESIAN_POINT('',(4.87449640157087,23.3528262991777,-81.35));
#4784=CARTESIAN_POINT('',(5.97827023138627,32.8137448404525,-85.9911264938413));
#4785=CARTESIAN_POINT('',(9.87631390872443,66.2255477890653,-81.35));
#4786=CARTESIAN_POINT('',(9.3357255661468,61.5919334241143,-81.35));
#4787=CARTESIAN_POINT('',(9.87631390872443,66.2255477890653,-76.35));
#4788=CARTESIAN_POINT('',(9.87631390872441,66.2255477890653,-94.1));
#4789=CARTESIAN_POINT('',(3.55000000000014,12.,-76.35));
#4790=CARTESIAN_POINT('',(5.34699917785709,27.4028500959167,-76.35));
#4791=CARTESIAN_POINT('',(3.55000000000014,12.,-81.35));
#4792=CARTESIAN_POINT('',(3.55000000000014,12.,-89.85));
#4793=CARTESIAN_POINT('',(7.59301738635268,46.6544347401647,-98.35));
#4794=CARTESIAN_POINT('',(7.19571859171637,43.2490165004248,-96.6794458412135));
#4795=CARTESIAN_POINT('',(3.55000000000014,12.,-115.35));
#4796=CARTESIAN_POINT('',(5.58400175559365,29.4343007622301,-106.797469416825));
#4797=CARTESIAN_POINT('',(3.55000000000014,12.,-105.1));
#4798=CARTESIAN_POINT('Origin',(-89.4499999999999,77.8136177450831,-94.1));
#4799=CARTESIAN_POINT('',(10.5500000000001,77.8136177450831,-113.635377327759));
#4800=CARTESIAN_POINT('Origin',(-89.4499999999999,77.8136177450831,-113.635377327759));
#4801=CARTESIAN_POINT('',(10.5500000000001,77.8136177450831,-108.066160904721));
#4802=CARTESIAN_POINT('',(10.5500000000001,77.8136177450831,-94.1));
#4803=CARTESIAN_POINT('Origin',(-89.4499999999999,77.8136177450831,-108.066160904721));
#4804=CARTESIAN_POINT('Origin',(10.5500000000001,81.3088694803294,-115.35));
#4805=CARTESIAN_POINT('',(-1.19229825322945,52.3308478897534,-101.134608211519));
#4806=CARTESIAN_POINT('',(10.5500000000001,52.3308478897534,-101.134608211519));
#4807=CARTESIAN_POINT('',(2.28506433763967,81.3088694803294,-115.35));
#4808=CARTESIAN_POINT('',(0.368439458928619,65.3369954910707,-107.514874139393));
#4809=CARTESIAN_POINT('',(10.5500000000001,81.3088694803294,-115.35));
#4810=CARTESIAN_POINT('',(10.5500000000001,81.3088694803294,-115.35));
#4811=CARTESIAN_POINT('',(10.5500000000001,81.3088694803294,-115.35));
#4812=CARTESIAN_POINT('Origin',(-89.4499999999999,77.8136177450831,-94.1));
#4813=CARTESIAN_POINT('',(10.5500000000001,77.8136177450831,-88.6338390952788));
#4814=CARTESIAN_POINT('Origin',(-89.4499999999999,77.8136177450831,-88.6338390952788));
#4815=CARTESIAN_POINT('',(10.5500000000001,77.8136177450831,-83.0646226722411));
#4816=CARTESIAN_POINT('',(10.5500000000001,77.8136177450831,-94.1));
#4817=CARTESIAN_POINT('Origin',(-89.4499999999999,77.8136177450831,-83.0646226722411));
#4818=CARTESIAN_POINT('Origin',(10.5500000000001,85.85,-84.6915298538228));
#4819=CARTESIAN_POINT('',(-0.511128675278805,58.0072610393421,-98.35));
#4820=CARTESIAN_POINT('',(10.5500000000001,58.0072610393421,-98.35));
#4821=CARTESIAN_POINT('',(2.83000000000014,85.85,-84.6915298538228));
#4822=CARTESIAN_POINT('',(1.2843366159074,72.9694717992272,-91.0101722167684));
#4823=CARTESIAN_POINT('',(10.5500000000001,85.85,-84.6915298538228));
#4824=CARTESIAN_POINT('',(10.5500000000001,85.85,-84.6915298538228));
#4825=CARTESIAN_POINT('',(10.5500000000001,85.85,-84.6915298538228));
#4826=CARTESIAN_POINT('Origin',(-89.4499999999999,77.8136177450831,-94.1));
#4827=CARTESIAN_POINT('',(10.5500000000001,77.8136177450831,-76.35));
#4828=CARTESIAN_POINT('Origin',(-89.4499999999999,77.8136177450831,-76.35));
#4829=CARTESIAN_POINT('',(10.5500000000001,77.8136177450831,-81.35));
#4830=CARTESIAN_POINT('Origin',(-89.4499999999999,77.8136177450831,-81.35));
#4831=CARTESIAN_POINT('',(10.5500000000001,77.8136177450831,-94.1));
#4832=CARTESIAN_POINT('Origin',(10.5500000000001,12.,-76.35));
#4833=CARTESIAN_POINT('',(10.5500000000001,85.85,-76.35));
#4834=CARTESIAN_POINT('',(10.5500000000001,90.85,-76.35));
#4835=CARTESIAN_POINT('',(15.5000000000001,85.85,-76.35));
#4836=CARTESIAN_POINT('',(10.5500000000001,85.85,-76.35));
#4837=CARTESIAN_POINT('',(15.5000000000001,74.4655281280883,-76.35));
#4838=CARTESIAN_POINT('',(15.5000000000001,85.85,-76.35));
#4839=CARTESIAN_POINT('',(15.6492874992735,73.2528500029067,-76.35));
#4840=CARTESIAN_POINT('Origin',(20.5000000000001,74.4655281280883,-76.35));
#4841=CARTESIAN_POINT('',(17.1212678125183,67.3649287499273,-76.35));
#4842=CARTESIAN_POINT('',(23.1308823529413,43.3264705882353,-76.35));
#4843=CARTESIAN_POINT('',(19.061552812809,65.85,-76.35));
#4844=CARTESIAN_POINT('Origin',(19.061552812809,67.85,-76.35));
#4845=CARTESIAN_POINT('',(20.2500000000001,65.85,-76.35));
#4846=CARTESIAN_POINT('',(20.2500000000001,65.85,-76.35));
#4847=CARTESIAN_POINT('',(20.2500000000001,86.85,-76.35));
#4848=CARTESIAN_POINT('',(20.2500000000001,90.85,-76.35));
#4849=CARTESIAN_POINT('Origin',(15.2500000000001,86.85,-76.35));
#4850=CARTESIAN_POINT('',(-4.73768384869204,22.7859679275651,-76.35));
#4851=CARTESIAN_POINT('',(-3.37330441640364,34.1557965299684,-76.35));
#4852=CARTESIAN_POINT('',(-5.44999999999986,10.8714458657221,-76.35));
#4853=CARTESIAN_POINT('Origin',(94.5500000000001,10.8714458657221,-76.35));
#4854=CARTESIAN_POINT('',(-5.44999999999986,0.,-76.35));
#4855=CARTESIAN_POINT('',(-5.44999999999986,12.,-76.35));
#4856=CARTESIAN_POINT('',(-2.44999999999986,-3.,-76.35));
#4857=CARTESIAN_POINT('Origin',(-2.44999999999986,0.,-76.35));
#4858=CARTESIAN_POINT('',(-0.199999999999999,-3.,-76.35));
#4859=CARTESIAN_POINT('',(10.5500000000001,-3.,-76.35));
#4860=CARTESIAN_POINT('',(1.8,-0.2,-76.35));
#4861=CARTESIAN_POINT('',(1.8,-0.2,-76.35));
#4862=CARTESIAN_POINT('',(-0.2,-0.2,-76.35));
#4863=CARTESIAN_POINT('',(-0.2,-0.2,-76.35));
#4864=CARTESIAN_POINT('',(-0.2,12.,-76.35));
#4865=CARTESIAN_POINT('',(-0.2,12.,-76.35));
#4866=CARTESIAN_POINT('',(10.5500000000001,12.,-76.35));
#4867=CARTESIAN_POINT('Origin',(-2.44999999999986,0.,-88.6));
#4868=CARTESIAN_POINT('',(-5.44999999999986,0.,-81.35));
#4869=CARTESIAN_POINT('',(-2.44999999999986,-3.,-81.35));
#4870=CARTESIAN_POINT('Origin',(-2.44999999999986,0.,-81.35));
#4871=CARTESIAN_POINT('',(-2.44999999999986,-3.,-88.6));
#4872=CARTESIAN_POINT('',(-5.44999999999986,0.,-88.6));
#4873=CARTESIAN_POINT('Origin',(-5.44999999999986,51.425,-98.35));
#4874=CARTESIAN_POINT('',(-5.44999999999986,10.8714458657221,-81.35));
#4875=CARTESIAN_POINT('',(-5.44999999999986,10.8714458657221,-92.85));
#4876=CARTESIAN_POINT('',(-5.44999999999986,12.,-81.35));
#4877=CARTESIAN_POINT('Origin',(-2.44999999999986,0.,-108.1));
#4878=CARTESIAN_POINT('',(-2.44999999999986,-3.,-115.35));
#4879=CARTESIAN_POINT('',(-2.44999999999986,-3.,-108.1));
#4880=CARTESIAN_POINT('',(-5.44999999999986,0.,-115.35));
#4881=CARTESIAN_POINT('Origin',(-2.44999999999986,0.,-115.35));
#4882=CARTESIAN_POINT('',(-5.44999999999986,0.,-108.1));
#4883=CARTESIAN_POINT('Origin',(2.55000000000014,-3.,-117.85));
#4884=CARTESIAN_POINT('',(-0.199999999999999,-3.,-115.35));
#4885=CARTESIAN_POINT('',(-0.199999999999999,-3.,-120.35));
#4886=CARTESIAN_POINT('',(10.5500000000001,-3.,-115.35));
#4887=CARTESIAN_POINT('Origin',(94.5500000000001,10.8714458657221,-92.85));
#4888=CARTESIAN_POINT('',(-4.73768384869204,22.7859679275652,-86.6411396807777));
#4889=CARTESIAN_POINT('',(-4.73768384869203,22.7859679275651,-92.85));
#4890=CARTESIAN_POINT('',(-5.44363162504888,12.,-81.35));
#4891=CARTESIAN_POINT('Origin',(94.5500000000001,10.8714458657221,-80.7963790730804));
#4892=CARTESIAN_POINT('Origin',(94.5500000000001,10.8714458657221,-81.35));
#4893=CARTESIAN_POINT('Origin',(-5.44999999999986,12.,-81.35));
#4894=CARTESIAN_POINT('',(-0.2,12.,-81.35));
#4895=CARTESIAN_POINT('',(10.5500000000001,12.,-81.35));
#4896=CARTESIAN_POINT('',(-0.2,-0.2,-81.35));
#4897=CARTESIAN_POINT('',(-0.2,12.,-81.35));
#4898=CARTESIAN_POINT('',(1.8,-0.2,-81.35));
#4899=CARTESIAN_POINT('',(-0.2,-0.2,-81.35));
#4900=CARTESIAN_POINT('',(-0.199999999999999,-3.,-81.35));
#4901=CARTESIAN_POINT('',(1.8,-0.2,-81.35));
#4902=CARTESIAN_POINT('',(-5.44999999999986,-3.,-81.35));
#4903=CARTESIAN_POINT('Origin',(10.5500000000001,46.6544347401647,-98.35));
#4904=CARTESIAN_POINT('',(-1.8734678311801,46.6544347401647,-98.35));
#4905=CARTESIAN_POINT('',(-1.68696980187874,48.2085849843427,-99.1124003781659));
#4906=CARTESIAN_POINT('',(10.5500000000001,46.6544347401647,-98.35));
#4907=CARTESIAN_POINT('',(10.5500000000001,12.,-81.35));
#4908=CARTESIAN_POINT('Origin',(-0.949999999999862,54.35,-87.35));
#4909=CARTESIAN_POINT('',(-4.73768384869204,22.7859679275651,-110.058860319222));
#4910=CARTESIAN_POINT('',(-4.73768384869203,22.7859679275651,-92.85));
#4911=CARTESIAN_POINT('',(-3.22643325154132,35.3797229038212,-103.880896771365));
#4912=CARTESIAN_POINT('',(-4.66966084409854,23.3528262991777,-81.35));
#4913=CARTESIAN_POINT('',(-1.19229825322945,52.3308478897534,-95.5653917884811));
#4914=CARTESIAN_POINT('',(-2.93841528115727,37.7798726570216,-88.4272987619703));
#4915=CARTESIAN_POINT('',(2.28506433763967,81.3088694803294,-81.35));
#4916=CARTESIAN_POINT('',(-0.834346960988306,55.3137753250963,-94.1020937493977));
#4917=CARTESIAN_POINT('',(0.72619496137609,68.3182913447996,-81.35));
#4918=CARTESIAN_POINT('',(-4.66966084409854,23.3528262991777,-115.35));
#4919=CARTESIAN_POINT('',(-0.703737238950802,56.4021896754088,-99.137380125847));
#4920=CARTESIAN_POINT('',(-2.70180443813998,39.7516296821656,-115.35));
#4921=CARTESIAN_POINT('',(2.83000000000014,85.85,-112.008470146177));
#4922=CARTESIAN_POINT('',(-0.883006020349927,54.9082831637494,-96.829772523197));
#4923=CARTESIAN_POINT('',(2.83000000000014,85.85,-99.6792350730886));
#4924=CARTESIAN_POINT('Origin',(94.5500000000001,10.8714458657221,-92.85));
#4925=CARTESIAN_POINT('',(-5.44999999999986,10.8714458657221,-115.35));
#4926=CARTESIAN_POINT('',(-5.44999999999986,10.8714458657221,-92.85));
#4927=CARTESIAN_POINT('',(-5.44363162504888,12.,-115.35));
#4928=CARTESIAN_POINT('Origin',(94.5500000000001,10.8714458657221,-115.35));
#4929=CARTESIAN_POINT('Origin',(94.5500000000001,10.8714458657221,-115.90362092692));
#4930=CARTESIAN_POINT('Origin',(10.5500000000001,12.,-115.35));
#4931=CARTESIAN_POINT('',(-0.199999999999999,12.,-115.35));
#4932=CARTESIAN_POINT('',(10.5500000000001,12.,-115.35));
#4933=CARTESIAN_POINT('',(10.5500000000001,12.,-115.35));
#4934=CARTESIAN_POINT('Origin',(-0.2,12.,-115.35));
#4935=CARTESIAN_POINT('',(1.8,-0.2,-115.35));
#4936=CARTESIAN_POINT('',(1.8,-0.2,-115.35));
#4937=CARTESIAN_POINT('',(-0.2,-0.2,-115.35));
#4938=CARTESIAN_POINT('',(-0.2,-0.2,-115.35));
#4939=CARTESIAN_POINT('',(-0.199999999999999,12.,-115.35));
#4940=CARTESIAN_POINT('',(-5.44999999999986,12.,-115.35));
#4941=CARTESIAN_POINT('Origin',(15.2500000000001,86.85,-87.35));
#4942=CARTESIAN_POINT('',(20.2500000000001,86.85,-86.35));
#4943=CARTESIAN_POINT('',(20.2500000000001,86.85,-87.35));
#4944=CARTESIAN_POINT('Origin',(15.2500000000001,86.85,-86.35));
#4945=CARTESIAN_POINT('Origin',(15.2500000000001,86.85,-87.35));
#4946=CARTESIAN_POINT('',(20.2500000000001,86.85,-110.35));
#4947=CARTESIAN_POINT('Origin',(15.2500000000001,86.85,-110.35));
#4948=CARTESIAN_POINT('',(20.2500000000001,86.85,-87.35));
#4949=CARTESIAN_POINT('Origin',(10.5500000000001,58.0072610393421,-98.35));
#4950=CARTESIAN_POINT('',(10.5500000000001,85.85,-112.008470146177));
#4951=CARTESIAN_POINT('',(10.5500000000001,85.85,-112.008470146177));
#4952=CARTESIAN_POINT('',(10.5500000000001,85.85,-112.008470146177));
#4953=CARTESIAN_POINT('Origin',(10.5500000000001,52.3308478897534,-101.134608211519));
#4954=CARTESIAN_POINT('',(10.5500000000001,23.3528262991777,-115.35));
#4955=CARTESIAN_POINT('Origin',(10.5500000000001,23.3528262991777,-115.35));
#4956=CARTESIAN_POINT('',(10.5500000000001,85.85,-115.35));
#4957=CARTESIAN_POINT('Origin',(10.5500000000001,51.425,-98.35));
#4958=CARTESIAN_POINT('',(10.5500000000001,85.85,-104.35));
#4959=CARTESIAN_POINT('Origin',(10.5500000000001,51.425,-98.35));
#4960=CARTESIAN_POINT('',(10.5500000000001,85.85,-87.35));
#4961=CARTESIAN_POINT('',(10.5500000000001,81.3088694803294,-81.35));
#4962=CARTESIAN_POINT('',(10.5500000000001,85.85,-81.35));
#4963=CARTESIAN_POINT('',(10.5500000000001,81.3088694803294,-81.35));
#4964=CARTESIAN_POINT('Origin',(10.5500000000001,85.85,-112.008470146177));
#4965=CARTESIAN_POINT('',(15.5000000000001,85.85,-110.35));
#4966=CARTESIAN_POINT('',(15.5000000000001,85.85,-111.179235073089));
#4967=CARTESIAN_POINT('',(10.5500000000001,85.85,-110.35));
#4968=CARTESIAN_POINT('',(10.5500000000001,85.85,-110.35));
#4969=CARTESIAN_POINT('',(10.5500000000001,85.85,-86.35));
#4970=CARTESIAN_POINT('',(10.5500000000001,85.85,-76.35));
#4971=CARTESIAN_POINT('',(15.5000000000001,85.85,-86.35));
#4972=CARTESIAN_POINT('',(10.5500000000001,85.85,-86.35));
#4973=CARTESIAN_POINT('',(15.5000000000001,85.85,-94.1792350730886));
#4974=CARTESIAN_POINT('Origin',(10.5500000000001,52.3308478897534,-95.5653917884811));
#4975=CARTESIAN_POINT('',(10.5500000000001,81.3088694803294,-81.35));
#4976=CARTESIAN_POINT('',(10.5500000000001,52.3308478897534,-95.5653917884811));
#4977=CARTESIAN_POINT('Origin',(10.5500000000001,23.3528262991777,-81.35));
#4978=CARTESIAN_POINT('',(10.5500000000001,23.3528262991777,-81.35));
#4979=CARTESIAN_POINT('Origin',(20.5000000000001,74.4655281280883,-77.6));
#4980=CARTESIAN_POINT('',(15.5000000000001,74.4655281280883,-86.35));
#4981=CARTESIAN_POINT('',(15.6492874992735,73.2528500029067,-86.35));
#4982=CARTESIAN_POINT('Origin',(20.5000000000001,74.4655281280883,-86.35));
#4983=CARTESIAN_POINT('',(15.6492874992735,73.2528500029067,-77.6));
#4984=CARTESIAN_POINT('',(15.5000000000001,74.4655281280883,-77.6));
#4985=CARTESIAN_POINT('Origin',(16.5000000000001,69.85,-78.85));
#4986=CARTESIAN_POINT('',(17.1212678125183,67.3649287499273,-86.35));
#4987=CARTESIAN_POINT('',(14.4426470588237,78.0794117647059,-86.35));
#4988=CARTESIAN_POINT('',(17.1212678125183,67.3649287499273,-80.1));
#4989=CARTESIAN_POINT('Origin',(10.5500000000001,85.85,-86.35));
#4990=CARTESIAN_POINT('',(20.2500000000001,65.85,-86.35));
#4991=CARTESIAN_POINT('',(20.2500000000001,85.85,-86.35));
#4992=CARTESIAN_POINT('',(19.061552812809,65.85,-86.35));
#4993=CARTESIAN_POINT('',(15.5000000000001,65.85,-86.35));
#4994=CARTESIAN_POINT('Origin',(19.061552812809,67.85,-86.35));
#4995=CARTESIAN_POINT('',(15.5000000000001,85.85,-86.35));
#4996=CARTESIAN_POINT('',(10.5500000000001,68.6375,-86.35));
#4997=CARTESIAN_POINT('Origin',(20.5000000000001,74.4655281280883,-111.6));
#4998=CARTESIAN_POINT('',(15.6492874992735,73.2528500029066,-110.35));
#4999=CARTESIAN_POINT('',(15.6492874992735,73.2528500029066,-111.6));
#5000=CARTESIAN_POINT('',(15.5000000000001,74.4655281280883,-110.35));
#5001=CARTESIAN_POINT('Origin',(20.5000000000001,74.4655281280883,-110.35));
#5002=CARTESIAN_POINT('',(15.5000000000001,74.4655281280883,-111.6));
#5003=CARTESIAN_POINT('Origin',(16.5000000000001,69.85,-112.85));
#5004=CARTESIAN_POINT('',(17.1212678125183,67.3649287499273,-110.35));
#5005=CARTESIAN_POINT('',(17.1212678125183,67.3649287499273,-114.1));
#5006=CARTESIAN_POINT('',(13.854411764706,80.4323529411765,-110.35));
#5007=CARTESIAN_POINT('Origin',(19.061552812809,67.85,-80.1));
#5008=CARTESIAN_POINT('',(19.061552812809,65.85,-80.1));
#5009=CARTESIAN_POINT('Origin',(19.061552812809,67.85,-114.1));
#5010=CARTESIAN_POINT('',(19.061552812809,65.85,-110.35));
#5011=CARTESIAN_POINT('Origin',(19.061552812809,67.85,-110.35));
#5012=CARTESIAN_POINT('',(19.061552812809,65.85,-114.1));
#5013=CARTESIAN_POINT('Origin',(17.8750000000001,65.85,-81.35));
#5014=CARTESIAN_POINT('',(20.2500000000001,65.85,-86.35));
#5015=CARTESIAN_POINT('Origin',(10.5500000000001,90.85,-110.35));
#5016=CARTESIAN_POINT('',(10.5500000000001,71.1375,-110.35));
#5017=CARTESIAN_POINT('',(15.5000000000001,85.85,-110.35));
#5018=CARTESIAN_POINT('',(20.2500000000001,65.85,-110.35));
#5019=CARTESIAN_POINT('',(20.2500000000001,65.85,-110.35));
#5020=CARTESIAN_POINT('',(20.2500000000001,90.85,-110.35));
#5021=CARTESIAN_POINT('Origin',(17.8750000000001,65.85,-115.35));
#5022=CARTESIAN_POINT('',(20.2500000000001,65.85,-120.35));
#5023=CARTESIAN_POINT('Origin',(15.5000000000001,85.85,-110.35));
#5024=CARTESIAN_POINT('Origin',(15.5000000000001,85.85,-76.35));
#5025=CARTESIAN_POINT('Origin',(20.2500000000001,51.425,-98.35));
#5026=CARTESIAN_POINT('Origin',(10.5500000000001,51.425,-98.35));
#5027=CARTESIAN_POINT('Origin',(20.2500000000001,51.425,-98.35));
#5028=CARTESIAN_POINT('Origin',(-0.199999999999999,-3.,-76.35));
#5029=CARTESIAN_POINT('',(-0.199999999999999,-3.,-120.35));
#5030=CARTESIAN_POINT('',(1.8,-0.2,-76.35));
#5031=CARTESIAN_POINT('Origin',(1.8,-0.2,-76.35));
#5032=CARTESIAN_POINT('',(-0.2,-0.2,-78.85));
#5033=CARTESIAN_POINT('Origin',(-0.199999999999999,-3.,-120.35));
#5034=CARTESIAN_POINT('',(1.8,-0.2,-120.35));
#5035=CARTESIAN_POINT('Origin',(1.8,-0.2,-120.35));
#5036=CARTESIAN_POINT('',(-0.199999999999999,-0.2,-120.35));
#5037=CARTESIAN_POINT('Origin',(-0.2,12.,-81.35));
#5038=CARTESIAN_POINT('',(-0.2,12.,-81.35));
#5039=CARTESIAN_POINT('Origin',(-2.82499999999993,-3.,-78.85));
#5040=CARTESIAN_POINT('Origin',(-0.199999999999999,12.,-120.35));
#5041=CARTESIAN_POINT('',(-0.2,12.,-120.35));
#5042=CARTESIAN_POINT('Origin',(10.5500000000001,81.3088694803294,-81.35));
#5043=CARTESIAN_POINT('Origin',(10.5500000000001,12.,-81.35));
#5044=CARTESIAN_POINT('Origin',(10.5500000000001,12.,-120.35));
#5045=CARTESIAN_POINT('Origin',(-5.44999999999986,51.425,-98.35));
#5046=CARTESIAN_POINT('',(0.,0.,0.));
#5047=CARTESIAN_POINT('Origin',(171.436675891295,-222.638302511957,-171.436675891294));
#5048=CARTESIAN_POINT('',(-10.7529820982738,-185.962588753811,-3.89817653481539));
#5049=CARTESIAN_POINT('',(-11.6848211438157,-199.999999999999,-2.45731447991531));
#5050=CARTESIAN_POINT('Origin',(164.77606185432,-222.638302511957,-178.097289928268));
#5051=CARTESIAN_POINT('',(3.89817653481533,-185.962588753811,10.7529820982738));
#5052=CARTESIAN_POINT('',(-3.42740278172922,-185.962588753811,3.42740278172919));
#5053=CARTESIAN_POINT('',(2.45731447991542,-199.999999999997,11.6848211438156));
#5054=CARTESIAN_POINT('Origin',(178.097289928269,-222.638302511957,-164.776061854319));
#5055=CARTESIAN_POINT('',(2.17157287525378,-205.,11.9705627484771));
#5056=CARTESIAN_POINT('Origin',(178.50774370316,-222.638302511957,-164.365608079428));
#5057=CARTESIAN_POINT('',(-11.9705627484771,-205.,-2.17157287525385));
#5058=CARTESIAN_POINT('',(-4.89949493661168,-205.,4.89949493661166));
#5059=CARTESIAN_POINT('Origin',(164.365608079429,-222.638302511957,-178.507743703159));
#5060=CARTESIAN_POINT('Origin',(11.0606123086602,-5.,-2.33561230866019));
#5061=CARTESIAN_POINT('',(11.0606123086602,-5.,-2.33561230866019));
#5062=CARTESIAN_POINT('',(15.0758905666017,-5.,-1.25972174205852));
#5063=CARTESIAN_POINT('',(10.1760778496535,-5.,-2.57262260262854));
#5064=CARTESIAN_POINT('',(11.0606123086602,-2.,-2.33561230866019));
#5065=CARTESIAN_POINT('',(11.0606123086602,-5.,-2.33561230866019));
#5066=CARTESIAN_POINT('',(15.0758905666017,-2.,-1.25972174205852));
#5067=CARTESIAN_POINT('',(11.0606123086602,-2.,-2.33561230866019));
#5068=CARTESIAN_POINT('',(15.0758905666017,-5.,-1.25972174205852));
#5069=CARTESIAN_POINT('Origin',(9.98472174205853,-5.,-6.35089056660168));
#5070=CARTESIAN_POINT('',(9.98472174205853,-5.,-6.35089056660168));
#5071=CARTESIAN_POINT('',(9.37682023133252,-5.,-8.61960989062905));
#5072=CARTESIAN_POINT('',(9.98472174205853,-2.,-6.35089056660168));
#5073=CARTESIAN_POINT('',(9.98472174205853,-5.,-6.35089056660168));
#5074=CARTESIAN_POINT('',(9.98472174205853,-2.,-6.35089056660168));
#5075=CARTESIAN_POINT('Origin',(12.9241094333983,-5.,-9.29027825794148));
#5076=CARTESIAN_POINT('',(12.9241094333983,-5.,-9.29027825794148));
#5077=CARTESIAN_POINT('',(13.2025561588264,-5.,-9.56872498336954));
#5078=CARTESIAN_POINT('',(12.9241094333983,-2.,-9.29027825794148));
#5079=CARTESIAN_POINT('',(12.9241094333983,-5.,-9.29027825794148));
#5080=CARTESIAN_POINT('',(12.9241094333983,-2.,-9.29027825794148));
#5081=CARTESIAN_POINT('Origin',(16.9393876913398,-5.,-8.2143876913398));
#5082=CARTESIAN_POINT('',(16.9393876913398,-5.,-8.2143876913398));
#5083=CARTESIAN_POINT('',(14.0472141033624,-5.,-8.98934326860898));
#5084=CARTESIAN_POINT('',(16.9393876913398,-2.,-8.2143876913398));
#5085=CARTESIAN_POINT('',(16.9393876913398,-5.,-8.2143876913398));
#5086=CARTESIAN_POINT('',(16.9393876913398,-2.,-8.2143876913398));
#5087=CARTESIAN_POINT('Origin',(18.0152782579415,-5.,-4.19910943339832));
#5088=CARTESIAN_POINT('',(18.0152782579415,-5.,-4.19910943339832));
#5089=CARTESIAN_POINT('',(16.8694314639146,-5.,-8.47546788639643));
#5090=CARTESIAN_POINT('',(18.0152782579415,-2.,-4.19910943339832));
#5091=CARTESIAN_POINT('',(18.0152782579415,-5.,-4.19910943339832));
#5092=CARTESIAN_POINT('',(18.0152782579415,-2.,-4.19910943339832));
#5093=CARTESIAN_POINT('Origin',(15.0758905666017,-5.,-1.25972174205852));
#5094=CARTESIAN_POINT('',(16.8240311376996,-5.,-3.00786231315648));
#5095=CARTESIAN_POINT('',(15.0758905666017,-2.,-1.25972174205852));
#5096=CARTESIAN_POINT('Origin',(14.,-2.,-5.275));
#5097=CARTESIAN_POINT('',(11.75,-2.,-5.275));
#5098=CARTESIAN_POINT('Origin',(14.,-2.,-5.275));
#5099=CARTESIAN_POINT('Origin',(2.33561230866035,-5.,-11.0606123086601));
#5100=CARTESIAN_POINT('',(2.33561230866035,-5.,-11.0606123086601));
#5101=CARTESIAN_POINT('',(6.35089056660183,-5.,-9.98472174205843));
#5102=CARTESIAN_POINT('',(6.61197076165839,-5.,-9.91476551463327));
#5103=CARTESIAN_POINT('',(2.33561230866035,-2.,-11.0606123086601));
#5104=CARTESIAN_POINT('',(2.33561230866035,-5.,-11.0606123086601));
#5105=CARTESIAN_POINT('',(6.35089056660183,-2.,-9.98472174205843));
#5106=CARTESIAN_POINT('',(2.33561230866035,-2.,-11.0606123086601));
#5107=CARTESIAN_POINT('',(6.35089056660183,-5.,-9.98472174205843));
#5108=CARTESIAN_POINT('Origin',(1.2597217420587,-5.,-15.0758905666016));
#5109=CARTESIAN_POINT('',(1.2597217420587,-5.,-15.0758905666016));
#5110=CARTESIAN_POINT('',(2.03467731932785,-5.,-12.1837169786242));
#5111=CARTESIAN_POINT('',(1.2597217420587,-2.,-15.0758905666016));
#5112=CARTESIAN_POINT('',(1.2597217420587,-5.,-15.0758905666016));
#5113=CARTESIAN_POINT('',(1.2597217420587,-2.,-15.0758905666016));
#5114=CARTESIAN_POINT('Origin',(4.19910943339853,-5.,-18.0152782579414));
#5115=CARTESIAN_POINT('',(4.19910943339853,-5.,-18.0152782579414));
#5116=CARTESIAN_POINT('',(4.47755615882658,-5.,-18.2937249833694));
#5117=CARTESIAN_POINT('',(4.19910943339853,-2.,-18.0152782579414));
#5118=CARTESIAN_POINT('',(4.19910943339853,-5.,-18.0152782579414));
#5119=CARTESIAN_POINT('',(4.19910943339853,-2.,-18.0152782579414));
#5120=CARTESIAN_POINT('Origin',(8.21438769134,-5.,-16.9393876913397));
#5121=CARTESIAN_POINT('',(8.21438769134,-5.,-16.9393876913397));
#5122=CARTESIAN_POINT('',(10.4831070153673,-5.,-16.3314861806137));
#5123=CARTESIAN_POINT('',(8.21438769134,-2.,-16.9393876913397));
#5124=CARTESIAN_POINT('',(8.21438769134,-5.,-16.9393876913397));
#5125=CARTESIAN_POINT('',(8.21438769134,-2.,-16.9393876913397));
#5126=CARTESIAN_POINT('Origin',(9.29027825794165,-5.,-12.9241094333982));
#5127=CARTESIAN_POINT('',(9.29027825794165,-5.,-12.9241094333982));
#5128=CARTESIAN_POINT('',(9.52728855190997,-5.,-12.0395749743916));
#5129=CARTESIAN_POINT('',(9.29027825794165,-2.,-12.9241094333982));
#5130=CARTESIAN_POINT('',(9.29027825794165,-5.,-12.9241094333982));
#5131=CARTESIAN_POINT('',(9.29027825794165,-2.,-12.9241094333982));
#5132=CARTESIAN_POINT('Origin',(6.35089056660183,-5.,-9.98472174205843));
#5133=CARTESIAN_POINT('',(8.09903113769979,-5.,-11.7328623131564));
#5134=CARTESIAN_POINT('',(6.35089056660183,-2.,-9.98472174205843));
#5135=CARTESIAN_POINT('Origin',(5.27500000000018,-2.,-13.9999999999999));
#5136=CARTESIAN_POINT('',(3.02500000000018,-2.,-13.9999999999999));
#5137=CARTESIAN_POINT('Origin',(5.27500000000018,-2.,-13.9999999999999));
#5138=CARTESIAN_POINT('Origin',(5.27500000000018,-5.,-13.9999999999999));
#5139=CARTESIAN_POINT('',(3.02500000000018,0.,-13.9999999999999));
#5140=CARTESIAN_POINT('',(3.02500000000018,-5.,-13.9999999999999));
#5141=CARTESIAN_POINT('Origin',(5.27500000000018,0.,-13.9999999999999));
#5142=CARTESIAN_POINT('Origin',(14.,-5.,-5.275));
#5143=CARTESIAN_POINT('',(11.75,0.,-5.275));
#5144=CARTESIAN_POINT('',(11.75,-5.,-5.275));
#5145=CARTESIAN_POINT('Origin',(14.,0.,-5.275));
#5146=CARTESIAN_POINT('Origin',(1.88737914186277E-13,-5.,-15.5563491861041));
#5147=CARTESIAN_POINT('',(7.77182540694827,-5.,-23.328174593052));
#5148=CARTESIAN_POINT('',(2.10888834757877,-59.,-17.6652375336826));
#5149=CARTESIAN_POINT('',(7.68819385197636,-5.79748440096274,-23.2445430380801));
#5150=CARTESIAN_POINT('',(1.88737914186277E-13,-5.,-15.5563491861041));
#5151=CARTESIAN_POINT('',(7.77182540694827,-5.,-23.328174593052));
#5152=CARTESIAN_POINT('',(1.86517468137026E-13,-59.,-15.5563491861041));
#5153=CARTESIAN_POINT('',(1.88737914186277E-13,-5.,-15.5563491861041));
#5154=CARTESIAN_POINT('',(7.77182540694827,-59.,-23.328174593052));
#5155=CARTESIAN_POINT('Origin',(11.6640872965261,-59.,-11.664087296526));
#5156=CARTESIAN_POINT('',(17.6652375336827,-59.,-2.1088883475786));
#5157=CARTESIAN_POINT('',(15.1903637995298,-59.,-4.58376208173153));
#5158=CARTESIAN_POINT('',(0.,-59.,-5.));
#5159=CARTESIAN_POINT('',(1.27675647831893E-14,-59.,-192.));
#5160=CARTESIAN_POINT('',(5.,-59.,-1.11022302462516E-15));
#5161=CARTESIAN_POINT('Origin',(5.,-59.,-5.));
#5162=CARTESIAN_POINT('',(15.5563491861041,-59.,-1.11022302462516E-15));
#5163=CARTESIAN_POINT('',(5.,-59.,-1.11022302462516E-15));
#5164=CARTESIAN_POINT('',(23.3281745930521,-59.,-7.77182540694799));
#5165=CARTESIAN_POINT('Origin',(0.,-5.,-5.));
#5166=CARTESIAN_POINT('',(0.,-5.,-5.));
#5167=CARTESIAN_POINT('',(1.27675647831893E-14,-5.,-192.));
#5168=CARTESIAN_POINT('',(0.,-5.,-5.));
#5169=CARTESIAN_POINT('Origin',(5.,-5.,-5.));
#5170=CARTESIAN_POINT('',(5.,-5.,-1.11022302462516E-15));
#5171=CARTESIAN_POINT('Origin',(5.,-5.,-5.));
#5172=CARTESIAN_POINT('',(5.,-5.,-1.11022302462516E-15));
#5173=CARTESIAN_POINT('Origin',(15.5563491861041,-5.,-1.04754975231288E-15));
#5174=CARTESIAN_POINT('',(15.5563491861041,-5.,-1.11022302462516E-15));
#5175=CARTESIAN_POINT('',(5.,-5.,-1.11022302462516E-15));
#5176=CARTESIAN_POINT('',(15.5563491861041,-5.,-1.11022302462516E-15));
#5177=CARTESIAN_POINT('Origin',(23.3281745930521,-5.,-7.77182540694799));
#5178=CARTESIAN_POINT('',(23.3281745930521,-5.,-7.77182540694799));
#5179=CARTESIAN_POINT('',(23.3281745930521,-5.,-7.77182540694799));
#5180=CARTESIAN_POINT('',(23.3281745930521,-5.,-7.77182540694799));
#5181=CARTESIAN_POINT('Origin',(11.6640872965261,-5.,-11.664087296526));
#5182=CARTESIAN_POINT('',(26.1566017177983,-5.,-4.94339828220179));
#5183=CARTESIAN_POINT('Origin',(26.1566017177983,-5.,-4.94339828220179));
#5184=CARTESIAN_POINT('',(4.94339828220196,-5.,-26.1566017177983));
#5185=CARTESIAN_POINT('',(4.94339828220196,-5.,-26.1566017177983));
#5186=CARTESIAN_POINT('',(26.1566017177983,-5.,-4.94339828220179));
#5187=CARTESIAN_POINT('',(26.1566017177983,-5.,-4.94339828220179));
#5188=CARTESIAN_POINT('',(26.1566017177983,-5.,-4.94339828220179));
#5189=CARTESIAN_POINT('',(26.1566017177983,-5.,-4.94339828220179));
#5190=CARTESIAN_POINT('Ctrl Pts',(-10.4597118752323,-200.000000252673,21.8557824448669));
#5191=CARTESIAN_POINT('Ctrl Pts',(-10.4597139967048,-200.,21.8557790632237));
#5192=CARTESIAN_POINT('Ctrl Pts',(-10.5697563677586,-200.,21.8734598114404));
#5193=CARTESIAN_POINT('Ctrl Pts',(-11.157463290642,-200.,21.9484021894576));
#5194=CARTESIAN_POINT('Ctrl Pts',(-12.2696553621414,-200.,21.9969416843917));
#5195=CARTESIAN_POINT('Ctrl Pts',(-13.6553474193297,-200.,21.8662307917457));
#5196=CARTESIAN_POINT('Ctrl Pts',(-14.8325925201971,-200.,21.5649189003972));
#5197=CARTESIAN_POINT('Ctrl Pts',(-15.4581937814837,-200.,21.3462205906778));
#5198=CARTESIAN_POINT('Ctrl Pts',(-15.8227131029034,-200.,21.2004506079215));
#5199=CARTESIAN_POINT('Ctrl Pts',(-16.0067825193306,-200.,21.120393403429));
#5200=CARTESIAN_POINT('Ctrl Pts',(-16.1119362255762,-200.,21.0727281059705));
#5201=CARTESIAN_POINT('Ctrl Pts',(-16.163323406481,-200.,21.0493051896478));
#5202=CARTESIAN_POINT('Ctrl Pts',(-16.2661878479053,-200.,21.0013565636912));
#5203=CARTESIAN_POINT('Ctrl Pts',(-16.4592364417297,-200.,20.9078578764761));
#5204=CARTESIAN_POINT('Ctrl Pts',(-16.8196550904491,-200.,20.7215950479275));
#5205=CARTESIAN_POINT('Ctrl Pts',(-17.5364954876273,-200.,20.3028563688744));
#5206=CARTESIAN_POINT('Ctrl Pts',(-18.5242407752484,-200.,19.5720672854627));
#5207=CARTESIAN_POINT('Ctrl Pts',(-19.5720306321687,-200.,18.5243201527514));
#5208=CARTESIAN_POINT('Ctrl Pts',(-20.3029301891946,-199.999999999999,17.5364713425321));
#5209=CARTESIAN_POINT('Ctrl Pts',(-20.7215657462905,-199.999999999999,16.8196702020707));
#5210=CARTESIAN_POINT('Ctrl Pts',(-20.9344699061557,-199.999999999999,16.4077499860957));
#5211=CARTESIAN_POINT('Ctrl Pts',(-21.0319591515744,-199.999999999999,16.2018478120584));
#5212=CARTESIAN_POINT('Ctrl Pts',(-21.0994599305346,-199.999999999999,16.052942307289));
#5213=CARTESIAN_POINT('Ctrl Pts',(-21.1403915439532,-199.999999999999,15.9607722667186));
#5214=CARTESIAN_POINT('Ctrl Pts',(-21.2186543726988,-199.999999999999,15.77715321414));
#5215=CARTESIAN_POINT('Ctrl Pts',(-21.3462045787772,-199.999999999999,15.4581749666216));
#5216=CARTESIAN_POINT('Ctrl Pts',(-21.5649088619117,-199.999999999999,14.8326358554368));
#5217=CARTESIAN_POINT('Ctrl Pts',(-21.8660196609074,-200.,13.6551361053529));
#5218=CARTESIAN_POINT('Ctrl Pts',(-21.9971150343535,-200.,12.270298699275));
#5219=CARTESIAN_POINT('Ctrl Pts',(-21.9484865994739,-200.,11.1569004487677));
#5220=CARTESIAN_POINT('Ctrl Pts',(-21.8734865749009,-200.,10.5704360962577));
#5221=CARTESIAN_POINT('Ctrl Pts',(-21.8557790632174,-200.,10.4597139966628));
#5222=CARTESIAN_POINT('Ctrl Pts',(-21.8557824448605,-200.000000252673,10.4597118751903));
#5223=CARTESIAN_POINT('Ctrl Pts',(-9.18937151499079,-200.,21.6616194448137));
#5224=CARTESIAN_POINT('Ctrl Pts',(-9.2039629872179,-199.91123139429,21.6341774438034));
#5225=CARTESIAN_POINT('Ctrl Pts',(-9.35432927663382,-199.737536249652,21.5641775409486));
#5226=CARTESIAN_POINT('Ctrl Pts',(-10.0205090608391,-199.544046112692,21.424142583238));
#5227=CARTESIAN_POINT('Ctrl Pts',(-11.1942998063868,-199.453385658921,21.2163296152159));
#5228=CARTESIAN_POINT('Ctrl Pts',(-12.5942904076585,-199.454895091694,20.8840975696697));
#5229=CARTESIAN_POINT('Ctrl Pts',(-13.7655577993633,-199.476221936406,20.4659496990688));
#5230=CARTESIAN_POINT('Ctrl Pts',(-14.3864353199885,-199.488291270025,20.1963874321931));
#5231=CARTESIAN_POINT('Ctrl Pts',(-14.7480093246158,-199.495106519889,20.0240430089883));
#5232=CARTESIAN_POINT('Ctrl Pts',(-14.9307004077731,-199.49836963023,19.9314573502853));
#5233=CARTESIAN_POINT('Ctrl Pts',(-15.0349212701377,-199.500194825748,19.877046305047));
#5234=CARTESIAN_POINT('Ctrl Pts',(-15.0837844377425,-199.501353690209,19.8521885877114));
#5235=CARTESIAN_POINT('Ctrl Pts',(-15.1823869608181,-199.503549062283,19.8008330708718));
#5236=CARTESIAN_POINT('Ctrl Pts',(-15.3667313893832,-199.507685236529,19.7021192240858));
#5237=CARTESIAN_POINT('Ctrl Pts',(-15.7111414401498,-199.515078408871,19.5077045879486));
#5238=CARTESIAN_POINT('Ctrl Pts',(-16.3957287891528,-199.52840351607,19.0803288591363));
#5239=CARTESIAN_POINT('Ctrl Pts',(-17.3418818523229,-199.540683297519,18.356612654546));
#5240=CARTESIAN_POINT('Ctrl Pts',(-18.3566773783426,-199.540682066476,17.3418486775717));
#5241=CARTESIAN_POINT('Ctrl Pts',(-19.0805437016039,-199.528424856643,16.3955404012453));
#5242=CARTESIAN_POINT('Ctrl Pts',(-19.5078031566009,-199.515110833642,15.7109927479604));
#5243=CARTESIAN_POINT('Ctrl Pts',(-19.7301223224027,-199.506676372758,15.3172575171089));
#5244=CARTESIAN_POINT('Ctrl Pts',(-19.8333655725207,-199.502198009033,15.1207944619177));
#5245=CARTESIAN_POINT('Ctrl Pts',(-19.9066814967429,-199.499069545042,14.9774050499338));
#5246=CARTESIAN_POINT('Ctrl Pts',(-19.9546905747579,-199.497592884559,14.8848871108802));
#5247=CARTESIAN_POINT('Ctrl Pts',(-20.0451101350301,-199.494204200487,14.7033098813926));
#5248=CARTESIAN_POINT('Ctrl Pts',(-20.1963142520343,-199.488300445066,14.386462698124));
#5249=CARTESIAN_POINT('Ctrl Pts',(-20.4656147310614,-199.476183395272,13.7659427334529));
#5250=CARTESIAN_POINT('Ctrl Pts',(-20.8838660958156,-199.454931758779,12.594112689218));
#5251=CARTESIAN_POINT('Ctrl Pts',(-21.2163951315744,-199.453373965119,11.1949971273815));
#5252=CARTESIAN_POINT('Ctrl Pts',(-21.4243865342472,-199.544086213576,10.0199106391074));
#5253=CARTESIAN_POINT('Ctrl Pts',(-21.5640570245882,-199.737465969095,9.35503997104994));
#5254=CARTESIAN_POINT('Ctrl Pts',(-21.6341774437919,-199.911231394291,9.2039629871765));
#5255=CARTESIAN_POINT('Ctrl Pts',(-21.6616194448019,-200.,9.18937151494939));
#5256=CARTESIAN_POINT('Ctrl Pts',(-6.60164134629489,-199.895528180922,21.5858155272806));
#5257=CARTESIAN_POINT('Ctrl Pts',(-6.64745860417363,-199.604821926694,21.4899081893645));
#5258=CARTESIAN_POINT('Ctrl Pts',(-6.88566876038316,-199.037627624647,21.22023093543));
#5259=CARTESIAN_POINT('Ctrl Pts',(-7.72762109007267,-198.380117332732,20.6251627328812));
#5260=CARTESIAN_POINT('Ctrl Pts',(-9.05235241055465,-198.013496166314,19.8829184569969));
#5261=CARTESIAN_POINT('Ctrl Pts',(-10.5087844444735,-197.929673743015,19.123605685941));
#5262=CARTESIAN_POINT('Ctrl Pts',(-11.6875192767725,-197.934805703376,18.4520053951658));
#5263=CARTESIAN_POINT('Ctrl Pts',(-12.3085492847177,-197.944019977249,18.0707115858407));
#5264=CARTESIAN_POINT('Ctrl Pts',(-12.6696978233798,-197.950005449069,17.8395662631659));
#5265=CARTESIAN_POINT('Ctrl Pts',(-12.852358008317,-197.952945232135,17.7191390055561));
#5266=CARTESIAN_POINT('Ctrl Pts',(-12.9562719379225,-197.954631368381,17.6496650482286));
#5267=CARTESIAN_POINT('Ctrl Pts',(-13.000846414676,-197.956305780451,17.6211528146052));
#5268=CARTESIAN_POINT('Ctrl Pts',(-13.0924353255041,-197.959349141579,17.5614138725613));
#5269=CARTESIAN_POINT('Ctrl Pts',(-13.262178049244,-197.965378526221,17.4493029462667));
#5270=CARTESIAN_POINT('Ctrl Pts',(-13.5797233890069,-197.976491252355,17.2330133288517));
#5271=CARTESIAN_POINT('Ctrl Pts',(-14.20982062222,-197.997838914204,16.7771625333688));
#5272=CARTESIAN_POINT('Ctrl Pts',(-15.086574640126,-198.019030682597,16.0521072493631));
#5273=CARTESIAN_POINT('Ctrl Pts',(-16.0523681781059,-198.01902477956,15.0863268873635));
#5274=CARTESIAN_POINT('Ctrl Pts',(-16.7776762527116,-197.997901702748,14.2092883184165));
#5275=CARTESIAN_POINT('Ctrl Pts',(-17.2333722309126,-197.976550830364,13.5792658052084));
#5276=CARTESIAN_POINT('Ctrl Pts',(-17.4808904035014,-197.963902565774,13.2160058702457));
#5277=CARTESIAN_POINT('Ctrl Pts',(-17.5987972179671,-197.957402451266,13.0354286496054));
#5278=CARTESIAN_POINT('Ctrl Pts',(-17.6860009561837,-197.9532966778,12.9008699642161));
#5279=CARTESIAN_POINT('Ctrl Pts',(-17.7495423331151,-197.952271188971,12.8062864275852));
#5280=CARTESIAN_POINT('Ctrl Pts',(-17.8670750072788,-197.949053762696,12.6260579893877));
#5281=CARTESIAN_POINT('Ctrl Pts',(-18.0705299321816,-197.944006752795,12.3086892630718));
#5282=CARTESIAN_POINT('Ctrl Pts',(-18.4510247662984,-197.934653323484,11.6886045369747));
#5283=CARTESIAN_POINT('Ctrl Pts',(-19.1233745622074,-197.929728315591,10.5087047520114));
#5284=CARTESIAN_POINT('Ctrl Pts',(-19.8827176154952,-198.013496680994,9.05314026261116));
#5285=CARTESIAN_POINT('Ctrl Pts',(-20.6257282110906,-198.380353793624,7.72690307254405));
#5286=CARTESIAN_POINT('Ctrl Pts',(-21.219781334842,-199.037347030649,6.88646563596494));
#5287=CARTESIAN_POINT('Ctrl Pts',(-21.4899081893428,-199.604821926695,6.64745860413208));
#5288=CARTESIAN_POINT('Ctrl Pts',(-21.585815527258,-199.895528180922,6.6016413462533));
#5289=CARTESIAN_POINT('Ctrl Pts',(-2.20206681713313,-199.360646457093,22.5502334215658));
#5290=CARTESIAN_POINT('Ctrl Pts',(-2.30148681600926,-198.65436862043,22.2950130959069));
#5291=CARTESIAN_POINT('Ctrl Pts',(-2.70679373080377,-197.279393940159,21.6125378952711));
#5292=CARTESIAN_POINT('Ctrl Pts',(-3.92409090696046,-195.602445342477,20.1889882470859));
#5293=CARTESIAN_POINT('Ctrl Pts',(-5.63380856376344,-194.486232513467,18.5234704146458));
#5294=CARTESIAN_POINT('Ctrl Pts',(-7.32382304025444,-193.993121398422,17.0331791384799));
#5295=CARTESIAN_POINT('Ctrl Pts',(-8.61464788169033,-193.793505753413,15.9239011441288));
#5296=CARTESIAN_POINT('Ctrl Pts',(-9.28466544187459,-193.716488490635,15.3482517476732));
#5297=CARTESIAN_POINT('Ctrl Pts',(-9.67245419436377,-193.677530658988,15.0142853790684));
#5298=CARTESIAN_POINT('Ctrl Pts',(-9.86852375744967,-193.659281678499,14.8449923885545));
#5299=CARTESIAN_POINT('Ctrl Pts',(-9.9795761266912,-193.649342769847,14.7489620432805));
#5300=CARTESIAN_POINT('Ctrl Pts',(-10.0211474528418,-193.646396271983,14.7131540405776));
#5301=CARTESIAN_POINT('Ctrl Pts',(-10.1091189931966,-193.640091996858,14.6371259499268));
#5302=CARTESIAN_POINT('Ctrl Pts',(-10.2696112619668,-193.629860526021,14.4978823744986));
#5303=CARTESIAN_POINT('Ctrl Pts',(-10.5698476546939,-193.613401625511,14.2352676810103));
#5304=CARTESIAN_POINT('Ctrl Pts',(-11.161498215313,-193.590986041661,13.7083919794366));
#5305=CARTESIAN_POINT('Ctrl Pts',(-11.9889103172525,-193.578670444407,12.9377041581942));
#5306=CARTESIAN_POINT('Ctrl Pts',(-12.9382683626392,-193.57864458689,11.9883400979297));
#5307=CARTESIAN_POINT('Ctrl Pts',(-13.7093874892726,-193.591113345977,11.1604133474694));
#5308=CARTESIAN_POINT('Ctrl Pts',(-14.2360702170883,-193.613510239141,10.5689463240856));
#5309=CARTESIAN_POINT('Ctrl Pts',(-14.5368343239881,-193.632435419042,10.2251030701709));
#5310=CARTESIAN_POINT('Ctrl Pts',(-14.6841837441859,-193.643743077142,10.0547870760645));
#5311=CARTESIAN_POINT('Ctrl Pts',(-14.7975769960344,-193.654021483461,9.923278799316));
#5312=CARTESIAN_POINT('Ctrl Pts',(-14.8879927985888,-193.663943489447,9.81874412346127));
#5313=CARTESIAN_POINT('Ctrl Pts',(-15.0532972283744,-193.68192730319,9.62710657454156));
#5314=CARTESIAN_POINT('Ctrl Pts',(-15.3479495886733,-193.716442333467,9.28502313269389));
#5315=CARTESIAN_POINT('Ctrl Pts',(-15.9219544944732,-193.793143142236,8.61687004448747));
#5316=CARTESIAN_POINT('Ctrl Pts',(-17.0330851097975,-193.993304200801,7.32395243723425));
#5317=CARTESIAN_POINT('Ctrl Pts',(-18.5227213608388,-194.486075545105,5.63473552280023));
#5318=CARTESIAN_POINT('Ctrl Pts',(-20.1900512828772,-195.603141250834,3.92304248637512));
#5319=CARTESIAN_POINT('Ctrl Pts',(-21.6114892807403,-197.27857901437,2.70781930558633));
#5320=CARTESIAN_POINT('Ctrl Pts',(-22.2950130958689,-198.654368620434,2.30148681596303));
#5321=CARTESIAN_POINT('Ctrl Pts',(-22.5502334215255,-199.360646457094,2.20206681708662));
#5322=CARTESIAN_POINT('Ctrl Pts',(0.563118091040944,-198.693912767385,24.1679467651398));
#5323=CARTESIAN_POINT('Ctrl Pts',(0.433685060925996,-197.659109758123,23.7737733691858));
#5324=CARTESIAN_POINT('Ctrl Pts',(-0.0916038348153117,-195.645212302626,
22.7635023336685));
#5325=CARTESIAN_POINT('Ctrl Pts',(-1.63583365406741,-193.124390103748,20.7679689134702));
#5326=CARTESIAN_POINT('Ctrl Pts',(-3.742116749883,-191.316758330094,18.5252716343652));
#5327=CARTESIAN_POINT('Ctrl Pts',(-5.74238552352207,-190.375676963369,16.6104524669994));
#5328=CARTESIAN_POINT('Ctrl Pts',(-7.21958521716189,-189.924538543004,15.2559241645789));
#5329=CARTESIAN_POINT('Ctrl Pts',(-7.97635854269985,-189.737947279806,14.5726030742311));
#5330=CARTESIAN_POINT('Ctrl Pts',(-8.41192179986777,-189.641424601159,14.181802566998));
#5331=CARTESIAN_POINT('Ctrl Pts',(-8.6315874654766,-189.596053097594,13.9855484564702));
#5332=CARTESIAN_POINT('Ctrl Pts',(-8.75569021691836,-189.571220975192,13.8748090771051));
#5333=CARTESIAN_POINT('Ctrl Pts',(-8.80030417144155,-189.561644045464,13.8345400513917));
#5334=CARTESIAN_POINT('Ctrl Pts',(-8.89549973782074,-189.542177818982,13.7487077603016));
#5335=CARTESIAN_POINT('Ctrl Pts',(-9.06797702646788,-189.508556897163,13.5924989535971));
#5336=CARTESIAN_POINT('Ctrl Pts',(-9.3896217369742,-189.451872582332,13.2995612488676));
#5337=CARTESIAN_POINT('Ctrl Pts',(-10.0181104276283,-189.363194151131,12.7194161643876));
#5338=CARTESIAN_POINT('Ctrl Pts',(-10.8885482274021,-189.296993935369,11.8898798128867));
#5339=CARTESIAN_POINT('Ctrl Pts',(-11.8906108436897,-189.296944952683,10.8878276044751));
#5340=CARTESIAN_POINT('Ctrl Pts',(-12.7206104678483,-189.363353962986,10.0167884493556));
#5341=CARTESIAN_POINT('Ctrl Pts',(-13.3004996898491,-189.452036277186,9.38842330529351));
#5342=CARTESIAN_POINT('Ctrl Pts',(-13.6360697335353,-189.516965406723,9.01994537675962));
#5343=CARTESIAN_POINT('Ctrl Pts',(-13.8015778963731,-189.55385389867,8.83679913548969));
#5344=CARTESIAN_POINT('Ctrl Pts',(-13.9302981063309,-189.583996664499,8.69353312549032));
#5345=CARTESIAN_POINT('Ctrl Pts',(-14.0353675060778,-189.607555802751,8.57561373283498));
#5346=CARTESIAN_POINT('Ctrl Pts',(-14.2271921820347,-189.652885575063,8.36135233480253));
#5347=CARTESIAN_POINT('Ctrl Pts',(-14.5721698667004,-189.737914374401,7.97674609920574));
#5348=CARTESIAN_POINT('Ctrl Pts',(-15.2534594480545,-189.924060492362,7.22234797852705));
#5349=CARTESIAN_POINT('Ctrl Pts',(-16.610291460389,-190.376073425956,5.74245909483156));
#5350=CARTESIAN_POINT('Ctrl Pts',(-18.52440325107,-191.316319623657,3.74332198245571));
#5351=CARTESIAN_POINT('Ctrl Pts',(-20.7694831048852,-193.125428952737,1.63461551856226));
#5352=CARTESIAN_POINT('Ctrl Pts',(-22.7620693647467,-195.643921913306,0.0928599636667191));
#5353=CARTESIAN_POINT('Ctrl Pts',(-23.7737733691385,-197.659109758131,-0.433685060979137));
#5354=CARTESIAN_POINT('Ctrl Pts',(-24.167946765089,-198.693912767388,-0.563118091094715));
#5355=CARTESIAN_POINT('Ctrl Pts',(1.96478468286365,-198.220147805849,25.4035358868519));
#5356=CARTESIAN_POINT('Ctrl Pts',(1.82363254059534,-196.990694875114,24.9239876951391));
#5357=CARTESIAN_POINT('Ctrl Pts',(1.23234296943509,-194.597506841525,23.7190232709644));
#5358=CARTESIAN_POINT('Ctrl Pts',(-0.523968849524153,-191.572181056388,
21.4089861932886));
#5359=CARTESIAN_POINT('Ctrl Pts',(-2.9092152419861,-189.348799830363,18.8763918401023));
#5360=CARTESIAN_POINT('Ctrl Pts',(-5.14339466292602,-188.139050815688,16.7691155231287));
#5361=CARTESIAN_POINT('Ctrl Pts',(-6.76765402490594,-187.538797564105,15.312648424334));
#5362=CARTESIAN_POINT('Ctrl Pts',(-7.59322672597883,-187.288024152805,14.5861807660748));
#5363=CARTESIAN_POINT('Ctrl Pts',(-8.06662882475229,-187.158049977135,14.1729823677083));
#5364=CARTESIAN_POINT('Ctrl Pts',(-8.30478406262389,-187.097041432457,13.9661564216481));
#5365=CARTESIAN_POINT('Ctrl Pts',(-8.43920707721828,-187.063640047145,13.8496728928001));
#5366=CARTESIAN_POINT('Ctrl Pts',(-8.48759049375045,-187.05014753936,13.8075380322226));
#5367=CARTESIAN_POINT('Ctrl Pts',(-8.5906920265748,-187.022952565974,13.7176265163041));
#5368=CARTESIAN_POINT('Ctrl Pts',(-8.77720525320488,-186.975563681129,13.5541294063781));
#5369=CARTESIAN_POINT('Ctrl Pts',(-9.12399409728674,-186.895226741915,13.247595981631));
#5370=CARTESIAN_POINT('Ctrl Pts',(-9.79779326984704,-186.767580537736,12.640875710977));
#5371=CARTESIAN_POINT('Ctrl Pts',(-10.721143412399,-186.669692141664,11.7732028669257));
#5372=CARTESIAN_POINT('Ctrl Pts',(-11.7739789057679,-186.669631629416,10.7203777917857));
#5373=CARTESIAN_POINT('Ctrl Pts',(-12.6421923070452,-186.767752177726,9.79633464244171));
#5374=CARTESIAN_POINT('Ctrl Pts',(-13.2486729186828,-186.895379020393,9.122778889412));
#5375=CARTESIAN_POINT('Ctrl Pts',(-13.5998300283989,-186.987357855296,8.72547773268855));
#5376=CARTESIAN_POINT('Ctrl Pts',(-13.773089874852,-187.039289724886,8.52729558470538));
#5377=CARTESIAN_POINT('Ctrl Pts',(-13.908043885222,-187.081062722728,8.37198344825699));
#5378=CARTESIAN_POINT('Ctrl Pts',(-14.0187674667224,-187.112428905816,8.24422623964415));
#5379=CARTESIAN_POINT('Ctrl Pts',(-14.2210088361009,-187.173603481098,8.01172426297707));
#5380=CARTESIAN_POINT('Ctrl Pts',(-14.5857913480388,-187.287964525379,7.59373030650505));
#5381=CARTESIAN_POINT('Ctrl Pts',(-15.3100538826358,-187.538246589393,6.77070064665646));
#5382=CARTESIAN_POINT('Ctrl Pts',(-16.7691212659035,-188.139495188734,5.14363006817357));
#5383=CARTESIAN_POINT('Ctrl Pts',(-18.8752847073637,-189.348286771731,2.91039266702616));
#5384=CARTESIAN_POINT('Ctrl Pts',(-21.4105709063561,-191.573489281581,0.522488446449702));
#5385=CARTESIAN_POINT('Ctrl Pts',(-23.7173935542703,-194.595931125278,-1.23093743908228));
#5386=CARTESIAN_POINT('Ctrl Pts',(-24.9239876950874,-196.990694875123,-1.82363254065356));
#5387=CARTESIAN_POINT('Ctrl Pts',(-25.403535886796,-198.220147805853,-1.96478468292276));
#5388=CARTESIAN_POINT('',(-17.9223658897502,-188.837377040897,3.93464349988902));
#5389=CARTESIAN_POINT('',(-21.8557790632174,-200.,10.4597139966628));
#5390=CARTESIAN_POINT('Ctrl Pts',(-17.9223658897502,-188.837377040897,3.934643499889));
#5391=CARTESIAN_POINT('Ctrl Pts',(-18.1513074073852,-191.027722126302,4.1042085319585));
#5392=CARTESIAN_POINT('Ctrl Pts',(-18.7113710187427,-193.042115036906,4.52734916195055));
#5393=CARTESIAN_POINT('Ctrl Pts',(-19.8091519195532,-196.085931518131,5.72123225580278));
#5394=CARTESIAN_POINT('Ctrl Pts',(-20.3157695360835,-197.22599248294,6.38780462039734));
#5395=CARTESIAN_POINT('Ctrl Pts',(-21.0397257993194,-198.725710488344,7.71342109164731));
#5396=CARTESIAN_POINT('Ctrl Pts',(-21.2793047515738,-199.180021896996,8.27212735184972));
#5397=CARTESIAN_POINT('Ctrl Pts',(-21.6300036378835,-199.783562924324,9.32786304083008));
#5398=CARTESIAN_POINT('Ctrl Pts',(-21.73782861097,-199.930570590094,9.79122441308769));
#5399=CARTESIAN_POINT('Ctrl Pts',(-21.8236110631009,-199.99192205314,10.2600525659426));
#5400=CARTESIAN_POINT('Ctrl Pts',(-21.8389840729709,-199.999047556904,10.3510679550062));
#5401=CARTESIAN_POINT('Ctrl Pts',(-21.8538983971459,-199.999970266229,10.4474474508519));
#5402=CARTESIAN_POINT('Ctrl Pts',(-21.8548416349008,-200.,10.4535806151503));
#5403=CARTESIAN_POINT('Ctrl Pts',(-21.8557790632174,-200.,10.4597139966628));
#5404=CARTESIAN_POINT('',(-10.4597139967048,-200.,21.8557790632237));
#5405=CARTESIAN_POINT('Origin',(-11.9705726322125,-200.,11.9705726322124));
#5406=CARTESIAN_POINT('',(-3.93464349991267,-188.837377040902,17.9223658897819));
#5407=CARTESIAN_POINT('Ctrl Pts',(-10.4597139967048,-200.,21.8557790632237));
#5408=CARTESIAN_POINT('Ctrl Pts',(-10.453580615191,-200.,21.854841634907));
#5409=CARTESIAN_POINT('Ctrl Pts',(-10.4474474508936,-199.999970266229,21.8538983971522));
#5410=CARTESIAN_POINT('Ctrl Pts',(-10.3510679550455,-199.999047556904,21.8389840729773));
#5411=CARTESIAN_POINT('Ctrl Pts',(-10.2600525659808,-199.99192205314,21.8236110631075));
#5412=CARTESIAN_POINT('Ctrl Pts',(-9.79122441312221,-199.930570590092,21.7378286109778));
#5413=CARTESIAN_POINT('Ctrl Pts',(-9.32786304086193,-199.783562924321,21.6300036378922));
#5414=CARTESIAN_POINT('Ctrl Pts',(-8.27212735188677,-199.180021896994,21.2793047515878));
#5415=CARTESIAN_POINT('Ctrl Pts',(-7.71342109169327,-198.72571048835,21.0397257993401));
#5416=CARTESIAN_POINT('Ctrl Pts',(-6.38780462044261,-197.225992482959,20.3157695361144));
#5417=CARTESIAN_POINT('Ctrl Pts',(-5.72123225584022,-196.085931518145,19.8091519195834));
#5418=CARTESIAN_POINT('Ctrl Pts',(-4.52734916197864,-193.042115036912,18.7113710187737));
#5419=CARTESIAN_POINT('Ctrl Pts',(-4.10420853198362,-191.027722126308,18.1513074074171));
#5420=CARTESIAN_POINT('Ctrl Pts',(-3.93464349991266,-188.837377040902,17.922365889782));
#5421=CARTESIAN_POINT('',(-8.42476819520057,-187.067429446264,13.8622400444078));
#5422=CARTESIAN_POINT('Ctrl Pts',(-3.93308055085549,-188.837658883894,17.9236234713117));
#5423=CARTESIAN_POINT('Ctrl Pts',(-4.47996257473168,-188.513400142262,17.3989536156452));
#5424=CARTESIAN_POINT('Ctrl Pts',(-5.49329641364845,-188.009742856306,16.4553599741894));
#5425=CARTESIAN_POINT('Ctrl Pts',(-6.76765402490594,-187.538797564105,15.312648424334));
#5426=CARTESIAN_POINT('Ctrl Pts',(-7.59322672597883,-187.288024152805,14.5861807660748));
#5427=CARTESIAN_POINT('Ctrl Pts',(-8.06662882475229,-187.158049977135,14.1729823677083));
#5428=CARTESIAN_POINT('Ctrl Pts',(-8.30478406262389,-187.097041432457,13.9661564216481));
#5429=CARTESIAN_POINT('Ctrl Pts',(-8.4227887130832,-187.067719676726,13.8639001365362));
#5430=CARTESIAN_POINT('',(-13.862240044397,-187.067429446262,8.42476819519038));
#5431=CARTESIAN_POINT('Ctrl Pts',(-8.4227887130832,-187.067719676726,13.8639001365362));
#5432=CARTESIAN_POINT('Ctrl Pts',(-8.43920707721828,-187.063640047145,13.8496728928001));
#5433=CARTESIAN_POINT('Ctrl Pts',(-8.48759049375045,-187.05014753936,13.8075380322226));
#5434=CARTESIAN_POINT('Ctrl Pts',(-8.5906920265748,-187.022952565974,13.7176265163041));
#5435=CARTESIAN_POINT('Ctrl Pts',(-8.77720525320488,-186.975563681129,13.5541294063781));
#5436=CARTESIAN_POINT('Ctrl Pts',(-9.12399409728674,-186.895226741915,13.247595981631));
#5437=CARTESIAN_POINT('Ctrl Pts',(-9.79779326984704,-186.767580537736,12.640875710977));
#5438=CARTESIAN_POINT('Ctrl Pts',(-10.721143412399,-186.669692141664,11.7732028669257));
#5439=CARTESIAN_POINT('Ctrl Pts',(-11.7739789057679,-186.669631629416,10.7203777917857));
#5440=CARTESIAN_POINT('Ctrl Pts',(-12.6421923070452,-186.767752177726,9.79633464244171));
#5441=CARTESIAN_POINT('Ctrl Pts',(-13.2486729186828,-186.895379020393,9.122778889412));
#5442=CARTESIAN_POINT('Ctrl Pts',(-13.5998300283989,-186.987357855296,8.72547773268855));
#5443=CARTESIAN_POINT('Ctrl Pts',(-13.773089874852,-187.039289724886,8.52729558470538));
#5444=CARTESIAN_POINT('Ctrl Pts',(-13.8662123523951,-187.06811439666,8.42012536502142));
#5445=CARTESIAN_POINT('Ctrl Pts',(-13.8622364830893,-187.066884245002,8.42470063395345));
#5446=CARTESIAN_POINT('Ctrl Pts',(-13.8635604688787,-187.067293718044,8.42317716810783));
#5447=CARTESIAN_POINT('Ctrl Pts',(-13.8648857518318,-187.067703767274,8.42165208636244));
#5448=CARTESIAN_POINT('Ctrl Pts',(-13.908043885222,-187.081062722728,8.37198344825699));
#5449=CARTESIAN_POINT('Ctrl Pts',(-14.0187674667224,-187.112428905816,8.24422623964415));
#5450=CARTESIAN_POINT('Ctrl Pts',(-14.2210088361009,-187.173603481098,8.01172426297707));
#5451=CARTESIAN_POINT('Ctrl Pts',(-14.5857913480388,-187.287964525379,7.59373030650505));
#5452=CARTESIAN_POINT('Ctrl Pts',(-15.3100538826358,-187.538246589393,6.77070064665646));
#5453=CARTESIAN_POINT('Ctrl Pts',(-16.4545541698565,-188.009869218017,5.49441775132404));
#5454=CARTESIAN_POINT('Ctrl Pts',(-17.3979375988428,-188.513198278974,4.48121120009752));
#5455=CARTESIAN_POINT('Ctrl Pts',(-17.9223513684047,-188.837194003399,3.9345440507179));
#5456=CARTESIAN_POINT('Ctrl Pts',(-4.,-5.,-17.2132034355965));
#5457=CARTESIAN_POINT('Ctrl Pts',(-9.01387685343743,-70.,-9.84230397820391));
#5458=CARTESIAN_POINT('Ctrl Pts',(-14.0277537068749,-135.,-2.47140452081133));
#5459=CARTESIAN_POINT('Ctrl Pts',(-19.0416305603123,-200.,4.89949493658126));
#5460=CARTESIAN_POINT('Ctrl Pts',(-4.,-5.,-13.142135623731));
#5461=CARTESIAN_POINT('Ctrl Pts',(-8.51518585628617,-69.9999999999999,-6.6311370548593));
#5462=CARTESIAN_POINT('Ctrl Pts',(-13.033491965547,-135.,-0.118550893804935));
#5463=CARTESIAN_POINT('Ctrl Pts',(-17.5486778218332,-200.,6.39244767506676));
#5464=CARTESIAN_POINT('Ctrl Pts',(-3.99736504255301,-5.,-9.07260518628848));
#5465=CARTESIAN_POINT('Ctrl Pts',(-8.0176029013108,-70.0000000000001,-3.41961305610325));
#5466=CARTESIAN_POINT('Ctrl Pts',(-12.0354872245963,-135.,2.23240828336703));
#5467=CARTESIAN_POINT('Ctrl Pts',(-16.0557250833541,-200.,7.88540041355226));
#5468=CARTESIAN_POINT('Ctrl Pts',(-4.00488792774682,-5.,-3.11334043941503));
#5469=CARTESIAN_POINT('Ctrl Pts',(-7.29366548634667,-69.9999999999999,1.28070270638277));
#5470=CARTESIAN_POINT('Ctrl Pts',(-10.5827388938984,-135.,5.67556589861974));
#5471=CARTESIAN_POINT('Ctrl Pts',(-13.8715164524982,-200.,10.0696090444175));
#5472=CARTESIAN_POINT('Ctrl Pts',(-3.07948325687063,-5.,-0.29824399234383));
#5473=CARTESIAN_POINT('Ctrl Pts',(-6.3310028364623,-70.0000000000001,3.50325734374229));
#5474=CARTESIAN_POINT('Ctrl Pts',(-9.58311303434133,-135.,7.30499154690109));
#5475=CARTESIAN_POINT('Ctrl Pts',(-12.834632613933,-200.,11.1064928829872));
#5476=CARTESIAN_POINT('Ctrl Pts',(0.298573461544121,-5.,3.0790761476669));
#5477=CARTESIAN_POINT('Ctrl Pts',(-3.50282740068961,-69.9999999999999,6.33041141803359));
#5478=CARTESIAN_POINT('Ctrl Pts',(-7.30509202075724,-135.,9.58329734356997));
#5479=CARTESIAN_POINT('Ctrl Pts',(-11.106492882991,-200.,12.8346326139367));
#5480=CARTESIAN_POINT('Ctrl Pts',(3.11349703287559,-5.,4.00486434906967));
#5481=CARTESIAN_POINT('Ctrl Pts',(-1.28058076409345,-70.0000000000001,7.29373532068722));
#5482=CARTESIAN_POINT('Ctrl Pts',(-5.67553124745672,-135.,10.5826454808888));
#5483=CARTESIAN_POINT('Ctrl Pts',(-10.0696090444258,-200.,13.8715164525063));
#5484=CARTESIAN_POINT('Ctrl Pts',(9.07271771458738,-5.,3.99722408639844));
#5485=CARTESIAN_POINT('Ctrl Pts',(3.41976033673172,-69.9999999999998,8.01736434093091));
#5486=CARTESIAN_POINT('Ctrl Pts',(-2.23244303571421,-135.,12.0355848288391));
#5487=CARTESIAN_POINT('Ctrl Pts',(-7.88540041356987,-200.,16.0557250833716));
#5488=CARTESIAN_POINT('Ctrl Pts',(13.142135623731,-5.,4.));
#5489=CARTESIAN_POINT('Ctrl Pts',(6.63111498459515,-70.0000000000002,8.51524873225833));
#5490=CARTESIAN_POINT('Ctrl Pts',(0.118572964045041,-135.,13.0334290895988));
#5491=CARTESIAN_POINT('Ctrl Pts',(-6.39244767509079,-200.,17.5486778218571));
#5492=CARTESIAN_POINT('Ctrl Pts',(17.2132034355965,-5.,4.));
#5493=CARTESIAN_POINT('Ctrl Pts',(9.84230397819374,-70.,9.01387685344753));
#5494=CARTESIAN_POINT('Ctrl Pts',(2.47140452079101,-135.,14.0277537068951));
#5495=CARTESIAN_POINT('Ctrl Pts',(-4.89949493661171,-200.,19.0416305603426));
#5496=CARTESIAN_POINT('',(-19.0416305603123,-200.,4.89949493658126));
#5497=CARTESIAN_POINT('Ctrl Pts',(-19.0416305603123,-200.,4.89949493658126));
#5498=CARTESIAN_POINT('Ctrl Pts',(-18.6831928901666,-196.237571772185,4.54105826846498));
#5499=CARTESIAN_POINT('Ctrl Pts',(-18.307946909811,-192.526334382667,4.22022323530524));
#5500=CARTESIAN_POINT('Ctrl Pts',(-17.9223658897502,-188.837377040897,3.934643499889));
#5501=CARTESIAN_POINT('',(-4.89949493661171,-200.,19.0416305603426));
#5502=CARTESIAN_POINT('Ctrl Pts',(-3.93464349991265,-188.837377040902,17.922365889782));
#5503=CARTESIAN_POINT('Ctrl Pts',(-4.22081981403876,-192.534040648663,18.3087523921584));
#5504=CARTESIAN_POINT('Ctrl Pts',(-4.5417737185316,-196.245081688608,18.6839083422362));
#5505=CARTESIAN_POINT('Ctrl Pts',(-4.89949493661171,-200.,19.0416305603426));
#5506=CARTESIAN_POINT('',(17.2132034355965,-5.,4.));
#5507=CARTESIAN_POINT('',(17.2132034355965,-5.,4.));
#5508=CARTESIAN_POINT('',(5.,-5.,4.));
#5509=CARTESIAN_POINT('',(192.,-5.,4.));
#5510=CARTESIAN_POINT('',(-4.,-5.,-5.));
#5511=CARTESIAN_POINT('Origin',(5.,-5.,-5.));
#5512=CARTESIAN_POINT('',(-3.99999999999989,-5.,-17.2132034355965));
#5513=CARTESIAN_POINT('',(-4.,-5.,-5.));
#5514=CARTESIAN_POINT('',(-3.99999999999989,-5.,-17.2132034355965));
#5515=CARTESIAN_POINT('Origin',(17.2132034355965,-5.,4.));
#5516=CARTESIAN_POINT('',(17.2132034355965,-5.,4.));
#5517=CARTESIAN_POINT('',(2.17157287525378,-200.,11.9705627484771));
#5518=CARTESIAN_POINT('Origin',(4.94339828220196,-5.,-26.1566017177983));
#5519=CARTESIAN_POINT('',(-3.99999999999989,-5.,-17.2132034355965));
#5520=CARTESIAN_POINT('',(-1.74581528016987,-200.,-12.396320343561));
#5521=CARTESIAN_POINT('Origin',(-4.89949493661171,-205.,19.0416305603426));
#5522=CARTESIAN_POINT('',(-4.89949493661171,-205.,19.0416305603426));
#5523=CARTESIAN_POINT('',(2.17157287525378,-205.,11.9705627484771));
#5524=CARTESIAN_POINT('',(-4.89949493661171,-205.,19.0416305603426));
#5525=CARTESIAN_POINT('Origin',(-11.9705726322125,-205.,11.9705726322124));
#5526=CARTESIAN_POINT('',(-19.0416305603123,-205.,4.89949493658126));
#5527=CARTESIAN_POINT('Origin',(-11.9705726322125,-205.,11.9705726322124));
#5528=CARTESIAN_POINT('',(-19.0416305603123,-205.,4.89949493658126));
#5529=CARTESIAN_POINT('Origin',(-11.9705627484771,-205.,-2.17157287525385));
#5530=CARTESIAN_POINT('',(-11.9705627484771,-205.,-2.17157287525385));
#5531=CARTESIAN_POINT('Origin',(-9.89949987848424,-205.,9.89949987848418));
#5532=CARTESIAN_POINT('Origin',(-0.25,0.,-5.));
#5533=CARTESIAN_POINT('',(-0.249999999999999,0.,-20.9632034355964));
#5534=CARTESIAN_POINT('',(-0.249999999999999,0.,-5.));
#5535=CARTESIAN_POINT('',(-0.249999999999999,0.,-8.03915042944957));
#5536=CARTESIAN_POINT('',(-0.249999999999999,8.,-20.9632034355964));
#5537=CARTESIAN_POINT('',(-0.249999999999999,0.,-20.9632034355964));
#5538=CARTESIAN_POINT('',(-0.249999999999999,8.,-5.));
#5539=CARTESIAN_POINT('',(-0.249999999999988,8.,-192.));
#5540=CARTESIAN_POINT('',(-0.249999999999999,0.,-5.));
#5541=CARTESIAN_POINT('Origin',(5.,0.,-5.));
#5542=CARTESIAN_POINT('',(5.,0.,0.249999999999999));
#5543=CARTESIAN_POINT('Origin',(5.,0.,-5.));
#5544=CARTESIAN_POINT('',(5.,8.,0.249999999999999));
#5545=CARTESIAN_POINT('Origin',(5.,8.,-5.));
#5546=CARTESIAN_POINT('',(5.,0.,0.249999999999999));
#5547=CARTESIAN_POINT('Origin',(20.9632034355965,0.,0.249999999999999));
#5548=CARTESIAN_POINT('',(20.9632034355965,0.,0.249999999999999));
#5549=CARTESIAN_POINT('',(16.0207521472478,0.,0.249999999999999));
#5550=CARTESIAN_POINT('',(20.9632034355965,8.,0.249999999999999));
#5551=CARTESIAN_POINT('',(5.,8.,0.249999999999999));
#5552=CARTESIAN_POINT('',(20.9632034355965,0.,0.249999999999999));
#5553=CARTESIAN_POINT('Origin',(8.48160171779825,8.,-8.48160171779818));
#5554=CARTESIAN_POINT('',(-4.,8.,-5.));
#5555=CARTESIAN_POINT('',(5.,8.,4.));
#5556=CARTESIAN_POINT('Origin',(5.,8.,-5.));
#5557=CARTESIAN_POINT('',(17.2132034355965,8.,4.));
#5558=CARTESIAN_POINT('',(17.2132034355965,8.,4.));
#5559=CARTESIAN_POINT('',(17.2132034355965,8.,4.));
#5560=CARTESIAN_POINT('',(-3.99999999999989,8.,-17.2132034355965));
#5561=CARTESIAN_POINT('',(-3.99999999999989,8.,-17.2132034355965));
#5562=CARTESIAN_POINT('',(-4.,8.,-5.));
#5563=CARTESIAN_POINT('Origin',(17.2132034355965,0.,4.));
#5564=CARTESIAN_POINT('',(5.,0.,4.));
#5565=CARTESIAN_POINT('',(17.2132034355965,0.,4.));
#5566=CARTESIAN_POINT('Origin',(26.1566017177983,0.,-4.94339828220179));
#5567=CARTESIAN_POINT('',(26.1566017177983,0.,-4.94339828220179));
#5568=CARTESIAN_POINT('',(26.1566017177983,0.,-4.94339828220179));
#5569=CARTESIAN_POINT('',(17.2132034355965,0.,4.));
#5570=CARTESIAN_POINT('Origin',(4.94339828220197,0.,-26.1566017177983));
#5571=CARTESIAN_POINT('',(4.94339828220196,0.,-26.1566017177983));
#5572=CARTESIAN_POINT('',(26.1566017177983,0.,-4.94339828220179));
#5573=CARTESIAN_POINT('',(4.94339828220196,0.,-26.1566017177983));
#5574=CARTESIAN_POINT('Origin',(-3.99999999999989,0.,-17.2132034355965));
#5575=CARTESIAN_POINT('',(-3.99999999999989,0.,-17.2132034355965));
#5576=CARTESIAN_POINT('',(-3.99999999999989,0.,-17.2132034355965));
#5577=CARTESIAN_POINT('Origin',(-4.,0.,-5.));
#5578=CARTESIAN_POINT('',(-4.,0.,-5.));
#5579=CARTESIAN_POINT('Origin',(5.,0.,-5.));
#5580=CARTESIAN_POINT('Origin',(11.0783008588992,0.,-11.0783008588991));
#5581=CARTESIAN_POINT('',(0.,0.,0.));
#5582=CARTESIAN_POINT('',(0.,0.,0.));
#5583=CARTESIAN_POINT('',(0.,0.,0.));
#5584=CARTESIAN_POINT('',(0.250000000000003,-8.60422844084496E-15,-0.249999999999997));
#5585=CARTESIAN_POINT('',(196.75,2.22044604925031E-15,-0.249999999999986));
#5586=CARTESIAN_POINT('',(196.75,-1.24235906118732E-14,-196.75));
#5587=CARTESIAN_POINT('',(0.250000000000008,3.5527136788005E-14,-196.75));
#5588=CARTESIAN_POINT('Origin',(0.,0.,0.));
#5589=UNCERTAINTY_MEASURE_WITH_UNIT(LENGTH_MEASURE(0.01),#5601,
'DISTANCE_ACCURACY_VALUE',
'Maximum model space distance between geometric entities at asserted c
onnectivities');
#5590=UNCERTAINTY_MEASURE_WITH_UNIT(LENGTH_MEASURE(0.01),#5601,
'DISTANCE_ACCURACY_VALUE',
'Maximum model space distance between geometric entities at asserted c
onnectivities');
#5591=UNCERTAINTY_MEASURE_WITH_UNIT(LENGTH_MEASURE(0.01),#5601,
'DISTANCE_ACCURACY_VALUE',
'Maximum model space distance between geometric entities at asserted c
onnectivities');
#5592=UNCERTAINTY_MEASURE_WITH_UNIT(LENGTH_MEASURE(0.01),#5601,
'DISTANCE_ACCURACY_VALUE',
'Maximum model space distance between geometric entities at asserted c
onnectivities');
#5593=UNCERTAINTY_MEASURE_WITH_UNIT(LENGTH_MEASURE(0.01),#5601,
'DISTANCE_ACCURACY_VALUE',
'Maximum model space distance between geometric entities at asserted c
onnectivities');
#5594=UNCERTAINTY_MEASURE_WITH_UNIT(LENGTH_MEASURE(0.01),#5601,
'DISTANCE_ACCURACY_VALUE',
'Maximum model space distance between geometric entities at asserted c
onnectivities');
#5595=(
GEOMETRIC_REPRESENTATION_CONTEXT(3)
GLOBAL_UNCERTAINTY_ASSIGNED_CONTEXT((#5589))
GLOBAL_UNIT_ASSIGNED_CONTEXT((#5601,#5603,#5604))
REPRESENTATION_CONTEXT('','3D')
);
#5596=(
GEOMETRIC_REPRESENTATION_CONTEXT(3)
GLOBAL_UNCERTAINTY_ASSIGNED_CONTEXT((#5590))
GLOBAL_UNIT_ASSIGNED_CONTEXT((#5601,#5603,#5604))
REPRESENTATION_CONTEXT('','3D')
);
#5597=(
GEOMETRIC_REPRESENTATION_CONTEXT(3)
GLOBAL_UNCERTAINTY_ASSIGNED_CONTEXT((#5591))
GLOBAL_UNIT_ASSIGNED_CONTEXT((#5601,#5603,#5604))
REPRESENTATION_CONTEXT('','3D')
);
#5598=(
GEOMETRIC_REPRESENTATION_CONTEXT(3)
GLOBAL_UNCERTAINTY_ASSIGNED_CONTEXT((#5592))
GLOBAL_UNIT_ASSIGNED_CONTEXT((#5601,#5603,#5604))
REPRESENTATION_CONTEXT('','3D')
);
#5599=(
GEOMETRIC_REPRESENTATION_CONTEXT(3)
GLOBAL_UNCERTAINTY_ASSIGNED_CONTEXT((#5593))
GLOBAL_UNIT_ASSIGNED_CONTEXT((#5601,#5603,#5604))
REPRESENTATION_CONTEXT('','3D')
);
#5600=(
GEOMETRIC_REPRESENTATION_CONTEXT(3)
GLOBAL_UNCERTAINTY_ASSIGNED_CONTEXT((#5594))
GLOBAL_UNIT_ASSIGNED_CONTEXT((#5601,#5603,#5604))
REPRESENTATION_CONTEXT('','3D')
);
#5601=(
LENGTH_UNIT()
NAMED_UNIT(*)
SI_UNIT(.MILLI.,.METRE.)
);
#5602=(
LENGTH_UNIT()
NAMED_UNIT(*)
SI_UNIT($,.METRE.)
);
#5603=(
NAMED_UNIT(*)
PLANE_ANGLE_UNIT()
SI_UNIT($,.RADIAN.)
);
#5604=(
NAMED_UNIT(*)
SI_UNIT($,.STERADIAN.)
SOLID_ANGLE_UNIT()
);
#5605=SHAPE_DEFINITION_REPRESENTATION(#5610,#5622);
#5606=SHAPE_DEFINITION_REPRESENTATION(#5611,#5623);
#5607=SHAPE_DEFINITION_REPRESENTATION(#5612,#5624);
#5608=SHAPE_DEFINITION_REPRESENTATION(#5613,#5625);
#5609=SHAPE_DEFINITION_REPRESENTATION(#5614,#5626);
#5610=PRODUCT_DEFINITION_SHAPE('',$,#5628);
#5611=PRODUCT_DEFINITION_SHAPE('',$,#5629);
#5612=PRODUCT_DEFINITION_SHAPE('',$,#5630);
#5613=PRODUCT_DEFINITION_SHAPE('',$,#5631);
#5614=PRODUCT_DEFINITION_SHAPE('',$,#5632);
#5615=PRODUCT_DEFINITION_SHAPE($,$,#35);
#5616=PRODUCT_DEFINITION_SHAPE($,$,#36);
#5617=PRODUCT_DEFINITION_SHAPE($,$,#37);
#5618=PRODUCT_DEFINITION_SHAPE($,$,#38);
#5619=PRODUCT_DEFINITION_SHAPE($,$,#39);
#5620=PRODUCT_DEFINITION_SHAPE($,$,#40);
#5621=PRODUCT_DEFINITION_SHAPE($,$,#41);
#5622=SHAPE_REPRESENTATION('',(#3225,#3474,#3475,#3476,#3477,#3478,#3479,
#3480),#5595);
#5623=SHAPE_REPRESENTATION('',(#3226),#5596);
#5624=SHAPE_REPRESENTATION('',(#3278),#5597);
#5625=SHAPE_REPRESENTATION('',(#3290),#5598);
#5626=SHAPE_REPRESENTATION('',(#3415),#5599);
#5627=PRODUCT_DEFINITION_CONTEXT('part definition',#5644,'design');
#5628=PRODUCT_DEFINITION('Base','Base v14',#5633,#5627);
#5629=PRODUCT_DEFINITION('Base_1','Base',#5634,#5627);
#5630=PRODUCT_DEFINITION('Tank','Tank',#5635,#5627);
#5631=PRODUCT_DEFINITION('TubingClamp','TubingClamp v4',#5636,#5627);
#5632=PRODUCT_DEFINITION('LegV3','LegV3 v2',#5637,#5627);
#5633=PRODUCT_DEFINITION_FORMATION('',$,#5646);
#5634=PRODUCT_DEFINITION_FORMATION('',$,#5647);
#5635=PRODUCT_DEFINITION_FORMATION('',$,#5648);
#5636=PRODUCT_DEFINITION_FORMATION('',$,#5649);
#5637=PRODUCT_DEFINITION_FORMATION('',$,#5650);
#5638=PRODUCT_RELATED_PRODUCT_CATEGORY('Base v14','Base v14',(#5646));
#5639=PRODUCT_RELATED_PRODUCT_CATEGORY('Base','Base',(#5647));
#5640=PRODUCT_RELATED_PRODUCT_CATEGORY('Tank','Tank',(#5648));
#5641=PRODUCT_RELATED_PRODUCT_CATEGORY('TubingClamp v4',
'TubingClamp v4',(#5649));
#5642=PRODUCT_RELATED_PRODUCT_CATEGORY('LegV3 v2','LegV3 v2',(#5650));
#5643=APPLICATION_PROTOCOL_DEFINITION('international standard',
'automotive_design',2009,#5644);
#5644=APPLICATION_CONTEXT(
'Core Data for Automotive Mechanical Design Process');
#5645=PRODUCT_CONTEXT('part definition',#5644,'mechanical');
#5646=PRODUCT('Base','Base v14',$,(#5645));
#5647=PRODUCT('Base_1','Base',$,(#5645));
#5648=PRODUCT('Tank','Tank',$,(#5645));
#5649=PRODUCT('TubingClamp','TubingClamp v4',$,(#5645));
#5650=PRODUCT('LegV3','LegV3 v2',$,(#5645));
#5651=PRESENTATION_STYLE_ASSIGNMENT((#5656));
#5652=PRESENTATION_STYLE_ASSIGNMENT((#5657));
#5653=PRESENTATION_STYLE_ASSIGNMENT((#5658));
#5654=PRESENTATION_STYLE_ASSIGNMENT((#5659));
#5655=PRESENTATION_STYLE_ASSIGNMENT((NULL_STYLE(.NULL.)));
#5656=SURFACE_STYLE_USAGE(.BOTH.,#5660);
#5657=SURFACE_STYLE_USAGE(.BOTH.,#5661);
#5658=SURFACE_STYLE_USAGE(.BOTH.,#5662);
#5659=SURFACE_STYLE_USAGE(.BOTH.,#5663);
#5660=SURFACE_SIDE_STYLE('',(#5664));
#5661=SURFACE_SIDE_STYLE('',(#5665));
#5662=SURFACE_SIDE_STYLE('',(#5666));
#5663=SURFACE_SIDE_STYLE('',(#5667));
#5664=SURFACE_STYLE_FILL_AREA(#5668);
#5665=SURFACE_STYLE_FILL_AREA(#5669);
#5666=SURFACE_STYLE_FILL_AREA(#5670);
#5667=SURFACE_STYLE_FILL_AREA(#5671);
#5668=FILL_AREA_STYLE('A\X\E7o - Acetinado',(#5672));
#5669=FILL_AREA_STYLE('Pl\X\E1stico - Transl\X\FAcido fosco (Branco)',(#5673));
#5670=FILL_AREA_STYLE('Pl\X\E1stico - Com brilho (Branco)',(#5674));
#5671=FILL_AREA_STYLE('Acr\X\EDlico (Transparente)',(#5675));
#5672=FILL_AREA_STYLE_COLOUR('A\X\E7o - Acetinado',#5676);
#5673=FILL_AREA_STYLE_COLOUR('Pl\X\E1stico - Transl\X\FAcido fosco (Br
anco)',#5677);
#5674=FILL_AREA_STYLE_COLOUR('Pl\X\E1stico - Com brilho (Branco)',#5678);
#5675=FILL_AREA_STYLE_COLOUR('Acr\X\EDlico (Transparente)',#5679);
#5676=COLOUR_RGB('A\X\E7o - Acetinado',0.627450980392157,0.627450980392157,
0.627450980392157);
#5677=COLOUR_RGB('Pl\X\E1stico - Transl\X\FAcido fosco (Branco)',0.964705882352941,
0.964705882352941,0.952941176470588);
#5678=COLOUR_RGB('Pl\X\E1stico - Com brilho (Branco)',0.964705882352941,
0.964705882352941,0.952941176470588);
#5679=COLOUR_RGB('Acr\X\EDlico (Transparente)',0.964705882352941,0.964705882352941,
0.952941176470588);
ENDSEC;
END-ISO-10303-21;
